2026-09-28 18:24:04.763 | DEBUG    | cosmos_framework.utils.config:_load_py_config:578 - get_config_module: took 5.99ms
2026-09-28 18:24:04.763 | DEBUG    | cosmos_framework.utils.config:_load_py_config:578 - get_config_module: took 5.98ms
2026-09-28 18:24:04.763 | DEBUG    | cosmos_framework.utils.config:_load_py_config:578 - get_config_module: took 6.01ms
2026-09-28 18:24:04.763 | DEBUG    | cosmos_framework.utils.config:_load_py_config:578 - get_config_module: took 6.03ms
2026-09-28 18:24:04.763 | DEBUG    | cosmos_framework.utils.config:_load_py_config:578 - get_config_module: took 6.01ms
2026-09-28 18:24:04.763 | DEBUG    | cosmos_framework.utils.config:_load_py_config:578 - get_config_module: took 5.96ms
2026-09-28 18:24:04.763 | DEBUG    | cosmos_framework.utils.config:_load_py_config:578 - get_config_module: took 5.98ms
2026-09-28 18:24:05.151 | DEBUG    | cosmos_framework.utils.config:_load_py_config:578 - get_config_module: took 1.18ms
2026-09-28 18:24:47.963 | DEBUG    | cosmos_framework.utils.config:_load_py_config:583 - importlib.import_module: took 43200.14ms
2026-09-28 18:24:47.964 | DEBUG    | cosmos_framework.utils.config:_load_py_config:583 - importlib.import_module: took 42812.01ms
2026-09-28 18:24:47.964 | DEBUG    | cosmos_framework.utils.config:_load_py_config:583 - importlib.import_module: took 43200.28ms
2026-09-28 18:24:47.964 | DEBUG    | cosmos_framework.utils.config:_load_py_config:583 - importlib.import_module: took 43200.37ms
2026-09-28 18:24:47.964 | DEBUG    | cosmos_framework.utils.config:_load_py_config:583 - importlib.import_module: took 43200.99ms
2026-09-28 18:24:47.966 | DEBUG    | cosmos_framework.utils.config:_load_py_config:583 - importlib.import_module: took 43202.99ms
2026-09-28 18:24:47.969 | DEBUG    | cosmos_framework.utils.config:_load_py_config:583 - importlib.import_module: took 43205.39ms
2026-09-28 18:24:47.970 | DEBUG    | cosmos_framework.utils.config:_load_py_config:583 - importlib.import_module: took 43206.79ms
2026-09-28 18:24:48.613 | DEBUG    | cosmos_framework.utils.config:_load_py_config:588 - override: took 649.50ms
2026-09-28 18:24:48.613 | DEBUG    | cosmos_framework.utils.config:load_config:567 - total time to load config: 44233.52ms
2026-09-28 18:24:48.613 | DEBUG    | cosmos_framework.utils.config:_load_py_config:588 - override: took 649.44ms
2026-09-28 18:24:48.614 | DEBUG    | cosmos_framework.utils.config:load_config:567 - total time to load config: 44232.97ms
2026-09-28 18:24:48.614 | DEBUG    | cosmos_framework.utils.config:_load_py_config:588 - override: took 647.53ms
2026-09-28 18:24:48.614 | DEBUG    | cosmos_framework.utils.config:load_config:567 - total time to load config: 44234.83ms
2026-09-28 18:24:48.614 | DEBUG    | cosmos_framework.utils.config:_load_py_config:588 - override: took 650.32ms
2026-09-28 18:24:48.614 | DEBUG    | cosmos_framework.utils.config:load_config:567 - total time to load config: 44229.26ms
2026-09-28 18:24:48.614 | DEBUG    | cosmos_framework.utils.config:_load_py_config:588 - override: took 645.47ms
2026-09-28 18:24:48.615 | DEBUG    | cosmos_framework.utils.config:_load_py_config:588 - override: took 650.69ms
2026-09-28 18:24:48.615 | DEBUG    | cosmos_framework.utils.config:_load_py_config:588 - override: took 643.99ms
2026-09-28 18:24:48.615 | DEBUG    | cosmos_framework.utils.config:load_config:567 - total time to load config: 44234.56ms
2026-09-28 18:24:48.615 | DEBUG    | cosmos_framework.utils.config:load_config:567 - total time to load config: 44233.92ms
2026-09-28 18:24:48.615 | DEBUG    | cosmos_framework.utils.config:load_config:567 - total time to load config: 44232.94ms
2026-09-28 18:24:48.615 | DEBUG    | cosmos_framework.utils.config:_load_py_config:588 - override: took 650.07ms
2026-09-28 18:24:48.615 | DEBUG    | cosmos_framework.utils.config:load_config:567 - total time to load config: 44235.08ms
[09-28 18:24:51|INFO|cosmos_framework/utils/training_telemetry/telemetry.py:63:wrapper] Heimdall telemetry is disabled, if using Heimdall,consider setting ENABLE_TELEMETRY=true to enable it
[09-28 18:24:52|CRITICAL|cosmos_framework/utils/distributed.py:69:init] [RANK 5] Initialized distributed training with local rank 5 using nccl with timeout 1800
[09-28 18:24:52|CRITICAL|cosmos_framework/utils/distributed.py:69:init] [RANK 7] Initialized distributed training with local rank 7 using nccl with timeout 1800
[09-28 18:24:52|CRITICAL|cosmos_framework/utils/distributed.py:69:init] [RANK 4] Initialized distributed training with local rank 4 using nccl with timeout 1800
[09-28 18:24:52|CRITICAL|cosmos_framework/utils/distributed.py:69:init] [RANK 6] Initialized distributed training with local rank 6 using nccl with timeout 1800
[09-28 18:24:52|CRITICAL|cosmos_framework/utils/distributed.py:69:init] [RANK 3] Initialized distributed training with local rank 3 using nccl with timeout 1800
[09-28 18:24:52|CRITICAL|cosmos_framework/utils/distributed.py:69:init] [RANK 0] Initialized distributed training with local rank 0 using nccl with timeout 1800
[09-28 18:24:52|CRITICAL|cosmos_framework/utils/distributed.py:69:init] [RANK 1] Initialized distributed training with local rank 1 using nccl with timeout 1800
[09-28 18:24:52|INFO|cosmos_framework/utils/distributed.py:81:init] Training with 8 GPUs.
[09-28 18:24:52|INFO|cosmos_framework/utils/timer.py:138:_log] Time spent on init_distributed: 1.77 s
[09-28 18:24:52|CRITICAL|cosmos_framework/utils/distributed.py:69:init] [RANK 2] Initialized distributed training with local rank 2 using nccl with timeout 1800
NCCL version 2.28.9+cuda13.0
[09-28 18:24:56|INFO|cosmos_framework/utils/timer.py:138:_log] Time spent on init_distributed: 0.01 s
Config is saved using pickle at /share/project/eai_pwm/home/hcr/repos/cosmos-kernel-profiler/runs/vlm_capture001/job/kernel-list/vlm/vlm_capture001/config.pkl.
Config is saved using omegaconf at /share/project/eai_pwm/home/hcr/repos/cosmos-kernel-profiler/runs/vlm_capture001/job/kernel-list/vlm/vlm_capture001/config.yaml.
/share/project/eai_pwm/home/hcr/venv/cosmos-framework-pwm-cu130-train/lib/python3.13/site-packages/torch/distributed/c10d_logger.py:83: UserWarning: barrier(): using the device under current context. You can specify `device_id` in `init_process_group` to mute this warning.
  return func(*args, **kwargs)
[09-28 18:24:57|INFO|cosmos_framework/utils/misc.py:124:print_environ_variables] Environment variable HF_HOME: /share/project/eai_pwm/home/hcr/repos/cosmos-kernel-profiler/runs/vlm_capture001/cache/huggingface
[09-28 18:24:57|INFO|cosmos_framework/utils/misc.py:124:print_environ_variables] Environment variable IMAGINAIRE_OUTPUT_ROOT: /share/project/eai_pwm/home/hcr/repos/cosmos-kernel-profiler/runs/vlm_capture001/job
[09-28 18:24:57|INFO|cosmos_framework/utils/misc.py:138:set_random_seed] Using random seed 42.
[09-28 18:24:57|CRITICAL|cosmos_framework/utils/callback.py:70:__init__] Instantiating callback iter_speed: {'hit_thres': 50, 'save_s3': False, 'save_s3_every_log_n': 500, 'every_n': 1, '_target_': <class 'cosmos_framework.callbacks.iter_speed.IterSpeed'>}
[09-28 18:24:57|CRITICAL|cosmos_framework/utils/callback.py:70:__init__] Instantiating callback manual_gc: {'warm_up': 1, 'gc_level': 1, 'every_n': 5, '_target_': <class 'cosmos_framework.callbacks.manual_gc.ManualGarbageCollection'>}
[09-28 18:24:57|CRITICAL|cosmos_framework/utils/callback.py:70:__init__] Instantiating callback wandb: {'config': None, 'trainer': None, '_target_': <class 'cosmos_framework.utils.callback.WandBCallback'>}
[09-28 18:24:57|CRITICAL|cosmos_framework/utils/callback.py:70:__init__] Instantiating callback wandb_2x: {'logging_iter_multipler': 2, 'save_logging_iter_multipler': 1, 'save_s3': False, '_target_': <class 'cosmos_framework.callbacks.wandb_log.WandbCallback'>}
[09-28 18:24:57|CRITICAL|cosmos_framework/utils/callback.py:70:__init__] Instantiating callback param_count: {'save_s3': False, '_target_': <class 'cosmos_framework.callbacks.param_count.ParamCount'>}
[09-28 18:24:57|CRITICAL|cosmos_framework/utils/callback.py:70:__init__] Instantiating callback wandb_val: {'save_s3': False, '_target_': <class 'cosmos_framework.callbacks.wandb_log_eval.WandbCallback'>}
[09-28 18:24:57|CRITICAL|cosmos_framework/utils/callback.py:70:__init__] Instantiating callback moe_stability: {'every_n': 250, '_target_': <class 'cosmos_framework.callbacks.moe_stability_callback.MoEStabilityCallback'>}
[09-28 18:24:57|CRITICAL|cosmos_framework/utils/callback.py:70:__init__] Instantiating callback moe_specialization: {'every_n': 250, '_target_': <class 'cosmos_framework.callbacks.moe_specialization_callback.MoESpecializationCallback'>}
[09-28 18:24:57|CRITICAL|cosmos_framework/utils/callback.py:70:__init__] Instantiating callback moe_router_geometry: {'every_n': 250, '_target_': <class 'cosmos_framework.callbacks.moe_specialization_callback.MoERouterGeometryCallback'>}
[09-28 18:24:57|CRITICAL|cosmos_framework/utils/callback.py:70:__init__] Instantiating callback parameter_geometry: {'every_n': 250, '_target_': <class 'cosmos_framework.callbacks.parameter_geometry_callback.ParameterGeometryCallback'>}
[09-28 18:24:57|CRITICAL|cosmos_framework/utils/callback.py:70:__init__] Instantiating callback expert_heatmap: {'every_n': 1000, '_target_': <class 'cosmos_framework.callbacks.expert_heatmap.ExpertHeatmap'>}
[09-28 18:24:57|CRITICAL|cosmos_framework/utils/callback.py:70:__init__] Instantiating callback load_pretrained: {'config': None, 'trainer': None, '_target_': <class 'cosmos_framework.callbacks.load_pretrained.LoadPretrained'>}
[09-28 18:24:57|CRITICAL|cosmos_framework/utils/callback.py:70:__init__] Instantiating callback compile_tokenizer: {'enabled': False, 'compile_after_iterations': 3, 'warmup_resolutions': None, 'backend': 'inductor', 'mode': 'reduce-overhead', 'fullgraph': False, 'dynamic': False, '_target_': <class 'cosmos_framework.callbacks.compile_tokenizer.CompileTokenizer'>}
[09-28 18:24:57|CRITICAL|cosmos_framework/utils/callback.py:70:__init__] Instantiating callback norm_monitor: {'every_n': 100, 'step_size': 1, 'layer_norm_only': False, 'model_key': None, 'log_stat_wandb': True, 'save_s3': False, 'track_activations': True, '_target_': <class 'cosmos_framework.callbacks.norm_monitor.NormMonitor'>}
[09-28 18:24:57|CRITICAL|cosmos_framework/utils/callback.py:70:__init__] Instantiating callback sigma_loss_analysis: {'every_n': 500, 'every_n_viz': 500, 'save_s3': False, '_target_': <class 'cosmos_framework.callbacks.sigma_loss_analysis.SigmaLossAnalysis'>}
[09-28 18:24:57|CRITICAL|cosmos_framework/utils/callback.py:70:__init__] Instantiating callback sequence_packing_padding: {'every_n': 50, '_target_': <class 'cosmos_framework.callbacks.sequence_packing_padding.SequencePackingPadding'>}
[09-28 18:24:57|CRITICAL|cosmos_framework/utils/callback.py:70:__init__] Instantiating callback sampled_media: {'enabled': False, 'output_uri': '/share/project/eai_pwm/home/hcr/repos/cosmos-kernel-profiler/runs/vlm_capture001/job/kernel-list/vlm/vlm_capture001/sampled_media.lance', 'creds_path': None, 'flush_every_n_batches': 100, 'record_caption': False, '_target_': <class 'cosmos_framework.callbacks.sampled_media_recorder.SampledMediaRecorder'>}
[09-28 18:24:57|CRITICAL|cosmos_framework/utils/callback.py:70:__init__] Instantiating callback mfu: {'backwardpass_ratio': 2.0, 'hit_thres': 5, 'include_vae_encoder': True, 'include_padding': True, 'grad_accum_iter': 3, 'every_n': 1, '_target_': <class 'cosmos_framework.callbacks.mfu.MFUCallback'>}
[09-28 18:24:57|CRITICAL|cosmos_framework/utils/callback.py:70:__init__] Instantiating callback ofu: {'hit_thres': 5, 'every_n': 1, '_target_': <class 'cosmos_framework.callbacks.ofu.OFUCallback'>}
[09-28 18:24:57|CRITICAL|cosmos_framework/utils/callback.py:70:__init__] Instantiating callback skip_nan_step: {'max_consecutive_nan': 100, '_target_': <class 'cosmos_framework.callbacks.skip_nan_step.SkipNaNStep'>}
[09-28 18:24:57|CRITICAL|cosmos_framework/utils/callback.py:70:__init__] Instantiating callback grad_clip: {'clip_norm': 1.0, 'force_finite': False, 'track_per_modality': True, '_target_': <class 'cosmos_framework.callbacks.grad_clip.GradClip'>}
[09-28 18:24:57|CRITICAL|cosmos_framework/utils/callback.py:70:__init__] Instantiating callback low_precision: {'update_iter': 1, 'config': None, 'trainer': None, '_target_': <class 'cosmos_framework.utils.callback.LowPrecisionCallback'>}
[09-28 18:24:57|CRITICAL|cosmos_framework/utils/callback.py:70:__init__] Instantiating callback heart_beat: {'step_size': 1, 'update_interval_in_minute': 20, 'save_s3': False, 'every_n': 200, '_target_': <class 'cosmos_framework.callbacks.heart_beat.HeartBeat'>}
[09-28 18:24:57|CRITICAL|cosmos_framework/utils/callback.py:70:__init__] Instantiating callback device_monitor: {'every_n': 200, 'step_size': 1, 'save_s3': False, 'upload_every_n_mul': 5, 'log_memory_detail': True, '_target_': <class 'cosmos_framework.callbacks.device_monitor.DeviceMonitor'>}
[09-28 18:24:57|CRITICAL|cosmos_framework/utils/callback.py:70:__init__] Instantiating callback termination_signal_checkpoint: {'min_save_fraction': 0.3333333333333333, '_target_': <class 'cosmos_framework.callbacks.termination_signal_checkpoint.TerminationSignalCheckpoint'>}
[09-28 18:24:57|CRITICAL|cosmos_framework/utils/callback.py:66:__init__] Callback dataloader_speed is missing the '_target_' field. 
 SKip {'every_n': 100, 'save_s3': False, 'step_size': 1}
[09-28 18:24:57|CRITICAL|cosmos_framework/utils/callback.py:66:__init__] Callback training_stats is missing the '_target_' field. 
 SKip {'log_freq': 100}
[09-28 18:24:57|CRITICAL|cosmos_framework/utils/callback.py:70:__init__] Instantiating callback kernel_phases: {'_target_': 'phase_audit.PhaseAudit'}
[09-28 18:24:57|CRITICAL|cosmos_framework/utils/callback.py:70:__init__] Instantiating callback kernel_vlm_audit: {'_target_': 'vlm_audit.VLMAudit', 'output_dir': '/share/project/eai_pwm/home/hcr/repos/cosmos-kernel-profiler/runs/vlm_capture001/batches'}
[09-28 18:24:57|CRITICAL|cosmos_framework/utils/callback.py:70:__init__] Instantiating callback dataloader_state: {'outer_loader': None, '_target_': <class 'cosmos_framework.callbacks.cosmos_dataloader_state.JointCosmosDataLoaderStateCallback'>}
[09-28 18:24:57|WARNING|cosmos_framework/utils/launch.py:86:log_reproducible_setup] S3 credentials not found. Skipping easy_io S3 setup.
[09-28 18:24:57|WARNING|cosmos_framework/utils/launch.py:88:log_reproducible_setup] Job path: kernel-list/vlm/vlm_capture001
[09-28 18:24:57|CRITICAL|cosmos_framework/utils/launch.py:93:log_reproducible_setup] Job local path: /share/project/eai_pwm/home/hcr/repos/cosmos-kernel-profiler/runs/vlm_capture001/job/kernel-list/vlm/vlm_capture001
[09-28 18:24:58|INFO|cosmos_framework/model/generator/omni_mot_model.py:181:__init__] OmniMoTModel: config {'tokenizer': {'bucket_name': '', 'object_store_credential_path_pretrained': '', 'vae_path': 'pretrained/tokenizers/video/wan2pt2/Wan2.2_VAE.pth', 'chunk_duration': 93, 'keep_decoder_cache': False, 'use_streaming_encode': False, 'encode_chunk_frames': {'256': 68, '480': 24, '720': 8, '768': 8}, 'encode_exact_durations': None, 'spatial_compression_factor': 16, 'temporal_compression_factor': 4, 'temporal_window': None, 'encode_bucket_multiple': None, 'causal': True, '_target_': <class 'cosmos_framework.model.generator.tokenizers.wan2pt2_vae_4x16x16.Wan2pt2VAEInterface'>}, 'load_vision_tokenizer': False, 'net': None, 'ema': {'enabled': False, 'rate': 0.1, 'iteration_shift': 0}, 'parallelism': {'data_parallel_shard_degree': 8, 'data_parallel_replicate_degree': 1, 'context_parallel_shard_degree': 1, 'cfg_parallel_shard_degree': 1, 'enable_inference_mode': False, 'fsdp_master_dtype': 'float32', 'fsdp_reduce_dtype': None}, 'attention_io_layout': 'sequence_sharded', 'compile': {'enabled': False, 'compiled_region': 'language', 'compile_dynamic': True, 'use_cuda_graphs': False, 'ar_post_saturation_mode': 'default', 'max_autotune_pointwise': False, 'coordinate_descent_tuning': False}, 'quantization': {'method': None, 'fp8_granularity': 'per_row', 'include_regex': [], 'exclude_regex': [], 'modelopt_fp8_checkpoint_path': None, 'modelopt_fp8_target_fqns': []}, 'activation_checkpointing': {'mode': 'full', 'save_ops_regex': ['fmha'], 'preserve_rng_state': True, 'determinism_check': 'default'}, 'precision': 'bfloat16', 'lora_enabled': False, 'lora_rank': 16, 'lora_alpha': 32, 'lora_target_modules': 'q_proj_moe_gen,k_proj_moe_gen,v_proj_moe_gen,o_proj_moe_gen', 'rectified_flow_training_config': {'shift': {'256': 3, '480': 5, '720': 10}, 'shift_image': None, 'use_dynamic_shift': False, 'train_time_image_distribution': 'logitnormal', 'train_time_video_distribution': 'waver', 'train_time_action_distribution': 'logitnormal', 'train_time_sound_distribution': 'logitnormal', 'train_time_weight': 'uniform', 'loss_scale': 1.0, 'image_loss_scale': 1.0, 'sound_loss_scale': None, 'use_discrete_rf': False, 'action_loss_weight': 10.0, 'independent_action_schedule': False, 'shift_action': None, 'independent_sound_schedule': False, 'shift_sound': None, 'normalize_loss_by_active': False, 'sample_level_loss_averaging': False}, 'rectified_flow_inference_config': {'scheduler_type': 'unipc', 'num_train_timesteps': 1000, 'shift': 1, 'use_dynamic_shifting': False}, 'fixed_step_sampler_config': None, 'vlm_config': {'model_name': 'Qwen/Qwen3-VL-8B-Instruct', 'safetensors_path': '', 'pretrained_weights': {'enabled': True, 'backbone_path': '/share/project/eai_pwm/models/Qwen3-VL-8B-Instruct', 'credentials_path': '', 'enable_gcs_patch_in_boto3': True, 'checkpoint_format': None}, 'model_instance': {'config': {'base_config': {'json_file': 'cosmos_framework/model/generator/reasoner/qwen3_vl/configs/Qwen3-VL-8B-Instruct.json', '_target_': <bound method _MoTConfigBase.from_json_file of <class 'cosmos_framework.model.generator.mot.unified_mot.Qwen3VLMoTConfig'>>}, 'freeze_und': False, 'layer_module': 'MoTDecoderLayer', 'qk_norm_for_text': True, 'tie_word_embeddings': True, '_target_': <function create_vlm_config at 0x7fcbf8109120>, 'include_visual': True}, '_target_': <class 'cosmos_framework.model.generator.mot.unified_mot.Qwen3VLTextForCausalLM'>}, 'tokenizer': {'config_variant': 'hf', 'pretrained_model_name': '/share/project/eai_pwm/models/Qwen3-VL-8B-Instruct', '_target_': <function create_qwen2_tokenizer_with_download at 0x7fcbeab81da0>}, 'layer_module': 'Qwen2MoTDecoderLayer', 'qk_norm': False, 'tie_word_embeddings': False, 'use_system_prompt': False}, 'diffusion_expert_config': {'timestep_range': 1.0, 'load_weights_from_pretrained': True, 'enable_vision_modality_embeddings': False, 'enable_media_modality_embedding': False, 'patch_spatial': 2, 'max_vae_latent_side_after_patchify': 20, 'enable_fps_modulation': True, 'base_fps': 24, 'sound_base_temporal_compression_factor': None, 'vision_temporal_position_mode': 'latent_index', 'unified_3d_mrope_reset_spatial_ids': True, 'unified_3d_mrope_temporal_modality_margin': 15000}, 'input_video_key': 'video', 'input_image_key': 'images', 'input_caption_key': 'ai_caption', 'gen_loss_scale': 1.0, 'und_loss_scale': 1.0, 'und_loss_reduction': 'sample_mean', 'und_loss_normalization': 'accumulation_window', 'load_vlm_visual': True, 'train_vlm_visual': True, 'state_ch': 48, 'state_t': 300, 'latent_downsample_factor': 16, 'resolution': '720', 'max_num_tokens_after_packing': 36000, 'joint_attn_implementation': 'two_way', 'flex_attention': {'enabled': False, 'backend': 'auto', 'mask': {'noisy_attention_scope': 'all_views'}}, 'natten_parameter_list': None, 'video_temporal_causal': False, 'causal_training_strategy': 'none', 'lbl': {'method': 'local', 'coeff_und': None, 'coeff_gen': None}, 'vision_gen': False, 'predict_text_tokens': True, 'text_loss_weight': 1.0, 'action_gen': False, 'max_action_dim': 64, 'num_embodiment_domains': 32, 'sound_gen': False, 'sound_tokenizer': None, 'sound_dim': None, 'sound_latent_fps': 25, 'enable_input_bias': True, 'log_enc_time_every_n': 100, 'exclude_reasoner_weights_from_checkpoint': False}
[09-28 18:24:58|WARNING|cosmos_framework/model/generator/omni_mot_model.py:207:set_precision] OmniMoTModel: precision torch.bfloat16
[09-28 18:24:58|INFO|cosmos_framework/model/generator/omni_mot_model.py:272:set_up_tokenizers] Vision tokenizer initialization skipped
[09-28 18:24:58|INFO|cosmos_framework/utils/timer.py:138:_log] Time spent on OmniMoTModel: set_up_tokenizers: 0.22 s
[09-28 18:24:58|INFO|cosmos_framework/utils/generator/parallelism.py:121:_validate] dp_replicate is set to -1, will be automatically determined based on world_size 8 // dp_shard 8.
[09-28 18:24:58|INFO|cosmos_framework/utils/generator/parallelism.py:126:_validate] dp_replicate is set to 1.
[09-28 18:24:58|INFO|cosmos_framework/utils/generator/parallelism.py:151:_build_mesh] Building 2-D device mesh with ['dp_replicate', 'dp_shard'], [1, 8]
[rank2]:W0928 18:24:59.016000 1962479 torch/distributed/tensor/_random.py:215] DTensor is synchronizing RNG states of every rank with the state from rank 0. This behavior is deprecated. Please call `torch.manual_seed()` on every rank that participates in SPMD DTensor Operations with the same seed. If using Pipeline Parallelism, each pipeling state would use a different seed, but all ranks belonging to one pipeline stage would use the same seed.
[rank1]:W0928 18:24:59.018000 1962478 torch/distributed/tensor/_random.py:215] DTensor is synchronizing RNG states of every rank with the state from rank 0. This behavior is deprecated. Please call `torch.manual_seed()` on every rank that participates in SPMD DTensor Operations with the same seed. If using Pipeline Parallelism, each pipeling state would use a different seed, but all ranks belonging to one pipeline stage would use the same seed.
[rank3]:W0928 18:24:59.018000 1962480 torch/distributed/tensor/_random.py:215] DTensor is synchronizing RNG states of every rank with the state from rank 0. This behavior is deprecated. Please call `torch.manual_seed()` on every rank that participates in SPMD DTensor Operations with the same seed. If using Pipeline Parallelism, each pipeling state would use a different seed, but all ranks belonging to one pipeline stage would use the same seed.
[rank5]:W0928 18:24:59.019000 1962482 torch/distributed/tensor/_random.py:215] DTensor is synchronizing RNG states of every rank with the state from rank 0. This behavior is deprecated. Please call `torch.manual_seed()` on every rank that participates in SPMD DTensor Operations with the same seed. If using Pipeline Parallelism, each pipeling state would use a different seed, but all ranks belonging to one pipeline stage would use the same seed.
[rank7]:W0928 18:24:59.019000 1962484 torch/distributed/tensor/_random.py:215] DTensor is synchronizing RNG states of every rank with the state from rank 0. This behavior is deprecated. Please call `torch.manual_seed()` on every rank that participates in SPMD DTensor Operations with the same seed. If using Pipeline Parallelism, each pipeling state would use a different seed, but all ranks belonging to one pipeline stage would use the same seed.
[rank4]:W0928 18:24:59.021000 1962481 torch/distributed/tensor/_random.py:215] DTensor is synchronizing RNG states of every rank with the state from rank 0. This behavior is deprecated. Please call `torch.manual_seed()` on every rank that participates in SPMD DTensor Operations with the same seed. If using Pipeline Parallelism, each pipeling state would use a different seed, but all ranks belonging to one pipeline stage would use the same seed.
[rank6]:W0928 18:24:59.021000 1962483 torch/distributed/tensor/_random.py:215] DTensor is synchronizing RNG states of every rank with the state from rank 0. This behavior is deprecated. Please call `torch.manual_seed()` on every rank that participates in SPMD DTensor Operations with the same seed. If using Pipeline Parallelism, each pipeling state would use a different seed, but all ranks belonging to one pipeline stage would use the same seed.
[09-28 18:24:59|INFO|cosmos_framework/utils/timer.py:138:_log] Time spent on meta to cuda and broadcast model states: 0.51 s
[09-28 18:24:59|INFO|cosmos_framework/utils/timer.py:138:_log] Time spent on Creating PyTorch model and ema if enabled: 0.96 s
[09-28 18:24:59|INFO|cosmos_framework/utils/timer.py:138:_log] Time spent on OmniMoTModel: set_up_model: 0.96 s
[09-28 18:24:59|INFO|cosmos_framework/utils/timer.py:138:_log] Time spent on init_model: 1.22 s
[09-28 18:24:59|INFO|cosmos_framework/data/generator/processors/qwen3vl_processor.py:118:__init__] Successfully loaded processor from local cache
[09-28 18:25:00|INFO|cosmos_framework/data/generator/dataflow/loader.py:228:__init__] CosmosDataLoader: using global rank for DP sharding. For FSDP+TP/PP pass parallel_dims= for the correct DP rank.
[09-28 18:25:00|INFO|cosmos_framework/data/generator/dataflow/loader.py:228:__init__] CosmosDataLoader: using global rank for DP sharding. For FSDP+TP/PP pass parallel_dims= for the correct DP rank.
[09-28 18:25:00|INFO|cosmos_framework/data/generator/dataflow/loader.py:228:__init__] CosmosDataLoader: using global rank for DP sharding. For FSDP+TP/PP pass parallel_dims= for the correct DP rank.
[09-28 18:25:01|INFO|cosmos_framework/data/generator/dataflow/loader.py:228:__init__] CosmosDataLoader: using global rank for DP sharding. For FSDP+TP/PP pass parallel_dims= for the correct DP rank.
[09-28 18:25:01|INFO|cosmos_framework/data/generator/dataflow/loader.py:228:__init__] CosmosDataLoader: using global rank for DP sharding. For FSDP+TP/PP pass parallel_dims= for the correct DP rank.
[09-28 18:25:01|INFO|cosmos_framework/data/generator/dataflow/loader.py:228:__init__] CosmosDataLoader: using global rank for DP sharding. For FSDP+TP/PP pass parallel_dims= for the correct DP rank.
[09-28 18:25:01|INFO|cosmos_framework/data/generator/dataflow/loader.py:228:__init__] CosmosDataLoader: using global rank for DP sharding. For FSDP+TP/PP pass parallel_dims= for the correct DP rank.
[09-28 18:25:01|INFO|cosmos_framework/data/generator/dataflow/loader.py:228:__init__] CosmosDataLoader: using global rank for DP sharding. For FSDP+TP/PP pass parallel_dims= for the correct DP rank.
[09-28 18:25:01|INFO|cosmos_framework/data/generator/dataflow/loader.py:228:__init__] CosmosDataLoader: using global rank for DP sharding. For FSDP+TP/PP pass parallel_dims= for the correct DP rank.
[09-28 18:25:01|INFO|cosmos_framework/data/generator/dataflow/loader.py:228:__init__] CosmosDataLoader: using global rank for DP sharding. For FSDP+TP/PP pass parallel_dims= for the correct DP rank.
[09-28 18:25:01|INFO|cosmos_framework/data/generator/dataflow/loader.py:228:__init__] CosmosDataLoader: using global rank for DP sharding. For FSDP+TP/PP pass parallel_dims= for the correct DP rank.
[09-28 18:25:03|INFO|cosmos_framework/data/generator/dataflow/loader.py:228:__init__] CosmosDataLoader: using global rank for DP sharding. For FSDP+TP/PP pass parallel_dims= for the correct DP rank.
[09-28 18:25:04|INFO|cosmos_framework/data/generator/dataflow/loader.py:228:__init__] CosmosDataLoader: using global rank for DP sharding. For FSDP+TP/PP pass parallel_dims= for the correct DP rank.
[09-28 18:25:04|INFO|cosmos_framework/data/generator/dataflow/loader.py:228:__init__] CosmosDataLoader: using global rank for DP sharding. For FSDP+TP/PP pass parallel_dims= for the correct DP rank.
[09-28 18:25:04|INFO|cosmos_framework/data/generator/dataflow/loader.py:228:__init__] CosmosDataLoader: using global rank for DP sharding. For FSDP+TP/PP pass parallel_dims= for the correct DP rank.
[09-28 18:25:05|INFO|cosmos_framework/data/generator/dataflow/loader.py:228:__init__] CosmosDataLoader: using global rank for DP sharding. For FSDP+TP/PP pass parallel_dims= for the correct DP rank.
[09-28 18:25:05|INFO|cosmos_framework/data/generator/dataflow/loader.py:228:__init__] CosmosDataLoader: using global rank for DP sharding. For FSDP+TP/PP pass parallel_dims= for the correct DP rank.
[09-28 18:25:05|INFO|cosmos_framework/data/generator/dataflow/loader.py:228:__init__] CosmosDataLoader: using global rank for DP sharding. For FSDP+TP/PP pass parallel_dims= for the correct DP rank.
[09-28 18:25:05|INFO|cosmos_framework/data/generator/dataflow/loader.py:228:__init__] CosmosDataLoader: using global rank for DP sharding. For FSDP+TP/PP pass parallel_dims= for the correct DP rank.
[09-28 18:25:05|INFO|cosmos_framework/data/generator/dataflow/loader.py:228:__init__] CosmosDataLoader: using global rank for DP sharding. For FSDP+TP/PP pass parallel_dims= for the correct DP rank.
[09-28 18:25:05|INFO|cosmos_framework/data/generator/dataflow/loader.py:340:__init__] JointCosmosDataLoader: 20 streams
  vlm_robotics_fullscan_v2r1_p0_episodic_embodied:0: ratio=6136 (20.3%)
  vlm_robotics_fullscan_v2r1_p0_metric_3d_scene:1: ratio=1356 (4.5%)
  vlm_robotics_fullscan_v2r1_p0_multiview_memory:2: ratio=1182 (3.9%)
  vlm_robotics_fullscan_v2r1_p0_temporal_physical:3: ratio=4907 (16.2%)
  vlm_robotics_fullscan_v2r1_p1_episodic_embodied:4: ratio=57 (0.2%)
  vlm_robotics_fullscan_v2r1_p1_free_space_affordance:5: ratio=61 (0.2%)
  vlm_robotics_fullscan_v2r1_p1_metric_3d_scene:6: ratio=879 (2.9%)
  vlm_robotics_fullscan_v2r1_p1_multiview_memory:7: ratio=214 (0.7%)
  vlm_robotics_fullscan_v2r1_p1_temporal_physical:8: ratio=2370 (7.8%)
  vlm_robotics_affordance_support_v1_robot_placement:9: ratio=140 (0.5%)
  vlm_robotics_affordance_support_v1_semantic_affordance:10: ratio=1 (0.0%)
  vlm_robotics_fullscan_v2r1_p2_visual_structured_retention:11: ratio=4944 (16.3%)
  vlm_robotics_general_retention_v1_safe_general:12: ratio=2472 (8.2%)
  gqa_train_balanced_reference:13: ratio=446 (1.5%)
  mindcube_train_spatial_qa_reference:14: ratio=45 (0.1%)
  sharerobot_planning_qa_v1_train:15: ratio=4589 (15.2%)
  sharerobot_affordance_bbox_text_v1_train:16: ratio=29 (0.1%)
  sharerobot_trajectory_points_text_v1_train:17: ratio=31 (0.1%)
  msr3d_strict_object_image_qa_v1_train:18: ratio=362 (1.2%)
  robobench_official_prompt_all_training_v1_train:19: ratio=27 (0.1%)
[09-28 18:25:05|INFO|cosmos_framework/utils/timer.py:138:_log] Time spent on init_data_loader: 6.08 s
[09-28 18:25:05|INFO|cosmos_framework/utils/generator/optimizer.py:247:_build_params_with_metadata] Total tensors: 750, trainable tensors: 750, selected tensors: 750
[09-28 18:25:05|INFO|cosmos_framework/utils/generator/optimizer.py:433:__init__] Building optimizer for mesh 'dp_shard'
[09-28 18:25:05|INFO|cosmos_framework/utils/generator/optimizer.py:289:_build_optimizer_internal] Param group (lr=1.0000000000000002e-06, WD=True): 351 tensors, 576,388,336 elements
[09-28 18:25:05|INFO|cosmos_framework/utils/generator/optimizer.py:289:_build_optimizer_internal] Param group (lr=1e-05, WD=True): 399 tensors, 8,190,735,360 elements
[09-28 18:25:05|INFO|cosmos_framework/utils/generator/optimizer.py:441:__init__] Created 1 optimizers
[09-28 18:25:05|INFO|cosmos_framework/utils/generator/optimizer.py:623:__init__] Created 1 schedulers
[09-28 18:25:05|CRITICAL|cosmos_framework/checkpoint/dcp.py:787:load] Resuming ckpt None with keys: []
[09-28 18:25:05|INFO|cosmos_framework/checkpoint/dcp.py:947:load] Training from scratch.
[09-28 18:25:05|INFO|cosmos_framework/utils/timer.py:138:_log] Time spent on checkpoint loading: 0.00 s
[09-28 18:25:05|CRITICAL|cosmos_framework/trainer/__init__.py:321:train] Distributed parallelism mode: fsdp
[09-28 18:25:05|INFO|cosmos_framework/trainer/__init__.py:329:train] Starting training...
[09-28 18:25:05|INFO|cosmos_framework/utils/wandb_util.py:57:init_wandb] Generating new wandb ID: n5o2dl1c
[09-28 18:25:05|INFO|cosmos_framework/model/generator/utils/safetensors_loader.py:550:load_files_parallel] [RANK 3] Loading safetensors files from: /share/project/eai_pwm/models/Qwen3-VL-8B-Instruct
[09-28 18:25:05|INFO|cosmos_framework/model/generator/utils/safetensors_loader.py:550:load_files_parallel] [RANK 2] Loading safetensors files from: /share/project/eai_pwm/models/Qwen3-VL-8B-Instruct
[09-28 18:25:05|INFO|cosmos_framework/model/generator/utils/safetensors_loader.py:551:load_files_parallel] [RANK 3] Credential path: 
[09-28 18:25:05|INFO|cosmos_framework/model/generator/utils/safetensors_loader.py:551:load_files_parallel] [RANK 2] Credential path: 
[09-28 18:25:05|INFO|cosmos_framework/model/generator/utils/safetensors_loader.py:550:load_files_parallel] [RANK 1] Loading safetensors files from: /share/project/eai_pwm/models/Qwen3-VL-8B-Instruct
[09-28 18:25:05|INFO|cosmos_framework/model/generator/utils/safetensors_loader.py:551:load_files_parallel] [RANK 1] Credential path: 
[09-28 18:25:05|INFO|cosmos_framework/model/generator/utils/safetensors_loader.py:613:load_files_parallel] [RANK 1] Loading safetensors file: model-00002-of-00004.safetensors
[09-28 18:25:05|INFO|cosmos_framework/model/generator/utils/safetensors_loader.py:613:load_files_parallel] [RANK 2] Loading safetensors file: model-00004-of-00004.safetensors
[09-28 18:25:05|INFO|cosmos_framework/model/generator/utils/safetensors_loader.py:613:load_files_parallel] [RANK 3] Loading safetensors file: model-00003-of-00004.safetensors
[09-28 18:25:05|INFO|cosmos_framework/model/generator/utils/safetensors_loader.py:550:load_files_parallel] [RANK 4] Loading safetensors files from: /share/project/eai_pwm/models/Qwen3-VL-8B-Instruct
[09-28 18:25:05|INFO|cosmos_framework/model/generator/utils/safetensors_loader.py:551:load_files_parallel] [RANK 4] Credential path: 
Config is saved using omegaconf at /share/project/eai_pwm/home/hcr/repos/cosmos-kernel-profiler/runs/vlm_capture001/job/kernel-list/vlm/vlm_capture001/config.yaml.
[09-28 18:25:05|INFO|cosmos_framework/model/generator/utils/safetensors_loader.py:550:load_files_parallel] [RANK 5] Loading safetensors files from: /share/project/eai_pwm/models/Qwen3-VL-8B-Instruct
[09-28 18:25:05|INFO|cosmos_framework/model/generator/utils/safetensors_loader.py:551:load_files_parallel] [RANK 5] Credential path: 
[09-28 18:25:05|INFO|cosmos_framework/model/generator/utils/safetensors_loader.py:550:load_files_parallel] [RANK 7] Loading safetensors files from: /share/project/eai_pwm/models/Qwen3-VL-8B-Instruct
[09-28 18:25:05|INFO|cosmos_framework/model/generator/utils/safetensors_loader.py:551:load_files_parallel] [RANK 7] Credential path: 
[09-28 18:25:05|INFO|cosmos_framework/model/generator/utils/safetensors_loader.py:550:load_files_parallel] [RANK 6] Loading safetensors files from: /share/project/eai_pwm/models/Qwen3-VL-8B-Instruct
[09-28 18:25:05|INFO|cosmos_framework/model/generator/utils/safetensors_loader.py:551:load_files_parallel] [RANK 6] Credential path: 
[09-28 18:25:05|INFO|cosmos_framework/callbacks/param_count.py:31:on_train_start] [RANK 0] Total number of parameters on current rank: 8767123696
[09-28 18:25:05|INFO|cosmos_framework/model/generator/omni_mot_model.py:492:load_pretrained_model_if_needed] Loading reasoner pathway weights from /share/project/eai_pwm/models/Qwen3-VL-8B-Instruct
[09-28 18:25:05|INFO|cosmos_framework/model/generator/utils/safetensors_loader.py:1068:load_language_model] load_language_model: loading weights from /share/project/eai_pwm/models/Qwen3-VL-8B-Instruct
[09-28 18:25:05|INFO|cosmos_framework/model/generator/utils/safetensors_loader.py:550:load_files_parallel] [RANK 0] Loading safetensors files from: /share/project/eai_pwm/models/Qwen3-VL-8B-Instruct
[09-28 18:25:05|INFO|cosmos_framework/model/generator/utils/safetensors_loader.py:551:load_files_parallel] [RANK 0] Credential path: 
[09-28 18:25:05|INFO|cosmos_framework/model/generator/utils/safetensors_loader.py:613:load_files_parallel] [RANK 0] Loading safetensors file: model-00001-of-00004.safetensors
[09-28 18:25:09|INFO|cosmos_framework/model/generator/utils/safetensors_loader.py:1092:load_language_model] [RANK 0] Language model checkpoint format: qwen3
[09-28 18:25:09|INFO|cosmos_framework/model/generator/utils/safetensors_loader.py:1092:load_language_model] [RANK 1] Language model checkpoint format: qwen3
[09-28 18:25:09|INFO|cosmos_framework/model/generator/utils/safetensors_loader.py:1092:load_language_model] [RANK 2] Language model checkpoint format: qwen3
[09-28 18:25:09|INFO|cosmos_framework/model/generator/utils/safetensors_loader.py:1092:load_language_model] [RANK 7] Language model checkpoint format: qwen3
[09-28 18:25:09|INFO|cosmos_framework/model/generator/utils/safetensors_loader.py:1092:load_language_model] [RANK 6] Language model checkpoint format: qwen3
[09-28 18:25:09|INFO|cosmos_framework/model/generator/utils/safetensors_loader.py:1092:load_language_model] [RANK 3] Language model checkpoint format: qwen3
[09-28 18:25:09|INFO|cosmos_framework/model/generator/utils/safetensors_loader.py:1092:load_language_model] [RANK 5] Language model checkpoint format: qwen3
[09-28 18:25:09|INFO|cosmos_framework/model/generator/utils/safetensors_loader.py:1092:load_language_model] [RANK 4] Language model checkpoint format: qwen3
[09-28 18:25:13|INFO|cosmos_framework/model/generator/utils/safetensors_loader.py:1238:load_language_model] load_language_model: successfully loaded 750 tensors from /share/project/eai_pwm/models/Qwen3-VL-8B-Instruct in 7.9s
[09-28 18:25:13|INFO|cosmos_framework/model/generator/omni_mot_model.py:497:load_pretrained_model_if_needed] Successfully loaded reasoner pathway weights.
[09-28 18:25:13|INFO|cosmos_framework/model/generator/omni_mot_model.py:508:load_pretrained_model_if_needed] Skipping diffusion pathway weights copying.
[09-28 18:25:13|INFO|cosmos_framework/callbacks/norm_monitor.py:72:on_train_start] NormMonitor callback: local_dir: /share/project/eai_pwm/home/hcr/repos/cosmos-kernel-profiler/runs/vlm_capture001/job/kernel-list/vlm/vlm_capture001/norm_monitor
[09-28 18:25:13|INFO|cosmos_framework/callbacks/norm_monitor.py:153:_register_activation_hooks] NormMonitor: Registered activation hooks on 36 transformer blocks
[09-28 18:25:13|INFO|cosmos_framework/callbacks/ofu.py:182:on_train_start] OFUCallback: launched nvidia-smi dmon --gpm-metrics 5
[09-28 18:25:13|INFO|cosmos_framework/callbacks/device_monitor.py:102:on_train_start] DeviceMonitor callback: local_dir: /share/project/eai_pwm/home/hcr/repos/cosmos-kernel-profiler/runs/vlm_capture001/job/kernel-list/vlm/vlm_capture001/DeviceMonitor
[09-28 18:25:13|INFO|cosmos_framework/callbacks/termination_signal_checkpoint.py:186:_install_termination_signal_handlers] [TerminationSignalCheckpoint] Installed SIGTERM handler.
[09-28 18:25:14|WARNING|cosmos_framework/callbacks/ofu.py:123:_parse_header] OFUCallback: column(s) ['mmaact'] not found in nvidia-smi dmon header: ['gpu', 'pwr', 'gtemp', 'mtemp', 'sm', 'mem', 'enc', 'dec', 'jpg', 'ofa', 'mclk', 'pclk', 'id=5']. OFU metrics will not be available.
[09-28 18:25:40|INFO|cosmos_framework/callbacks/ofu.py:116:_parse_header] OFUCallback: found mmaact at column 12, pclk at column 11
[09-28 18:28:43|INFO|cosmos_framework/utils/timer.py:138:_log] Time spent on norm_monitor: 0.01 s
[09-28 18:28:45|INFO|cosmos_framework/callbacks/iter_speed.py:75:on_training_step_end] [RANK 2] Iteration 1: Hit counter: 1/50 | Loss: 0.0939 | Time: 227.88s | video_batch_size: 1
[09-28 18:28:45|INFO|cosmos_framework/callbacks/iter_speed.py:75:on_training_step_end] [RANK 3] Iteration 1: Hit counter: 1/50 | Loss: 1.5127 | Time: 227.88s | video_batch_size: 13
[09-28 18:28:45|INFO|cosmos_framework/callbacks/iter_speed.py:75:on_training_step_end] [RANK 1] Iteration 1: Hit counter: 1/50 | Loss: 1.1581 | Time: 227.88s | video_batch_size: 11
[09-28 18:28:45|INFO|cosmos_framework/callbacks/iter_speed.py:75:on_training_step_end] [RANK 4] Iteration 1: Hit counter: 1/50 | Loss: 1.7039 | Time: 227.88s | video_batch_size: 15
[09-28 18:28:45|INFO|cosmos_framework/callbacks/iter_speed.py:75:on_training_step_end] [RANK 6] Iteration 1: Hit counter: 1/50 | Loss: 1.4766 | Time: 227.88s | video_batch_size: 13
[09-28 18:28:45|INFO|cosmos_framework/callbacks/iter_speed.py:75:on_training_step_end] [RANK 0] Iteration 1: Hit counter: 1/50 | Loss: 1.8963 | Time: 227.89s | video_batch_size: 15
[09-28 18:28:45|INFO|cosmos_framework/callbacks/iter_speed.py:75:on_training_step_end] [RANK 5] Iteration 1: Hit counter: 1/50 | Loss: 1.9128 | Time: 227.90s | video_batch_size: 15
[09-28 18:28:45|INFO|cosmos_framework/callbacks/iter_speed.py:75:on_training_step_end] [RANK 7] Iteration 1: Hit counter: 1/50 | Loss: 1.4716 | Time: 227.92s | video_batch_size: 13
[09-28 18:28:45|INFO|cosmos_framework/callbacks/grad_clip.py:436:on_training_step_end] [RANK 4] clip_grad_norm/video/global: 66.00000 (iteration 1)
[09-28 18:28:45|INFO|cosmos_framework/callbacks/grad_clip.py:436:on_training_step_end] [RANK 5] clip_grad_norm/video/global: 66.00000 (iteration 1)
[09-28 18:28:45|INFO|cosmos_framework/callbacks/grad_clip.py:436:on_training_step_end] [RANK 7] clip_grad_norm/video/global: 66.00000 (iteration 1)
[09-28 18:28:45|INFO|cosmos_framework/callbacks/grad_clip.py:436:on_training_step_end] [RANK 0] clip_grad_norm/video/global: 66.00000 (iteration 1)
[09-28 18:28:45|INFO|cosmos_framework/callbacks/grad_clip.py:436:on_training_step_end] [RANK 6] clip_grad_norm/video/global: 66.00000 (iteration 1)
[09-28 18:28:45|INFO|cosmos_framework/callbacks/grad_clip.py:436:on_training_step_end] [RANK 2] clip_grad_norm/video/global: 66.00000 (iteration 1)
[09-28 18:28:45|INFO|cosmos_framework/callbacks/grad_clip.py:436:on_training_step_end] [RANK 3] clip_grad_norm/video/global: 66.00000 (iteration 1)
[09-28 18:28:45|INFO|cosmos_framework/callbacks/grad_clip.py:436:on_training_step_end] [RANK 1] clip_grad_norm/video/global: 66.00000 (iteration 1)
[09-28 18:28:45|INFO|cosmos_framework/callbacks/cosmos_dataloader_state.py:362:on_training_step_end] 
JointCosmosDataLoader global_id=3
  [vlm_robotics_general_retention_v1_safe_general:12] worker 0: epoch=0, index=41
  [vlm_robotics_fullscan_v2r1_p2_visual_structured_retention:11] worker 0: epoch=0, index=33
  [vlm_robotics_fullscan_v2r1_p1_temporal_physical:8] worker 0: epoch=0, index=14

[09-28 18:29:49|INFO|cosmos_framework/callbacks/iter_speed.py:75:on_training_step_end] [RANK 0] Iteration 2: Hit counter: 2/50 | Loss: 1.5077 | Time: 64.92s | image_batch_size: 42
[09-28 18:29:49|INFO|cosmos_framework/callbacks/iter_speed.py:75:on_training_step_end] [RANK 3] Iteration 2: Hit counter: 2/50 | Loss: 1.5550 | Time: 64.93s | image_batch_size: 42
[09-28 18:29:49|INFO|cosmos_framework/callbacks/iter_speed.py:75:on_training_step_end] [RANK 7] Iteration 2: Hit counter: 2/50 | Loss: 1.1537 | Time: 64.90s | image_batch_size: 42
[09-28 18:29:49|INFO|cosmos_framework/callbacks/iter_speed.py:75:on_training_step_end] [RANK 2] Iteration 2: Hit counter: 2/50 | Loss: 1.7888 | Time: 64.94s | image_batch_size: 42
[09-28 18:29:49|INFO|cosmos_framework/callbacks/iter_speed.py:75:on_training_step_end] [RANK 5] Iteration 2: Hit counter: 2/50 | Loss: 1.6961 | Time: 64.92s | image_batch_size: 42
[09-28 18:29:49|INFO|cosmos_framework/callbacks/iter_speed.py:75:on_training_step_end] [RANK 1] Iteration 2: Hit counter: 2/50 | Loss: 1.2509 | Time: 64.94s | image_batch_size: 42
[09-28 18:29:49|INFO|cosmos_framework/callbacks/iter_speed.py:75:on_training_step_end] [RANK 4] Iteration 2: Hit counter: 2/50 | Loss: 0.9835 | Time: 64.94s | image_batch_size: 42
[09-28 18:29:49|INFO|cosmos_framework/callbacks/iter_speed.py:75:on_training_step_end] [RANK 6] Iteration 2: Hit counter: 2/50 | Loss: 1.7469 | Time: 64.94s | image_batch_size: 42
[09-28 18:29:49|INFO|cosmos_framework/callbacks/grad_clip.py:436:on_training_step_end] [RANK 3] clip_grad_norm/video/global: 0.00000 (iteration 2)
[09-28 18:29:49|INFO|cosmos_framework/callbacks/grad_clip.py:436:on_training_step_end] [RANK 1] clip_grad_norm/video/global: 0.00000 (iteration 2)
[09-28 18:29:49|INFO|cosmos_framework/callbacks/grad_clip.py:436:on_training_step_end] [RANK 7] clip_grad_norm/video/global: 0.00000 (iteration 2)
[09-28 18:29:49|INFO|cosmos_framework/callbacks/grad_clip.py:436:on_training_step_end] [RANK 2] clip_grad_norm/video/global: 0.00000 (iteration 2)
[09-28 18:29:49|INFO|cosmos_framework/callbacks/grad_clip.py:436:on_training_step_end] [RANK 5] clip_grad_norm/video/global: 0.00000 (iteration 2)
[09-28 18:29:49|INFO|cosmos_framework/callbacks/grad_clip.py:436:on_training_step_end] [RANK 4] clip_grad_norm/video/global: 0.00000 (iteration 2)
[09-28 18:29:49|INFO|cosmos_framework/callbacks/grad_clip.py:436:on_training_step_end] [RANK 6] clip_grad_norm/video/global: 0.00000 (iteration 2)
[09-28 18:29:49|INFO|cosmos_framework/callbacks/grad_clip.py:436:on_training_step_end] [RANK 0] clip_grad_norm/video/global: 0.00000 (iteration 2)
[09-28 18:29:49|INFO|cosmos_framework/callbacks/grad_clip.py:436:on_training_step_end] [RANK 3] clip_grad_norm/image/global: 110.00000 (iteration 2)
[09-28 18:29:49|INFO|cosmos_framework/callbacks/grad_clip.py:436:on_training_step_end] [RANK 7] clip_grad_norm/image/global: 110.00000 (iteration 2)
[09-28 18:29:49|INFO|cosmos_framework/callbacks/grad_clip.py:436:on_training_step_end] [RANK 1] clip_grad_norm/image/global: 110.00000 (iteration 2)
[09-28 18:29:49|INFO|cosmos_framework/callbacks/grad_clip.py:436:on_training_step_end] [RANK 2] clip_grad_norm/image/global: 110.00000 (iteration 2)
[09-28 18:29:49|INFO|cosmos_framework/callbacks/grad_clip.py:436:on_training_step_end] [RANK 5] clip_grad_norm/image/global: 110.00000 (iteration 2)
[09-28 18:29:49|INFO|cosmos_framework/callbacks/grad_clip.py:436:on_training_step_end] [RANK 6] clip_grad_norm/image/global: 110.00000 (iteration 2)
[09-28 18:29:49|INFO|cosmos_framework/callbacks/grad_clip.py:436:on_training_step_end] [RANK 4] clip_grad_norm/image/global: 110.00000 (iteration 2)
[09-28 18:29:49|INFO|cosmos_framework/callbacks/grad_clip.py:436:on_training_step_end] [RANK 0] clip_grad_norm/image/global: 110.00000 (iteration 2)
[09-28 18:29:49|INFO|cosmos_framework/callbacks/cosmos_dataloader_state.py:362:on_training_step_end] 
JointCosmosDataLoader global_id=6
  [vlm_robotics_general_retention_v1_safe_general:12] worker 0: epoch=0, index=41
  [vlm_robotics_fullscan_v2r1_p2_visual_structured_retention:11] worker 0: epoch=0, index=33
  [vlm_robotics_fullscan_v2r1_p1_temporal_physical:8] worker 0: epoch=0, index=15
  [vlm_robotics_fullscan_v2r1_p0_episodic_embodied:0] worker 0: epoch=0, index=0
  [vlm_robotics_fullscan_v2r1_p0_metric_3d_scene:1] worker 0: epoch=0, index=41

[09-28 18:31:10|INFO|cosmos_framework/callbacks/iter_speed.py:75:on_training_step_end] [RANK 4] Iteration 3: Hit counter: 3/50 | Loss: 1.7596 | Time: 80.53s | video_batch_size: 15
[09-28 18:31:10|INFO|cosmos_framework/callbacks/iter_speed.py:75:on_training_step_end] [RANK 6] Iteration 3: Hit counter: 3/50 | Loss: 1.8079 | Time: 80.53s | video_batch_size: 16
[09-28 18:31:10|INFO|cosmos_framework/callbacks/iter_speed.py:75:on_training_step_end] [RANK 5] Iteration 3: Hit counter: 3/50 | Loss: 2.0793 | Time: 80.53s | video_batch_size: 17
[09-28 18:31:10|INFO|cosmos_framework/callbacks/iter_speed.py:75:on_training_step_end] [RANK 7] Iteration 3: Hit counter: 3/50 | Loss: 2.0672 | Time: 80.53s | video_batch_size: 18
[09-28 18:31:10|INFO|cosmos_framework/callbacks/iter_speed.py:75:on_training_step_end] [RANK 0] Iteration 3: Hit counter: 3/50 | Loss: 1.4039 | Time: 80.55s | video_batch_size: 16
[09-28 18:31:10|INFO|cosmos_framework/callbacks/iter_speed.py:75:on_training_step_end] [RANK 3] Iteration 3: Hit counter: 3/50 | Loss: 1.9169 | Time: 80.55s | video_batch_size: 14
[09-28 18:31:10|INFO|cosmos_framework/callbacks/iter_speed.py:75:on_training_step_end] [RANK 2] Iteration 3: Hit counter: 3/50 | Loss: 1.2978 | Time: 80.54s | video_batch_size: 16
[09-28 18:31:10|INFO|cosmos_framework/callbacks/iter_speed.py:75:on_training_step_end] [RANK 1] Iteration 3: Hit counter: 3/50 | Loss: 2.2545 | Time: 80.55s | video_batch_size: 17
[09-28 18:31:10|INFO|cosmos_framework/callbacks/grad_clip.py:436:on_training_step_end] [RANK 6] clip_grad_norm/video/global: 57.50000 (iteration 3)
[09-28 18:31:10|INFO|cosmos_framework/callbacks/grad_clip.py:436:on_training_step_end] [RANK 4] clip_grad_norm/video/global: 57.50000 (iteration 3)
[09-28 18:31:10|INFO|cosmos_framework/callbacks/grad_clip.py:436:on_training_step_end] [RANK 6] clip_grad_norm/image/global: 0.00000 (iteration 3)
[09-28 18:31:10|INFO|cosmos_framework/callbacks/grad_clip.py:436:on_training_step_end] [RANK 2] clip_grad_norm/video/global: 57.50000 (iteration 3)
[09-28 18:31:10|INFO|cosmos_framework/callbacks/grad_clip.py:436:on_training_step_end] [RANK 7] clip_grad_norm/video/global: 57.50000 (iteration 3)
[09-28 18:31:10|INFO|cosmos_framework/callbacks/grad_clip.py:436:on_training_step_end] [RANK 4] clip_grad_norm/image/global: 0.00000 (iteration 3)
[09-28 18:31:10|INFO|cosmos_framework/callbacks/grad_clip.py:436:on_training_step_end] [RANK 5] clip_grad_norm/video/global: 57.50000 (iteration 3)
[09-28 18:31:10|INFO|cosmos_framework/callbacks/grad_clip.py:436:on_training_step_end] [RANK 0] clip_grad_norm/video/global: 57.50000 (iteration 3)
[09-28 18:31:10|INFO|cosmos_framework/callbacks/grad_clip.py:436:on_training_step_end] [RANK 1] clip_grad_norm/video/global: 57.50000 (iteration 3)
[09-28 18:31:10|INFO|cosmos_framework/callbacks/grad_clip.py:436:on_training_step_end] [RANK 3] clip_grad_norm/video/global: 57.50000 (iteration 3)
[09-28 18:31:10|INFO|cosmos_framework/callbacks/grad_clip.py:436:on_training_step_end] [RANK 2] clip_grad_norm/image/global: 0.00000 (iteration 3)
[09-28 18:31:10|INFO|cosmos_framework/callbacks/grad_clip.py:436:on_training_step_end] [RANK 7] clip_grad_norm/image/global: 0.00000 (iteration 3)
[09-28 18:31:10|INFO|cosmos_framework/callbacks/grad_clip.py:436:on_training_step_end] [RANK 5] clip_grad_norm/image/global: 0.00000 (iteration 3)
[09-28 18:31:10|INFO|cosmos_framework/callbacks/grad_clip.py:436:on_training_step_end] [RANK 0] clip_grad_norm/image/global: 0.00000 (iteration 3)
[09-28 18:31:10|INFO|cosmos_framework/callbacks/grad_clip.py:436:on_training_step_end] [RANK 1] clip_grad_norm/image/global: 0.00000 (iteration 3)
[09-28 18:31:10|INFO|cosmos_framework/callbacks/grad_clip.py:436:on_training_step_end] [RANK 3] clip_grad_norm/image/global: 0.00000 (iteration 3)
[09-28 18:31:10|INFO|cosmos_framework/callbacks/cosmos_dataloader_state.py:362:on_training_step_end] 
JointCosmosDataLoader global_id=9
  [vlm_robotics_general_retention_v1_safe_general:12] worker 0: epoch=0, index=41
  [vlm_robotics_fullscan_v2r1_p2_visual_structured_retention:11] worker 0: epoch=0, index=33
  [vlm_robotics_fullscan_v2r1_p1_temporal_physical:8] worker 0: epoch=0, index=15
  [vlm_robotics_fullscan_v2r1_p0_episodic_embodied:0] worker 0: epoch=0, index=1
  [vlm_robotics_fullscan_v2r1_p0_metric_3d_scene:1] worker 0: epoch=0, index=83
  [sharerobot_planning_qa_v1_train:15] worker 0: epoch=0, index=15

[09-28 18:32:58|INFO|cosmos_framework/callbacks/iter_speed.py:75:on_training_step_end] [RANK 7] Iteration 4: Hit counter: 4/50 | Loss: 0.6067 | Time: 107.93s | video_batch_size: 15
[09-28 18:32:58|INFO|cosmos_framework/callbacks/iter_speed.py:75:on_training_step_end] [RANK 4] Iteration 4: Hit counter: 4/50 | Loss: 0.5201 | Time: 107.93s | video_batch_size: 13
[09-28 18:32:58|INFO|cosmos_framework/callbacks/iter_speed.py:75:on_training_step_end] [RANK 6] Iteration 4: Hit counter: 4/50 | Loss: 0.7501 | Time: 107.93s | video_batch_size: 16
[09-28 18:32:58|INFO|cosmos_framework/callbacks/iter_speed.py:75:on_training_step_end] [RANK 5] Iteration 4: Hit counter: 4/50 | Loss: 0.5019 | Time: 107.93s | video_batch_size: 14
[09-28 18:32:58|INFO|cosmos_framework/callbacks/iter_speed.py:75:on_training_step_end] [RANK 0] Iteration 4: Hit counter: 4/50 | Loss: 0.8461 | Time: 107.92s | video_batch_size: 16
[09-28 18:32:58|INFO|cosmos_framework/callbacks/iter_speed.py:75:on_training_step_end] [RANK 2] Iteration 4: Hit counter: 4/50 | Loss: 0.8236 | Time: 107.92s | video_batch_size: 17
[09-28 18:32:58|INFO|cosmos_framework/callbacks/iter_speed.py:75:on_training_step_end] [RANK 3] Iteration 4: Hit counter: 4/50 | Loss: 0.5303 | Time: 107.92s | video_batch_size: 14
[09-28 18:32:58|INFO|cosmos_framework/callbacks/iter_speed.py:75:on_training_step_end] [RANK 1] Iteration 4: Hit counter: 4/50 | Loss: 0.6972 | Time: 107.92s | video_batch_size: 17
[09-28 18:32:58|INFO|cosmos_framework/callbacks/grad_clip.py:436:on_training_step_end] [RANK 6] clip_grad_norm/video/global: 37.50000 (iteration 4)
[09-28 18:32:58|INFO|cosmos_framework/callbacks/grad_clip.py:436:on_training_step_end] [RANK 4] clip_grad_norm/video/global: 37.50000 (iteration 4)
[09-28 18:32:58|INFO|cosmos_framework/callbacks/grad_clip.py:436:on_training_step_end] [RANK 5] clip_grad_norm/video/global: 37.50000 (iteration 4)
[09-28 18:32:58|INFO|cosmos_framework/callbacks/grad_clip.py:436:on_training_step_end] [RANK 7] clip_grad_norm/video/global: 37.50000 (iteration 4)
[09-28 18:32:58|INFO|cosmos_framework/callbacks/grad_clip.py:436:on_training_step_end] [RANK 3] clip_grad_norm/video/global: 37.50000 (iteration 4)
[09-28 18:32:58|INFO|cosmos_framework/callbacks/grad_clip.py:436:on_training_step_end] [RANK 1] clip_grad_norm/video/global: 37.50000 (iteration 4)
[09-28 18:32:58|INFO|cosmos_framework/callbacks/grad_clip.py:436:on_training_step_end] [RANK 2] clip_grad_norm/video/global: 37.50000 (iteration 4)
[09-28 18:32:58|INFO|cosmos_framework/callbacks/grad_clip.py:436:on_training_step_end] [RANK 0] clip_grad_norm/video/global: 37.50000 (iteration 4)
[09-28 18:32:58|INFO|cosmos_framework/callbacks/grad_clip.py:436:on_training_step_end] [RANK 6] clip_grad_norm/image/global: 0.00000 (iteration 4)
[09-28 18:32:58|INFO|cosmos_framework/callbacks/grad_clip.py:436:on_training_step_end] [RANK 4] clip_grad_norm/image/global: 0.00000 (iteration 4)
[09-28 18:32:58|INFO|cosmos_framework/callbacks/grad_clip.py:436:on_training_step_end] [RANK 5] clip_grad_norm/image/global: 0.00000 (iteration 4)
[09-28 18:32:58|INFO|cosmos_framework/callbacks/grad_clip.py:436:on_training_step_end] [RANK 7] clip_grad_norm/image/global: 0.00000 (iteration 4)
[09-28 18:32:58|INFO|cosmos_framework/callbacks/grad_clip.py:436:on_training_step_end] [RANK 3] clip_grad_norm/image/global: 0.00000 (iteration 4)
[09-28 18:32:58|INFO|cosmos_framework/callbacks/grad_clip.py:436:on_training_step_end] [RANK 1] clip_grad_norm/image/global: 0.00000 (iteration 4)
[09-28 18:32:58|INFO|cosmos_framework/callbacks/grad_clip.py:436:on_training_step_end] [RANK 2] clip_grad_norm/image/global: 0.00000 (iteration 4)
[09-28 18:32:58|INFO|cosmos_framework/callbacks/grad_clip.py:436:on_training_step_end] [RANK 0] clip_grad_norm/image/global: 0.00000 (iteration 4)
[09-28 18:32:58|INFO|cosmos_framework/callbacks/cosmos_dataloader_state.py:362:on_training_step_end] 
JointCosmosDataLoader global_id=12
  [vlm_robotics_general_retention_v1_safe_general:12] worker 0: epoch=0, index=41
  [vlm_robotics_fullscan_v2r1_p2_visual_structured_retention:11] worker 0: epoch=0, index=57
  [vlm_robotics_fullscan_v2r1_p1_temporal_physical:8] worker 0: epoch=0, index=15
  [vlm_robotics_fullscan_v2r1_p0_episodic_embodied:0] worker 0: epoch=0, index=2
  [vlm_robotics_fullscan_v2r1_p0_metric_3d_scene:1] worker 0: epoch=0, index=83
  [sharerobot_planning_qa_v1_train:15] worker 0: epoch=0, index=31

[09-28 18:33:55|INFO|cosmos_framework/callbacks/iter_speed.py:75:on_training_step_end] [RANK 1] Iteration 5: Hit counter: 5/50 | Loss: 1.7876 | Time: 57.09s | image_batch_size: 29
[09-28 18:33:55|INFO|cosmos_framework/callbacks/iter_speed.py:75:on_training_step_end] [RANK 2] Iteration 5: Hit counter: 5/50 | Loss: 0.0627 | Time: 57.10s | image_batch_size: 1
[09-28 18:33:55|INFO|cosmos_framework/callbacks/iter_speed.py:75:on_training_step_end] [RANK 5] Iteration 5: Hit counter: 5/50 | Loss: 0.0603 | Time: 57.10s | image_batch_size: 1
[09-28 18:33:55|INFO|cosmos_framework/callbacks/iter_speed.py:75:on_training_step_end] [RANK 7] Iteration 5: Hit counter: 5/50 | Loss: 2.1845 | Time: 57.11s | image_batch_size: 27
[09-28 18:33:55|INFO|cosmos_framework/callbacks/iter_speed.py:75:on_training_step_end] [RANK 0] Iteration 5: Hit counter: 5/50 | Loss: 0.0506 | Time: 57.10s | image_batch_size: 1
[09-28 18:33:55|CRITICAL|cosmos_framework/callbacks/manual_gc.py:36:every_n_impl] Garbage collection disabled
[09-28 18:33:55|INFO|cosmos_framework/callbacks/iter_speed.py:75:on_training_step_end] [RANK 4] Iteration 5: Hit counter: 5/50 | Loss: 4.5810 | Time: 57.11s | image_batch_size: 45
[09-28 18:33:55|INFO|cosmos_framework/callbacks/iter_speed.py:75:on_training_step_end] [RANK 3] Iteration 5: Hit counter: 5/50 | Loss: 3.0411 | Time: 57.10s | image_batch_size: 39
[09-28 18:33:55|INFO|cosmos_framework/callbacks/iter_speed.py:75:on_training_step_end] [RANK 6] Iteration 5: Hit counter: 5/50 | Loss: 2.1147 | Time: 57.11s | image_batch_size: 28
[09-28 18:33:55|INFO|cosmos_framework/callbacks/grad_clip.py:436:on_training_step_end] [RANK 6] clip_grad_norm/video/global: 0.00000 (iteration 5)
[09-28 18:33:55|INFO|cosmos_framework/callbacks/grad_clip.py:436:on_training_step_end] [RANK 4] clip_grad_norm/video/global: 0.00000 (iteration 5)
[09-28 18:33:55|INFO|cosmos_framework/callbacks/grad_clip.py:436:on_training_step_end] [RANK 3] clip_grad_norm/video/global: 0.00000 (iteration 5)
[09-28 18:33:55|INFO|cosmos_framework/callbacks/grad_clip.py:436:on_training_step_end] [RANK 5] clip_grad_norm/video/global: 0.00000 (iteration 5)
[09-28 18:33:55|INFO|cosmos_framework/callbacks/grad_clip.py:436:on_training_step_end] [RANK 2] clip_grad_norm/video/global: 0.00000 (iteration 5)
[09-28 18:33:55|INFO|cosmos_framework/callbacks/grad_clip.py:436:on_training_step_end] [RANK 7] clip_grad_norm/video/global: 0.00000 (iteration 5)
[09-28 18:33:55|INFO|cosmos_framework/callbacks/grad_clip.py:436:on_training_step_end] [RANK 1] clip_grad_norm/video/global: 0.00000 (iteration 5)
[09-28 18:33:55|INFO|cosmos_framework/callbacks/grad_clip.py:436:on_training_step_end] [RANK 6] clip_grad_norm/image/global: 31.12500 (iteration 5)
[09-28 18:33:55|INFO|cosmos_framework/callbacks/grad_clip.py:436:on_training_step_end] [RANK 4] clip_grad_norm/image/global: 31.12500 (iteration 5)
[09-28 18:33:55|INFO|cosmos_framework/callbacks/grad_clip.py:436:on_training_step_end] [RANK 3] clip_grad_norm/image/global: 31.12500 (iteration 5)
[09-28 18:33:55|INFO|cosmos_framework/callbacks/grad_clip.py:436:on_training_step_end] [RANK 5] clip_grad_norm/image/global: 31.12500 (iteration 5)
[09-28 18:33:55|INFO|cosmos_framework/callbacks/grad_clip.py:436:on_training_step_end] [RANK 2] clip_grad_norm/image/global: 31.12500 (iteration 5)
[09-28 18:33:55|INFO|cosmos_framework/callbacks/grad_clip.py:436:on_training_step_end] [RANK 7] clip_grad_norm/image/global: 31.12500 (iteration 5)
[09-28 18:33:55|INFO|cosmos_framework/callbacks/grad_clip.py:436:on_training_step_end] [RANK 0] clip_grad_norm/video/global: 0.00000 (iteration 5)
[09-28 18:33:55|INFO|cosmos_framework/callbacks/grad_clip.py:436:on_training_step_end] [RANK 1] clip_grad_norm/image/global: 31.12500 (iteration 5)
[09-28 18:33:55|INFO|cosmos_framework/callbacks/grad_clip.py:436:on_training_step_end] [RANK 0] clip_grad_norm/image/global: 31.12500 (iteration 5)
[09-28 18:33:55|INFO|cosmos_framework/callbacks/cosmos_dataloader_state.py:362:on_training_step_end] 
JointCosmosDataLoader global_id=15
  [vlm_robotics_general_retention_v1_safe_general:12] worker 0: epoch=0, index=41
  [vlm_robotics_fullscan_v2r1_p2_visual_structured_retention:11] worker 0: epoch=0, index=57
  [vlm_robotics_fullscan_v2r1_p1_temporal_physical:8] worker 0: epoch=0, index=15
  [vlm_robotics_fullscan_v2r1_p0_episodic_embodied:0] worker 0: epoch=0, index=2
  [vlm_robotics_fullscan_v2r1_p0_metric_3d_scene:1] worker 0: epoch=0, index=83
  [sharerobot_planning_qa_v1_train:15] worker 0: epoch=0, index=31
  [vlm_robotics_fullscan_v2r1_p0_multiview_memory:2] worker 0: epoch=0, index=0
  [vlm_robotics_fullscan_v2r1_p0_temporal_physical:3] worker 0: epoch=0, index=9

[09-28 18:34:22|INFO|cosmos_framework/callbacks/iter_speed.py:75:on_training_step_end] [RANK 7] Iteration 6: Hit counter: 6/50 | Loss: 1.1088 | Time: 26.84s | video_batch_size: 1
[09-28 18:34:22|INFO|cosmos_framework/callbacks/iter_speed.py:75:on_training_step_end] [RANK 1] Iteration 6: Hit counter: 6/50 | Loss: 0.2873 | Time: 26.85s | video_batch_size: 1
[09-28 18:34:22|INFO|cosmos_framework/callbacks/iter_speed.py:75:on_training_step_end] [RANK 6] Iteration 6: Hit counter: 6/50 | Loss: 0.0958 | Time: 26.84s | video_batch_size: 1
[09-28 18:34:22|INFO|cosmos_framework/callbacks/iter_speed.py:75:on_training_step_end] [RANK 4] Iteration 6: Hit counter: 6/50 | Loss: 0.5327 | Time: 26.84s | video_batch_size: 1
[09-28 18:34:22|INFO|cosmos_framework/callbacks/iter_speed.py:75:on_training_step_end] [RANK 5] Iteration 6: Hit counter: 6/50 | Loss: 1.0598 | Time: 26.85s | video_batch_size: 1
[09-28 18:34:22|INFO|cosmos_framework/callbacks/iter_speed.py:75:on_training_step_end] [RANK 2] Iteration 6: Hit counter: 6/50 | Loss: 0.5134 | Time: 26.85s | video_batch_size: 1
[09-28 18:34:22|INFO|cosmos_framework/callbacks/iter_speed.py:75:on_training_step_end] [RANK 0] Iteration 6: Hit counter: 6/50 | Loss: 0.5030 | Time: 26.84s | video_batch_size: 1
[09-28 18:34:22|INFO|cosmos_framework/callbacks/iter_speed.py:75:on_training_step_end] [RANK 3] Iteration 6: Hit counter: 6/50 | Loss: 0.3538 | Time: 26.84s | video_batch_size: 1
/share/project/eai_pwm/home/hcr/venv/cosmos-framework-pwm-cu130-train/lib/python3.13/site-packages/torch/distributed/c10d_logger.py:83: UserWarning: barrier(): using the device under current context. You can specify `device_id` in `init_process_group` to mute this warning.
  return func(*args, **kwargs)
[09-28 18:34:22|INFO|cosmos_framework/callbacks/grad_clip.py:436:on_training_step_end] [RANK 3] clip_grad_norm/video/global: 17.25000 (iteration 6)
[09-28 18:34:22|INFO|cosmos_framework/callbacks/grad_clip.py:436:on_training_step_end] [RANK 6] clip_grad_norm/video/global: 17.25000 (iteration 6)
[09-28 18:34:22|INFO|cosmos_framework/callbacks/grad_clip.py:436:on_training_step_end] [RANK 5] clip_grad_norm/video/global: 17.25000 (iteration 6)
[09-28 18:34:22|INFO|cosmos_framework/callbacks/grad_clip.py:436:on_training_step_end] [RANK 1] clip_grad_norm/video/global: 17.25000 (iteration 6)
[09-28 18:34:22|INFO|cosmos_framework/callbacks/grad_clip.py:436:on_training_step_end] [RANK 7] clip_grad_norm/video/global: 17.25000 (iteration 6)
[09-28 18:34:22|INFO|cosmos_framework/callbacks/grad_clip.py:436:on_training_step_end] [RANK 4] clip_grad_norm/video/global: 17.25000 (iteration 6)
[09-28 18:34:22|INFO|cosmos_framework/callbacks/grad_clip.py:436:on_training_step_end] [RANK 2] clip_grad_norm/video/global: 17.25000 (iteration 6)
[09-28 18:34:22|INFO|cosmos_framework/callbacks/grad_clip.py:436:on_training_step_end] [RANK 0] clip_grad_norm/video/global: 17.25000 (iteration 6)
[09-28 18:34:22|INFO|cosmos_framework/callbacks/grad_clip.py:436:on_training_step_end] [RANK 3] clip_grad_norm/image/global: 0.00000 (iteration 6)
[09-28 18:34:22|INFO|cosmos_framework/callbacks/grad_clip.py:436:on_training_step_end] [RANK 6] clip_grad_norm/image/global: 0.00000 (iteration 6)
[09-28 18:34:22|INFO|cosmos_framework/callbacks/grad_clip.py:436:on_training_step_end] [RANK 5] clip_grad_norm/image/global: 0.00000 (iteration 6)
[09-28 18:34:22|INFO|cosmos_framework/callbacks/grad_clip.py:436:on_training_step_end] [RANK 1] clip_grad_norm/image/global: 0.00000 (iteration 6)
[09-28 18:34:22|INFO|cosmos_framework/callbacks/grad_clip.py:436:on_training_step_end] [RANK 7] clip_grad_norm/image/global: 0.00000 (iteration 6)
[09-28 18:34:22|INFO|cosmos_framework/callbacks/grad_clip.py:436:on_training_step_end] [RANK 4] clip_grad_norm/image/global: 0.00000 (iteration 6)
[09-28 18:34:22|INFO|cosmos_framework/callbacks/grad_clip.py:436:on_training_step_end] [RANK 2] clip_grad_norm/image/global: 0.00000 (iteration 6)
[09-28 18:34:22|INFO|cosmos_framework/callbacks/grad_clip.py:436:on_training_step_end] [RANK 0] clip_grad_norm/image/global: 0.00000 (iteration 6)
[09-28 18:34:22|INFO|cosmos_framework/callbacks/cosmos_dataloader_state.py:362:on_training_step_end] 
JointCosmosDataLoader global_id=18
  [vlm_robotics_general_retention_v1_safe_general:12] worker 0: epoch=0, index=41
  [vlm_robotics_fullscan_v2r1_p2_visual_structured_retention:11] worker 0: epoch=0, index=57
  [vlm_robotics_fullscan_v2r1_p1_temporal_physical:8] worker 0: epoch=0, index=15
  [vlm_robotics_fullscan_v2r1_p0_episodic_embodied:0] worker 0: epoch=0, index=3
  [vlm_robotics_fullscan_v2r1_p0_metric_3d_scene:1] worker 0: epoch=0, index=83
  [sharerobot_planning_qa_v1_train:15] worker 0: epoch=0, index=64
  [vlm_robotics_fullscan_v2r1_p0_multiview_memory:2] worker 0: epoch=0, index=1
  [vlm_robotics_fullscan_v2r1_p0_temporal_physical:3] worker 0: epoch=0, index=9

[09-28 18:34:50|INFO|cosmos_framework/callbacks/iter_speed.py:75:on_training_step_end] [RANK 1] Iteration 7: Hit counter: 7/50 | Loss: 1.3038 | Time: 28.18s | video_batch_size: 1
[09-28 18:34:50|INFO|cosmos_framework/callbacks/iter_speed.py:75:on_training_step_end] [RANK 0] Iteration 7: Hit counter: 7/50 | Loss: 1.0853 | Time: 28.18s | video_batch_size: 1
[09-28 18:34:50|INFO|cosmos_framework/callbacks/iter_speed.py:75:on_training_step_end] [RANK 3] Iteration 7: Hit counter: 7/50 | Loss: 0.9214 | Time: 28.18s | video_batch_size: 1
[09-28 18:34:50|INFO|cosmos_framework/callbacks/iter_speed.py:75:on_training_step_end] [RANK 2] Iteration 7: Hit counter: 7/50 | Loss: 1.0696 | Time: 28.18s | video_batch_size: 1
[09-28 18:34:50|INFO|cosmos_framework/callbacks/iter_speed.py:75:on_training_step_end] [RANK 7] Iteration 7: Hit counter: 7/50 | Loss: 1.5249 | Time: 28.18s | video_batch_size: 1
[09-28 18:34:50|INFO|cosmos_framework/callbacks/iter_speed.py:75:on_training_step_end] [RANK 5] Iteration 7: Hit counter: 7/50 | Loss: 0.9379 | Time: 28.18s | video_batch_size: 1
[09-28 18:34:50|INFO|cosmos_framework/callbacks/iter_speed.py:75:on_training_step_end] [RANK 4] Iteration 7: Hit counter: 7/50 | Loss: 1.0997 | Time: 28.18s | video_batch_size: 1
[09-28 18:34:50|INFO|cosmos_framework/callbacks/iter_speed.py:75:on_training_step_end] [RANK 6] Iteration 7: Hit counter: 7/50 | Loss: 0.4345 | Time: 28.18s | video_batch_size: 1
[09-28 18:34:50|INFO|cosmos_framework/callbacks/grad_clip.py:436:on_training_step_end] [RANK 0] clip_grad_norm/video/global: 97.00000 (iteration 7)
[09-28 18:34:50|INFO|cosmos_framework/callbacks/grad_clip.py:436:on_training_step_end] [RANK 4] clip_grad_norm/video/global: 97.00000 (iteration 7)
[09-28 18:34:50|INFO|cosmos_framework/callbacks/grad_clip.py:436:on_training_step_end] [RANK 5] clip_grad_norm/video/global: 97.00000 (iteration 7)
[09-28 18:34:50|INFO|cosmos_framework/callbacks/grad_clip.py:436:on_training_step_end] [RANK 3] clip_grad_norm/video/global: 97.00000 (iteration 7)
[09-28 18:34:50|INFO|cosmos_framework/callbacks/grad_clip.py:436:on_training_step_end] [RANK 0] clip_grad_norm/image/global: 0.00000 (iteration 7)
[09-28 18:34:50|INFO|cosmos_framework/callbacks/grad_clip.py:436:on_training_step_end] [RANK 2] clip_grad_norm/video/global: 97.00000 (iteration 7)
[09-28 18:34:50|INFO|cosmos_framework/callbacks/grad_clip.py:436:on_training_step_end] [RANK 6] clip_grad_norm/video/global: 97.00000 (iteration 7)
[09-28 18:34:50|INFO|cosmos_framework/callbacks/grad_clip.py:436:on_training_step_end] [RANK 7] clip_grad_norm/video/global: 97.00000 (iteration 7)
[09-28 18:34:50|INFO|cosmos_framework/callbacks/grad_clip.py:436:on_training_step_end] [RANK 1] clip_grad_norm/video/global: 97.00000 (iteration 7)
[09-28 18:34:50|INFO|cosmos_framework/callbacks/grad_clip.py:436:on_training_step_end] [RANK 4] clip_grad_norm/image/global: 0.00000 (iteration 7)
[09-28 18:34:50|INFO|cosmos_framework/callbacks/grad_clip.py:436:on_training_step_end] [RANK 5] clip_grad_norm/image/global: 0.00000 (iteration 7)
[09-28 18:34:50|INFO|cosmos_framework/callbacks/grad_clip.py:436:on_training_step_end] [RANK 3] clip_grad_norm/image/global: 0.00000 (iteration 7)
[09-28 18:34:50|INFO|cosmos_framework/callbacks/grad_clip.py:436:on_training_step_end] [RANK 2] clip_grad_norm/image/global: 0.00000 (iteration 7)
[09-28 18:34:50|INFO|cosmos_framework/callbacks/grad_clip.py:436:on_training_step_end] [RANK 7] clip_grad_norm/image/global: 0.00000 (iteration 7)
[09-28 18:34:50|INFO|cosmos_framework/callbacks/grad_clip.py:436:on_training_step_end] [RANK 1] clip_grad_norm/image/global: 0.00000 (iteration 7)
[09-28 18:34:50|INFO|cosmos_framework/callbacks/cosmos_dataloader_state.py:362:on_training_step_end] 
JointCosmosDataLoader global_id=21
  [vlm_robotics_general_retention_v1_safe_general:12] worker 0: epoch=0, index=41
  [vlm_robotics_fullscan_v2r1_p2_visual_structured_retention:11] worker 0: epoch=0, index=57
  [vlm_robotics_fullscan_v2r1_p1_temporal_physical:8] worker 0: epoch=0, index=15
  [vlm_robotics_fullscan_v2r1_p0_episodic_embodied:0] worker 0: epoch=0, index=4
  [vlm_robotics_fullscan_v2r1_p0_metric_3d_scene:1] worker 0: epoch=0, index=83
  [sharerobot_planning_qa_v1_train:15] worker 0: epoch=0, index=64
  [vlm_robotics_fullscan_v2r1_p0_multiview_memory:2] worker 0: epoch=0, index=1
  [vlm_robotics_fullscan_v2r1_p0_temporal_physical:3] worker 0: epoch=0, index=9
  [gqa_train_balanced_reference:13] worker 0: epoch=0, index=95

[09-28 18:34:50|INFO|cosmos_framework/callbacks/grad_clip.py:436:on_training_step_end] [RANK 6] clip_grad_norm/image/global: 0.00000 (iteration 7)
[09-28 18:35:51|INFO|cosmos_framework/callbacks/iter_speed.py:75:on_training_step_end] [RANK 2] Iteration 8: Hit counter: 8/50 | Loss: 0.6657 | Time: 61.43s | video_batch_size: 1
[09-28 18:35:51|INFO|cosmos_framework/callbacks/iter_speed.py:75:on_training_step_end] [RANK 0] Iteration 8: Hit counter: 8/50 | Loss: 0.9536 | Time: 61.43s | video_batch_size: 1
[09-28 18:35:51|INFO|cosmos_framework/callbacks/iter_speed.py:75:on_training_step_end] [RANK 3] Iteration 8: Hit counter: 8/50 | Loss: 0.8899 | Time: 61.43s | video_batch_size: 1
[09-28 18:35:51|INFO|cosmos_framework/callbacks/iter_speed.py:75:on_training_step_end] [RANK 1] Iteration 8: Hit counter: 8/50 | Loss: 2.0209 | Time: 61.43s | video_batch_size: 1
[09-28 18:35:51|INFO|cosmos_framework/callbacks/iter_speed.py:75:on_training_step_end] [RANK 5] Iteration 8: Hit counter: 8/50 | Loss: 0.5620 | Time: 61.43s | video_batch_size: 1
[09-28 18:35:51|INFO|cosmos_framework/callbacks/iter_speed.py:75:on_training_step_end] [RANK 7] Iteration 8: Hit counter: 8/50 | Loss: 0.9734 | Time: 61.43s | video_batch_size: 1
[09-28 18:35:51|INFO|cosmos_framework/callbacks/iter_speed.py:75:on_training_step_end] [RANK 4] Iteration 8: Hit counter: 8/50 | Loss: 1.0510 | Time: 61.43s | video_batch_size: 1
[09-28 18:35:51|INFO|cosmos_framework/callbacks/iter_speed.py:75:on_training_step_end] [RANK 6] Iteration 8: Hit counter: 8/50 | Loss: 1.5691 | Time: 61.43s | video_batch_size: 1
[09-28 18:35:51|INFO|cosmos_framework/callbacks/grad_clip.py:436:on_training_step_end] [RANK 1] clip_grad_norm/video/global: 19.75000 (iteration 8)
[09-28 18:35:51|INFO|cosmos_framework/callbacks/grad_clip.py:436:on_training_step_end] [RANK 0] clip_grad_norm/video/global: 19.75000 (iteration 8)
[09-28 18:35:51|INFO|cosmos_framework/callbacks/grad_clip.py:436:on_training_step_end] [RANK 3] clip_grad_norm/video/global: 19.75000 (iteration 8)
[09-28 18:35:51|INFO|cosmos_framework/callbacks/grad_clip.py:436:on_training_step_end] [RANK 2] clip_grad_norm/video/global: 19.75000 (iteration 8)
[09-28 18:35:51|INFO|cosmos_framework/callbacks/grad_clip.py:436:on_training_step_end] [RANK 6] clip_grad_norm/video/global: 19.75000 (iteration 8)
[09-28 18:35:51|INFO|cosmos_framework/callbacks/grad_clip.py:436:on_training_step_end] [RANK 7] clip_grad_norm/video/global: 19.75000 (iteration 8)
[09-28 18:35:51|INFO|cosmos_framework/callbacks/grad_clip.py:436:on_training_step_end] [RANK 5] clip_grad_norm/video/global: 19.75000 (iteration 8)
[09-28 18:35:51|INFO|cosmos_framework/callbacks/grad_clip.py:436:on_training_step_end] [RANK 4] clip_grad_norm/video/global: 19.75000 (iteration 8)
[09-28 18:35:51|INFO|cosmos_framework/callbacks/grad_clip.py:436:on_training_step_end] [RANK 1] clip_grad_norm/image/global: 0.00000 (iteration 8)
[09-28 18:35:51|INFO|cosmos_framework/callbacks/grad_clip.py:436:on_training_step_end] [RANK 0] clip_grad_norm/image/global: 0.00000 (iteration 8)
[09-28 18:35:51|INFO|cosmos_framework/callbacks/grad_clip.py:436:on_training_step_end] [RANK 3] clip_grad_norm/image/global: 0.00000 (iteration 8)
[09-28 18:35:51|INFO|cosmos_framework/callbacks/grad_clip.py:436:on_training_step_end] [RANK 2] clip_grad_norm/image/global: 0.00000 (iteration 8)
[09-28 18:35:51|INFO|cosmos_framework/callbacks/grad_clip.py:436:on_training_step_end] [RANK 6] clip_grad_norm/image/global: 0.00000 (iteration 8)
[09-28 18:35:51|INFO|cosmos_framework/callbacks/grad_clip.py:436:on_training_step_end] [RANK 7] clip_grad_norm/image/global: 0.00000 (iteration 8)
[09-28 18:35:51|INFO|cosmos_framework/callbacks/grad_clip.py:436:on_training_step_end] [RANK 5] clip_grad_norm/image/global: 0.00000 (iteration 8)
[09-28 18:35:51|INFO|cosmos_framework/callbacks/grad_clip.py:436:on_training_step_end] [RANK 4] clip_grad_norm/image/global: 0.00000 (iteration 8)
[09-28 18:35:51|INFO|cosmos_framework/callbacks/cosmos_dataloader_state.py:362:on_training_step_end] 
JointCosmosDataLoader global_id=24
  [vlm_robotics_general_retention_v1_safe_general:12] worker 0: epoch=0, index=41
  [vlm_robotics_fullscan_v2r1_p2_visual_structured_retention:11] worker 0: epoch=0, index=57
  [vlm_robotics_fullscan_v2r1_p1_temporal_physical:8] worker 0: epoch=0, index=23
  [vlm_robotics_fullscan_v2r1_p0_episodic_embodied:0] worker 0: epoch=0, index=5
  [vlm_robotics_fullscan_v2r1_p0_metric_3d_scene:1] worker 0: epoch=0, index=83
  [sharerobot_planning_qa_v1_train:15] worker 0: epoch=0, index=64
  [vlm_robotics_fullscan_v2r1_p0_multiview_memory:2] worker 0: epoch=0, index=1
  [vlm_robotics_fullscan_v2r1_p0_temporal_physical:3] worker 0: epoch=0, index=9
  [gqa_train_balanced_reference:13] worker 0: epoch=0, index=95

[09-28 18:36:36|INFO|cosmos_framework/callbacks/iter_speed.py:75:on_training_step_end] [RANK 2] Iteration 9: Hit counter: 9/50 | Loss: 0.9341 | Time: 44.78s | video_batch_size: 1
[09-28 18:36:36|INFO|cosmos_framework/callbacks/iter_speed.py:75:on_training_step_end] [RANK 7] Iteration 9: Hit counter: 9/50 | Loss: 0.7677 | Time: 44.77s | video_batch_size: 1
[09-28 18:36:36|INFO|cosmos_framework/callbacks/iter_speed.py:75:on_training_step_end] [RANK 0] Iteration 9: Hit counter: 9/50 | Loss: 1.2629 | Time: 44.78s | video_batch_size: 1
[09-28 18:36:36|INFO|cosmos_framework/callbacks/iter_speed.py:75:on_training_step_end] [RANK 1] Iteration 9: Hit counter: 9/50 | Loss: 0.5504 | Time: 44.78s | video_batch_size: 1
[09-28 18:36:36|INFO|cosmos_framework/callbacks/iter_speed.py:75:on_training_step_end] [RANK 5] Iteration 9: Hit counter: 9/50 | Loss: 0.7133 | Time: 44.78s | video_batch_size: 1
[09-28 18:36:36|INFO|cosmos_framework/callbacks/iter_speed.py:75:on_training_step_end] [RANK 6] Iteration 9: Hit counter: 9/50 | Loss: 0.6975 | Time: 44.77s | video_batch_size: 1
[09-28 18:36:36|INFO|cosmos_framework/callbacks/iter_speed.py:75:on_training_step_end] [RANK 3] Iteration 9: Hit counter: 9/50 | Loss: 2.1046 | Time: 44.78s | video_batch_size: 1
[09-28 18:36:36|INFO|cosmos_framework/callbacks/iter_speed.py:75:on_training_step_end] [RANK 4] Iteration 9: Hit counter: 9/50 | Loss: 0.7834 | Time: 44.78s | video_batch_size: 1
[09-28 18:36:36|INFO|cosmos_framework/callbacks/grad_clip.py:436:on_training_step_end] [RANK 5] clip_grad_norm/video/global: 17.75000 (iteration 9)
[09-28 18:36:36|INFO|cosmos_framework/callbacks/grad_clip.py:436:on_training_step_end] [RANK 7] clip_grad_norm/video/global: 17.75000 (iteration 9)
[09-28 18:36:36|INFO|cosmos_framework/callbacks/grad_clip.py:436:on_training_step_end] [RANK 2] clip_grad_norm/video/global: 17.75000 (iteration 9)
[09-28 18:36:36|INFO|cosmos_framework/callbacks/grad_clip.py:436:on_training_step_end] [RANK 4] clip_grad_norm/video/global: 17.75000 (iteration 9)
[09-28 18:36:36|INFO|cosmos_framework/callbacks/grad_clip.py:436:on_training_step_end] [RANK 6] clip_grad_norm/video/global: 17.75000 (iteration 9)
[09-28 18:36:36|INFO|cosmos_framework/callbacks/grad_clip.py:436:on_training_step_end] [RANK 3] clip_grad_norm/video/global: 17.75000 (iteration 9)
[09-28 18:36:36|INFO|cosmos_framework/callbacks/grad_clip.py:436:on_training_step_end] [RANK 1] clip_grad_norm/video/global: 17.75000 (iteration 9)
[09-28 18:36:36|INFO|cosmos_framework/callbacks/grad_clip.py:436:on_training_step_end] [RANK 0] clip_grad_norm/video/global: 17.75000 (iteration 9)
[09-28 18:36:36|INFO|cosmos_framework/callbacks/grad_clip.py:436:on_training_step_end] [RANK 5] clip_grad_norm/image/global: 0.00000 (iteration 9)
[09-28 18:36:36|INFO|cosmos_framework/callbacks/grad_clip.py:436:on_training_step_end] [RANK 7] clip_grad_norm/image/global: 0.00000 (iteration 9)
[09-28 18:36:36|INFO|cosmos_framework/callbacks/grad_clip.py:436:on_training_step_end] [RANK 2] clip_grad_norm/image/global: 0.00000 (iteration 9)
[09-28 18:36:36|INFO|cosmos_framework/callbacks/grad_clip.py:436:on_training_step_end] [RANK 4] clip_grad_norm/image/global: 0.00000 (iteration 9)
[09-28 18:36:36|INFO|cosmos_framework/callbacks/grad_clip.py:436:on_training_step_end] [RANK 6] clip_grad_norm/image/global: 0.00000 (iteration 9)
[09-28 18:36:36|INFO|cosmos_framework/callbacks/grad_clip.py:436:on_training_step_end] [RANK 3] clip_grad_norm/image/global: 0.00000 (iteration 9)
[09-28 18:36:36|INFO|cosmos_framework/callbacks/grad_clip.py:436:on_training_step_end] [RANK 1] clip_grad_norm/image/global: 0.00000 (iteration 9)
[09-28 18:36:36|INFO|cosmos_framework/callbacks/grad_clip.py:436:on_training_step_end] [RANK 0] clip_grad_norm/image/global: 0.00000 (iteration 9)
[09-28 18:36:36|INFO|cosmos_framework/callbacks/cosmos_dataloader_state.py:362:on_training_step_end] 
JointCosmosDataLoader global_id=27
  [vlm_robotics_general_retention_v1_safe_general:12] worker 0: epoch=0, index=41
  [vlm_robotics_fullscan_v2r1_p2_visual_structured_retention:11] worker 0: epoch=0, index=57
  [vlm_robotics_fullscan_v2r1_p1_temporal_physical:8] worker 0: epoch=0, index=23
  [vlm_robotics_fullscan_v2r1_p0_episodic_embodied:0] worker 0: epoch=0, index=6
  [vlm_robotics_fullscan_v2r1_p0_metric_3d_scene:1] worker 0: epoch=0, index=83
  [sharerobot_planning_qa_v1_train:15] worker 0: epoch=0, index=64
  [vlm_robotics_fullscan_v2r1_p0_multiview_memory:2] worker 0: epoch=0, index=1
  [vlm_robotics_fullscan_v2r1_p0_temporal_physical:3] worker 0: epoch=0, index=9
  [gqa_train_balanced_reference:13] worker 0: epoch=0, index=95

[09-28 18:38:46|INFO|cosmos_framework/callbacks/iter_speed.py:75:on_training_step_end] [RANK 5] Iteration 10: Hit counter: 10/50 | Loss: 0.7324 | Time: 129.30s | video_batch_size: 1
[09-28 18:38:46|INFO|cosmos_framework/callbacks/iter_speed.py:75:on_training_step_end] [RANK 7] Iteration 10: Hit counter: 10/50 | Loss: 0.9614 | Time: 129.30s | video_batch_size: 1
[09-28 18:38:46|INFO|cosmos_framework/callbacks/iter_speed.py:75:on_training_step_end] [RANK 4] Iteration 10: Hit counter: 10/50 | Loss: 1.1210 | Time: 129.30s | video_batch_size: 1
[09-28 18:38:46|INFO|cosmos_framework/callbacks/iter_speed.py:75:on_training_step_end] [RANK 2] Iteration 10: Hit counter: 10/50 | Loss: 0.4454 | Time: 129.31s | video_batch_size: 1
[09-28 18:38:46|INFO|cosmos_framework/callbacks/iter_speed.py:75:on_training_step_end] [RANK 0] Iteration 10: Hit counter: 10/50 | Loss: 0.9261 | Time: 129.31s | video_batch_size: 1
[09-28 18:38:46|INFO|cosmos_framework/callbacks/iter_speed.py:75:on_training_step_end] [RANK 6] Iteration 10: Hit counter: 10/50 | Loss: 0.9843 | Time: 129.31s | video_batch_size: 1
[09-28 18:38:46|INFO|cosmos_framework/callbacks/iter_speed.py:75:on_training_step_end] [RANK 1] Iteration 10: Hit counter: 10/50 | Loss: 0.7752 | Time: 129.31s | video_batch_size: 1
[09-28 18:38:46|INFO|cosmos_framework/callbacks/iter_speed.py:75:on_training_step_end] [RANK 3] Iteration 10: Hit counter: 10/50 | Loss: 0.5720 | Time: 129.31s | video_batch_size: 1
[09-28 18:38:46|INFO|cosmos_framework/callbacks/grad_clip.py:436:on_training_step_end] [RANK 5] clip_grad_norm/video/global: 71.00000 (iteration 10)
[09-28 18:38:46|INFO|cosmos_framework/callbacks/grad_clip.py:436:on_training_step_end] [RANK 3] clip_grad_norm/video/global: 71.00000 (iteration 10)
[09-28 18:38:46|INFO|cosmos_framework/callbacks/grad_clip.py:436:on_training_step_end] [RANK 7] clip_grad_norm/video/global: 71.00000 (iteration 10)
[09-28 18:38:46|INFO|cosmos_framework/callbacks/grad_clip.py:436:on_training_step_end] [RANK 4] clip_grad_norm/video/global: 71.00000 (iteration 10)
[09-28 18:38:46|INFO|cosmos_framework/callbacks/grad_clip.py:436:on_training_step_end] [RANK 2] clip_grad_norm/video/global: 71.00000 (iteration 10)
[09-28 18:38:46|INFO|cosmos_framework/callbacks/grad_clip.py:436:on_training_step_end] [RANK 5] clip_grad_norm/image/global: 0.00000 (iteration 10)
[09-28 18:38:46|INFO|cosmos_framework/callbacks/grad_clip.py:436:on_training_step_end] [RANK 6] clip_grad_norm/video/global: 71.00000 (iteration 10)
[09-28 18:38:46|INFO|cosmos_framework/callbacks/grad_clip.py:436:on_training_step_end] [RANK 0] clip_grad_norm/video/global: 71.00000 (iteration 10)
[09-28 18:38:46|INFO|cosmos_framework/callbacks/grad_clip.py:436:on_training_step_end] [RANK 1] clip_grad_norm/video/global: 71.00000 (iteration 10)
[09-28 18:38:46|INFO|cosmos_framework/callbacks/grad_clip.py:436:on_training_step_end] [RANK 3] clip_grad_norm/image/global: 0.00000 (iteration 10)
[09-28 18:38:46|INFO|cosmos_framework/callbacks/grad_clip.py:436:on_training_step_end] [RANK 7] clip_grad_norm/image/global: 0.00000 (iteration 10)
[09-28 18:38:46|INFO|cosmos_framework/callbacks/grad_clip.py:436:on_training_step_end] [RANK 4] clip_grad_norm/image/global: 0.00000 (iteration 10)
[09-28 18:38:46|INFO|cosmos_framework/callbacks/grad_clip.py:436:on_training_step_end] [RANK 2] clip_grad_norm/image/global: 0.00000 (iteration 10)
[09-28 18:38:46|INFO|cosmos_framework/callbacks/grad_clip.py:436:on_training_step_end] [RANK 6] clip_grad_norm/image/global: 0.00000 (iteration 10)
[09-28 18:38:46|INFO|cosmos_framework/callbacks/grad_clip.py:436:on_training_step_end] [RANK 0] clip_grad_norm/image/global: 0.00000 (iteration 10)
[09-28 18:38:46|INFO|cosmos_framework/callbacks/grad_clip.py:436:on_training_step_end] [RANK 1] clip_grad_norm/image/global: 0.00000 (iteration 10)
[09-28 18:38:46|INFO|cosmos_framework/callbacks/cosmos_dataloader_state.py:362:on_training_step_end] 
JointCosmosDataLoader global_id=30
  [vlm_robotics_general_retention_v1_safe_general:12] worker 0: epoch=0, index=41
  [vlm_robotics_fullscan_v2r1_p2_visual_structured_retention:11] worker 0: epoch=0, index=57
  [vlm_robotics_fullscan_v2r1_p1_temporal_physical:8] worker 0: epoch=0, index=23
  [vlm_robotics_fullscan_v2r1_p0_episodic_embodied:0] worker 0: epoch=0, index=8
  [vlm_robotics_fullscan_v2r1_p0_metric_3d_scene:1] worker 0: epoch=0, index=83
  [sharerobot_planning_qa_v1_train:15] worker 0: epoch=0, index=64
  [vlm_robotics_fullscan_v2r1_p0_multiview_memory:2] worker 0: epoch=0, index=1
  [vlm_robotics_fullscan_v2r1_p0_temporal_physical:3] worker 0: epoch=0, index=9
  [gqa_train_balanced_reference:13] worker 0: epoch=0, index=95
  [vlm_robotics_fullscan_v2r1_p1_metric_3d_scene:6] worker 0: epoch=0, index=0

[09-28 18:39:31|INFO|cosmos_framework/callbacks/iter_speed.py:75:on_training_step_end] [RANK 7] Iteration 11: Hit counter: 11/50 | Loss: 0.9200 | Time: 45.33s | video_batch_size: 1
[09-28 18:39:31|INFO|cosmos_framework/callbacks/iter_speed.py:75:on_training_step_end] [RANK 4] Iteration 11: Hit counter: 11/50 | Loss: 0.8575 | Time: 45.33s | video_batch_size: 1
[09-28 18:39:31|INFO|cosmos_framework/callbacks/iter_speed.py:75:on_training_step_end] [RANK 5] Iteration 11: Hit counter: 11/50 | Loss: 1.3128 | Time: 45.33s | video_batch_size: 1
[09-28 18:39:31|INFO|cosmos_framework/callbacks/iter_speed.py:75:on_training_step_end] [RANK 6] Iteration 11: Hit counter: 11/50 | Loss: 1.2589 | Time: 45.33s | video_batch_size: 1
[09-28 18:39:31|INFO|cosmos_framework/callbacks/iter_speed.py:75:on_training_step_end] [RANK 1] Iteration 11: Hit counter: 11/50 | Loss: 1.1758 | Time: 45.33s | video_batch_size: 1
[09-28 18:39:31|INFO|cosmos_framework/callbacks/iter_speed.py:75:on_training_step_end] [RANK 0] Iteration 11: Hit counter: 11/50 | Loss: 1.3275 | Time: 45.33s | video_batch_size: 1
[09-28 18:39:31|INFO|cosmos_framework/callbacks/iter_speed.py:75:on_training_step_end] [RANK 2] Iteration 11: Hit counter: 11/50 | Loss: 1.6556 | Time: 45.33s | video_batch_size: 1
[09-28 18:39:31|INFO|cosmos_framework/callbacks/iter_speed.py:75:on_training_step_end] [RANK 3] Iteration 11: Hit counter: 11/50 | Loss: 0.9128 | Time: 45.33s | video_batch_size: 1
[09-28 18:39:31|INFO|cosmos_framework/callbacks/grad_clip.py:436:on_training_step_end] [RANK 3] clip_grad_norm/video/global: 21.00000 (iteration 11)
[09-28 18:39:31|INFO|cosmos_framework/callbacks/grad_clip.py:436:on_training_step_end] [RANK 6] clip_grad_norm/video/global: 21.00000 (iteration 11)
[09-28 18:39:31|INFO|cosmos_framework/callbacks/grad_clip.py:436:on_training_step_end] [RANK 5] clip_grad_norm/video/global: 21.00000 (iteration 11)
[09-28 18:39:31|INFO|cosmos_framework/callbacks/grad_clip.py:436:on_training_step_end] [RANK 1] clip_grad_norm/video/global: 21.00000 (iteration 11)
[09-28 18:39:31|INFO|cosmos_framework/callbacks/grad_clip.py:436:on_training_step_end] [RANK 4] clip_grad_norm/video/global: 21.00000 (iteration 11)
[09-28 18:39:31|INFO|cosmos_framework/callbacks/grad_clip.py:436:on_training_step_end] [RANK 0] clip_grad_norm/video/global: 21.00000 (iteration 11)
[09-28 18:39:31|INFO|cosmos_framework/callbacks/grad_clip.py:436:on_training_step_end] [RANK 2] clip_grad_norm/video/global: 21.00000 (iteration 11)
[09-28 18:39:31|INFO|cosmos_framework/callbacks/grad_clip.py:436:on_training_step_end] [RANK 7] clip_grad_norm/video/global: 21.00000 (iteration 11)
[09-28 18:39:31|INFO|cosmos_framework/callbacks/grad_clip.py:436:on_training_step_end] [RANK 3] clip_grad_norm/image/global: 0.00000 (iteration 11)
[09-28 18:39:31|INFO|cosmos_framework/callbacks/grad_clip.py:436:on_training_step_end] [RANK 6] clip_grad_norm/image/global: 0.00000 (iteration 11)
[09-28 18:39:31|INFO|cosmos_framework/callbacks/grad_clip.py:436:on_training_step_end] [RANK 5] clip_grad_norm/image/global: 0.00000 (iteration 11)
[09-28 18:39:31|INFO|cosmos_framework/callbacks/grad_clip.py:436:on_training_step_end] [RANK 1] clip_grad_norm/image/global: 0.00000 (iteration 11)
[09-28 18:39:31|INFO|cosmos_framework/callbacks/grad_clip.py:436:on_training_step_end] [RANK 4] clip_grad_norm/image/global: 0.00000 (iteration 11)
[09-28 18:39:31|INFO|cosmos_framework/callbacks/grad_clip.py:436:on_training_step_end] [RANK 0] clip_grad_norm/image/global: 0.00000 (iteration 11)
[09-28 18:39:31|INFO|cosmos_framework/callbacks/grad_clip.py:436:on_training_step_end] [RANK 2] clip_grad_norm/image/global: 0.00000 (iteration 11)
[09-28 18:39:31|INFO|cosmos_framework/callbacks/grad_clip.py:436:on_training_step_end] [RANK 7] clip_grad_norm/image/global: 0.00000 (iteration 11)
[09-28 18:39:31|INFO|cosmos_framework/callbacks/cosmos_dataloader_state.py:362:on_training_step_end] 
JointCosmosDataLoader global_id=33
  [vlm_robotics_general_retention_v1_safe_general:12] worker 0: epoch=0, index=41
  [vlm_robotics_fullscan_v2r1_p2_visual_structured_retention:11] worker 0: epoch=0, index=57
  [vlm_robotics_fullscan_v2r1_p1_temporal_physical:8] worker 0: epoch=0, index=38
  [vlm_robotics_fullscan_v2r1_p0_episodic_embodied:0] worker 0: epoch=0, index=10
  [vlm_robotics_fullscan_v2r1_p0_metric_3d_scene:1] worker 0: epoch=0, index=83
  [sharerobot_planning_qa_v1_train:15] worker 0: epoch=0, index=64
  [vlm_robotics_fullscan_v2r1_p0_multiview_memory:2] worker 0: epoch=0, index=1
  [vlm_robotics_fullscan_v2r1_p0_temporal_physical:3] worker 0: epoch=0, index=9
  [gqa_train_balanced_reference:13] worker 0: epoch=0, index=95
  [vlm_robotics_fullscan_v2r1_p1_metric_3d_scene:6] worker 0: epoch=0, index=0

[09-28 18:40:26|INFO|cosmos_framework/callbacks/iter_speed.py:75:on_training_step_end] [RANK 0] Iteration 12: Hit counter: 12/50 | Loss: 0.0376 | Time: 54.65s | image_batch_size: 1
[09-28 18:40:26|INFO|cosmos_framework/callbacks/iter_speed.py:75:on_training_step_end] [RANK 6] Iteration 12: Hit counter: 12/50 | Loss: 2.2548 | Time: 54.65s | image_batch_size: 25
[09-28 18:40:26|INFO|cosmos_framework/callbacks/iter_speed.py:75:on_training_step_end] [RANK 2] Iteration 12: Hit counter: 12/50 | Loss: 2.5540 | Time: 54.65s | image_batch_size: 26
[09-28 18:40:26|INFO|cosmos_framework/callbacks/iter_speed.py:75:on_training_step_end] [RANK 3] Iteration 12: Hit counter: 12/50 | Loss: 2.0058 | Time: 54.65s | image_batch_size: 23
[09-28 18:40:26|INFO|cosmos_framework/callbacks/iter_speed.py:75:on_training_step_end] [RANK 5] Iteration 12: Hit counter: 12/50 | Loss: 0.0639 | Time: 54.65s | image_batch_size: 1
[09-28 18:40:26|INFO|cosmos_framework/callbacks/iter_speed.py:75:on_training_step_end] [RANK 4] Iteration 12: Hit counter: 12/50 | Loss: 3.0873 | Time: 54.65s | image_batch_size: 33
[09-28 18:40:26|INFO|cosmos_framework/callbacks/iter_speed.py:75:on_training_step_end] [RANK 1] Iteration 12: Hit counter: 12/50 | Loss: 0.0398 | Time: 54.65s | image_batch_size: 1
[09-28 18:40:26|INFO|cosmos_framework/callbacks/iter_speed.py:75:on_training_step_end] [RANK 7] Iteration 12: Hit counter: 12/50 | Loss: 0.0365 | Time: 54.65s | image_batch_size: 1
[09-28 18:40:26|INFO|cosmos_framework/callbacks/grad_clip.py:436:on_training_step_end] [RANK 5] clip_grad_norm/video/global: 0.00000 (iteration 12)
[09-28 18:40:26|INFO|cosmos_framework/callbacks/grad_clip.py:436:on_training_step_end] [RANK 1] clip_grad_norm/video/global: 0.00000 (iteration 12)
[09-28 18:40:26|INFO|cosmos_framework/callbacks/grad_clip.py:436:on_training_step_end] [RANK 0] clip_grad_norm/video/global: 0.00000 (iteration 12)
[09-28 18:40:26|INFO|cosmos_framework/callbacks/grad_clip.py:436:on_training_step_end] [RANK 3] clip_grad_norm/video/global: 0.00000 (iteration 12)
[09-28 18:40:26|INFO|cosmos_framework/callbacks/grad_clip.py:436:on_training_step_end] [RANK 2] clip_grad_norm/video/global: 0.00000 (iteration 12)
[09-28 18:40:26|INFO|cosmos_framework/callbacks/grad_clip.py:436:on_training_step_end] [RANK 4] clip_grad_norm/video/global: 0.00000 (iteration 12)
[09-28 18:40:26|INFO|cosmos_framework/callbacks/grad_clip.py:436:on_training_step_end] [RANK 6] clip_grad_norm/video/global: 0.00000 (iteration 12)
[09-28 18:40:26|INFO|cosmos_framework/callbacks/grad_clip.py:436:on_training_step_end] [RANK 7] clip_grad_norm/video/global: 0.00000 (iteration 12)
[09-28 18:40:26|INFO|cosmos_framework/callbacks/grad_clip.py:436:on_training_step_end] [RANK 5] clip_grad_norm/image/global: 11.00000 (iteration 12)
[09-28 18:40:26|INFO|cosmos_framework/callbacks/grad_clip.py:436:on_training_step_end] [RANK 1] clip_grad_norm/image/global: 11.00000 (iteration 12)
[09-28 18:40:26|INFO|cosmos_framework/callbacks/grad_clip.py:436:on_training_step_end] [RANK 0] clip_grad_norm/image/global: 11.00000 (iteration 12)
[09-28 18:40:26|INFO|cosmos_framework/callbacks/grad_clip.py:436:on_training_step_end] [RANK 3] clip_grad_norm/image/global: 11.00000 (iteration 12)
[09-28 18:40:26|INFO|cosmos_framework/callbacks/grad_clip.py:436:on_training_step_end] [RANK 2] clip_grad_norm/image/global: 11.00000 (iteration 12)
[09-28 18:40:26|INFO|cosmos_framework/callbacks/grad_clip.py:436:on_training_step_end] [RANK 4] clip_grad_norm/image/global: 11.00000 (iteration 12)
[09-28 18:40:26|INFO|cosmos_framework/callbacks/grad_clip.py:436:on_training_step_end] [RANK 6] clip_grad_norm/image/global: 11.00000 (iteration 12)
[09-28 18:40:26|INFO|cosmos_framework/callbacks/grad_clip.py:436:on_training_step_end] [RANK 7] clip_grad_norm/image/global: 11.00000 (iteration 12)
[09-28 18:40:26|INFO|cosmos_framework/callbacks/cosmos_dataloader_state.py:362:on_training_step_end] 
JointCosmosDataLoader global_id=36
  [vlm_robotics_general_retention_v1_safe_general:12] worker 0: epoch=0, index=41
  [vlm_robotics_fullscan_v2r1_p2_visual_structured_retention:11] worker 0: epoch=0, index=57
  [vlm_robotics_fullscan_v2r1_p1_temporal_physical:8] worker 0: epoch=0, index=38
  [vlm_robotics_fullscan_v2r1_p0_episodic_embodied:0] worker 0: epoch=0, index=11
  [vlm_robotics_fullscan_v2r1_p0_metric_3d_scene:1] worker 0: epoch=0, index=83
  [sharerobot_planning_qa_v1_train:15] worker 0: epoch=0, index=107
  [vlm_robotics_fullscan_v2r1_p0_multiview_memory:2] worker 0: epoch=0, index=1
  [vlm_robotics_fullscan_v2r1_p0_temporal_physical:3] worker 0: epoch=0, index=9
  [gqa_train_balanced_reference:13] worker 0: epoch=0, index=95
  [vlm_robotics_fullscan_v2r1_p1_metric_3d_scene:6] worker 0: epoch=0, index=0

[09-28 18:41:20|INFO|cosmos_framework/callbacks/iter_speed.py:75:on_training_step_end] [RANK 0] Iteration 13: Hit counter: 13/50 | Loss: 0.4619 | Time: 54.33s | image_batch_size: 42
[09-28 18:41:20|INFO|cosmos_framework/callbacks/iter_speed.py:75:on_training_step_end] [RANK 3] Iteration 13: Hit counter: 13/50 | Loss: 0.5162 | Time: 54.33s | image_batch_size: 42
[09-28 18:41:20|INFO|cosmos_framework/callbacks/iter_speed.py:75:on_training_step_end] [RANK 2] Iteration 13: Hit counter: 13/50 | Loss: 0.5887 | Time: 54.33s | image_batch_size: 42
[09-28 18:41:20|INFO|cosmos_framework/callbacks/iter_speed.py:75:on_training_step_end] [RANK 1] Iteration 13: Hit counter: 13/50 | Loss: 0.4551 | Time: 54.33s | image_batch_size: 42
[09-28 18:41:20|INFO|cosmos_framework/callbacks/iter_speed.py:75:on_training_step_end] [RANK 7] Iteration 13: Hit counter: 13/50 | Loss: 0.5528 | Time: 54.34s | image_batch_size: 42
[09-28 18:41:20|INFO|cosmos_framework/callbacks/iter_speed.py:75:on_training_step_end] [RANK 5] Iteration 13: Hit counter: 13/50 | Loss: 0.4814 | Time: 54.34s | image_batch_size: 42
[09-28 18:41:20|INFO|cosmos_framework/callbacks/iter_speed.py:75:on_training_step_end] [RANK 6] Iteration 13: Hit counter: 13/50 | Loss: 0.5115 | Time: 54.34s | image_batch_size: 42
[09-28 18:41:20|INFO|cosmos_framework/callbacks/iter_speed.py:75:on_training_step_end] [RANK 4] Iteration 13: Hit counter: 13/50 | Loss: 0.4755 | Time: 54.34s | image_batch_size: 42
[09-28 18:41:20|INFO|cosmos_framework/callbacks/grad_clip.py:436:on_training_step_end] [RANK 3] clip_grad_norm/video/global: 0.00000 (iteration 13)
[09-28 18:41:20|INFO|cosmos_framework/callbacks/grad_clip.py:436:on_training_step_end] [RANK 1] clip_grad_norm/video/global: 0.00000 (iteration 13)
[09-28 18:41:20|INFO|cosmos_framework/callbacks/grad_clip.py:436:on_training_step_end] [RANK 6] clip_grad_norm/video/global: 0.00000 (iteration 13)
[09-28 18:41:20|INFO|cosmos_framework/callbacks/grad_clip.py:436:on_training_step_end] [RANK 2] clip_grad_norm/video/global: 0.00000 (iteration 13)
[09-28 18:41:20|INFO|cosmos_framework/callbacks/grad_clip.py:436:on_training_step_end] [RANK 7] clip_grad_norm/video/global: 0.00000 (iteration 13)
[09-28 18:41:20|INFO|cosmos_framework/callbacks/grad_clip.py:436:on_training_step_end] [RANK 5] clip_grad_norm/video/global: 0.00000 (iteration 13)
[09-28 18:41:20|INFO|cosmos_framework/callbacks/grad_clip.py:436:on_training_step_end] [RANK 0] clip_grad_norm/video/global: 0.00000 (iteration 13)
[09-28 18:41:20|INFO|cosmos_framework/callbacks/grad_clip.py:436:on_training_step_end] [RANK 4] clip_grad_norm/video/global: 0.00000 (iteration 13)
[09-28 18:41:20|INFO|cosmos_framework/callbacks/grad_clip.py:436:on_training_step_end] [RANK 3] clip_grad_norm/image/global: 5.71875 (iteration 13)
[09-28 18:41:20|INFO|cosmos_framework/callbacks/grad_clip.py:436:on_training_step_end] [RANK 1] clip_grad_norm/image/global: 5.71875 (iteration 13)
[09-28 18:41:20|INFO|cosmos_framework/callbacks/grad_clip.py:436:on_training_step_end] [RANK 6] clip_grad_norm/image/global: 5.71875 (iteration 13)
[09-28 18:41:20|INFO|cosmos_framework/callbacks/grad_clip.py:436:on_training_step_end] [RANK 2] clip_grad_norm/image/global: 5.71875 (iteration 13)
[09-28 18:41:20|INFO|cosmos_framework/callbacks/grad_clip.py:436:on_training_step_end] [RANK 7] clip_grad_norm/image/global: 5.71875 (iteration 13)
[09-28 18:41:20|INFO|cosmos_framework/callbacks/grad_clip.py:436:on_training_step_end] [RANK 0] clip_grad_norm/image/global: 5.71875 (iteration 13)
[09-28 18:41:20|INFO|cosmos_framework/callbacks/grad_clip.py:436:on_training_step_end] [RANK 5] clip_grad_norm/image/global: 5.71875 (iteration 13)
[09-28 18:41:20|INFO|cosmos_framework/callbacks/grad_clip.py:436:on_training_step_end] [RANK 4] clip_grad_norm/image/global: 5.71875 (iteration 13)
[09-28 18:41:20|INFO|cosmos_framework/callbacks/cosmos_dataloader_state.py:362:on_training_step_end] 
JointCosmosDataLoader global_id=39
  [vlm_robotics_general_retention_v1_safe_general:12] worker 0: epoch=0, index=41
  [vlm_robotics_fullscan_v2r1_p2_visual_structured_retention:11] worker 0: epoch=0, index=80
  [vlm_robotics_fullscan_v2r1_p1_temporal_physical:8] worker 0: epoch=0, index=38
  [vlm_robotics_fullscan_v2r1_p0_episodic_embodied:0] worker 0: epoch=0, index=11
  [vlm_robotics_fullscan_v2r1_p0_metric_3d_scene:1] worker 0: epoch=0, index=125
  [sharerobot_planning_qa_v1_train:15] worker 0: epoch=0, index=107
  [vlm_robotics_fullscan_v2r1_p0_multiview_memory:2] worker 0: epoch=0, index=1
  [vlm_robotics_fullscan_v2r1_p0_temporal_physical:3] worker 0: epoch=0, index=9
  [gqa_train_balanced_reference:13] worker 0: epoch=0, index=95
  [vlm_robotics_fullscan_v2r1_p1_metric_3d_scene:6] worker 0: epoch=0, index=0

[09-28 18:41:54|INFO|cosmos_framework/callbacks/iter_speed.py:75:on_training_step_end] [RANK 7] Iteration 14: Hit counter: 14/50 | Loss: 0.0595 | Time: 34.54s | image_batch_size: 1
[09-28 18:41:54|INFO|cosmos_framework/callbacks/iter_speed.py:75:on_training_step_end] [RANK 5] Iteration 14: Hit counter: 14/50 | Loss: 0.9475 | Time: 34.54s | image_batch_size: 12
[09-28 18:41:54|INFO|cosmos_framework/callbacks/iter_speed.py:75:on_training_step_end] [RANK 4] Iteration 14: Hit counter: 14/50 | Loss: 1.7167 | Time: 34.55s | image_batch_size: 27
[09-28 18:41:54|INFO|cosmos_framework/callbacks/iter_speed.py:75:on_training_step_end] [RANK 1] Iteration 14: Hit counter: 14/50 | Loss: 0.0485 | Time: 34.56s | image_batch_size: 1
[09-28 18:41:54|INFO|cosmos_framework/callbacks/iter_speed.py:75:on_training_step_end] [RANK 0] Iteration 14: Hit counter: 14/50 | Loss: 2.4193 | Time: 34.56s | image_batch_size: 41
[09-28 18:41:54|INFO|cosmos_framework/callbacks/iter_speed.py:75:on_training_step_end] [RANK 6] Iteration 14: Hit counter: 14/50 | Loss: 1.3668 | Time: 34.55s | image_batch_size: 18
[09-28 18:41:54|INFO|cosmos_framework/callbacks/iter_speed.py:75:on_training_step_end] [RANK 2] Iteration 14: Hit counter: 14/50 | Loss: 2.9720 | Time: 34.56s | image_batch_size: 38
[09-28 18:41:54|INFO|cosmos_framework/callbacks/iter_speed.py:75:on_training_step_end] [RANK 3] Iteration 14: Hit counter: 14/50 | Loss: 0.0422 | Time: 34.56s | image_batch_size: 1
[09-28 18:41:54|INFO|cosmos_framework/callbacks/grad_clip.py:436:on_training_step_end] [RANK 1] clip_grad_norm/video/global: 0.00000 (iteration 14)
[09-28 18:41:54|INFO|cosmos_framework/callbacks/grad_clip.py:436:on_training_step_end] [RANK 3] clip_grad_norm/video/global: 0.00000 (iteration 14)
[09-28 18:41:54|INFO|cosmos_framework/callbacks/grad_clip.py:436:on_training_step_end] [RANK 0] clip_grad_norm/video/global: 0.00000 (iteration 14)
[09-28 18:41:54|INFO|cosmos_framework/callbacks/grad_clip.py:436:on_training_step_end] [RANK 4] clip_grad_norm/video/global: 0.00000 (iteration 14)
[09-28 18:41:54|INFO|cosmos_framework/callbacks/grad_clip.py:436:on_training_step_end] [RANK 7] clip_grad_norm/video/global: 0.00000 (iteration 14)
[09-28 18:41:54|INFO|cosmos_framework/callbacks/grad_clip.py:436:on_training_step_end] [RANK 5] clip_grad_norm/video/global: 0.00000 (iteration 14)
[09-28 18:41:54|INFO|cosmos_framework/callbacks/grad_clip.py:436:on_training_step_end] [RANK 6] clip_grad_norm/video/global: 0.00000 (iteration 14)
[09-28 18:41:54|INFO|cosmos_framework/callbacks/grad_clip.py:436:on_training_step_end] [RANK 2] clip_grad_norm/video/global: 0.00000 (iteration 14)
[09-28 18:41:54|INFO|cosmos_framework/callbacks/grad_clip.py:436:on_training_step_end] [RANK 1] clip_grad_norm/image/global: 14.81250 (iteration 14)
[09-28 18:41:54|INFO|cosmos_framework/callbacks/grad_clip.py:436:on_training_step_end] [RANK 3] clip_grad_norm/image/global: 14.81250 (iteration 14)
[09-28 18:41:54|INFO|cosmos_framework/callbacks/grad_clip.py:436:on_training_step_end] [RANK 0] clip_grad_norm/image/global: 14.81250 (iteration 14)
[09-28 18:41:54|INFO|cosmos_framework/callbacks/grad_clip.py:436:on_training_step_end] [RANK 4] clip_grad_norm/image/global: 14.81250 (iteration 14)
[09-28 18:41:54|INFO|cosmos_framework/callbacks/grad_clip.py:436:on_training_step_end] [RANK 7] clip_grad_norm/image/global: 14.81250 (iteration 14)
[09-28 18:41:54|INFO|cosmos_framework/callbacks/grad_clip.py:436:on_training_step_end] [RANK 5] clip_grad_norm/image/global: 14.81250 (iteration 14)
[09-28 18:41:54|INFO|cosmos_framework/callbacks/grad_clip.py:436:on_training_step_end] [RANK 2] clip_grad_norm/image/global: 14.81250 (iteration 14)
[09-28 18:41:54|INFO|cosmos_framework/callbacks/grad_clip.py:436:on_training_step_end] [RANK 6] clip_grad_norm/image/global: 14.81250 (iteration 14)
[09-28 18:41:54|INFO|cosmos_framework/callbacks/cosmos_dataloader_state.py:362:on_training_step_end] 
JointCosmosDataLoader global_id=42
  [vlm_robotics_general_retention_v1_safe_general:12] worker 0: epoch=0, index=41
  [vlm_robotics_fullscan_v2r1_p2_visual_structured_retention:11] worker 0: epoch=0, index=126
  [vlm_robotics_fullscan_v2r1_p1_temporal_physical:8] worker 0: epoch=0, index=38
  [vlm_robotics_fullscan_v2r1_p0_episodic_embodied:0] worker 0: epoch=0, index=13
  [vlm_robotics_fullscan_v2r1_p0_metric_3d_scene:1] worker 0: epoch=0, index=125
  [sharerobot_planning_qa_v1_train:15] worker 0: epoch=0, index=107
  [vlm_robotics_fullscan_v2r1_p0_multiview_memory:2] worker 0: epoch=0, index=1
  [vlm_robotics_fullscan_v2r1_p0_temporal_physical:3] worker 0: epoch=0, index=9
  [gqa_train_balanced_reference:13] worker 0: epoch=0, index=95
  [vlm_robotics_fullscan_v2r1_p1_metric_3d_scene:6] worker 0: epoch=0, index=0

[09-28 18:42:34|INFO|cosmos_framework/callbacks/iter_speed.py:75:on_training_step_end] [RANK 3] Iteration 15: Hit counter: 15/50 | Loss: 0.8889 | Time: 39.97s | video_batch_size: 1
[09-28 18:42:34|INFO|cosmos_framework/callbacks/iter_speed.py:75:on_training_step_end] [RANK 0] Iteration 15: Hit counter: 15/50 | Loss: 1.3323 | Time: 39.98s | video_batch_size: 1
[09-28 18:42:34|INFO|cosmos_framework/callbacks/iter_speed.py:75:on_training_step_end] [RANK 1] Iteration 15: Hit counter: 15/50 | Loss: 0.9785 | Time: 39.98s | video_batch_size: 1
[09-28 18:42:34|INFO|cosmos_framework/callbacks/iter_speed.py:75:on_training_step_end] [RANK 2] Iteration 15: Hit counter: 15/50 | Loss: 1.2196 | Time: 39.98s | video_batch_size: 1
[09-28 18:42:34|INFO|cosmos_framework/callbacks/iter_speed.py:75:on_training_step_end] [RANK 5] Iteration 15: Hit counter: 15/50 | Loss: 1.5530 | Time: 39.99s | video_batch_size: 1
[09-28 18:42:34|INFO|cosmos_framework/callbacks/iter_speed.py:75:on_training_step_end] [RANK 4] Iteration 15: Hit counter: 15/50 | Loss: 1.0355 | Time: 39.99s | video_batch_size: 1
[09-28 18:42:34|INFO|cosmos_framework/callbacks/iter_speed.py:75:on_training_step_end] [RANK 7] Iteration 15: Hit counter: 15/50 | Loss: 0.9372 | Time: 40.00s | video_batch_size: 1
[09-28 18:42:34|INFO|cosmos_framework/callbacks/iter_speed.py:75:on_training_step_end] [RANK 6] Iteration 15: Hit counter: 15/50 | Loss: 1.1218 | Time: 39.99s | video_batch_size: 1
[09-28 18:42:34|INFO|cosmos_framework/callbacks/grad_clip.py:436:on_training_step_end] [RANK 0] clip_grad_norm/video/global: 17.25000 (iteration 15)
[09-28 18:42:34|INFO|cosmos_framework/callbacks/grad_clip.py:436:on_training_step_end] [RANK 3] clip_grad_norm/video/global: 17.25000 (iteration 15)
[09-28 18:42:34|INFO|cosmos_framework/callbacks/grad_clip.py:436:on_training_step_end] [RANK 1] clip_grad_norm/video/global: 17.25000 (iteration 15)
[09-28 18:42:34|INFO|cosmos_framework/callbacks/grad_clip.py:436:on_training_step_end] [RANK 2] clip_grad_norm/video/global: 17.25000 (iteration 15)
[09-28 18:42:34|INFO|cosmos_framework/callbacks/grad_clip.py:436:on_training_step_end] [RANK 4] clip_grad_norm/video/global: 17.25000 (iteration 15)
[09-28 18:42:34|INFO|cosmos_framework/callbacks/grad_clip.py:436:on_training_step_end] [RANK 5] clip_grad_norm/video/global: 17.25000 (iteration 15)
[09-28 18:42:34|INFO|cosmos_framework/callbacks/grad_clip.py:436:on_training_step_end] [RANK 7] clip_grad_norm/video/global: 17.25000 (iteration 15)
[09-28 18:42:34|INFO|cosmos_framework/callbacks/grad_clip.py:436:on_training_step_end] [RANK 6] clip_grad_norm/video/global: 17.25000 (iteration 15)
[09-28 18:42:34|INFO|cosmos_framework/callbacks/grad_clip.py:436:on_training_step_end] [RANK 0] clip_grad_norm/image/global: 0.00000 (iteration 15)
[09-28 18:42:34|INFO|cosmos_framework/callbacks/grad_clip.py:436:on_training_step_end] [RANK 3] clip_grad_norm/image/global: 0.00000 (iteration 15)
[09-28 18:42:34|INFO|cosmos_framework/callbacks/grad_clip.py:436:on_training_step_end] [RANK 1] clip_grad_norm/image/global: 0.00000 (iteration 15)
[09-28 18:42:34|INFO|cosmos_framework/callbacks/grad_clip.py:436:on_training_step_end] [RANK 2] clip_grad_norm/image/global: 0.00000 (iteration 15)
[09-28 18:42:34|INFO|cosmos_framework/callbacks/grad_clip.py:436:on_training_step_end] [RANK 4] clip_grad_norm/image/global: 0.00000 (iteration 15)
[09-28 18:42:34|INFO|cosmos_framework/callbacks/grad_clip.py:436:on_training_step_end] [RANK 5] clip_grad_norm/image/global: 0.00000 (iteration 15)
[09-28 18:42:34|INFO|cosmos_framework/callbacks/grad_clip.py:436:on_training_step_end] [RANK 7] clip_grad_norm/image/global: 0.00000 (iteration 15)
[09-28 18:42:34|INFO|cosmos_framework/callbacks/grad_clip.py:436:on_training_step_end] [RANK 6] clip_grad_norm/image/global: 0.00000 (iteration 15)
[09-28 18:42:34|INFO|cosmos_framework/callbacks/cosmos_dataloader_state.py:362:on_training_step_end] 
JointCosmosDataLoader global_id=45
  [vlm_robotics_general_retention_v1_safe_general:12] worker 0: epoch=0, index=41
  [vlm_robotics_fullscan_v2r1_p2_visual_structured_retention:11] worker 0: epoch=0, index=126
  [vlm_robotics_fullscan_v2r1_p1_temporal_physical:8] worker 0: epoch=0, index=54
  [vlm_robotics_fullscan_v2r1_p0_episodic_embodied:0] worker 0: epoch=0, index=15
  [vlm_robotics_fullscan_v2r1_p0_metric_3d_scene:1] worker 0: epoch=0, index=125
  [sharerobot_planning_qa_v1_train:15] worker 0: epoch=0, index=107
  [vlm_robotics_fullscan_v2r1_p0_multiview_memory:2] worker 0: epoch=0, index=1
  [vlm_robotics_fullscan_v2r1_p0_temporal_physical:3] worker 0: epoch=0, index=9
  [gqa_train_balanced_reference:13] worker 0: epoch=0, index=95
  [vlm_robotics_fullscan_v2r1_p1_metric_3d_scene:6] worker 0: epoch=0, index=0

[09-28 18:43:53|INFO|cosmos_framework/callbacks/iter_speed.py:75:on_training_step_end] [RANK 5] Iteration 16: Hit counter: 16/50 | Loss: 0.7742 | Time: 78.52s | video_batch_size: 14
[09-28 18:43:53|INFO|cosmos_framework/callbacks/iter_speed.py:75:on_training_step_end] [RANK 6] Iteration 16: Hit counter: 16/50 | Loss: 0.9953 | Time: 78.51s | video_batch_size: 15
[09-28 18:43:53|INFO|cosmos_framework/callbacks/iter_speed.py:75:on_training_step_end] [RANK 1] Iteration 16: Hit counter: 16/50 | Loss: 0.7704 | Time: 78.52s | video_batch_size: 15
[09-28 18:43:53|INFO|cosmos_framework/callbacks/iter_speed.py:75:on_training_step_end] [RANK 0] Iteration 16: Hit counter: 16/50 | Loss: 0.8648 | Time: 78.52s | video_batch_size: 15
[09-28 18:43:53|INFO|cosmos_framework/callbacks/iter_speed.py:75:on_training_step_end] [RANK 7] Iteration 16: Hit counter: 16/50 | Loss: 0.8907 | Time: 78.51s | video_batch_size: 15
[09-28 18:43:53|INFO|cosmos_framework/callbacks/iter_speed.py:75:on_training_step_end] [RANK 4] Iteration 16: Hit counter: 16/50 | Loss: 0.7310 | Time: 78.52s | video_batch_size: 12
[09-28 18:43:53|INFO|cosmos_framework/callbacks/iter_speed.py:75:on_training_step_end] [RANK 2] Iteration 16: Hit counter: 16/50 | Loss: 0.7971 | Time: 78.52s | video_batch_size: 15
[09-28 18:43:53|INFO|cosmos_framework/callbacks/iter_speed.py:75:on_training_step_end] [RANK 3] Iteration 16: Hit counter: 16/50 | Loss: 0.9664 | Time: 78.53s | video_batch_size: 15
[09-28 18:43:53|INFO|cosmos_framework/callbacks/grad_clip.py:436:on_training_step_end] [RANK 6] clip_grad_norm/video/global: 13.37500 (iteration 16)
[09-28 18:43:53|INFO|cosmos_framework/callbacks/grad_clip.py:436:on_training_step_end] [RANK 5] clip_grad_norm/video/global: 13.37500 (iteration 16)
[09-28 18:43:53|INFO|cosmos_framework/callbacks/grad_clip.py:436:on_training_step_end] [RANK 1] clip_grad_norm/video/global: 13.37500 (iteration 16)
[09-28 18:43:53|INFO|cosmos_framework/callbacks/grad_clip.py:436:on_training_step_end] [RANK 7] clip_grad_norm/video/global: 13.37500 (iteration 16)
[09-28 18:43:53|INFO|cosmos_framework/callbacks/grad_clip.py:436:on_training_step_end] [RANK 6] clip_grad_norm/image/global: 0.00000 (iteration 16)
[09-28 18:43:53|INFO|cosmos_framework/callbacks/grad_clip.py:436:on_training_step_end] [RANK 3] clip_grad_norm/video/global: 13.37500 (iteration 16)
[09-28 18:43:53|INFO|cosmos_framework/callbacks/grad_clip.py:436:on_training_step_end] [RANK 0] clip_grad_norm/video/global: 13.37500 (iteration 16)
[09-28 18:43:53|INFO|cosmos_framework/callbacks/grad_clip.py:436:on_training_step_end] [RANK 5] clip_grad_norm/image/global: 0.00000 (iteration 16)
[09-28 18:43:53|INFO|cosmos_framework/callbacks/grad_clip.py:436:on_training_step_end] [RANK 2] clip_grad_norm/video/global: 13.37500 (iteration 16)
[09-28 18:43:53|INFO|cosmos_framework/callbacks/grad_clip.py:436:on_training_step_end] [RANK 4] clip_grad_norm/video/global: 13.37500 (iteration 16)
[09-28 18:43:53|INFO|cosmos_framework/callbacks/grad_clip.py:436:on_training_step_end] [RANK 1] clip_grad_norm/image/global: 0.00000 (iteration 16)
[09-28 18:43:53|INFO|cosmos_framework/callbacks/grad_clip.py:436:on_training_step_end] [RANK 7] clip_grad_norm/image/global: 0.00000 (iteration 16)
[09-28 18:43:53|INFO|cosmos_framework/callbacks/grad_clip.py:436:on_training_step_end] [RANK 3] clip_grad_norm/image/global: 0.00000 (iteration 16)
[09-28 18:43:53|INFO|cosmos_framework/callbacks/grad_clip.py:436:on_training_step_end] [RANK 0] clip_grad_norm/image/global: 0.00000 (iteration 16)
[09-28 18:43:53|INFO|cosmos_framework/callbacks/grad_clip.py:436:on_training_step_end] [RANK 2] clip_grad_norm/image/global: 0.00000 (iteration 16)
[09-28 18:43:53|INFO|cosmos_framework/callbacks/grad_clip.py:436:on_training_step_end] [RANK 4] clip_grad_norm/image/global: 0.00000 (iteration 16)
[09-28 18:43:53|INFO|cosmos_framework/callbacks/cosmos_dataloader_state.py:362:on_training_step_end] 
JointCosmosDataLoader global_id=48
  [vlm_robotics_general_retention_v1_safe_general:12] worker 0: epoch=0, index=41
  [vlm_robotics_fullscan_v2r1_p2_visual_structured_retention:11] worker 0: epoch=0, index=166
  [vlm_robotics_fullscan_v2r1_p1_temporal_physical:8] worker 0: epoch=0, index=69
  [vlm_robotics_fullscan_v2r1_p0_episodic_embodied:0] worker 0: epoch=0, index=15
  [vlm_robotics_fullscan_v2r1_p0_metric_3d_scene:1] worker 0: epoch=0, index=125
  [sharerobot_planning_qa_v1_train:15] worker 0: epoch=0, index=107
  [vlm_robotics_fullscan_v2r1_p0_multiview_memory:2] worker 0: epoch=0, index=1
  [vlm_robotics_fullscan_v2r1_p0_temporal_physical:3] worker 0: epoch=0, index=9
  [gqa_train_balanced_reference:13] worker 0: epoch=0, index=143
  [vlm_robotics_fullscan_v2r1_p1_metric_3d_scene:6] worker 0: epoch=0, index=0

[09-28 18:44:44|INFO|cosmos_framework/callbacks/iter_speed.py:75:on_training_step_end] [RANK 1] Iteration 17: Hit counter: 17/50 | Loss: 0.3291 | Time: 51.56s | video_batch_size: 13
[09-28 18:44:44|INFO|cosmos_framework/callbacks/iter_speed.py:75:on_training_step_end] [RANK 0] Iteration 17: Hit counter: 17/50 | Loss: 0.3885 | Time: 51.55s | video_batch_size: 13
[09-28 18:44:44|INFO|cosmos_framework/callbacks/iter_speed.py:75:on_training_step_end] [RANK 7] Iteration 17: Hit counter: 17/50 | Loss: 0.4626 | Time: 51.55s | video_batch_size: 17
[09-28 18:44:44|INFO|cosmos_framework/callbacks/iter_speed.py:75:on_training_step_end] [RANK 6] Iteration 17: Hit counter: 17/50 | Loss: 0.3344 | Time: 51.56s | video_batch_size: 16
[09-28 18:44:44|INFO|cosmos_framework/callbacks/iter_speed.py:75:on_training_step_end] [RANK 4] Iteration 17: Hit counter: 17/50 | Loss: 0.2405 | Time: 51.55s | video_batch_size: 19
[09-28 18:44:44|INFO|cosmos_framework/callbacks/iter_speed.py:75:on_training_step_end] [RANK 5] Iteration 17: Hit counter: 17/50 | Loss: 0.3562 | Time: 51.56s | video_batch_size: 17
[09-28 18:44:44|INFO|cosmos_framework/callbacks/iter_speed.py:75:on_training_step_end] [RANK 2] Iteration 17: Hit counter: 17/50 | Loss: 0.3086 | Time: 51.55s | video_batch_size: 16
[09-28 18:44:44|INFO|cosmos_framework/callbacks/iter_speed.py:75:on_training_step_end] [RANK 3] Iteration 17: Hit counter: 17/50 | Loss: 0.2149 | Time: 51.55s | video_batch_size: 13
[09-28 18:44:44|INFO|cosmos_framework/callbacks/grad_clip.py:436:on_training_step_end] [RANK 1] clip_grad_norm/video/global: 11.62500 (iteration 17)
[09-28 18:44:44|INFO|cosmos_framework/callbacks/grad_clip.py:436:on_training_step_end] [RANK 6] clip_grad_norm/video/global: 11.62500 (iteration 17)
[09-28 18:44:44|INFO|cosmos_framework/callbacks/grad_clip.py:436:on_training_step_end] [RANK 7] clip_grad_norm/video/global: 11.62500 (iteration 17)
[09-28 18:44:44|INFO|cosmos_framework/callbacks/grad_clip.py:436:on_training_step_end] [RANK 4] clip_grad_norm/video/global: 11.62500 (iteration 17)
[09-28 18:44:44|INFO|cosmos_framework/callbacks/grad_clip.py:436:on_training_step_end] [RANK 1] clip_grad_norm/image/global: 0.00000 (iteration 17)
[09-28 18:44:44|INFO|cosmos_framework/callbacks/grad_clip.py:436:on_training_step_end] [RANK 5] clip_grad_norm/video/global: 11.62500 (iteration 17)
[09-28 18:44:44|INFO|cosmos_framework/callbacks/grad_clip.py:436:on_training_step_end] [RANK 2] clip_grad_norm/video/global: 11.62500 (iteration 17)
[09-28 18:44:44|INFO|cosmos_framework/callbacks/grad_clip.py:436:on_training_step_end] [RANK 0] clip_grad_norm/video/global: 11.62500 (iteration 17)
[09-28 18:44:44|INFO|cosmos_framework/callbacks/grad_clip.py:436:on_training_step_end] [RANK 3] clip_grad_norm/video/global: 11.62500 (iteration 17)
[09-28 18:44:44|INFO|cosmos_framework/callbacks/grad_clip.py:436:on_training_step_end] [RANK 6] clip_grad_norm/image/global: 0.00000 (iteration 17)
[09-28 18:44:44|INFO|cosmos_framework/callbacks/grad_clip.py:436:on_training_step_end] [RANK 7] clip_grad_norm/image/global: 0.00000 (iteration 17)
[09-28 18:44:44|INFO|cosmos_framework/callbacks/grad_clip.py:436:on_training_step_end] [RANK 4] clip_grad_norm/image/global: 0.00000 (iteration 17)
[09-28 18:44:44|INFO|cosmos_framework/callbacks/grad_clip.py:436:on_training_step_end] [RANK 5] clip_grad_norm/image/global: 0.00000 (iteration 17)
[09-28 18:44:44|INFO|cosmos_framework/callbacks/grad_clip.py:436:on_training_step_end] [RANK 2] clip_grad_norm/image/global: 0.00000 (iteration 17)
[09-28 18:44:44|INFO|cosmos_framework/callbacks/grad_clip.py:436:on_training_step_end] [RANK 0] clip_grad_norm/image/global: 0.00000 (iteration 17)
[09-28 18:44:44|INFO|cosmos_framework/callbacks/grad_clip.py:436:on_training_step_end] [RANK 3] clip_grad_norm/image/global: 0.00000 (iteration 17)
[09-28 18:44:44|INFO|cosmos_framework/callbacks/cosmos_dataloader_state.py:362:on_training_step_end] 
JointCosmosDataLoader global_id=51
  [vlm_robotics_general_retention_v1_safe_general:12] worker 0: epoch=0, index=41
  [vlm_robotics_fullscan_v2r1_p2_visual_structured_retention:11] worker 0: epoch=0, index=166
  [vlm_robotics_fullscan_v2r1_p1_temporal_physical:8] worker 0: epoch=0, index=69
  [vlm_robotics_fullscan_v2r1_p0_episodic_embodied:0] worker 0: epoch=0, index=16
  [vlm_robotics_fullscan_v2r1_p0_metric_3d_scene:1] worker 0: epoch=0, index=125
  [sharerobot_planning_qa_v1_train:15] worker 0: epoch=0, index=111
  [vlm_robotics_fullscan_v2r1_p0_multiview_memory:2] worker 0: epoch=0, index=1
  [vlm_robotics_fullscan_v2r1_p0_temporal_physical:3] worker 0: epoch=0, index=9
  [gqa_train_balanced_reference:13] worker 0: epoch=0, index=143
  [vlm_robotics_fullscan_v2r1_p1_metric_3d_scene:6] worker 0: epoch=0, index=0

[09-28 18:45:18|INFO|cosmos_framework/callbacks/iter_speed.py:75:on_training_step_end] [RANK 1] Iteration 18: Hit counter: 18/50 | Loss: 0.2879 | Time: 33.89s | video_batch_size: 1
[09-28 18:45:18|INFO|cosmos_framework/callbacks/iter_speed.py:75:on_training_step_end] [RANK 0] Iteration 18: Hit counter: 18/50 | Loss: 0.8392 | Time: 33.89s | video_batch_size: 1
[09-28 18:45:18|INFO|cosmos_framework/callbacks/iter_speed.py:75:on_training_step_end] [RANK 4] Iteration 18: Hit counter: 18/50 | Loss: 0.7006 | Time: 33.89s | video_batch_size: 1
[09-28 18:45:18|INFO|cosmos_framework/callbacks/iter_speed.py:75:on_training_step_end] [RANK 2] Iteration 18: Hit counter: 18/50 | Loss: 0.6447 | Time: 33.89s | video_batch_size: 1
[09-28 18:45:18|INFO|cosmos_framework/callbacks/iter_speed.py:75:on_training_step_end] [RANK 5] Iteration 18: Hit counter: 18/50 | Loss: 1.0953 | Time: 33.89s | video_batch_size: 1
[09-28 18:45:18|INFO|cosmos_framework/callbacks/iter_speed.py:75:on_training_step_end] [RANK 3] Iteration 18: Hit counter: 18/50 | Loss: 0.9405 | Time: 33.89s | video_batch_size: 1
[09-28 18:45:18|INFO|cosmos_framework/callbacks/iter_speed.py:75:on_training_step_end] [RANK 6] Iteration 18: Hit counter: 18/50 | Loss: 0.7334 | Time: 33.89s | video_batch_size: 1
[09-28 18:45:18|INFO|cosmos_framework/callbacks/iter_speed.py:75:on_training_step_end] [RANK 7] Iteration 18: Hit counter: 18/50 | Loss: 1.0452 | Time: 33.89s | video_batch_size: 1
[09-28 18:45:18|INFO|cosmos_framework/callbacks/grad_clip.py:436:on_training_step_end] [RANK 7] clip_grad_norm/video/global: 16.75000 (iteration 18)
[09-28 18:45:18|INFO|cosmos_framework/callbacks/grad_clip.py:436:on_training_step_end] [RANK 5] clip_grad_norm/video/global: 16.75000 (iteration 18)
[09-28 18:45:18|INFO|cosmos_framework/callbacks/grad_clip.py:436:on_training_step_end] [RANK 1] clip_grad_norm/video/global: 16.75000 (iteration 18)
[09-28 18:45:18|INFO|cosmos_framework/callbacks/grad_clip.py:436:on_training_step_end] [RANK 2] clip_grad_norm/video/global: 16.75000 (iteration 18)
[09-28 18:45:18|INFO|cosmos_framework/callbacks/grad_clip.py:436:on_training_step_end] [RANK 3] clip_grad_norm/video/global: 16.75000 (iteration 18)
[09-28 18:45:18|INFO|cosmos_framework/callbacks/grad_clip.py:436:on_training_step_end] [RANK 4] clip_grad_norm/video/global: 16.75000 (iteration 18)
[09-28 18:45:18|INFO|cosmos_framework/callbacks/grad_clip.py:436:on_training_step_end] [RANK 6] clip_grad_norm/video/global: 16.75000 (iteration 18)
[09-28 18:45:18|INFO|cosmos_framework/callbacks/grad_clip.py:436:on_training_step_end] [RANK 0] clip_grad_norm/video/global: 16.75000 (iteration 18)
[09-28 18:45:18|INFO|cosmos_framework/callbacks/grad_clip.py:436:on_training_step_end] [RANK 7] clip_grad_norm/image/global: 0.00000 (iteration 18)
[09-28 18:45:18|INFO|cosmos_framework/callbacks/grad_clip.py:436:on_training_step_end] [RANK 5] clip_grad_norm/image/global: 0.00000 (iteration 18)
[09-28 18:45:18|INFO|cosmos_framework/callbacks/grad_clip.py:436:on_training_step_end] [RANK 1] clip_grad_norm/image/global: 0.00000 (iteration 18)
[09-28 18:45:18|INFO|cosmos_framework/callbacks/grad_clip.py:436:on_training_step_end] [RANK 2] clip_grad_norm/image/global: 0.00000 (iteration 18)
[09-28 18:45:18|INFO|cosmos_framework/callbacks/grad_clip.py:436:on_training_step_end] [RANK 3] clip_grad_norm/image/global: 0.00000 (iteration 18)
[09-28 18:45:18|INFO|cosmos_framework/callbacks/grad_clip.py:436:on_training_step_end] [RANK 4] clip_grad_norm/image/global: 0.00000 (iteration 18)
[09-28 18:45:18|INFO|cosmos_framework/callbacks/grad_clip.py:436:on_training_step_end] [RANK 6] clip_grad_norm/image/global: 0.00000 (iteration 18)
[09-28 18:45:18|INFO|cosmos_framework/callbacks/grad_clip.py:436:on_training_step_end] [RANK 0] clip_grad_norm/image/global: 0.00000 (iteration 18)
[09-28 18:45:18|INFO|cosmos_framework/callbacks/cosmos_dataloader_state.py:362:on_training_step_end] 
JointCosmosDataLoader global_id=54
  [vlm_robotics_general_retention_v1_safe_general:12] worker 0: epoch=0, index=41
  [vlm_robotics_fullscan_v2r1_p2_visual_structured_retention:11] worker 0: epoch=0, index=202
  [vlm_robotics_fullscan_v2r1_p1_temporal_physical:8] worker 0: epoch=0, index=69
  [vlm_robotics_fullscan_v2r1_p0_episodic_embodied:0] worker 0: epoch=0, index=16
  [vlm_robotics_fullscan_v2r1_p0_metric_3d_scene:1] worker 0: epoch=0, index=125
  [sharerobot_planning_qa_v1_train:15] worker 0: epoch=0, index=111
  [vlm_robotics_fullscan_v2r1_p0_multiview_memory:2] worker 0: epoch=0, index=2
  [vlm_robotics_fullscan_v2r1_p0_temporal_physical:3] worker 0: epoch=0, index=9
  [gqa_train_balanced_reference:13] worker 0: epoch=0, index=143
  [vlm_robotics_fullscan_v2r1_p1_metric_3d_scene:6] worker 0: epoch=0, index=1

[09-28 18:45:31|INFO|cosmos_framework/callbacks/iter_speed.py:75:on_training_step_end] [RANK 2] Iteration 19: Hit counter: 19/50 | Loss: 0.6239 | Time: 12.56s | video_batch_size: 1
[09-28 18:45:31|INFO|cosmos_framework/callbacks/iter_speed.py:75:on_training_step_end] [RANK 0] Iteration 19: Hit counter: 19/50 | Loss: 0.2379 | Time: 12.56s | video_batch_size: 1
[09-28 18:45:31|INFO|cosmos_framework/callbacks/iter_speed.py:75:on_training_step_end] [RANK 1] Iteration 19: Hit counter: 19/50 | Loss: 0.7670 | Time: 12.57s | video_batch_size: 1
[09-28 18:45:31|INFO|cosmos_framework/callbacks/iter_speed.py:75:on_training_step_end] [RANK 3] Iteration 19: Hit counter: 19/50 | Loss: 0.5204 | Time: 12.56s | video_batch_size: 1
[09-28 18:45:31|INFO|cosmos_framework/callbacks/iter_speed.py:75:on_training_step_end] [RANK 6] Iteration 19: Hit counter: 19/50 | Loss: 0.4231 | Time: 12.57s | video_batch_size: 1
[09-28 18:45:31|INFO|cosmos_framework/callbacks/iter_speed.py:75:on_training_step_end] [RANK 7] Iteration 19: Hit counter: 19/50 | Loss: 0.2956 | Time: 12.57s | video_batch_size: 1
[09-28 18:45:31|INFO|cosmos_framework/callbacks/iter_speed.py:75:on_training_step_end] [RANK 4] Iteration 19: Hit counter: 19/50 | Loss: 1.1371 | Time: 12.57s | video_batch_size: 1
[09-28 18:45:31|INFO|cosmos_framework/callbacks/iter_speed.py:75:on_training_step_end] [RANK 5] Iteration 19: Hit counter: 19/50 | Loss: 0.7766 | Time: 12.57s | video_batch_size: 1
[09-28 18:45:31|INFO|cosmos_framework/callbacks/grad_clip.py:436:on_training_step_end] [RANK 2] clip_grad_norm/video/global: 27.87500 (iteration 19)
[09-28 18:45:31|INFO|cosmos_framework/callbacks/grad_clip.py:436:on_training_step_end] [RANK 3] clip_grad_norm/video/global: 27.87500 (iteration 19)
[09-28 18:45:31|INFO|cosmos_framework/callbacks/grad_clip.py:436:on_training_step_end] [RANK 0] clip_grad_norm/video/global: 27.87500 (iteration 19)
[09-28 18:45:31|INFO|cosmos_framework/callbacks/grad_clip.py:436:on_training_step_end] [RANK 4] clip_grad_norm/video/global: 27.87500 (iteration 19)
[09-28 18:45:31|INFO|cosmos_framework/callbacks/grad_clip.py:436:on_training_step_end] [RANK 1] clip_grad_norm/video/global: 27.87500 (iteration 19)
[09-28 18:45:31|INFO|cosmos_framework/callbacks/grad_clip.py:436:on_training_step_end] [RANK 6] clip_grad_norm/video/global: 27.87500 (iteration 19)
[09-28 18:45:31|INFO|cosmos_framework/callbacks/grad_clip.py:436:on_training_step_end] [RANK 5] clip_grad_norm/video/global: 27.87500 (iteration 19)
[09-28 18:45:31|INFO|cosmos_framework/callbacks/grad_clip.py:436:on_training_step_end] [RANK 7] clip_grad_norm/video/global: 27.87500 (iteration 19)
[09-28 18:45:31|INFO|cosmos_framework/callbacks/grad_clip.py:436:on_training_step_end] [RANK 2] clip_grad_norm/image/global: 0.00000 (iteration 19)
[09-28 18:45:31|INFO|cosmos_framework/callbacks/grad_clip.py:436:on_training_step_end] [RANK 3] clip_grad_norm/image/global: 0.00000 (iteration 19)
[09-28 18:45:31|INFO|cosmos_framework/callbacks/grad_clip.py:436:on_training_step_end] [RANK 0] clip_grad_norm/image/global: 0.00000 (iteration 19)
[09-28 18:45:31|INFO|cosmos_framework/callbacks/grad_clip.py:436:on_training_step_end] [RANK 4] clip_grad_norm/image/global: 0.00000 (iteration 19)
[09-28 18:45:31|INFO|cosmos_framework/callbacks/grad_clip.py:436:on_training_step_end] [RANK 1] clip_grad_norm/image/global: 0.00000 (iteration 19)
[09-28 18:45:31|INFO|cosmos_framework/callbacks/grad_clip.py:436:on_training_step_end] [RANK 6] clip_grad_norm/image/global: 0.00000 (iteration 19)
[09-28 18:45:31|INFO|cosmos_framework/callbacks/grad_clip.py:436:on_training_step_end] [RANK 5] clip_grad_norm/image/global: 0.00000 (iteration 19)
[09-28 18:45:31|INFO|cosmos_framework/callbacks/grad_clip.py:436:on_training_step_end] [RANK 7] clip_grad_norm/image/global: 0.00000 (iteration 19)
[09-28 18:45:31|INFO|cosmos_framework/callbacks/cosmos_dataloader_state.py:362:on_training_step_end] 
JointCosmosDataLoader global_id=57
  [vlm_robotics_general_retention_v1_safe_general:12] worker 0: epoch=0, index=41
  [vlm_robotics_fullscan_v2r1_p2_visual_structured_retention:11] worker 0: epoch=0, index=202
  [vlm_robotics_fullscan_v2r1_p1_temporal_physical:8] worker 0: epoch=0, index=69
  [vlm_robotics_fullscan_v2r1_p0_episodic_embodied:0] worker 0: epoch=0, index=18
  [vlm_robotics_fullscan_v2r1_p0_metric_3d_scene:1] worker 0: epoch=0, index=125
  [sharerobot_planning_qa_v1_train:15] worker 0: epoch=0, index=111
  [vlm_robotics_fullscan_v2r1_p0_multiview_memory:2] worker 0: epoch=0, index=3
  [vlm_robotics_fullscan_v2r1_p0_temporal_physical:3] worker 0: epoch=0, index=9
  [gqa_train_balanced_reference:13] worker 0: epoch=0, index=143
  [vlm_robotics_fullscan_v2r1_p1_metric_3d_scene:6] worker 0: epoch=0, index=1

[09-28 18:48:37|INFO|cosmos_framework/callbacks/iter_speed.py:75:on_training_step_end] [RANK 1] Iteration 20: Hit counter: 20/50 | Loss: 1.7461 | Time: 186.52s | image_batch_size: 17
[09-28 18:48:37|INFO|cosmos_framework/callbacks/iter_speed.py:75:on_training_step_end] [RANK 2] Iteration 20: Hit counter: 20/50 | Loss: 2.5309 | Time: 186.53s | image_batch_size: 31
[09-28 18:48:37|INFO|cosmos_framework/callbacks/iter_speed.py:75:on_training_step_end] [RANK 4] Iteration 20: Hit counter: 20/50 | Loss: 0.0623 | Time: 186.52s | image_batch_size: 1
[09-28 18:48:37|INFO|cosmos_framework/callbacks/iter_speed.py:75:on_training_step_end] [RANK 7] Iteration 20: Hit counter: 20/50 | Loss: 2.2547 | Time: 186.52s | image_batch_size: 32
[09-28 18:48:37|INFO|cosmos_framework/callbacks/iter_speed.py:75:on_training_step_end] [RANK 6] Iteration 20: Hit counter: 20/50 | Loss: 1.6151 | Time: 186.52s | image_batch_size: 21
[09-28 18:48:37|INFO|cosmos_framework/callbacks/iter_speed.py:75:on_training_step_end] [RANK 0] Iteration 20: Hit counter: 20/50 | Loss: 0.0595 | Time: 186.53s | image_batch_size: 1
[09-28 18:48:37|INFO|cosmos_framework/callbacks/iter_speed.py:75:on_training_step_end] [RANK 3] Iteration 20: Hit counter: 20/50 | Loss: 0.0088 | Time: 186.53s | image_batch_size: 1
[09-28 18:48:37|INFO|cosmos_framework/callbacks/iter_speed.py:75:on_training_step_end] [RANK 5] Iteration 20: Hit counter: 20/50 | Loss: 1.8618 | Time: 186.52s | image_batch_size: 21
[09-28 18:48:38|INFO|cosmos_framework/callbacks/grad_clip.py:436:on_training_step_end] [RANK 7] clip_grad_norm/video/global: 0.00000 (iteration 20)
[09-28 18:48:38|INFO|cosmos_framework/callbacks/grad_clip.py:436:on_training_step_end] [RANK 1] clip_grad_norm/video/global: 0.00000 (iteration 20)
[09-28 18:48:38|INFO|cosmos_framework/callbacks/grad_clip.py:436:on_training_step_end] [RANK 4] clip_grad_norm/video/global: 0.00000 (iteration 20)
[09-28 18:48:38|INFO|cosmos_framework/callbacks/grad_clip.py:436:on_training_step_end] [RANK 2] clip_grad_norm/video/global: 0.00000 (iteration 20)
[09-28 18:48:38|INFO|cosmos_framework/callbacks/grad_clip.py:436:on_training_step_end] [RANK 3] clip_grad_norm/video/global: 0.00000 (iteration 20)
[09-28 18:48:38|INFO|cosmos_framework/callbacks/grad_clip.py:436:on_training_step_end] [RANK 0] clip_grad_norm/video/global: 0.00000 (iteration 20)
[09-28 18:48:38|INFO|cosmos_framework/callbacks/grad_clip.py:436:on_training_step_end] [RANK 5] clip_grad_norm/video/global: 0.00000 (iteration 20)
[09-28 18:48:38|INFO|cosmos_framework/callbacks/grad_clip.py:436:on_training_step_end] [RANK 6] clip_grad_norm/video/global: 0.00000 (iteration 20)
[09-28 18:48:38|INFO|cosmos_framework/callbacks/grad_clip.py:436:on_training_step_end] [RANK 7] clip_grad_norm/image/global: 8.87500 (iteration 20)
[09-28 18:48:38|INFO|cosmos_framework/callbacks/grad_clip.py:436:on_training_step_end] [RANK 1] clip_grad_norm/image/global: 8.87500 (iteration 20)
[09-28 18:48:38|INFO|cosmos_framework/callbacks/grad_clip.py:436:on_training_step_end] [RANK 4] clip_grad_norm/image/global: 8.87500 (iteration 20)
[09-28 18:48:38|INFO|cosmos_framework/callbacks/grad_clip.py:436:on_training_step_end] [RANK 2] clip_grad_norm/image/global: 8.87500 (iteration 20)
[09-28 18:48:38|INFO|cosmos_framework/callbacks/grad_clip.py:436:on_training_step_end] [RANK 3] clip_grad_norm/image/global: 8.87500 (iteration 20)
[09-28 18:48:38|INFO|cosmos_framework/callbacks/grad_clip.py:436:on_training_step_end] [RANK 0] clip_grad_norm/image/global: 8.87500 (iteration 20)
[09-28 18:48:38|INFO|cosmos_framework/callbacks/grad_clip.py:436:on_training_step_end] [RANK 5] clip_grad_norm/image/global: 8.87500 (iteration 20)
[09-28 18:48:38|INFO|cosmos_framework/callbacks/grad_clip.py:436:on_training_step_end] [RANK 6] clip_grad_norm/image/global: 8.87500 (iteration 20)
[09-28 18:48:38|INFO|cosmos_framework/callbacks/cosmos_dataloader_state.py:362:on_training_step_end] 
JointCosmosDataLoader global_id=60
  [vlm_robotics_general_retention_v1_safe_general:12] worker 0: epoch=0, index=41
  [vlm_robotics_fullscan_v2r1_p2_visual_structured_retention:11] worker 0: epoch=0, index=202
  [vlm_robotics_fullscan_v2r1_p1_temporal_physical:8] worker 0: epoch=0, index=85
  [vlm_robotics_fullscan_v2r1_p0_episodic_embodied:0] worker 0: epoch=0, index=18
  [vlm_robotics_fullscan_v2r1_p0_metric_3d_scene:1] worker 0: epoch=0, index=125
  [sharerobot_planning_qa_v1_train:15] worker 0: epoch=0, index=119
  [vlm_robotics_fullscan_v2r1_p0_multiview_memory:2] worker 0: epoch=0, index=3
  [vlm_robotics_fullscan_v2r1_p0_temporal_physical:3] worker 0: epoch=0, index=9
  [gqa_train_balanced_reference:13] worker 0: epoch=0, index=143
  [vlm_robotics_fullscan_v2r1_p1_metric_3d_scene:6] worker 0: epoch=0, index=1

/share/project/eai_pwm/home/hcr/venv/cosmos-framework-pwm-cu130-train/lib/python3.13/site-packages/torch/profiler/profiler.py:217: UserWarning: Warning: Profiler clears events at the end of each cycle.Only events from the current cycle will be reported.To keep events across cycles, set acc_events=True.
  _warn_once(
[09-28 18:48:58|INFO|cosmos_framework/callbacks/iter_speed.py:75:on_training_step_end] [RANK 3] Iteration 21: Hit counter: 21/50 | Loss: 1.0250 | Time: 20.31s | video_batch_size: 1
[09-28 18:48:58|INFO|cosmos_framework/callbacks/iter_speed.py:75:on_training_step_end] [RANK 6] Iteration 21: Hit counter: 21/50 | Loss: 0.5981 | Time: 20.31s | video_batch_size: 1
[09-28 18:48:58|INFO|cosmos_framework/callbacks/iter_speed.py:75:on_training_step_end] [RANK 2] Iteration 21: Hit counter: 21/50 | Loss: 0.7404 | Time: 20.31s | video_batch_size: 1
[09-28 18:48:58|INFO|cosmos_framework/callbacks/iter_speed.py:75:on_training_step_end] [RANK 5] Iteration 21: Hit counter: 21/50 | Loss: 1.2442 | Time: 20.30s | video_batch_size: 1
[09-28 18:48:58|INFO|cosmos_framework/callbacks/iter_speed.py:75:on_training_step_end] [RANK 1] Iteration 21: Hit counter: 21/50 | Loss: 0.8138 | Time: 20.31s | video_batch_size: 1
[09-28 18:48:58|INFO|cosmos_framework/callbacks/iter_speed.py:75:on_training_step_end] [RANK 7] Iteration 21: Hit counter: 21/50 | Loss: 0.8636 | Time: 20.31s | video_batch_size: 1
[09-28 18:48:58|INFO|cosmos_framework/callbacks/iter_speed.py:75:on_training_step_end] [RANK 0] Iteration 21: Hit counter: 21/50 | Loss: 1.0932 | Time: 20.31s | video_batch_size: 1
[09-28 18:48:58|INFO|cosmos_framework/callbacks/iter_speed.py:75:on_training_step_end] [RANK 4] Iteration 21: Hit counter: 21/50 | Loss: 1.2762 | Time: 20.31s | video_batch_size: 1
[09-28 18:48:58|INFO|cosmos_framework/callbacks/grad_clip.py:436:on_training_step_end] [RANK 1] clip_grad_norm/video/global: 8.00000 (iteration 21)
[09-28 18:48:58|INFO|cosmos_framework/callbacks/grad_clip.py:436:on_training_step_end] [RANK 7] clip_grad_norm/video/global: 8.00000 (iteration 21)
[09-28 18:48:58|INFO|cosmos_framework/callbacks/grad_clip.py:436:on_training_step_end] [RANK 4] clip_grad_norm/video/global: 8.00000 (iteration 21)
[09-28 18:48:58|INFO|cosmos_framework/callbacks/grad_clip.py:436:on_training_step_end] [RANK 3] clip_grad_norm/video/global: 8.00000 (iteration 21)
[09-28 18:48:58|INFO|cosmos_framework/callbacks/grad_clip.py:436:on_training_step_end] [RANK 6] clip_grad_norm/video/global: 8.00000 (iteration 21)
[09-28 18:48:58|INFO|cosmos_framework/callbacks/grad_clip.py:436:on_training_step_end] [RANK 5] clip_grad_norm/video/global: 8.00000 (iteration 21)
[09-28 18:48:58|INFO|cosmos_framework/callbacks/grad_clip.py:436:on_training_step_end] [RANK 2] clip_grad_norm/video/global: 8.00000 (iteration 21)
[09-28 18:48:58|INFO|cosmos_framework/callbacks/grad_clip.py:436:on_training_step_end] [RANK 0] clip_grad_norm/video/global: 8.00000 (iteration 21)
[09-28 18:48:58|INFO|cosmos_framework/callbacks/grad_clip.py:436:on_training_step_end] [RANK 1] clip_grad_norm/image/global: 0.00000 (iteration 21)
[09-28 18:48:58|INFO|cosmos_framework/callbacks/grad_clip.py:436:on_training_step_end] [RANK 7] clip_grad_norm/image/global: 0.00000 (iteration 21)
[09-28 18:48:58|INFO|cosmos_framework/callbacks/grad_clip.py:436:on_training_step_end] [RANK 4] clip_grad_norm/image/global: 0.00000 (iteration 21)
[09-28 18:48:58|INFO|cosmos_framework/callbacks/grad_clip.py:436:on_training_step_end] [RANK 3] clip_grad_norm/image/global: 0.00000 (iteration 21)
[09-28 18:48:58|INFO|cosmos_framework/callbacks/grad_clip.py:436:on_training_step_end] [RANK 6] clip_grad_norm/image/global: 0.00000 (iteration 21)
[09-28 18:48:58|INFO|cosmos_framework/callbacks/grad_clip.py:436:on_training_step_end] [RANK 5] clip_grad_norm/image/global: 0.00000 (iteration 21)
[09-28 18:48:58|INFO|cosmos_framework/callbacks/grad_clip.py:436:on_training_step_end] [RANK 2] clip_grad_norm/image/global: 0.00000 (iteration 21)
[09-28 18:48:58|INFO|cosmos_framework/callbacks/grad_clip.py:436:on_training_step_end] [RANK 0] clip_grad_norm/image/global: 0.00000 (iteration 21)
[09-28 18:48:58|INFO|cosmos_framework/callbacks/cosmos_dataloader_state.py:362:on_training_step_end] 
JointCosmosDataLoader global_id=63
  [vlm_robotics_general_retention_v1_safe_general:12] worker 0: epoch=0, index=41
  [vlm_robotics_fullscan_v2r1_p2_visual_structured_retention:11] worker 0: epoch=0, index=202
  [vlm_robotics_fullscan_v2r1_p1_temporal_physical:8] worker 0: epoch=0, index=85
  [vlm_robotics_fullscan_v2r1_p0_episodic_embodied:0] worker 0: epoch=0, index=19
  [vlm_robotics_fullscan_v2r1_p0_metric_3d_scene:1] worker 0: epoch=0, index=167
  [sharerobot_planning_qa_v1_train:15] worker 0: epoch=0, index=119
  [vlm_robotics_fullscan_v2r1_p0_multiview_memory:2] worker 0: epoch=0, index=3
  [vlm_robotics_fullscan_v2r1_p0_temporal_physical:3] worker 0: epoch=0, index=9
  [gqa_train_balanced_reference:13] worker 0: epoch=0, index=143
  [vlm_robotics_fullscan_v2r1_p1_metric_3d_scene:6] worker 0: epoch=0, index=2

[09-28 18:49:39|INFO|cosmos_framework/callbacks/iter_speed.py:75:on_training_step_end] [RANK 7] Iteration 22: Hit counter: 22/50 | Loss: 1.6572 | Time: 40.92s | video_batch_size: 1
[09-28 18:49:39|INFO|cosmos_framework/callbacks/iter_speed.py:75:on_training_step_end] [RANK 5] Iteration 22: Hit counter: 22/50 | Loss: 0.5434 | Time: 40.92s | video_batch_size: 1
[09-28 18:49:39|INFO|cosmos_framework/callbacks/iter_speed.py:75:on_training_step_end] [RANK 0] Iteration 22: Hit counter: 22/50 | Loss: 0.9523 | Time: 40.92s | video_batch_size: 1
[09-28 18:49:39|INFO|cosmos_framework/callbacks/iter_speed.py:75:on_training_step_end] [RANK 4] Iteration 22: Hit counter: 22/50 | Loss: 1.0744 | Time: 40.92s | video_batch_size: 1
[09-28 18:49:39|INFO|cosmos_framework/callbacks/iter_speed.py:75:on_training_step_end] [RANK 1] Iteration 22: Hit counter: 22/50 | Loss: 0.7562 | Time: 40.92s | video_batch_size: 1
[09-28 18:49:39|INFO|cosmos_framework/callbacks/iter_speed.py:75:on_training_step_end] [RANK 2] Iteration 22: Hit counter: 22/50 | Loss: 1.1954 | Time: 40.92s | video_batch_size: 1
[09-28 18:49:39|INFO|cosmos_framework/callbacks/iter_speed.py:75:on_training_step_end] [RANK 6] Iteration 22: Hit counter: 22/50 | Loss: 0.6993 | Time: 40.92s | video_batch_size: 1
[09-28 18:49:39|INFO|cosmos_framework/callbacks/iter_speed.py:75:on_training_step_end] [RANK 3] Iteration 22: Hit counter: 22/50 | Loss: 0.7565 | Time: 40.97s | video_batch_size: 1
[09-28 18:49:39|INFO|cosmos_framework/callbacks/grad_clip.py:436:on_training_step_end] [RANK 5] clip_grad_norm/video/global: 19.75000 (iteration 22)
[09-28 18:49:39|INFO|cosmos_framework/callbacks/grad_clip.py:436:on_training_step_end] [RANK 1] clip_grad_norm/video/global: 19.75000 (iteration 22)
[09-28 18:49:39|INFO|cosmos_framework/callbacks/grad_clip.py:436:on_training_step_end] [RANK 6] clip_grad_norm/video/global: 19.75000 (iteration 22)
[09-28 18:49:39|INFO|cosmos_framework/callbacks/grad_clip.py:436:on_training_step_end] [RANK 5] clip_grad_norm/image/global: 0.00000 (iteration 22)
[09-28 18:49:39|INFO|cosmos_framework/callbacks/grad_clip.py:436:on_training_step_end] [RANK 4] clip_grad_norm/video/global: 19.75000 (iteration 22)
[09-28 18:49:39|INFO|cosmos_framework/callbacks/grad_clip.py:436:on_training_step_end] [RANK 7] clip_grad_norm/video/global: 19.75000 (iteration 22)
[09-28 18:49:39|INFO|cosmos_framework/callbacks/grad_clip.py:436:on_training_step_end] [RANK 3] clip_grad_norm/video/global: 19.75000 (iteration 22)
[09-28 18:49:39|INFO|cosmos_framework/callbacks/grad_clip.py:436:on_training_step_end] [RANK 1] clip_grad_norm/image/global: 0.00000 (iteration 22)
[09-28 18:49:39|INFO|cosmos_framework/callbacks/grad_clip.py:436:on_training_step_end] [RANK 2] clip_grad_norm/video/global: 19.75000 (iteration 22)
[09-28 18:49:39|INFO|cosmos_framework/callbacks/grad_clip.py:436:on_training_step_end] [RANK 0] clip_grad_norm/video/global: 19.75000 (iteration 22)
[09-28 18:49:39|INFO|cosmos_framework/callbacks/grad_clip.py:436:on_training_step_end] [RANK 6] clip_grad_norm/image/global: 0.00000 (iteration 22)
[09-28 18:49:39|INFO|cosmos_framework/callbacks/grad_clip.py:436:on_training_step_end] [RANK 4] clip_grad_norm/image/global: 0.00000 (iteration 22)
[09-28 18:49:39|INFO|cosmos_framework/callbacks/grad_clip.py:436:on_training_step_end] [RANK 7] clip_grad_norm/image/global: 0.00000 (iteration 22)
[09-28 18:49:39|INFO|cosmos_framework/callbacks/grad_clip.py:436:on_training_step_end] [RANK 3] clip_grad_norm/image/global: 0.00000 (iteration 22)
[09-28 18:49:39|INFO|cosmos_framework/callbacks/grad_clip.py:436:on_training_step_end] [RANK 2] clip_grad_norm/image/global: 0.00000 (iteration 22)
[09-28 18:49:39|INFO|cosmos_framework/callbacks/grad_clip.py:436:on_training_step_end] [RANK 0] clip_grad_norm/image/global: 0.00000 (iteration 22)
[09-28 18:49:39|INFO|cosmos_framework/callbacks/cosmos_dataloader_state.py:362:on_training_step_end] 
JointCosmosDataLoader global_id=66
  [vlm_robotics_general_retention_v1_safe_general:12] worker 0: epoch=0, index=41
  [vlm_robotics_fullscan_v2r1_p2_visual_structured_retention:11] worker 0: epoch=0, index=202
  [vlm_robotics_fullscan_v2r1_p1_temporal_physical:8] worker 0: epoch=0, index=85
  [vlm_robotics_fullscan_v2r1_p0_episodic_embodied:0] worker 0: epoch=0, index=21
  [vlm_robotics_fullscan_v2r1_p0_metric_3d_scene:1] worker 0: epoch=0, index=167
  [sharerobot_planning_qa_v1_train:15] worker 0: epoch=0, index=119
  [vlm_robotics_fullscan_v2r1_p0_multiview_memory:2] worker 0: epoch=0, index=3
  [vlm_robotics_fullscan_v2r1_p0_temporal_physical:3] worker 0: epoch=0, index=9
  [gqa_train_balanced_reference:13] worker 0: epoch=0, index=143
  [vlm_robotics_fullscan_v2r1_p1_metric_3d_scene:6] worker 0: epoch=0, index=2

[09-28 18:50:36|INFO|cosmos_framework/callbacks/iter_speed.py:75:on_training_step_end] [RANK 6] Iteration 23: Hit counter: 23/50 | Loss: 2.5817 | Time: 56.82s | video_batch_size: 9
[09-28 18:50:36|INFO|cosmos_framework/callbacks/iter_speed.py:75:on_training_step_end] [RANK 7] Iteration 23: Hit counter: 23/50 | Loss: 0.4241 | Time: 56.83s | video_batch_size: 1
[09-28 18:50:36|INFO|cosmos_framework/callbacks/iter_speed.py:75:on_training_step_end] [RANK 2] Iteration 23: Hit counter: 23/50 | Loss: 0.0025 | Time: 56.82s | video_batch_size: 1
[09-28 18:50:36|INFO|cosmos_framework/callbacks/iter_speed.py:75:on_training_step_end] [RANK 4] Iteration 23: Hit counter: 23/50 | Loss: 0.4157 | Time: 56.83s | video_batch_size: 1
[09-28 18:50:36|INFO|cosmos_framework/callbacks/iter_speed.py:75:on_training_step_end] [RANK 1] Iteration 23: Hit counter: 23/50 | Loss: 1.9392 | Time: 56.83s | video_batch_size: 7
[09-28 18:50:36|INFO|cosmos_framework/callbacks/iter_speed.py:75:on_training_step_end] [RANK 5] Iteration 23: Hit counter: 23/50 | Loss: 0.0227 | Time: 56.84s | video_batch_size: 1
[09-28 18:50:36|INFO|cosmos_framework/callbacks/iter_speed.py:75:on_training_step_end] [RANK 3] Iteration 23: Hit counter: 23/50 | Loss: 2.1002 | Time: 56.79s | video_batch_size: 8
[09-28 18:50:36|INFO|cosmos_framework/callbacks/iter_speed.py:75:on_training_step_end] [RANK 0] Iteration 23: Hit counter: 23/50 | Loss: 0.4780 | Time: 56.84s | video_batch_size: 1
[09-28 18:50:36|INFO|cosmos_framework/callbacks/grad_clip.py:436:on_training_step_end] [RANK 4] clip_grad_norm/video/global: 14.56250 (iteration 23)
[09-28 18:50:36|INFO|cosmos_framework/callbacks/grad_clip.py:436:on_training_step_end] [RANK 7] clip_grad_norm/video/global: 14.56250 (iteration 23)
[09-28 18:50:36|INFO|cosmos_framework/callbacks/grad_clip.py:436:on_training_step_end] [RANK 6] clip_grad_norm/video/global: 14.56250 (iteration 23)
[09-28 18:50:36|INFO|cosmos_framework/callbacks/grad_clip.py:436:on_training_step_end] [RANK 2] clip_grad_norm/video/global: 14.56250 (iteration 23)
[09-28 18:50:36|INFO|cosmos_framework/callbacks/grad_clip.py:436:on_training_step_end] [RANK 1] clip_grad_norm/video/global: 14.56250 (iteration 23)
[09-28 18:50:36|INFO|cosmos_framework/callbacks/grad_clip.py:436:on_training_step_end] [RANK 3] clip_grad_norm/video/global: 14.56250 (iteration 23)
[09-28 18:50:36|INFO|cosmos_framework/callbacks/grad_clip.py:436:on_training_step_end] [RANK 0] clip_grad_norm/video/global: 14.56250 (iteration 23)
[09-28 18:50:36|INFO|cosmos_framework/callbacks/grad_clip.py:436:on_training_step_end] [RANK 5] clip_grad_norm/video/global: 14.56250 (iteration 23)
[09-28 18:50:36|INFO|cosmos_framework/callbacks/grad_clip.py:436:on_training_step_end] [RANK 4] clip_grad_norm/image/global: 0.00000 (iteration 23)
[09-28 18:50:36|INFO|cosmos_framework/callbacks/grad_clip.py:436:on_training_step_end] [RANK 7] clip_grad_norm/image/global: 0.00000 (iteration 23)
[09-28 18:50:36|INFO|cosmos_framework/callbacks/grad_clip.py:436:on_training_step_end] [RANK 6] clip_grad_norm/image/global: 0.00000 (iteration 23)
[09-28 18:50:36|INFO|cosmos_framework/callbacks/grad_clip.py:436:on_training_step_end] [RANK 2] clip_grad_norm/image/global: 0.00000 (iteration 23)
[09-28 18:50:36|INFO|cosmos_framework/callbacks/grad_clip.py:436:on_training_step_end] [RANK 1] clip_grad_norm/image/global: 0.00000 (iteration 23)
[09-28 18:50:36|INFO|cosmos_framework/callbacks/grad_clip.py:436:on_training_step_end] [RANK 3] clip_grad_norm/image/global: 0.00000 (iteration 23)
[09-28 18:50:36|INFO|cosmos_framework/callbacks/grad_clip.py:436:on_training_step_end] [RANK 0] clip_grad_norm/image/global: 0.00000 (iteration 23)
[09-28 18:50:36|INFO|cosmos_framework/callbacks/grad_clip.py:436:on_training_step_end] [RANK 5] clip_grad_norm/image/global: 0.00000 (iteration 23)
[09-28 18:50:36|INFO|cosmos_framework/callbacks/cosmos_dataloader_state.py:362:on_training_step_end] 
JointCosmosDataLoader global_id=69
  [vlm_robotics_general_retention_v1_safe_general:12] worker 0: epoch=0, index=41
  [vlm_robotics_fullscan_v2r1_p2_visual_structured_retention:11] worker 0: epoch=0, index=202
  [vlm_robotics_fullscan_v2r1_p1_temporal_physical:8] worker 0: epoch=0, index=85
  [vlm_robotics_fullscan_v2r1_p0_episodic_embodied:0] worker 0: epoch=0, index=21
  [vlm_robotics_fullscan_v2r1_p0_metric_3d_scene:1] worker 0: epoch=0, index=167
  [sharerobot_planning_qa_v1_train:15] worker 0: epoch=0, index=133
  [vlm_robotics_fullscan_v2r1_p0_multiview_memory:2] worker 0: epoch=0, index=3
  [vlm_robotics_fullscan_v2r1_p0_temporal_physical:3] worker 0: epoch=0, index=10
  [gqa_train_balanced_reference:13] worker 0: epoch=0, index=143
  [vlm_robotics_fullscan_v2r1_p1_metric_3d_scene:6] worker 0: epoch=0, index=2

[09-28 18:52:22|WARNING|cosmos_framework/data/generator/dataflow/loader.py:167:_processed] [RANK 3] CosmosDataLoader: dropped sample reason='MediaDecodeTimeout: video decode timed out after 120.0s; helper_pid=1967090; path=/share/project/eai_pwm/prepared_datasets/pwm_reference_media/videos/sha256/f4/8a/f48a5e68a6aaea9e3e167df46eaeb2ea11a8a036756fea31bade35402b4cdc6a.mp4' catalog_id='vlm_robotics_fullscan_filtered_v2:vlm_sequence:fine_fullscan_p0_direct_d94df64f8552c5ce04a26f46:temporal_physical' epoch=0
W0928 18:57:07.879000 1962102 torch/distributed/elastic/agent/server/api.py:739] Received 15 death signal, shutting down workers
W0928 18:57:07.911000 1962102 torch/distributed/elastic/multiprocessing/api.py:1010] Sending process 1962477 closing signal SIGTERM
W0928 18:57:07.925000 1962102 torch/distributed/elastic/multiprocessing/api.py:1010] Sending process 1962478 closing signal SIGTERM
W0928 18:57:07.928000 1962102 torch/distributed/elastic/multiprocessing/api.py:1010] Sending process 1962479 closing signal SIGTERM
W0928 18:57:07.929000 1962102 torch/distributed/elastic/multiprocessing/api.py:1010] Sending process 1962480 closing signal SIGTERM
W0928 18:57:07.931000 1962102 torch/distributed/elastic/multiprocessing/api.py:1010] Sending process 1962481 closing signal SIGTERM
W0928 18:57:07.932000 1962102 torch/distributed/elastic/multiprocessing/api.py:1010] Sending process 1962482 closing signal SIGTERM
W0928 18:57:07.935000 1962102 torch/distributed/elastic/multiprocessing/api.py:1010] Sending process 1962483 closing signal SIGTERM
W0928 18:57:07.941000 1962102 torch/distributed/elastic/multiprocessing/api.py:1010] Sending process 1962484 closing signal SIGTERM
[09-28 18:57:08|INFO|cosmos_framework/callbacks/termination_signal_checkpoint.py:189:_log_sigterm] [TerminationSignalCheckpoint] Received SIGTERM at iteration 23.
2026-09-28 18:57:08.434 | ERROR    | __main__:<module>:299 - An error has been caught in function '<module>', process 'MainProcess' (1962480), thread 'MainThread' (140278522652480):
Traceback (most recent call last):

  File "/share/project/eai_pwm/home/hcr/repos/cosmos-kernel-profiler/run_profile.py", line 88, in <module>
    main()
    └ <function main at 0x7f95237ad9e0>

  File "/share/project/eai_pwm/home/hcr/repos/cosmos-kernel-profiler/run_profile.py", line 82, in main
    runpy.run_module("cosmos_framework.scripts.train", run_name="__main__")
    │     └ <function run_module at 0x7f95231bd760>
    └ <module 'runpy' (frozen)>

  File "<frozen runpy>", line 234, in run_module
  File "<frozen runpy>", line 88, in _run_code

> File "/share/project/eai_pwm/home/hcr/worktrees/cosmos-vlm-kernel-20260928/cosmos_framework/scripts/train.py", line 299, in <module>
    launch(config, args)
    │      │       └ Namespace(sft_toml='/share/project/eai_pwm/home/hcr/repos/cosmos-kernel-profiler/runs/vlm_capture001/recipe.toml', opts=['--'...
    │      └ Config(model={'config': {'tokenizer': {'bucket_name': '', 'object_store_credential_path_pretrained': '', 'vae_path': 'pretrai...
    └ <function launch at 0x7f9132ade840>

  File "/share/project/eai_pwm/home/hcr/worktrees/cosmos-vlm-kernel-20260928/cosmos_framework/utils/training_telemetry/telemetry.py", line 65, in wrapper
    return func(config, *args, **kwargs)
           │    │        │       └ {}
           │    │        └ (Namespace(sft_toml='/share/project/eai_pwm/home/hcr/repos/cosmos-kernel-profiler/runs/vlm_capture001/recipe.toml', opts=['--...
           │    └ Config(model={'config': {'tokenizer': {'bucket_name': '', 'object_store_credential_path_pretrained': '', 'vae_path': 'pretrai...
           └ <function launch at 0x7f918aff59e0>

  File "/share/project/eai_pwm/home/hcr/worktrees/cosmos-vlm-kernel-20260928/cosmos_framework/scripts/train.py", line 221, in launch
    trainer.train(
    │       └ <function ImaginaireTrainer.train at 0x7f918b210e00>
    └ <cosmos_framework.trainer.ImaginaireTrainer object at 0x7f9121c05160>

  File "/share/project/eai_pwm/home/hcr/worktrees/cosmos-vlm-kernel-20260928/cosmos_framework/trainer/__init__.py", line 391, in train
    output_batch, loss, grad_accum_iter = self.training_step(
    │             │                       │    └ <function ImaginaireTrainer.training_step at 0x7f918b210ea0>
    │             │                       └ <cosmos_framework.trainer.ImaginaireTrainer object at 0x7f9121c05160>
    │             └ tensor(0.1109, device='cuda:3', grad_fn=<MulBackward0>)
    └ {'loss': tensor(0.1109, device='cuda:3', grad_fn=<MulBackward0>), 'cross_entropy_loss': tensor(0.1109, device='cuda:3'), 'lab...

  File "/share/project/eai_pwm/home/hcr/worktrees/cosmos-vlm-kernel-20260928/cosmos_framework/trainer/__init__.py", line 494, in training_step
    update = self._loss_normalization_window.normalize_gradients(
             │    │                          └ <function LossNormalizationWindow.normalize_gradients at 0x7f918b18e340>
             │    └ LossNormalizationWindow(enabled=True, weight=tensor(294., device='cuda:3'), loss_sum=tensor(20.3028, device='cuda:3'), microb...
             └ <cosmos_framework.trainer.ImaginaireTrainer object at 0x7f9121c05160>

  File "/share/project/eai_pwm/home/hcr/venv/cosmos-framework-pwm-cu130-train/lib/python3.13/site-packages/torch/utils/_contextlib.py", line 124, in decorate_context
    return func(*args, **kwargs)
           │     │       └ {}
           │     └ (LossNormalizationWindow(enabled=True, weight=tensor(294., device='cuda:3'), loss_sum=tensor(20.3028, device='cuda:3'), micro...
           └ <function LossNormalizationWindow.normalize_gradients at 0x7f918b18e2a0>

  File "/share/project/eai_pwm/home/hcr/worktrees/cosmos-vlm-kernel-20260928/cosmos_framework/trainer/loss_normalization.py", line 49, in normalize_gradients
    denominator = float(self.weight)
                        │    └ tensor(294., device='cuda:3')
                        └ LossNormalizationWindow(enabled=True, weight=tensor(294., device='cuda:3'), loss_sum=tensor(20.3028, device='cuda:3'), microb...

  File "/share/project/eai_pwm/home/hcr/venv/cosmos-framework-pwm-cu130-train/lib/python3.13/site-packages/torch/utils/data/_utils/signal_handling.py", line 73, in handler
    _error_if_any_worker_fails()
    └ <built-in function _error_if_any_worker_fails>

RuntimeError: DataLoader worker (pid 1966818) is killed by signal: Terminated. 
2026-09-28 18:57:08.387 | ERROR    | __main__:<module>:299 - An error has been caught in function '<module>', process 'MainProcess' (1962479), thread 'MainThread' (139994686138176):
Traceback (most recent call last):

  File "/share/project/eai_pwm/home/hcr/repos/cosmos-kernel-profiler/run_profile.py", line 88, in <module>
    main()
    └ <function main at 0x7f530d8159e0>

  File "/share/project/eai_pwm/home/hcr/repos/cosmos-kernel-profiler/run_profile.py", line 82, in main
    runpy.run_module("cosmos_framework.scripts.train", run_name="__main__")
    │     └ <function run_module at 0x7f530d225760>
    └ <module 'runpy' (frozen)>

  File "<frozen runpy>", line 234, in run_module
  File "<frozen runpy>", line 88, in _run_code

> File "/share/project/eai_pwm/home/hcr/worktrees/cosmos-vlm-kernel-20260928/cosmos_framework/scripts/train.py", line 299, in <module>
    launch(config, args)
    │      │       └ Namespace(sft_toml='/share/project/eai_pwm/home/hcr/repos/cosmos-kernel-profiler/runs/vlm_capture001/recipe.toml', opts=['--'...
    │      └ Config(model={'config': {'tokenizer': {'bucket_name': '', 'object_store_credential_path_pretrained': '', 'vae_path': 'pretrai...
    └ <function launch at 0x7f4f1ccea840>

  File "/share/project/eai_pwm/home/hcr/worktrees/cosmos-vlm-kernel-20260928/cosmos_framework/utils/training_telemetry/telemetry.py", line 65, in wrapper
    return func(config, *args, **kwargs)
           │    │        │       └ {}
           │    │        └ (Namespace(sft_toml='/share/project/eai_pwm/home/hcr/repos/cosmos-kernel-profiler/runs/vlm_capture001/recipe.toml', opts=['--...
           │    └ Config(model={'config': {'tokenizer': {'bucket_name': '', 'object_store_credential_path_pretrained': '', 'vae_path': 'pretrai...
           └ <function launch at 0x7f4f1ccd59e0>

  File "/share/project/eai_pwm/home/hcr/worktrees/cosmos-vlm-kernel-20260928/cosmos_framework/scripts/train.py", line 221, in launch
    trainer.train(
    │       └ <function ImaginaireTrainer.train at 0x7f4f75410e00>
    └ <cosmos_framework.trainer.ImaginaireTrainer object at 0x7f4f0bc9d160>

  File "/share/project/eai_pwm/home/hcr/worktrees/cosmos-vlm-kernel-20260928/cosmos_framework/trainer/__init__.py", line 391, in train
    output_batch, loss, grad_accum_iter = self.training_step(
    │             │                       │    └ <function ImaginaireTrainer.training_step at 0x7f4f75410ea0>
    │             │                       └ <cosmos_framework.trainer.ImaginaireTrainer object at 0x7f4f0bc9d160>
    │             └ tensor(0.7136, device='cuda:2', grad_fn=<MulBackward0>)
    └ {'loss': tensor(0.7136, device='cuda:2', grad_fn=<MulBackward0>), 'cross_entropy_loss': tensor(0.7136, device='cuda:2'), 'lab...

  File "/share/project/eai_pwm/home/hcr/worktrees/cosmos-vlm-kernel-20260928/cosmos_framework/trainer/__init__.py", line 484, in training_step
    loss_scaled.backward()
    │           └ <function Tensor.backward at 0x7f524f92d4e0>
    └ tensor(15.7198, device='cuda:2', grad_fn=<DivBackward0>)

  File "/share/project/eai_pwm/home/hcr/venv/cosmos-framework-pwm-cu130-train/lib/python3.13/site-packages/torch/_tensor.py", line 630, in backward
    torch.autograd.backward(
    │     │        └ <function backward at 0x7f523af41bc0>
    │     └ <module 'torch.autograd' from '/share/project/eai_pwm/home/hcr/venv/cosmos-framework-pwm-cu130-train/lib/python3.13/site-pack...
    └ <module 'torch' from '/share/project/eai_pwm/home/hcr/venv/cosmos-framework-pwm-cu130-train/lib/python3.13/site-packages/torc...
  File "/share/project/eai_pwm/home/hcr/venv/cosmos-framework-pwm-cu130-train/lib/python3.13/site-packages/torch/autograd/__init__.py", line 364, in backward
    _engine_run_backward(
    └ <function _engine_run_backward at 0x7f523b0cd440>
  File "/share/project/eai_pwm/home/hcr/venv/cosmos-framework-pwm-cu130-train/lib/python3.13/site-packages/torch/autograd/graph.py", line 865, in _engine_run_backward
    return Variable._execution_engine.run_backward(  # Calls into the C++ engine to run the backward pass
           │        │                 └ <method 'run_backward' of 'torch._C._EngineBase' objects>
           │        └ <torch._C._EngineBase object at 0x7f530d7c78e0>
           └ <class 'torch.autograd.variable.Variable'>
  File "/share/project/eai_pwm/home/hcr/venv/cosmos-framework-pwm-cu130-train/lib/python3.13/site-packages/torch/utils/data/_utils/signal_handling.py", line 73, in handler
    _error_if_any_worker_fails()
    └ <built-in function _error_if_any_worker_fails>

RuntimeError: DataLoader worker (pid 1965959) is killed by signal: Terminated. 
2026-09-28 18:57:08.431 | ERROR    | __main__:<module>:299 - An error has been caught in function '<module>', process 'MainProcess' (1962483), thread 'MainThread' (139795827320640):
Traceback (most recent call last):

  File "/share/project/eai_pwm/home/hcr/repos/cosmos-kernel-profiler/run_profile.py", line 88, in <module>
    main()
    └ <function main at 0x7f24c09899e0>

  File "/share/project/eai_pwm/home/hcr/repos/cosmos-kernel-profiler/run_profile.py", line 82, in main
    runpy.run_module("cosmos_framework.scripts.train", run_name="__main__")
    │     └ <function run_module at 0x7f24c0399760>
    └ <module 'runpy' (frozen)>

  File "<frozen runpy>", line 234, in run_module
  File "<frozen runpy>", line 88, in _run_code

> File "/share/project/eai_pwm/home/hcr/worktrees/cosmos-vlm-kernel-20260928/cosmos_framework/scripts/train.py", line 299, in <module>
    launch(config, args)
    │      │       └ Namespace(sft_toml='/share/project/eai_pwm/home/hcr/repos/cosmos-kernel-profiler/runs/vlm_capture001/recipe.toml', opts=['--'...
    │      └ Config(model={'config': {'tokenizer': {'bucket_name': '', 'object_store_credential_path_pretrained': '', 'vae_path': 'pretrai...
    └ <function launch at 0x7f20cfdc6840>

  File "/share/project/eai_pwm/home/hcr/worktrees/cosmos-vlm-kernel-20260928/cosmos_framework/utils/training_telemetry/telemetry.py", line 65, in wrapper
    return func(config, *args, **kwargs)
           │    │        │       └ {}
           │    │        └ (Namespace(sft_toml='/share/project/eai_pwm/home/hcr/repos/cosmos-kernel-profiler/runs/vlm_capture001/recipe.toml', opts=['--...
           │    └ Config(model={'config': {'tokenizer': {'bucket_name': '', 'object_store_credential_path_pretrained': '', 'vae_path': 'pretrai...
           └ <function launch at 0x7f20cff5d9e0>

  File "/share/project/eai_pwm/home/hcr/worktrees/cosmos-vlm-kernel-20260928/cosmos_framework/scripts/train.py", line 221, in launch
    trainer.train(
    │       └ <function ImaginaireTrainer.train at 0x7f2128500e00>
    └ <cosmos_framework.trainer.ImaginaireTrainer object at 0x7f20bedc5160>

  File "/share/project/eai_pwm/home/hcr/worktrees/cosmos-vlm-kernel-20260928/cosmos_framework/trainer/__init__.py", line 391, in train
    output_batch, loss, grad_accum_iter = self.training_step(
    │             │                       │    └ <function ImaginaireTrainer.training_step at 0x7f2128500ea0>
    │             │                       └ <cosmos_framework.trainer.ImaginaireTrainer object at 0x7f20bedc5160>
    │             └ tensor(0.2417, device='cuda:6', grad_fn=<MulBackward0>)
    └ {'loss': tensor(0.2417, device='cuda:6', grad_fn=<MulBackward0>), 'cross_entropy_loss': tensor(0.2417, device='cuda:6'), 'lab...

  File "/share/project/eai_pwm/home/hcr/worktrees/cosmos-vlm-kernel-20260928/cosmos_framework/trainer/__init__.py", line 494, in training_step
    update = self._loss_normalization_window.normalize_gradients(
             │    │                          └ <function LossNormalizationWindow.normalize_gradients at 0x7f212847a340>
             │    └ LossNormalizationWindow(enabled=True, weight=tensor(294., device='cuda:6'), loss_sum=tensor(308.7678, device='cuda:6'), micro...
             └ <cosmos_framework.trainer.ImaginaireTrainer object at 0x7f20bedc5160>

  File "/share/project/eai_pwm/home/hcr/venv/cosmos-framework-pwm-cu130-train/lib/python3.13/site-packages/torch/utils/_contextlib.py", line 124, in decorate_context
    return func(*args, **kwargs)
           │     │       └ {}
           │     └ (LossNormalizationWindow(enabled=True, weight=tensor(294., device='cuda:6'), loss_sum=tensor(308.7678, device='cuda:6'), micr...
           └ <function LossNormalizationWindow.normalize_gradients at 0x7f212847a2a0>

  File "/share/project/eai_pwm/home/hcr/worktrees/cosmos-vlm-kernel-20260928/cosmos_framework/trainer/loss_normalization.py", line 49, in normalize_gradients
    denominator = float(self.weight)
                        │    └ tensor(294., device='cuda:6')
                        └ LossNormalizationWindow(enabled=True, weight=tensor(294., device='cuda:6'), loss_sum=tensor(308.7678, device='cuda:6'), micro...

  File "/share/project/eai_pwm/home/hcr/venv/cosmos-framework-pwm-cu130-train/lib/python3.13/site-packages/torch/utils/data/_utils/signal_handling.py", line 73, in handler
    _error_if_any_worker_fails()
    └ <built-in function _error_if_any_worker_fails>

RuntimeError: DataLoader worker (pid 1965840) is killed by signal: Terminated. 
2026-09-28 18:57:08.431 | ERROR    | __main__:<module>:299 - An error has been caught in function '<module>', process 'MainProcess' (1962482), thread 'MainThread' (139861579839296):
Traceback (most recent call last):

  File "/share/project/eai_pwm/home/hcr/repos/cosmos-kernel-profiler/run_profile.py", line 88, in <module>
    main()
    └ <function main at 0x7f340fc059e0>

  File "/share/project/eai_pwm/home/hcr/repos/cosmos-kernel-profiler/run_profile.py", line 82, in main
    runpy.run_module("cosmos_framework.scripts.train", run_name="__main__")
    │     └ <function run_module at 0x7f340f605760>
    └ <module 'runpy' (frozen)>

  File "<frozen runpy>", line 234, in run_module
  File "<frozen runpy>", line 88, in _run_code

> File "/share/project/eai_pwm/home/hcr/worktrees/cosmos-vlm-kernel-20260928/cosmos_framework/scripts/train.py", line 299, in <module>
    launch(config, args)
    │      │       └ Namespace(sft_toml='/share/project/eai_pwm/home/hcr/repos/cosmos-kernel-profiler/runs/vlm_capture001/recipe.toml', opts=['--'...
    │      └ Config(model={'config': {'tokenizer': {'bucket_name': '', 'object_store_credential_path_pretrained': '', 'vae_path': 'pretrai...
    └ <function launch at 0x7f301efae840>

  File "/share/project/eai_pwm/home/hcr/worktrees/cosmos-vlm-kernel-20260928/cosmos_framework/utils/training_telemetry/telemetry.py", line 65, in wrapper
    return func(config, *args, **kwargs)
           │    │        │       └ {}
           │    │        └ (Namespace(sft_toml='/share/project/eai_pwm/home/hcr/repos/cosmos-kernel-profiler/runs/vlm_capture001/recipe.toml', opts=['--...
           │    └ Config(model={'config': {'tokenizer': {'bucket_name': '', 'object_store_credential_path_pretrained': '', 'vae_path': 'pretrai...
           └ <function launch at 0x7f301f1499e0>

  File "/share/project/eai_pwm/home/hcr/worktrees/cosmos-vlm-kernel-20260928/cosmos_framework/scripts/train.py", line 221, in launch
    trainer.train(
    │       └ <function ImaginaireTrainer.train at 0x7f30776ece00>
    └ <cosmos_framework.trainer.ImaginaireTrainer object at 0x7f300e1c1160>

  File "/share/project/eai_pwm/home/hcr/worktrees/cosmos-vlm-kernel-20260928/cosmos_framework/trainer/__init__.py", line 391, in train
    output_batch, loss, grad_accum_iter = self.training_step(
    │             │                       │    └ <function ImaginaireTrainer.training_step at 0x7f30776ecea0>
    │             │                       └ <cosmos_framework.trainer.ImaginaireTrainer object at 0x7f300e1c1160>
    │             └ tensor(3.1533, device='cuda:5', grad_fn=<MulBackward0>)
    └ {'loss': tensor(3.1533, device='cuda:5', grad_fn=<MulBackward0>), 'cross_entropy_loss': tensor(3.1533, device='cuda:5'), 'lab...

  File "/share/project/eai_pwm/home/hcr/worktrees/cosmos-vlm-kernel-20260928/cosmos_framework/trainer/__init__.py", line 494, in training_step
    update = self._loss_normalization_window.normalize_gradients(
             │    │                          └ <function LossNormalizationWindow.normalize_gradients at 0x7f3077666340>
             │    └ LossNormalizationWindow(enabled=True, weight=tensor(294., device='cuda:5'), loss_sum=tensor(345.7100, device='cuda:5'), micro...
             └ <cosmos_framework.trainer.ImaginaireTrainer object at 0x7f300e1c1160>

  File "/share/project/eai_pwm/home/hcr/venv/cosmos-framework-pwm-cu130-train/lib/python3.13/site-packages/torch/utils/_contextlib.py", line 124, in decorate_context
    return func(*args, **kwargs)
           │     │       └ {}
           │     └ (LossNormalizationWindow(enabled=True, weight=tensor(294., device='cuda:5'), loss_sum=tensor(345.7100, device='cuda:5'), micr...
           └ <function LossNormalizationWindow.normalize_gradients at 0x7f30776662a0>

  File "/share/project/eai_pwm/home/hcr/worktrees/cosmos-vlm-kernel-20260928/cosmos_framework/trainer/loss_normalization.py", line 49, in normalize_gradients
    denominator = float(self.weight)
                        │    └ tensor(294., device='cuda:5')
                        └ LossNormalizationWindow(enabled=True, weight=tensor(294., device='cuda:5'), loss_sum=tensor(345.7100, device='cuda:5'), micro...

  File "/share/project/eai_pwm/home/hcr/venv/cosmos-framework-pwm-cu130-train/lib/python3.13/site-packages/torch/utils/data/_utils/signal_handling.py", line 73, in handler
    _error_if_any_worker_fails()
    └ <built-in function _error_if_any_worker_fails>

RuntimeError: DataLoader worker (pid 1965842) is killed by signal: Terminated. 
2026-09-28 18:57:08.431 | ERROR    | __main__:<module>:299 - An error has been caught in function '<module>', process 'MainProcess' (1962484), thread 'MainThread' (140479781541696):
Traceback (most recent call last):

  File "/share/project/eai_pwm/home/hcr/repos/cosmos-kernel-profiler/run_profile.py", line 88, in <module>
    main()
    └ <function main at 0x7fc3ff7199e0>

  File "/share/project/eai_pwm/home/hcr/repos/cosmos-kernel-profiler/run_profile.py", line 82, in main
    runpy.run_module("cosmos_framework.scripts.train", run_name="__main__")
    │     └ <function run_module at 0x7fc3ff129760>
    └ <module 'runpy' (frozen)>

  File "<frozen runpy>", line 234, in run_module
  File "<frozen runpy>", line 88, in _run_code

> File "/share/project/eai_pwm/home/hcr/worktrees/cosmos-vlm-kernel-20260928/cosmos_framework/scripts/train.py", line 299, in <module>
    launch(config, args)
    │      │       └ Namespace(sft_toml='/share/project/eai_pwm/home/hcr/repos/cosmos-kernel-profiler/runs/vlm_capture001/recipe.toml', opts=['--'...
    │      └ Config(model={'config': {'tokenizer': {'bucket_name': '', 'object_store_credential_path_pretrained': '', 'vae_path': 'pretrai...
    └ <function launch at 0x7fc00eaf2840>

  File "/share/project/eai_pwm/home/hcr/worktrees/cosmos-vlm-kernel-20260928/cosmos_framework/utils/training_telemetry/telemetry.py", line 65, in wrapper
    return func(config, *args, **kwargs)
           │    │        │       └ {}
           │    │        └ (Namespace(sft_toml='/share/project/eai_pwm/home/hcr/repos/cosmos-kernel-profiler/runs/vlm_capture001/recipe.toml', opts=['--...
           │    └ Config(model={'config': {'tokenizer': {'bucket_name': '', 'object_store_credential_path_pretrained': '', 'vae_path': 'pretrai...
           └ <function launch at 0x7fc00eadd9e0>

  File "/share/project/eai_pwm/home/hcr/worktrees/cosmos-vlm-kernel-20260928/cosmos_framework/scripts/train.py", line 221, in launch
    trainer.train(
    │       └ <function ImaginaireTrainer.train at 0x7fc067210e00>
    └ <cosmos_framework.trainer.ImaginaireTrainer object at 0x7fbffdb81160>

  File "/share/project/eai_pwm/home/hcr/worktrees/cosmos-vlm-kernel-20260928/cosmos_framework/trainer/__init__.py", line 391, in train
    output_batch, loss, grad_accum_iter = self.training_step(
    │             │                       │    └ <function ImaginaireTrainer.training_step at 0x7fc067210ea0>
    │             │                       └ <cosmos_framework.trainer.ImaginaireTrainer object at 0x7fbffdb81160>
    │             └ tensor(0.5968, device='cuda:7', grad_fn=<MulBackward0>)
    └ {'loss': tensor(0.5968, device='cuda:7', grad_fn=<MulBackward0>), 'cross_entropy_loss': tensor(0.5968, device='cuda:7'), 'lab...

  File "/share/project/eai_pwm/home/hcr/worktrees/cosmos-vlm-kernel-20260928/cosmos_framework/trainer/__init__.py", line 494, in training_step
    update = self._loss_normalization_window.normalize_gradients(
             │    │                          └ <function LossNormalizationWindow.normalize_gradients at 0x7fc0671a6340>
             │    └ LossNormalizationWindow(enabled=True, weight=tensor(294., device='cuda:7'), loss_sum=tensor(40.4769, device='cuda:7'), microb...
             └ <cosmos_framework.trainer.ImaginaireTrainer object at 0x7fbffdb81160>

  File "/share/project/eai_pwm/home/hcr/venv/cosmos-framework-pwm-cu130-train/lib/python3.13/site-packages/torch/utils/_contextlib.py", line 124, in decorate_context
    return func(*args, **kwargs)
           │     │       └ {}
           │     └ (LossNormalizationWindow(enabled=True, weight=tensor(294., device='cuda:7'), loss_sum=tensor(40.4769, device='cuda:7'), micro...
           └ <function LossNormalizationWindow.normalize_gradients at 0x7fc0671a62a0>

  File "/share/project/eai_pwm/home/hcr/worktrees/cosmos-vlm-kernel-20260928/cosmos_framework/trainer/loss_normalization.py", line 49, in normalize_gradients
    denominator = float(self.weight)
                        │    └ tensor(294., device='cuda:7')
                        └ LossNormalizationWindow(enabled=True, weight=tensor(294., device='cuda:7'), loss_sum=tensor(40.4769, device='cuda:7'), microb...

  File "/share/project/eai_pwm/home/hcr/venv/cosmos-framework-pwm-cu130-train/lib/python3.13/site-packages/torch/utils/data/_utils/signal_handling.py", line 73, in handler
    _error_if_any_worker_fails()
    └ <built-in function _error_if_any_worker_fails>

RuntimeError: DataLoader worker (pid 1965847) is killed by signal: Terminated. 
2026-09-28 18:57:08.432 | ERROR    | __main__:<module>:299 - An error has been caught in function '<module>', process 'MainProcess' (1962478), thread 'MainThread' (140256210949952):
Traceback (most recent call last):

  File "/share/project/eai_pwm/home/hcr/repos/cosmos-kernel-profiler/run_profile.py", line 88, in <module>
    main()
    └ <function main at 0x7f8ff19919e0>

  File "/share/project/eai_pwm/home/hcr/repos/cosmos-kernel-profiler/run_profile.py", line 82, in main
    runpy.run_module("cosmos_framework.scripts.train", run_name="__main__")
    │     └ <function run_module at 0x7f8ff13a1760>
    └ <module 'runpy' (frozen)>

  File "<frozen runpy>", line 234, in run_module
  File "<frozen runpy>", line 88, in _run_code

> File "/share/project/eai_pwm/home/hcr/worktrees/cosmos-vlm-kernel-20260928/cosmos_framework/scripts/train.py", line 299, in <module>
    launch(config, args)
    │      │       └ Namespace(sft_toml='/share/project/eai_pwm/home/hcr/repos/cosmos-kernel-profiler/runs/vlm_capture001/recipe.toml', opts=['--'...
    │      └ Config(model={'config': {'tokenizer': {'bucket_name': '', 'object_store_credential_path_pretrained': '', 'vae_path': 'pretrai...
    └ <function launch at 0x7f8c00d92840>

  File "/share/project/eai_pwm/home/hcr/worktrees/cosmos-vlm-kernel-20260928/cosmos_framework/utils/training_telemetry/telemetry.py", line 65, in wrapper
    return func(config, *args, **kwargs)
           │    │        │       └ {}
           │    │        └ (Namespace(sft_toml='/share/project/eai_pwm/home/hcr/repos/cosmos-kernel-profiler/runs/vlm_capture001/recipe.toml', opts=['--...
           │    └ Config(model={'config': {'tokenizer': {'bucket_name': '', 'object_store_credential_path_pretrained': '', 'vae_path': 'pretrai...
           └ <function launch at 0x7f8c00f719e0>

  File "/share/project/eai_pwm/home/hcr/worktrees/cosmos-vlm-kernel-20260928/cosmos_framework/scripts/train.py", line 221, in launch
    trainer.train(
    │       └ <function ImaginaireTrainer.train at 0x7f8c594c0e00>
    └ <cosmos_framework.trainer.ImaginaireTrainer object at 0x7f8befd85160>

  File "/share/project/eai_pwm/home/hcr/worktrees/cosmos-vlm-kernel-20260928/cosmos_framework/trainer/__init__.py", line 391, in train
    output_batch, loss, grad_accum_iter = self.training_step(
    │             │                       │    └ <function ImaginaireTrainer.training_step at 0x7f8c594c0ea0>
    │             │                       └ <cosmos_framework.trainer.ImaginaireTrainer object at 0x7f8befd85160>
    │             └ tensor(0.6104, device='cuda:1', grad_fn=<MulBackward0>)
    └ {'loss': tensor(0.6104, device='cuda:1', grad_fn=<MulBackward0>), 'cross_entropy_loss': tensor(0.6104, device='cuda:1'), 'lab...

  File "/share/project/eai_pwm/home/hcr/worktrees/cosmos-vlm-kernel-20260928/cosmos_framework/trainer/__init__.py", line 494, in training_step
    update = self._loss_normalization_window.normalize_gradients(
             │    │                          └ <function LossNormalizationWindow.normalize_gradients at 0x7f8c5943a340>
             │    └ LossNormalizationWindow(enabled=True, weight=tensor(294., device='cuda:1'), loss_sum=tensor(616.0380, device='cuda:1'), micro...
             └ <cosmos_framework.trainer.ImaginaireTrainer object at 0x7f8befd85160>

  File "/share/project/eai_pwm/home/hcr/venv/cosmos-framework-pwm-cu130-train/lib/python3.13/site-packages/torch/utils/_contextlib.py", line 124, in decorate_context
    return func(*args, **kwargs)
           │     │       └ {}
           │     └ (LossNormalizationWindow(enabled=True, weight=tensor(294., device='cuda:1'), loss_sum=tensor(616.0380, device='cuda:1'), micr...
           └ <function LossNormalizationWindow.normalize_gradients at 0x7f8c5943a2a0>

  File "/share/project/eai_pwm/home/hcr/worktrees/cosmos-vlm-kernel-20260928/cosmos_framework/trainer/loss_normalization.py", line 49, in normalize_gradients
    denominator = float(self.weight)
                        │    └ tensor(294., device='cuda:1')
                        └ LossNormalizationWindow(enabled=True, weight=tensor(294., device='cuda:1'), loss_sum=tensor(616.0380, device='cuda:1'), micro...

  File "/share/project/eai_pwm/home/hcr/venv/cosmos-framework-pwm-cu130-train/lib/python3.13/site-packages/torch/utils/data/_utils/signal_handling.py", line 73, in handler
    _error_if_any_worker_fails()
    └ <built-in function _error_if_any_worker_fails>

RuntimeError: DataLoader worker (pid 1966808) is killed by signal: Terminated. 
[rank2]: Traceback (most recent call last):
[rank2]:   File "/share/project/eai_pwm/home/hcr/repos/cosmos-kernel-profiler/run_profile.py", line 88, in <module>
[rank2]:     trainer.maybe_enable_profiling = maybe_enable_profiling
[rank2]:     ^^^^^^
[rank2]:   File "/share/project/eai_pwm/home/hcr/repos/cosmos-kernel-profiler/run_profile.py", line 82, in main
[rank2]:     if (
[rank2]:     
[rank2]:   File "<frozen runpy>", line 234, in run_module
[rank2]:   File "<frozen runpy>", line 88, in _run_code
[rank2]:   File "/share/project/eai_pwm/home/hcr/worktrees/cosmos-vlm-kernel-20260928/cosmos_framework/scripts/train.py", line 299, in <module>
[rank2]:     launch(config, args)
[rank2]:     ~~~~~~^^^^^^^^^^^^^^
[rank2]:   File "/share/project/eai_pwm/home/hcr/venv/cosmos-framework-pwm-cu130-train/lib/python3.13/site-packages/loguru/_logger.py", line 1297, in catch_wrapper
[rank2]:     return function(*args, **kwargs)
[rank2]:   File "/share/project/eai_pwm/home/hcr/worktrees/cosmos-vlm-kernel-20260928/cosmos_framework/utils/training_telemetry/telemetry.py", line 65, in wrapper
[rank2]:     return func(config, *args, **kwargs)
[rank2]:   File "/share/project/eai_pwm/home/hcr/worktrees/cosmos-vlm-kernel-20260928/cosmos_framework/scripts/train.py", line 221, in launch
[rank2]:     trainer.train(
[rank2]:     ~~~~~~~~~~~~~^
[rank2]:         model,
[rank2]:         ^^^^^^
[rank2]:         dataloader_train,
[rank2]:         ^^^^^^^^^^^^^^^^^
[rank2]:         dataloader_val,
[rank2]:         ^^^^^^^^^^^^^^^
[rank2]:     )
[rank2]:     ^
[rank2]:   File "/share/project/eai_pwm/home/hcr/worktrees/cosmos-vlm-kernel-20260928/cosmos_framework/trainer/__init__.py", line 391, in train
[rank2]:     output_batch, loss, grad_accum_iter = self.training_step(
[rank2]:                                           ~~~~~~~~~~~~~~~~~~^
[rank2]:         model_ddp,
[rank2]:         ^^^^^^^^^^
[rank2]:     ...<5 lines>...
[rank2]:         grad_accum_iter=grad_accum_iter,
[rank2]:         ^^^^^^^^^^^^^^^^^^^^^^^^^^^^^^^^
[rank2]:     )
[rank2]:     ^
[rank2]:   File "/share/project/eai_pwm/home/hcr/worktrees/cosmos-vlm-kernel-20260928/cosmos_framework/trainer/__init__.py", line 484, in training_step
[rank2]:     loss_scaled.backward()
[rank2]:     ~~~~~~~~~~~~~~~~~~~~^^
[rank2]:   File "/share/project/eai_pwm/home/hcr/venv/cosmos-framework-pwm-cu130-train/lib/python3.13/site-packages/torch/_tensor.py", line 630, in backward
[rank2]:     torch.autograd.backward(
[rank2]:     ~~~~~~~~~~~~~~~~~~~~~~~^
[rank2]:         self, gradient, retain_graph, create_graph, inputs=inputs
[rank2]:         ^^^^^^^^^^^^^^^^^^^^^^^^^^^^^^^^^^^^^^^^^^^^^^^^^^^^^^^^^
[rank2]:     )
[rank2]:     ^
[rank2]:   File "/share/project/eai_pwm/home/hcr/venv/cosmos-framework-pwm-cu130-train/lib/python3.13/site-packages/torch/autograd/__init__.py", line 364, in backward
[rank2]:     _engine_run_backward(
[rank2]:     ~~~~~~~~~~~~~~~~~~~~^
[rank2]:         tensors,
[rank2]:         ^^^^^^^^
[rank2]:     ...<5 lines>...
[rank2]:         accumulate_grad=True,
[rank2]:         ^^^^^^^^^^^^^^^^^^^^^
[rank2]:     )
[rank2]:     ^
[rank2]:   File "/share/project/eai_pwm/home/hcr/venv/cosmos-framework-pwm-cu130-train/lib/python3.13/site-packages/torch/autograd/graph.py", line 865, in _engine_run_backward
[rank2]:     return Variable._execution_engine.run_backward(  # Calls into the C++ engine to run the backward pass
[rank2]:            ~~~~~~~~~~~~~~~~~~~~~~~~~~~~~~~~~~~~~~~^^^^^^^^^^^^^^^^^^^^^^^^^^^^^^^^^^^^^^^^^^^^^^^^^^^^^^^
[rank2]:         t_outputs, *args, **kwargs
[rank2]:         ^^^^^^^^^^^^^^^^^^^^^^^^^^
[rank2]:     )  # Calls into the C++ engine to run the backward pass
[rank2]:     ^
[rank2]:   File "/share/project/eai_pwm/home/hcr/venv/cosmos-framework-pwm-cu130-train/lib/python3.13/site-packages/torch/utils/data/_utils/signal_handling.py", line 73, in handler
[rank2]:     _error_if_any_worker_fails()
[rank2]:     ~~~~~~~~~~~~~~~~~~~~~~~~~~^^
[rank2]: RuntimeError: DataLoader worker (pid 1965959) is killed by signal: Terminated. 
[rank7]: Traceback (most recent call last):
[rank7]:   File "/share/project/eai_pwm/home/hcr/repos/cosmos-kernel-profiler/run_profile.py", line 88, in <module>
[rank7]:     trainer.maybe_enable_profiling = maybe_enable_profiling
[rank7]:     ^^^^^^
[rank7]:   File "/share/project/eai_pwm/home/hcr/repos/cosmos-kernel-profiler/run_profile.py", line 82, in main
[rank7]:     if (
[rank7]:     
[rank7]:   File "<frozen runpy>", line 234, in run_module
[rank7]:   File "<frozen runpy>", line 88, in _run_code
[rank7]:   File "/share/project/eai_pwm/home/hcr/worktrees/cosmos-vlm-kernel-20260928/cosmos_framework/scripts/train.py", line 299, in <module>
[rank7]:     launch(config, args)
[rank7]:     ~~~~~~^^^^^^^^^^^^^^
[rank7]:   File "/share/project/eai_pwm/home/hcr/venv/cosmos-framework-pwm-cu130-train/lib/python3.13/site-packages/loguru/_logger.py", line 1297, in catch_wrapper
[rank7]:     return function(*args, **kwargs)
[rank7]:   File "/share/project/eai_pwm/home/hcr/worktrees/cosmos-vlm-kernel-20260928/cosmos_framework/utils/training_telemetry/telemetry.py", line 65, in wrapper
[rank7]:     return func(config, *args, **kwargs)
[rank7]:   File "/share/project/eai_pwm/home/hcr/worktrees/cosmos-vlm-kernel-20260928/cosmos_framework/scripts/train.py", line 221, in launch
[rank7]:     trainer.train(
[rank7]:     ~~~~~~~~~~~~~^
[rank7]:         model,
[rank7]:         ^^^^^^
[rank7]:         dataloader_train,
[rank7]:         ^^^^^^^^^^^^^^^^^
[rank7]:         dataloader_val,
[rank7]:         ^^^^^^^^^^^^^^^
[rank7]:     )
[rank7]:     ^
[rank7]:   File "/share/project/eai_pwm/home/hcr/worktrees/cosmos-vlm-kernel-20260928/cosmos_framework/trainer/__init__.py", line 391, in train
[rank7]:     output_batch, loss, grad_accum_iter = self.training_step(
[rank7]:                                           ~~~~~~~~~~~~~~~~~~^
[rank7]:         model_ddp,
[rank7]:         ^^^^^^^^^^
[rank7]:     ...<5 lines>...
[rank7]:         grad_accum_iter=grad_accum_iter,
[rank7]:         ^^^^^^^^^^^^^^^^^^^^^^^^^^^^^^^^
[rank7]:     )
[rank7]:     ^
[rank7]:   File "/share/project/eai_pwm/home/hcr/worktrees/cosmos-vlm-kernel-20260928/cosmos_framework/trainer/__init__.py", line 494, in training_step
[rank7]:     update = self._loss_normalization_window.normalize_gradients(
[rank7]:         model.parameters(), self.config.trainer.grad_accum_iter
[rank7]:     )
[rank7]:   File "/share/project/eai_pwm/home/hcr/venv/cosmos-framework-pwm-cu130-train/lib/python3.13/site-packages/torch/utils/_contextlib.py", line 124, in decorate_context
[rank7]:     return func(*args, **kwargs)
[rank7]:   File "/share/project/eai_pwm/home/hcr/worktrees/cosmos-vlm-kernel-20260928/cosmos_framework/trainer/loss_normalization.py", line 49, in normalize_gradients
[rank7]:     denominator = float(self.weight)
[rank7]:   File "/share/project/eai_pwm/home/hcr/venv/cosmos-framework-pwm-cu130-train/lib/python3.13/site-packages/torch/utils/data/_utils/signal_handling.py", line 73, in handler
[rank7]:     _error_if_any_worker_fails()
[rank7]:     ~~~~~~~~~~~~~~~~~~~~~~~~~~^^
[rank7]: RuntimeError: DataLoader worker (pid 1965847) is killed by signal: Terminated. 
[rank3]: Traceback (most recent call last):
[rank3]:   File "/share/project/eai_pwm/home/hcr/repos/cosmos-kernel-profiler/run_profile.py", line 88, in <module>
[rank3]:     trainer.maybe_enable_profiling = maybe_enable_profiling
[rank3]:     ^^^^^^
[rank3]:   File "/share/project/eai_pwm/home/hcr/repos/cosmos-kernel-profiler/run_profile.py", line 82, in main
[rank3]:     if (
[rank3]:     
[rank3]:   File "<frozen runpy>", line 234, in run_module
[rank3]:   File "<frozen runpy>", line 88, in _run_code
[rank3]:   File "/share/project/eai_pwm/home/hcr/worktrees/cosmos-vlm-kernel-20260928/cosmos_framework/scripts/train.py", line 299, in <module>
[rank3]:     launch(config, args)
[rank3]:     ~~~~~~^^^^^^^^^^^^^^
[rank3]:   File "/share/project/eai_pwm/home/hcr/venv/cosmos-framework-pwm-cu130-train/lib/python3.13/site-packages/loguru/_logger.py", line 1297, in catch_wrapper
[rank3]:     return function(*args, **kwargs)
[rank3]:   File "/share/project/eai_pwm/home/hcr/worktrees/cosmos-vlm-kernel-20260928/cosmos_framework/utils/training_telemetry/telemetry.py", line 65, in wrapper
[rank3]:     return func(config, *args, **kwargs)
[rank3]:   File "/share/project/eai_pwm/home/hcr/worktrees/cosmos-vlm-kernel-20260928/cosmos_framework/scripts/train.py", line 221, in launch
[rank3]:     trainer.train(
[rank3]:     ~~~~~~~~~~~~~^
[rank3]:         model,
[rank3]:         ^^^^^^
[rank3]:         dataloader_train,
[rank3]:         ^^^^^^^^^^^^^^^^^
[rank3]:         dataloader_val,
[rank3]:         ^^^^^^^^^^^^^^^
[rank3]:     )
[rank3]:     ^
[rank3]:   File "/share/project/eai_pwm/home/hcr/worktrees/cosmos-vlm-kernel-20260928/cosmos_framework/trainer/__init__.py", line 391, in train
[rank3]:     output_batch, loss, grad_accum_iter = self.training_step(
[rank3]:                                           ~~~~~~~~~~~~~~~~~~^
[rank3]:         model_ddp,
[rank3]:         ^^^^^^^^^^
[rank3]:     ...<5 lines>...
[rank3]:         grad_accum_iter=grad_accum_iter,
[rank3]:         ^^^^^^^^^^^^^^^^^^^^^^^^^^^^^^^^
[rank3]:     )
[rank3]:     ^
[rank3]:   File "/share/project/eai_pwm/home/hcr/worktrees/cosmos-vlm-kernel-20260928/cosmos_framework/trainer/__init__.py", line 494, in training_step
[rank3]:     update = self._loss_normalization_window.normalize_gradients(
[rank3]:         model.parameters(), self.config.trainer.grad_accum_iter
[rank3]:     )
[rank3]:   File "/share/project/eai_pwm/home/hcr/venv/cosmos-framework-pwm-cu130-train/lib/python3.13/site-packages/torch/utils/_contextlib.py", line 124, in decorate_context
[rank3]:     return func(*args, **kwargs)
[rank3]:   File "/share/project/eai_pwm/home/hcr/worktrees/cosmos-vlm-kernel-20260928/cosmos_framework/trainer/loss_normalization.py", line 49, in normalize_gradients
[rank3]:     denominator = float(self.weight)
[rank3]:   File "/share/project/eai_pwm/home/hcr/venv/cosmos-framework-pwm-cu130-train/lib/python3.13/site-packages/torch/utils/data/_utils/signal_handling.py", line 73, in handler
[rank3]:     _error_if_any_worker_fails()
[rank3]:     ~~~~~~~~~~~~~~~~~~~~~~~~~~^^
[rank3]: RuntimeError: DataLoader worker (pid 1966818) is killed by signal: Terminated. 
[rank6]: Traceback (most recent call last):
[rank6]:   File "/share/project/eai_pwm/home/hcr/repos/cosmos-kernel-profiler/run_profile.py", line 88, in <module>
[rank6]:     trainer.maybe_enable_profiling = maybe_enable_profiling
[rank6]:     ^^^^^^
[rank6]:   File "/share/project/eai_pwm/home/hcr/repos/cosmos-kernel-profiler/run_profile.py", line 82, in main
[rank6]:     if (
[rank6]:     
[rank6]:   File "<frozen runpy>", line 234, in run_module
[rank6]:   File "<frozen runpy>", line 88, in _run_code
[rank6]:   File "/share/project/eai_pwm/home/hcr/worktrees/cosmos-vlm-kernel-20260928/cosmos_framework/scripts/train.py", line 299, in <module>
[rank6]:     launch(config, args)
[rank6]:     ~~~~~~^^^^^^^^^^^^^^
[rank6]:   File "/share/project/eai_pwm/home/hcr/venv/cosmos-framework-pwm-cu130-train/lib/python3.13/site-packages/loguru/_logger.py", line 1297, in catch_wrapper
[rank6]:     return function(*args, **kwargs)
[rank6]:   File "/share/project/eai_pwm/home/hcr/worktrees/cosmos-vlm-kernel-20260928/cosmos_framework/utils/training_telemetry/telemetry.py", line 65, in wrapper
[rank6]:     return func(config, *args, **kwargs)
[rank6]:   File "/share/project/eai_pwm/home/hcr/worktrees/cosmos-vlm-kernel-20260928/cosmos_framework/scripts/train.py", line 221, in launch
[rank6]:     trainer.train(
[rank6]:     ~~~~~~~~~~~~~^
[rank6]:         model,
[rank6]:         ^^^^^^
[rank6]:         dataloader_train,
[rank6]:         ^^^^^^^^^^^^^^^^^
[rank6]:         dataloader_val,
[rank6]:         ^^^^^^^^^^^^^^^
[rank6]:     )
[rank6]:     ^
[rank6]:   File "/share/project/eai_pwm/home/hcr/worktrees/cosmos-vlm-kernel-20260928/cosmos_framework/trainer/__init__.py", line 391, in train
[rank6]:     output_batch, loss, grad_accum_iter = self.training_step(
[rank6]:                                           ~~~~~~~~~~~~~~~~~~^
[rank6]:         model_ddp,
[rank6]:         ^^^^^^^^^^
[rank6]:     ...<5 lines>...
[rank6]:         grad_accum_iter=grad_accum_iter,
[rank6]:         ^^^^^^^^^^^^^^^^^^^^^^^^^^^^^^^^
[rank6]:     )
[rank6]:     ^
[rank6]:   File "/share/project/eai_pwm/home/hcr/worktrees/cosmos-vlm-kernel-20260928/cosmos_framework/trainer/__init__.py", line 494, in training_step
[rank6]:     update = self._loss_normalization_window.normalize_gradients(
[rank6]:         model.parameters(), self.config.trainer.grad_accum_iter
[rank6]:     )
[rank6]:   File "/share/project/eai_pwm/home/hcr/venv/cosmos-framework-pwm-cu130-train/lib/python3.13/site-packages/torch/utils/_contextlib.py", line 124, in decorate_context
[rank6]:     return func(*args, **kwargs)
[rank6]:   File "/share/project/eai_pwm/home/hcr/worktrees/cosmos-vlm-kernel-20260928/cosmos_framework/trainer/loss_normalization.py", line 49, in normalize_gradients
[rank6]:     denominator = float(self.weight)
[rank6]:   File "/share/project/eai_pwm/home/hcr/venv/cosmos-framework-pwm-cu130-train/lib/python3.13/site-packages/torch/utils/data/_utils/signal_handling.py", line 73, in handler
[rank6]:     _error_if_any_worker_fails()
[rank6]:     ~~~~~~~~~~~~~~~~~~~~~~~~~~^^
[rank6]: RuntimeError: DataLoader worker (pid 1965840) is killed by signal: Terminated. 
[rank5]: Traceback (most recent call last):
[rank5]:   File "/share/project/eai_pwm/home/hcr/repos/cosmos-kernel-profiler/run_profile.py", line 88, in <module>
[rank5]:     trainer.maybe_enable_profiling = maybe_enable_profiling
[rank5]:     ^^^^^^
[rank5]:   File "/share/project/eai_pwm/home/hcr/repos/cosmos-kernel-profiler/run_profile.py", line 82, in main
[rank5]:     if (
[rank5]:     
[rank5]:   File "<frozen runpy>", line 234, in run_module
[rank5]:   File "<frozen runpy>", line 88, in _run_code
[rank5]:   File "/share/project/eai_pwm/home/hcr/worktrees/cosmos-vlm-kernel-20260928/cosmos_framework/scripts/train.py", line 299, in <module>
[rank5]:     launch(config, args)
[rank5]:     ~~~~~~^^^^^^^^^^^^^^
[rank5]:   File "/share/project/eai_pwm/home/hcr/venv/cosmos-framework-pwm-cu130-train/lib/python3.13/site-packages/loguru/_logger.py", line 1297, in catch_wrapper
[rank5]:     return function(*args, **kwargs)
[rank5]:   File "/share/project/eai_pwm/home/hcr/worktrees/cosmos-vlm-kernel-20260928/cosmos_framework/utils/training_telemetry/telemetry.py", line 65, in wrapper
[rank5]:     return func(config, *args, **kwargs)
[rank5]:   File "/share/project/eai_pwm/home/hcr/worktrees/cosmos-vlm-kernel-20260928/cosmos_framework/scripts/train.py", line 221, in launch
[rank5]:     trainer.train(
[rank5]:     ~~~~~~~~~~~~~^
[rank5]:         model,
[rank5]:         ^^^^^^
[rank5]:         dataloader_train,
[rank5]:         ^^^^^^^^^^^^^^^^^
[rank5]:         dataloader_val,
[rank5]:         ^^^^^^^^^^^^^^^
[rank5]:     )
[rank5]:     ^
[rank5]:   File "/share/project/eai_pwm/home/hcr/worktrees/cosmos-vlm-kernel-20260928/cosmos_framework/trainer/__init__.py", line 391, in train
[rank5]:     output_batch, loss, grad_accum_iter = self.training_step(
[rank5]:                                           ~~~~~~~~~~~~~~~~~~^
[rank5]:         model_ddp,
[rank5]:         ^^^^^^^^^^
[rank5]:     ...<5 lines>...
[rank5]:         grad_accum_iter=grad_accum_iter,
[rank5]:         ^^^^^^^^^^^^^^^^^^^^^^^^^^^^^^^^
[rank5]:     )
[rank5]:     ^
[rank5]:   File "/share/project/eai_pwm/home/hcr/worktrees/cosmos-vlm-kernel-20260928/cosmos_framework/trainer/__init__.py", line 494, in training_step
[rank5]:     update = self._loss_normalization_window.normalize_gradients(
[rank5]:         model.parameters(), self.config.trainer.grad_accum_iter
[rank5]:     )
[rank5]:   File "/share/project/eai_pwm/home/hcr/venv/cosmos-framework-pwm-cu130-train/lib/python3.13/site-packages/torch/utils/_contextlib.py", line 124, in decorate_context
[rank5]:     return func(*args, **kwargs)
[rank5]:   File "/share/project/eai_pwm/home/hcr/worktrees/cosmos-vlm-kernel-20260928/cosmos_framework/trainer/loss_normalization.py", line 49, in normalize_gradients
[rank5]:     denominator = float(self.weight)
[rank5]:   File "/share/project/eai_pwm/home/hcr/venv/cosmos-framework-pwm-cu130-train/lib/python3.13/site-packages/torch/utils/data/_utils/signal_handling.py", line 73, in handler
[rank5]:     _error_if_any_worker_fails()
[rank5]:     ~~~~~~~~~~~~~~~~~~~~~~~~~~^^
[rank5]: RuntimeError: DataLoader worker (pid 1965842) is killed by signal: Terminated. 
[rank1]: Traceback (most recent call last):
[rank1]:   File "/share/project/eai_pwm/home/hcr/repos/cosmos-kernel-profiler/run_profile.py", line 88, in <module>
[rank1]:     trainer.maybe_enable_profiling = maybe_enable_profiling
[rank1]:     ^^^^^^
[rank1]:   File "/share/project/eai_pwm/home/hcr/repos/cosmos-kernel-profiler/run_profile.py", line 82, in main
[rank1]:     if (
[rank1]:     
[rank1]:   File "<frozen runpy>", line 234, in run_module
[rank1]:   File "<frozen runpy>", line 88, in _run_code
[rank1]:   File "/share/project/eai_pwm/home/hcr/worktrees/cosmos-vlm-kernel-20260928/cosmos_framework/scripts/train.py", line 299, in <module>
[rank1]:     launch(config, args)
[rank1]:     ~~~~~~^^^^^^^^^^^^^^
[rank1]:   File "/share/project/eai_pwm/home/hcr/venv/cosmos-framework-pwm-cu130-train/lib/python3.13/site-packages/loguru/_logger.py", line 1297, in catch_wrapper
[rank1]:     return function(*args, **kwargs)
[rank1]:   File "/share/project/eai_pwm/home/hcr/worktrees/cosmos-vlm-kernel-20260928/cosmos_framework/utils/training_telemetry/telemetry.py", line 65, in wrapper
[rank1]:     return func(config, *args, **kwargs)
[rank1]:   File "/share/project/eai_pwm/home/hcr/worktrees/cosmos-vlm-kernel-20260928/cosmos_framework/scripts/train.py", line 221, in launch
[rank1]:     trainer.train(
[rank1]:     ~~~~~~~~~~~~~^
[rank1]:         model,
[rank1]:         ^^^^^^
[rank1]:         dataloader_train,
[rank1]:         ^^^^^^^^^^^^^^^^^
[rank1]:         dataloader_val,
[rank1]:         ^^^^^^^^^^^^^^^
[rank1]:     )
[rank1]:     ^
[rank1]:   File "/share/project/eai_pwm/home/hcr/worktrees/cosmos-vlm-kernel-20260928/cosmos_framework/trainer/__init__.py", line 391, in train
[rank1]:     output_batch, loss, grad_accum_iter = self.training_step(
[rank1]:                                           ~~~~~~~~~~~~~~~~~~^
[rank1]:         model_ddp,
[rank1]:         ^^^^^^^^^^
[rank1]:     ...<5 lines>...
[rank1]:         grad_accum_iter=grad_accum_iter,
[rank1]:         ^^^^^^^^^^^^^^^^^^^^^^^^^^^^^^^^
[rank1]:     )
[rank1]:     ^
[rank1]:   File "/share/project/eai_pwm/home/hcr/worktrees/cosmos-vlm-kernel-20260928/cosmos_framework/trainer/__init__.py", line 494, in training_step
[rank1]:     update = self._loss_normalization_window.normalize_gradients(
[rank1]:         model.parameters(), self.config.trainer.grad_accum_iter
[rank1]:     )
[rank1]:   File "/share/project/eai_pwm/home/hcr/venv/cosmos-framework-pwm-cu130-train/lib/python3.13/site-packages/torch/utils/_contextlib.py", line 124, in decorate_context
[rank1]:     return func(*args, **kwargs)
[rank1]:   File "/share/project/eai_pwm/home/hcr/worktrees/cosmos-vlm-kernel-20260928/cosmos_framework/trainer/loss_normalization.py", line 49, in normalize_gradients
[rank1]:     denominator = float(self.weight)
[rank1]:   File "/share/project/eai_pwm/home/hcr/venv/cosmos-framework-pwm-cu130-train/lib/python3.13/site-packages/torch/utils/data/_utils/signal_handling.py", line 73, in handler
[rank1]:     _error_if_any_worker_fails()
[rank1]:     ~~~~~~~~~~~~~~~~~~~~~~~~~~^^
[rank1]: RuntimeError: DataLoader worker (pid 1966808) is killed by signal: Terminated. 
2026-09-28 18:57:08.451 | ERROR    | __main__:<module>:299 - An error has been caught in function '<module>', process 'MainProcess' (1962481), thread 'MainThread' (140053543167808):
Traceback (most recent call last):

  File "/share/project/eai_pwm/home/hcr/repos/cosmos-kernel-profiler/run_profile.py", line 88, in <module>
    main()
    └ <function main at 0x7f60c1a859e0>

  File "/share/project/eai_pwm/home/hcr/repos/cosmos-kernel-profiler/run_profile.py", line 82, in main
    runpy.run_module("cosmos_framework.scripts.train", run_name="__main__")
    │     └ <function run_module at 0x7f60c1495760>
    └ <module 'runpy' (frozen)>

  File "<frozen runpy>", line 234, in run_module
  File "<frozen runpy>", line 88, in _run_code

> File "/share/project/eai_pwm/home/hcr/worktrees/cosmos-vlm-kernel-20260928/cosmos_framework/scripts/train.py", line 299, in <module>
    launch(config, args)
    │      │       └ Namespace(sft_toml='/share/project/eai_pwm/home/hcr/repos/cosmos-kernel-profiler/runs/vlm_capture001/recipe.toml', opts=['--'...
    │      └ Config(model={'config': {'tokenizer': {'bucket_name': '', 'object_store_credential_path_pretrained': '', 'vae_path': 'pretrai...
    └ <function launch at 0x7f5cd0e92840>

  File "/share/project/eai_pwm/home/hcr/worktrees/cosmos-vlm-kernel-20260928/cosmos_framework/utils/training_telemetry/telemetry.py", line 65, in wrapper
    return func(config, *args, **kwargs)
           │    │        │       └ {}
           │    │        └ (Namespace(sft_toml='/share/project/eai_pwm/home/hcr/repos/cosmos-kernel-profiler/runs/vlm_capture001/recipe.toml', opts=['--...
           │    └ Config(model={'config': {'tokenizer': {'bucket_name': '', 'object_store_credential_path_pretrained': '', 'vae_path': 'pretrai...
           └ <function launch at 0x7f5cd10719e0>

  File "/share/project/eai_pwm/home/hcr/worktrees/cosmos-vlm-kernel-20260928/cosmos_framework/scripts/train.py", line 221, in launch
    trainer.train(
    │       └ <function ImaginaireTrainer.train at 0x7f5d295c4e00>
    └ <cosmos_framework.trainer.ImaginaireTrainer object at 0x7f5cbfeb9160>

  File "/share/project/eai_pwm/home/hcr/worktrees/cosmos-vlm-kernel-20260928/cosmos_framework/trainer/__init__.py", line 391, in train
    output_batch, loss, grad_accum_iter = self.training_step(
    │             │                       │    └ <function ImaginaireTrainer.training_step at 0x7f5d295c4ea0>
    │             │                       └ <cosmos_framework.trainer.ImaginaireTrainer object at 0x7f5cbfeb9160>
    │             └ tensor(0.5739, device='cuda:4', grad_fn=<MulBackward0>)
    └ {'loss': tensor(0.5739, device='cuda:4', grad_fn=<MulBackward0>), 'cross_entropy_loss': tensor(0.5739, device='cuda:4'), 'lab...

  File "/share/project/eai_pwm/home/hcr/worktrees/cosmos-vlm-kernel-20260928/cosmos_framework/trainer/__init__.py", line 494, in training_step
    update = self._loss_normalization_window.normalize_gradients(
             │    │                          └ <function LossNormalizationWindow.normalize_gradients at 0x7f5d29542340>
             │    └ LossNormalizationWindow(enabled=True, weight=tensor(294., device='cuda:4'), loss_sum=tensor(625.9250, device='cuda:4'), micro...
             └ <cosmos_framework.trainer.ImaginaireTrainer object at 0x7f5cbfeb9160>

  File "/share/project/eai_pwm/home/hcr/venv/cosmos-framework-pwm-cu130-train/lib/python3.13/site-packages/torch/utils/_contextlib.py", line 124, in decorate_context
    return func(*args, **kwargs)
           │     │       └ {}
           │     └ (LossNormalizationWindow(enabled=True, weight=tensor(294., device='cuda:4'), loss_sum=tensor(625.9250, device='cuda:4'), micr...
           └ <function LossNormalizationWindow.normalize_gradients at 0x7f5d295422a0>

  File "/share/project/eai_pwm/home/hcr/worktrees/cosmos-vlm-kernel-20260928/cosmos_framework/trainer/loss_normalization.py", line 56, in normalize_gradients
    parameter.grad.mul_(factor)
    │         │         └ 0.01020408163265306
    │         └ <attribute 'grad' of 'torch._C.TensorBase' objects>
    └ DTensor(local_tensor=tensor([[-0.0645, -0.0298, -0.0408,  ...,  0.0078,  0.0322,  0.0043],
              [-0.0165,  0.0046, -0.0488...

  File "/share/project/eai_pwm/home/hcr/venv/cosmos-framework-pwm-cu130-train/lib/python3.13/site-packages/torch/utils/data/_utils/signal_handling.py", line 73, in handler
    _error_if_any_worker_fails()
    └ <built-in function _error_if_any_worker_fails>

RuntimeError: DataLoader worker (pid 1965843) is killed by signal: Terminated. 
[rank4]: Traceback (most recent call last):
[rank4]:   File "/share/project/eai_pwm/home/hcr/repos/cosmos-kernel-profiler/run_profile.py", line 88, in <module>
[rank4]:     trainer.maybe_enable_profiling = maybe_enable_profiling
[rank4]:     ^^^^^^
[rank4]:   File "/share/project/eai_pwm/home/hcr/repos/cosmos-kernel-profiler/run_profile.py", line 82, in main
[rank4]:     if (
[rank4]:     
[rank4]:   File "<frozen runpy>", line 234, in run_module
[rank4]:   File "<frozen runpy>", line 88, in _run_code
[rank4]:   File "/share/project/eai_pwm/home/hcr/worktrees/cosmos-vlm-kernel-20260928/cosmos_framework/scripts/train.py", line 299, in <module>
[rank4]:     launch(config, args)
[rank4]:     ~~~~~~^^^^^^^^^^^^^^
[rank4]:   File "/share/project/eai_pwm/home/hcr/venv/cosmos-framework-pwm-cu130-train/lib/python3.13/site-packages/loguru/_logger.py", line 1297, in catch_wrapper
[rank4]:     return function(*args, **kwargs)
[rank4]:   File "/share/project/eai_pwm/home/hcr/worktrees/cosmos-vlm-kernel-20260928/cosmos_framework/utils/training_telemetry/telemetry.py", line 65, in wrapper
[rank4]:     return func(config, *args, **kwargs)
[rank4]:   File "/share/project/eai_pwm/home/hcr/worktrees/cosmos-vlm-kernel-20260928/cosmos_framework/scripts/train.py", line 221, in launch
[rank4]:     trainer.train(
[rank4]:     ~~~~~~~~~~~~~^
[rank4]:         model,
[rank4]:         ^^^^^^
[rank4]:         dataloader_train,
[rank4]:         ^^^^^^^^^^^^^^^^^
[rank4]:         dataloader_val,
[rank4]:         ^^^^^^^^^^^^^^^
[rank4]:     )
[rank4]:     ^
[rank4]:   File "/share/project/eai_pwm/home/hcr/worktrees/cosmos-vlm-kernel-20260928/cosmos_framework/trainer/__init__.py", line 391, in train
[rank4]:     output_batch, loss, grad_accum_iter = self.training_step(
[rank4]:                                           ~~~~~~~~~~~~~~~~~~^
[rank4]:         model_ddp,
[rank4]:         ^^^^^^^^^^
[rank4]:     ...<5 lines>...
[rank4]:         grad_accum_iter=grad_accum_iter,
[rank4]:         ^^^^^^^^^^^^^^^^^^^^^^^^^^^^^^^^
[rank4]:     )
[rank4]:     ^
[rank4]:   File "/share/project/eai_pwm/home/hcr/worktrees/cosmos-vlm-kernel-20260928/cosmos_framework/trainer/__init__.py", line 494, in training_step
[rank4]:     update = self._loss_normalization_window.normalize_gradients(
[rank4]:         model.parameters(), self.config.trainer.grad_accum_iter
[rank4]:     )
[rank4]:   File "/share/project/eai_pwm/home/hcr/venv/cosmos-framework-pwm-cu130-train/lib/python3.13/site-packages/torch/utils/_contextlib.py", line 124, in decorate_context
[rank4]:     return func(*args, **kwargs)
[rank4]:   File "/share/project/eai_pwm/home/hcr/worktrees/cosmos-vlm-kernel-20260928/cosmos_framework/trainer/loss_normalization.py", line 56, in normalize_gradients
[rank4]:     parameter.grad.mul_(factor)
[rank4]:     ~~~~~~~~~~~~~~~~~~~^^^^^^^^
[rank4]:   File "/share/project/eai_pwm/home/hcr/venv/cosmos-framework-pwm-cu130-train/lib/python3.13/site-packages/torch/utils/data/_utils/signal_handling.py", line 73, in handler
[rank4]:     _error_if_any_worker_fails()
[rank4]:     ~~~~~~~~~~~~~~~~~~~~~~~~~~^^
[rank4]: RuntimeError: DataLoader worker (pid 1965843) is killed by signal: Terminated. 
Exception ignored in atexit callback <function _MultiProcessingDataLoaderIter._clean_up_worker at 0x7fc32d1534c0>:
Traceback (most recent call last):
  File "/share/project/eai_pwm/home/hcr/venv/cosmos-framework-pwm-cu130-train/lib/python3.13/site-packages/torch/utils/data/dataloader.py", line 1701, in _clean_up_worker
    w.join(timeout=_utils.MP_STATUS_CHECK_INTERVAL)
  File "/share/project/eai_pwm/home/hcr/venv/uv-python/cpython-3.13.14-linux-x86_64-gnu/lib/python3.13/multiprocessing/process.py", line 149, in join
    res = self._popen.wait(timeout)
  File "/share/project/eai_pwm/home/hcr/venv/uv-python/cpython-3.13.14-linux-x86_64-gnu/lib/python3.13/multiprocessing/popen_fork.py", line 44, in wait
    return self.poll(os.WNOHANG if timeout == 0.0 else 0)
  File "/share/project/eai_pwm/home/hcr/venv/uv-python/cpython-3.13.14-linux-x86_64-gnu/lib/python3.13/multiprocessing/popen_fork.py", line 25, in poll
    def poll(self, flag=os.WNOHANG):
  File "/share/project/eai_pwm/home/hcr/venv/cosmos-framework-pwm-cu130-train/lib/python3.13/site-packages/torch/utils/data/_utils/signal_handling.py", line 73, in handler
    _error_if_any_worker_fails()
RuntimeError: DataLoader worker (pid 1965936) is killed by signal: Terminated. 
Exception ignored in atexit callback <function _MultiProcessingDataLoaderIter._clean_up_worker at 0x7f523b25b4c0>:
Traceback (most recent call last):
  File "/share/project/eai_pwm/home/hcr/venv/cosmos-framework-pwm-cu130-train/lib/python3.13/site-packages/torch/utils/data/dataloader.py", line 1701, in _clean_up_worker
    w.join(timeout=_utils.MP_STATUS_CHECK_INTERVAL)
  File "/share/project/eai_pwm/home/hcr/venv/uv-python/cpython-3.13.14-linux-x86_64-gnu/lib/python3.13/multiprocessing/process.py", line 149, in join
    res = self._popen.wait(timeout)
  File "/share/project/eai_pwm/home/hcr/venv/uv-python/cpython-3.13.14-linux-x86_64-gnu/lib/python3.13/multiprocessing/popen_fork.py", line 41, in wait
    if not wait([self.sentinel], timeout):
  File "/share/project/eai_pwm/home/hcr/venv/uv-python/cpython-3.13.14-linux-x86_64-gnu/lib/python3.13/multiprocessing/connection.py", line 1176, in wait
Exception ignored in atexit callback <function _MultiProcessingDataLoaderIter._clean_up_worker at 0x7f8f1f3534c0>:
Traceback (most recent call last):
  File "/share/project/eai_pwm/home/hcr/venv/cosmos-framework-pwm-cu130-train/lib/python3.13/site-packages/torch/utils/data/dataloader.py", line 1701, in _clean_up_worker
    w.join(timeout=_utils.MP_STATUS_CHECK_INTERVAL)
  File "/share/project/eai_pwm/home/hcr/venv/uv-python/cpython-3.13.14-linux-x86_64-gnu/lib/python3.13/multiprocessing/process.py", line 149, in join
    res = self._popen.wait(timeout)
  File "/share/project/eai_pwm/home/hcr/venv/uv-python/cpython-3.13.14-linux-x86_64-gnu/lib/python3.13/multiprocessing/popen_fork.py", line 41, in wait
        return [key.fileobj for (key, events) in ready]if not wait([self.sentinel], timeout):

  File "/share/project/eai_pwm/home/hcr/venv/cosmos-framework-pwm-cu130-train/lib/python3.13/site-packages/torch/utils/data/_utils/signal_handling.py", line 73, in handler
  File "/share/project/eai_pwm/home/hcr/venv/uv-python/cpython-3.13.14-linux-x86_64-gnu/lib/python3.13/multiprocessing/connection.py", line 1174, in wait
    _error_if_any_worker_fails()
RuntimeError: DataLoader worker (pid 1966350) is killed by signal: Terminated. 
    ready = selector.select(timeout)
  File "/share/project/eai_pwm/home/hcr/venv/uv-python/cpython-3.13.14-linux-x86_64-gnu/lib/python3.13/selectors.py", line 408, in select
    ready.append((key, events & key.events))
  File "/share/project/eai_pwm/home/hcr/venv/cosmos-framework-pwm-cu130-train/lib/python3.13/site-packages/torch/utils/data/_utils/signal_handling.py", line 73, in handler
    _error_if_any_worker_fails()
RuntimeError: DataLoader worker (pid 1967063) is killed by signal: Terminated. 
Exception ignored in atexit callback <function _MultiProcessingDataLoaderIter._clean_up_worker at 0x7f333d6434c0>:
Traceback (most recent call last):
  File "/share/project/eai_pwm/home/hcr/venv/cosmos-framework-pwm-cu130-train/lib/python3.13/site-packages/torch/utils/data/dataloader.py", line 1701, in _clean_up_worker
    w.join(timeout=_utils.MP_STATUS_CHECK_INTERVAL)
  File "/share/project/eai_pwm/home/hcr/venv/uv-python/cpython-3.13.14-linux-x86_64-gnu/lib/python3.13/multiprocessing/process.py", line 149, in join
    res = self._popen.wait(timeout)
  File "/share/project/eai_pwm/home/hcr/venv/uv-python/cpython-3.13.14-linux-x86_64-gnu/lib/python3.13/multiprocessing/popen_fork.py", line 44, in wait
    return self.poll(os.WNOHANG if timeout == 0.0 else 0)
  File "/share/project/eai_pwm/home/hcr/venv/uv-python/cpython-3.13.14-linux-x86_64-gnu/lib/python3.13/multiprocessing/popen_fork.py", line 25, in poll
    def poll(self, flag=os.WNOHANG):
  File "/share/project/eai_pwm/home/hcr/venv/cosmos-framework-pwm-cu130-train/lib/python3.13/site-packages/torch/utils/data/_utils/signal_handling.py", line 73, in handler
    _error_if_any_worker_fails()
RuntimeError: DataLoader worker (pid 1965930) is killed by signal: Terminated. 
Exception ignored in atexit callback <function _MultiProcessingDataLoaderIter._clean_up_worker at 0x7f23ee3574c0>:
Traceback (most recent call last):
  File "/share/project/eai_pwm/home/hcr/venv/cosmos-framework-pwm-cu130-train/lib/python3.13/site-packages/torch/utils/data/dataloader.py", line 1701, in _clean_up_worker
    w.join(timeout=_utils.MP_STATUS_CHECK_INTERVAL)
  File "/share/project/eai_pwm/home/hcr/venv/uv-python/cpython-3.13.14-linux-x86_64-gnu/lib/python3.13/multiprocessing/process.py", line 149, in join
    res = self._popen.wait(timeout)
  File "/share/project/eai_pwm/home/hcr/venv/uv-python/cpython-3.13.14-linux-x86_64-gnu/lib/python3.13/multiprocessing/popen_fork.py", line 41, in wait
    if not wait([self.sentinel], timeout):
  File "/share/project/eai_pwm/home/hcr/venv/uv-python/cpython-3.13.14-linux-x86_64-gnu/lib/python3.13/multiprocessing/connection.py", line 1176, in wait
    return [key.fileobj for (key, events) in ready]
  File "/share/project/eai_pwm/home/hcr/venv/cosmos-framework-pwm-cu130-train/lib/python3.13/site-packages/torch/utils/data/_utils/signal_handling.py", line 73, in handler
    _error_if_any_worker_fails()
RuntimeError: DataLoader worker (pid 1965926) is killed by signal: Terminated. 
Exception ignored in atexit callback <function _MultiProcessingDataLoaderIter._clean_up_worker at 0x7f94511574c0>:
Traceback (most recent call last):
  File "/share/project/eai_pwm/home/hcr/venv/cosmos-framework-pwm-cu130-train/lib/python3.13/site-packages/torch/utils/data/dataloader.py", line 1701, in _clean_up_worker
    w.join(timeout=_utils.MP_STATUS_CHECK_INTERVAL)
  File "/share/project/eai_pwm/home/hcr/venv/uv-python/cpython-3.13.14-linux-x86_64-gnu/lib/python3.13/multiprocessing/process.py", line 149, in join
    res = self._popen.wait(timeout)
  File "/share/project/eai_pwm/home/hcr/venv/uv-python/cpython-3.13.14-linux-x86_64-gnu/lib/python3.13/multiprocessing/popen_fork.py", line 41, in wait
    if not wait([self.sentinel], timeout):
  File "/share/project/eai_pwm/home/hcr/venv/uv-python/cpython-3.13.14-linux-x86_64-gnu/lib/python3.13/multiprocessing/connection.py", line 1166, in wait
    with _WaitSelector() as selector:
  File "/share/project/eai_pwm/home/hcr/venv/uv-python/cpython-3.13.14-linux-x86_64-gnu/lib/python3.13/selectors.py", line 207, in __exit__
    self.close()
  File "/share/project/eai_pwm/home/hcr/venv/uv-python/cpython-3.13.14-linux-x86_64-gnu/lib/python3.13/selectors.py", line 273, in close
    self._fd_to_key.clear()
  File "/share/project/eai_pwm/home/hcr/venv/cosmos-framework-pwm-cu130-train/lib/python3.13/site-packages/torch/utils/data/_utils/signal_handling.py", line 73, in handler
    _error_if_any_worker_fails()
RuntimeError: DataLoader worker (pid 1966938) is killed by signal: Terminated. 
Exception ignored in atexit callback <function _MultiProcessingDataLoaderIter._clean_up_worker at 0x7f8f1f3534c0>:
Traceback (most recent call last):
  File "/share/project/eai_pwm/home/hcr/venv/cosmos-framework-pwm-cu130-train/lib/python3.13/site-packages/torch/utils/data/dataloader.py", line 1701, in _clean_up_worker
    w.join(timeout=_utils.MP_STATUS_CHECK_INTERVAL)
  File "/share/project/eai_pwm/home/hcr/venv/uv-python/cpython-3.13.14-linux-x86_64-gnu/lib/python3.13/multiprocessing/process.py", line 149, in join
    res = self._popen.wait(timeout)
  File "/share/project/eai_pwm/home/hcr/venv/uv-python/cpython-3.13.14-linux-x86_64-gnu/lib/python3.13/multiprocessing/popen_fork.py", line 41, in wait
    if not wait([self.sentinel], timeout):
  File "/share/project/eai_pwm/home/hcr/venv/uv-python/cpython-3.13.14-linux-x86_64-gnu/lib/python3.13/multiprocessing/connection.py", line 1176, in wait
    return [key.fileobj for (key, events) in ready]
  File "/share/project/eai_pwm/home/hcr/venv/cosmos-framework-pwm-cu130-train/lib/python3.13/site-packages/torch/utils/data/_utils/signal_handling.py", line 73, in handler
    _error_if_any_worker_fails()
RuntimeError: DataLoader worker (pid 1966936) is killed by signal: Terminated. 
Exception ignored in atexit callback <function _MultiProcessingDataLoaderIter._clean_up_worker at 0x7f523b25b4c0>:
Traceback (most recent call last):
  File "/share/project/eai_pwm/home/hcr/venv/cosmos-framework-pwm-cu130-train/lib/python3.13/site-packages/torch/utils/data/dataloader.py", line 1701, in _clean_up_worker
    w.join(timeout=_utils.MP_STATUS_CHECK_INTERVAL)
  File "/share/project/eai_pwm/home/hcr/venv/uv-python/cpython-3.13.14-linux-x86_64-gnu/lib/python3.13/multiprocessing/process.py", line 149, in join
    res = self._popen.wait(timeout)
  File "/share/project/eai_pwm/home/hcr/venv/uv-python/cpython-3.13.14-linux-x86_64-gnu/lib/python3.13/multiprocessing/popen_fork.py", line 41, in wait
    if not wait([self.sentinel], timeout):
  File "/share/project/eai_pwm/home/hcr/venv/uv-python/cpython-3.13.14-linux-x86_64-gnu/lib/python3.13/multiprocessing/connection.py", line 1176, in wait
    return [key.fileobj for (key, events) in ready]
  File "/share/project/eai_pwm/home/hcr/venv/cosmos-framework-pwm-cu130-train/lib/python3.13/site-packages/torch/utils/data/_utils/signal_handling.py", line 73, in handler
    _error_if_any_worker_fails()
RuntimeError: DataLoader worker (pid 1965981) is killed by signal: Terminated. 
Exception ignored in atexit callback <function _MultiProcessingDataLoaderIter._clean_up_worker at 0x7f333d6434c0>:
Traceback (most recent call last):
  File "/share/project/eai_pwm/home/hcr/venv/cosmos-framework-pwm-cu130-train/lib/python3.13/site-packages/torch/utils/data/dataloader.py", line 1701, in _clean_up_worker
    w.join(timeout=_utils.MP_STATUS_CHECK_INTERVAL)
  File "/share/project/eai_pwm/home/hcr/venv/uv-python/cpython-3.13.14-linux-x86_64-gnu/lib/python3.13/multiprocessing/process.py", line 149, in join
    res = self._popen.wait(timeout)
  File "/share/project/eai_pwm/home/hcr/venv/uv-python/cpython-3.13.14-linux-x86_64-gnu/lib/python3.13/multiprocessing/popen_fork.py", line 41, in wait
    if not wait([self.sentinel], timeout):
Exception ignored in atexit callback <function _MultiProcessingDataLoaderIter._clean_up_worker at 0x7f5fef5574c0>  File "/share/project/eai_pwm/home/hcr/venv/uv-python/cpython-3.13.14-linux-x86_64-gnu/lib/python3.13/multiprocessing/connection.py", line 1176, in wait
:
Traceback (most recent call last):
  File "/share/project/eai_pwm/home/hcr/venv/cosmos-framework-pwm-cu130-train/lib/python3.13/site-packages/torch/utils/data/dataloader.py", line 1701, in _clean_up_worker
    return [key.fileobj for (key, events) in ready]
  File "/share/project/eai_pwm/home/hcr/venv/cosmos-framework-pwm-cu130-train/lib/python3.13/site-packages/torch/utils/data/_utils/signal_handling.py", line 73, in handler
    _error_if_any_worker_fails()
RuntimeError: DataLoader worker (pid 1965891) is killed by signal: Terminated. 
    w.join(timeout=_utils.MP_STATUS_CHECK_INTERVAL)
  File "/share/project/eai_pwm/home/hcr/venv/uv-python/cpython-3.13.14-linux-x86_64-gnu/lib/python3.13/multiprocessing/process.py", line 149, in join
    res = self._popen.wait(timeout)
  File "/share/project/eai_pwm/home/hcr/venv/uv-python/cpython-3.13.14-linux-x86_64-gnu/lib/python3.13/multiprocessing/popen_fork.py", line 41, in wait
    if not wait([self.sentinel], timeout):
  File "/share/project/eai_pwm/home/hcr/venv/uv-python/cpython-3.13.14-linux-x86_64-gnu/lib/python3.13/multiprocessing/connection.py", line 1176, in wait
    return [key.fileobj for (key, events) in ready]
  File "/share/project/eai_pwm/home/hcr/venv/cosmos-framework-pwm-cu130-train/lib/python3.13/site-packages/torch/utils/data/_utils/signal_handling.py", line 73, in handler
    _error_if_any_worker_fails()
RuntimeError: DataLoader worker (pid 1965886) is killed by signal: Terminated. 
Exception ignored in atexit callback <function _MultiProcessingDataLoaderIter._clean_up_worker at 0x7fc32d1534c0>:
Traceback (most recent call last):
  File "/share/project/eai_pwm/home/hcr/venv/cosmos-framework-pwm-cu130-train/lib/python3.13/site-packages/torch/utils/data/dataloader.py", line 1701, in _clean_up_worker
    w.join(timeout=_utils.MP_STATUS_CHECK_INTERVAL)
  File "/share/project/eai_pwm/home/hcr/venv/uv-python/cpython-3.13.14-linux-x86_64-gnu/lib/python3.13/multiprocessing/process.py", line 149, in join
    res = self._popen.wait(timeout)
  File "/share/project/eai_pwm/home/hcr/venv/uv-python/cpython-3.13.14-linux-x86_64-gnu/lib/python3.13/multiprocessing/popen_fork.py", line 41, in wait
    if not wait([self.sentinel], timeout):
  File "/share/project/eai_pwm/home/hcr/venv/uv-python/cpython-3.13.14-linux-x86_64-gnu/lib/python3.13/multiprocessing/connection.py", line 1166, in wait
    with _WaitSelector() as selector:
  File "/share/project/eai_pwm/home/hcr/venv/cosmos-framework-pwm-cu130-train/lib/python3.13/site-packages/torch/utils/data/_utils/signal_handling.py", line 73, in handler
    _error_if_any_worker_fails()
RuntimeError: DataLoader worker (pid 1965901) is killed by signal: Terminated. 
Exception ignored in atexit callback <function _MultiProcessingDataLoaderIter._clean_up_worker at 0x7f23ee3574c0>:
Traceback (most recent call last):
  File "/share/project/eai_pwm/home/hcr/venv/cosmos-framework-pwm-cu130-train/lib/python3.13/site-packages/torch/utils/data/dataloader.py", line 1701, in _clean_up_worker
    w.join(timeout=_utils.MP_STATUS_CHECK_INTERVAL)
  File "/share/project/eai_pwm/home/hcr/venv/uv-python/cpython-3.13.14-linux-x86_64-gnu/lib/python3.13/multiprocessing/process.py", line 149, in join
    res = self._popen.wait(timeout)
  File "/share/project/eai_pwm/home/hcr/venv/uv-python/cpython-3.13.14-linux-x86_64-gnu/lib/python3.13/multiprocessing/popen_fork.py", line 44, in wait
    return self.poll(os.WNOHANG if timeout == 0.0 else 0)
  File "/share/project/eai_pwm/home/hcr/venv/uv-python/cpython-3.13.14-linux-x86_64-gnu/lib/python3.13/multiprocessing/popen_fork.py", line 25, in poll
    def poll(self, flag=os.WNOHANG):
  File "/share/project/eai_pwm/home/hcr/venv/cosmos-framework-pwm-cu130-train/lib/python3.13/site-packages/torch/utils/data/_utils/signal_handling.py", line 73, in handler
    _error_if_any_worker_fails()
RuntimeError: DataLoader worker (pid 1965877) is killed by signal: Terminated. 
Exception ignored in atexit callback <function _MultiProcessingDataLoaderIter._clean_up_worker at 0x7f23ee3574c0>:
Traceback (most recent call last):
  File "/share/project/eai_pwm/home/hcr/venv/cosmos-framework-pwm-cu130-train/lib/python3.13/site-packages/torch/utils/data/dataloader.py", line 1701, in _clean_up_worker
    w.join(timeout=_utils.MP_STATUS_CHECK_INTERVAL)
  File "/share/project/eai_pwm/home/hcr/venv/uv-python/cpython-3.13.14-linux-x86_64-gnu/lib/python3.13/multiprocessing/process.py", line 149, in join
    res = self._popen.wait(timeout)
  File "/share/project/eai_pwm/home/hcr/venv/uv-python/cpython-3.13.14-linux-x86_64-gnu/lib/python3.13/multiprocessing/popen_fork.py", line 41, in wait
    if not wait([self.sentinel], timeout):
  File "/share/project/eai_pwm/home/hcr/venv/uv-python/cpython-3.13.14-linux-x86_64-gnu/lib/python3.13/multiprocessing/connection.py", line 1166, in wait
    with _WaitSelector() as selector:
  File "/share/project/eai_pwm/home/hcr/venv/cosmos-framework-pwm-cu130-train/lib/python3.13/site-packages/torch/utils/data/_utils/signal_handling.py", line 73, in handler
    _error_if_any_worker_fails()
RuntimeError: DataLoader worker (pid 1965817) is killed by signal: Terminated. 
Exception ignored in atexit callback <function _MultiProcessingDataLoaderIter._clean_up_worker at 0x7f333d6434c0>:
Traceback (most recent call last):
  File "/share/project/eai_pwm/home/hcr/venv/cosmos-framework-pwm-cu130-train/lib/python3.13/site-packages/torch/utils/data/dataloader.py", line 1701, in _clean_up_worker
    w.join(timeout=_utils.MP_STATUS_CHECK_INTERVAL)
  File "/share/project/eai_pwm/home/hcr/venv/uv-python/cpython-3.13.14-linux-x86_64-gnu/lib/python3.13/multiprocessing/process.py", line 149, in join
    res = self._popen.wait(timeout)
  File "/share/project/eai_pwm/home/hcr/venv/uv-python/cpython-3.13.14-linux-x86_64-gnu/lib/python3.13/multiprocessing/popen_fork.py", line 44, in wait
    return self.poll(os.WNOHANG if timeout == 0.0 else 0)
  File "/share/project/eai_pwm/home/hcr/venv/uv-python/cpython-3.13.14-linux-x86_64-gnu/lib/python3.13/multiprocessing/popen_fork.py", line 25, in poll
    def poll(self, flag=os.WNOHANG):
  File "/share/project/eai_pwm/home/hcr/venv/cosmos-framework-pwm-cu130-train/lib/python3.13/site-packages/torch/utils/data/_utils/signal_handling.py", line 73, in handler
    _error_if_any_worker_fails()
RuntimeError: DataLoader worker (pid 1965820) is killed by signal: Terminated. 
[rank3]:[W928 18:57:11.534983650 ProcessGroupNCCL.cpp:1553] Warning: WARNING: destroy_process_group() was not called before program exit, which can leak resources. For more info, please see https://pytorch.org/docs/stable/distributed.html#shutdown (function operator())
[rank1]:[W928 18:57:11.535075650 ProcessGroupNCCL.cpp:1553] Warning: WARNING: destroy_process_group() was not called before program exit, which can leak resources. For more info, please see https://pytorch.org/docs/stable/distributed.html#shutdown (function operator())
[rank2]:[W928 18:57:11.535104334 ProcessGroupNCCL.cpp:1553] Warning: WARNING: destroy_process_group() was not called before program exit, which can leak resources. For more info, please see https://pytorch.org/docs/stable/distributed.html#shutdown (function operator())
[rank7]:[W928 18:57:12.866971652 ProcessGroupNCCL.cpp:1553] Warning: WARNING: destroy_process_group() was not called before program exit, which can leak resources. For more info, please see https://pytorch.org/docs/stable/distributed.html#shutdown (function operator())
[rank6]:[W928 18:57:12.971708417 ProcessGroupNCCL.cpp:1553] Warning: WARNING: destroy_process_group() was not called before program exit, which can leak resources. For more info, please see https://pytorch.org/docs/stable/distributed.html#shutdown (function operator())
[rank5]:[W928 18:57:12.991895586 ProcessGroupNCCL.cpp:1553] Warning: WARNING: destroy_process_group() was not called before program exit, which can leak resources. For more info, please see https://pytorch.org/docs/stable/distributed.html#shutdown (function operator())
[rank4]:[W928 18:57:12.001477572 ProcessGroupNCCL.cpp:1553] Warning: WARNING: destroy_process_group() was not called before program exit, which can leak resources. For more info, please see https://pytorch.org/docs/stable/distributed.html#shutdown (function operator())
2026-09-28 18:57:29.905 | ERROR    | __main__:<module>:299 - An error has been caught in function '<module>', process 'MainProcess' (1962477), thread 'MainThread' (140530942363456):
Traceback (most recent call last):

  File "/share/project/eai_pwm/home/hcr/repos/cosmos-kernel-profiler/profile_hook.py", line 152, in maybe_enable_profiling
    yield profiler
          └ <torch.profiler.profiler.profile object at 0x7fcae912f770>

  File "/share/project/eai_pwm/home/hcr/worktrees/cosmos-vlm-kernel-20260928/cosmos_framework/trainer/__init__.py", line 391, in train
    output_batch, loss, grad_accum_iter = self.training_step(
    │             │                       │    └ <function ImaginaireTrainer.training_step at 0x7fcc50a00ea0>
    │             │                       └ <cosmos_framework.trainer.ImaginaireTrainer object at 0x7fcbe723d160>
    │             └ tensor(2.4222, device='cuda:0', grad_fn=<MulBackward0>)
    └ {'loss': tensor(2.4222, device='cuda:0', grad_fn=<MulBackward0>), 'cross_entropy_loss': tensor(2.4222, device='cuda:0'), 'lab...

  File "/share/project/eai_pwm/home/hcr/worktrees/cosmos-vlm-kernel-20260928/cosmos_framework/trainer/__init__.py", line 494, in training_step
    update = self._loss_normalization_window.normalize_gradients(
             │    │                          └ <function LossNormalizationWindow.normalize_gradients at 0x7fcc5097e340>
             │    └ LossNormalizationWindow(enabled=True, weight=tensor(294., device='cuda:0'), loss_sum=tensor(514.1270, device='cuda:0'), micro...
             └ <cosmos_framework.trainer.ImaginaireTrainer object at 0x7fcbe723d160>

  File "/share/project/eai_pwm/home/hcr/venv/cosmos-framework-pwm-cu130-train/lib/python3.13/site-packages/torch/utils/_contextlib.py", line 124, in decorate_context
    return func(*args, **kwargs)
           │     │       └ {}
           │     └ (LossNormalizationWindow(enabled=True, weight=tensor(294., device='cuda:0'), loss_sum=tensor(514.1270, device='cuda:0'), micr...
           └ <function LossNormalizationWindow.normalize_gradients at 0x7fcc5097e2a0>

  File "/share/project/eai_pwm/home/hcr/worktrees/cosmos-vlm-kernel-20260928/cosmos_framework/trainer/loss_normalization.py", line 49, in normalize_gradients
    denominator = float(self.weight)
                        │    └ tensor(294., device='cuda:0')
                        └ LossNormalizationWindow(enabled=True, weight=tensor(294., device='cuda:0'), loss_sum=tensor(514.1270, device='cuda:0'), micro...

  File "/share/project/eai_pwm/home/hcr/venv/cosmos-framework-pwm-cu130-train/lib/python3.13/site-packages/torch/utils/data/_utils/signal_handling.py", line 73, in handler
    _error_if_any_worker_fails()
    └ <built-in function _error_if_any_worker_fails>

RuntimeError: DataLoader worker (pid 1966832) is killed by signal: Terminated. 


During handling of the above exception, another exception occurred:


Traceback (most recent call last):

  File "/share/project/eai_pwm/home/hcr/repos/cosmos-kernel-profiler/run_profile.py", line 88, in <module>
    main()
    └ <function main at 0x7fcfe8ddd9e0>

  File "/share/project/eai_pwm/home/hcr/repos/cosmos-kernel-profiler/run_profile.py", line 82, in main
    runpy.run_module("cosmos_framework.scripts.train", run_name="__main__")
    │     └ <function run_module at 0x7fcfe87f1760>
    └ <module 'runpy' (frozen)>

  File "<frozen runpy>", line 234, in run_module
  File "<frozen runpy>", line 88, in _run_code

> File "/share/project/eai_pwm/home/hcr/worktrees/cosmos-vlm-kernel-20260928/cosmos_framework/scripts/train.py", line 299, in <module>
    launch(config, args)
    │      │       └ Namespace(sft_toml='/share/project/eai_pwm/home/hcr/repos/cosmos-kernel-profiler/runs/vlm_capture001/recipe.toml', opts=['--'...
    │      └ Config(model={'config': {'tokenizer': {'bucket_name': '', 'object_store_credential_path_pretrained': '', 'vae_path': 'pretrai...
    └ <function launch at 0x7fcbf82d9c60>

  File "/share/project/eai_pwm/home/hcr/worktrees/cosmos-vlm-kernel-20260928/cosmos_framework/utils/training_telemetry/telemetry.py", line 65, in wrapper
    return func(config, *args, **kwargs)
           │    │        │       └ {}
           │    │        └ (Namespace(sft_toml='/share/project/eai_pwm/home/hcr/repos/cosmos-kernel-profiler/runs/vlm_capture001/recipe.toml', opts=['--...
           │    └ Config(model={'config': {'tokenizer': {'bucket_name': '', 'object_store_credential_path_pretrained': '', 'vae_path': 'pretrai...
           └ <function launch at 0x7fcbf829f380>

  File "/share/project/eai_pwm/home/hcr/worktrees/cosmos-vlm-kernel-20260928/cosmos_framework/scripts/train.py", line 221, in launch
    trainer.train(
    │       └ <function ImaginaireTrainer.train at 0x7fcc50a00e00>
    └ <cosmos_framework.trainer.ImaginaireTrainer object at 0x7fcbe723d160>

  File "/share/project/eai_pwm/home/hcr/worktrees/cosmos-vlm-kernel-20260928/cosmos_framework/trainer/__init__.py", line 349, in train
    maybe_enable_profiling(self.config, global_step=iteration) as torch_profiler,
    │                      │    │                   │             └ <torch.profiler.profiler.profile object at 0x7fcae912f770>
    │                      │    │                   └ 23
    │                      │    └ Config(model={'config': {'tokenizer': {'bucket_name': '', 'object_store_credential_path_pretrained': '', 'vae_path': 'pretrai...
    │                      └ <cosmos_framework.trainer.ImaginaireTrainer object at 0x7fcbe723d160>
    └ <function maybe_enable_profiling at 0x7fcf148d1da0>

  File "/share/project/eai_pwm/home/hcr/venv/uv-python/cpython-3.13.14-linux-x86_64-gnu/lib/python3.13/contextlib.py", line 162, in __exit__
    self.gen.throw(value)
    │    │   │     └ RuntimeError('DataLoader worker (pid 1966832) is killed by signal: Terminated. ')
    │    │   └ <method 'throw' of 'generator' objects>
    │    └ <generator object maybe_enable_profiling at 0x7fcae912fa00>
    └ <contextlib._GeneratorContextManager object at 0x7fcae92f6eb0>

  File "/share/project/eai_pwm/home/hcr/repos/cosmos-kernel-profiler/profile_hook.py", line 139, in maybe_enable_profiling
    with torch.profiler.profile(
         │     │        └ <class 'torch.profiler.profiler.profile'>
         │     └ <module 'torch.profiler' from '/share/project/eai_pwm/home/hcr/venv/cosmos-framework-pwm-cu130-train/lib/python3.13/site-pack...
         └ <module 'torch' from '/share/project/eai_pwm/home/hcr/venv/cosmos-framework-pwm-cu130-train/lib/python3.13/site-packages/torc...

  File "/share/project/eai_pwm/home/hcr/venv/cosmos-framework-pwm-cu130-train/lib/python3.13/site-packages/torch/profiler/profiler.py", line 854, in __exit__
    self.stop()
    │    └ <function profile.stop at 0x7fcf15961080>
    └ <torch.profiler.profiler.profile object at 0x7fcae912f770>
  File "/share/project/eai_pwm/home/hcr/venv/cosmos-framework-pwm-cu130-train/lib/python3.13/site-packages/torch/profiler/profiler.py", line 870, in stop
    self._transit_action(self.current_action, None)
    │    │               │    └ <ProfilerAction.RECORD: 2>
    │    │               └ <torch.profiler.profiler.profile object at 0x7fcae912f770>
    │    └ <function profile._transit_action at 0x7fcf159613a0>
    └ <torch.profiler.profiler.profile object at 0x7fcae912f770>
  File "/share/project/eai_pwm/home/hcr/venv/cosmos-framework-pwm-cu130-train/lib/python3.13/site-packages/torch/profiler/profiler.py", line 916, in _transit_action
    action()
    └ <bound method _KinetoProfile.stop_trace of <torch.profiler.profiler.profile object at 0x7fcae912f770>>
  File "/share/project/eai_pwm/home/hcr/venv/cosmos-framework-pwm-cu130-train/lib/python3.13/site-packages/torch/profiler/profiler.py", line 276, in stop_trace
    self.profiler.__exit__(None, None, None)
    │    │        └ <function profile.__exit__ at 0x7fcf1646b9c0>
    │    └ []
    └ <torch.profiler.profiler.profile object at 0x7fcae912f770>
  File "/share/project/eai_pwm/home/hcr/venv/cosmos-framework-pwm-cu130-train/lib/python3.13/site-packages/torch/autograd/profiler.py", line 401, in __exit__
    self.kineto_results = _disable_profiler()
    │    │                └ <built-in method _disable_profiler of pybind11_builtins.pybind11_detail_function_record_v1_system_libstdcpp_gxx_abi_1xxx_use_...
    │    └ None
    └ []
  File "/share/project/eai_pwm/home/hcr/venv/cosmos-framework-pwm-cu130-train/lib/python3.13/site-packages/torch/utils/data/_utils/signal_handling.py", line 73, in handler
    _error_if_any_worker_fails()
    └ <built-in function _error_if_any_worker_fails>

RuntimeError: DataLoader worker (pid 1966688) is killed by signal: Terminated. 
[rank0]: Traceback (most recent call last):
[rank0]:   File "/share/project/eai_pwm/home/hcr/repos/cosmos-kernel-profiler/profile_hook.py", line 152, in maybe_enable_profiling
[rank0]:     yield profiler
[rank0]:   File "/share/project/eai_pwm/home/hcr/worktrees/cosmos-vlm-kernel-20260928/cosmos_framework/trainer/__init__.py", line 391, in train
[rank0]:     output_batch, loss, grad_accum_iter = self.training_step(
[rank0]:                                           ~~~~~~~~~~~~~~~~~~^
[rank0]:         model_ddp,
[rank0]:         ^^^^^^^^^^
[rank0]:     ...<5 lines>...
[rank0]:         grad_accum_iter=grad_accum_iter,
[rank0]:         ^^^^^^^^^^^^^^^^^^^^^^^^^^^^^^^^
[rank0]:     )
[rank0]:     ^
[rank0]:   File "/share/project/eai_pwm/home/hcr/worktrees/cosmos-vlm-kernel-20260928/cosmos_framework/trainer/__init__.py", line 494, in training_step
[rank0]:     update = self._loss_normalization_window.normalize_gradients(
[rank0]:         model.parameters(), self.config.trainer.grad_accum_iter
[rank0]:     )
[rank0]:   File "/share/project/eai_pwm/home/hcr/venv/cosmos-framework-pwm-cu130-train/lib/python3.13/site-packages/torch/utils/_contextlib.py", line 124, in decorate_context
[rank0]:     return func(*args, **kwargs)
[rank0]:   File "/share/project/eai_pwm/home/hcr/worktrees/cosmos-vlm-kernel-20260928/cosmos_framework/trainer/loss_normalization.py", line 49, in normalize_gradients
[rank0]:     denominator = float(self.weight)
[rank0]:   File "/share/project/eai_pwm/home/hcr/venv/cosmos-framework-pwm-cu130-train/lib/python3.13/site-packages/torch/utils/data/_utils/signal_handling.py", line 73, in handler
[rank0]:     _error_if_any_worker_fails()
[rank0]:     ~~~~~~~~~~~~~~~~~~~~~~~~~~^^
[rank0]: RuntimeError: DataLoader worker (pid 1966832) is killed by signal: Terminated. 

[rank0]: During handling of the above exception, another exception occurred:

[rank0]: Traceback (most recent call last):
[rank0]:   File "/share/project/eai_pwm/home/hcr/repos/cosmos-kernel-profiler/run_profile.py", line 88, in <module>
[rank0]:     trainer.maybe_enable_profiling = maybe_enable_profiling
[rank0]:     ^^^^^^
[rank0]:   File "/share/project/eai_pwm/home/hcr/repos/cosmos-kernel-profiler/run_profile.py", line 82, in main
[rank0]:     if (
[rank0]:     
[rank0]:   File "<frozen runpy>", line 234, in run_module
[rank0]:   File "<frozen runpy>", line 88, in _run_code
[rank0]:   File "/share/project/eai_pwm/home/hcr/worktrees/cosmos-vlm-kernel-20260928/cosmos_framework/scripts/train.py", line 299, in <module>
[rank0]:     launch(config, args)
[rank0]:     ~~~~~~^^^^^^^^^^^^^^
[rank0]:   File "/share/project/eai_pwm/home/hcr/venv/cosmos-framework-pwm-cu130-train/lib/python3.13/site-packages/loguru/_logger.py", line 1297, in catch_wrapper
[rank0]:     return function(*args, **kwargs)
[rank0]:   File "/share/project/eai_pwm/home/hcr/worktrees/cosmos-vlm-kernel-20260928/cosmos_framework/utils/training_telemetry/telemetry.py", line 65, in wrapper
[rank0]:     return func(config, *args, **kwargs)
[rank0]:   File "/share/project/eai_pwm/home/hcr/worktrees/cosmos-vlm-kernel-20260928/cosmos_framework/scripts/train.py", line 221, in launch
[rank0]:     trainer.train(
[rank0]:     ~~~~~~~~~~~~~^
[rank0]:         model,
[rank0]:         ^^^^^^
[rank0]:         dataloader_train,
[rank0]:         ^^^^^^^^^^^^^^^^^
[rank0]:         dataloader_val,
[rank0]:         ^^^^^^^^^^^^^^^
[rank0]:     )
[rank0]:     ^
[rank0]:   File "/share/project/eai_pwm/home/hcr/worktrees/cosmos-vlm-kernel-20260928/cosmos_framework/trainer/__init__.py", line 349, in train
[rank0]:     maybe_enable_profiling(self.config, global_step=iteration) as torch_profiler,
[rank0]:     ~~~~~~~~~~~~~~~~~~~~~~^^^^^^^^^^^^^^^^^^^^^^^^^^^^^^^^^^^^
[rank0]:   File "/share/project/eai_pwm/home/hcr/venv/uv-python/cpython-3.13.14-linux-x86_64-gnu/lib/python3.13/contextlib.py", line 162, in __exit__
[rank0]:     self.gen.throw(value)
[rank0]:     ~~~~~~~~~~~~~~^^^^^^^
[rank0]:   File "/share/project/eai_pwm/home/hcr/repos/cosmos-kernel-profiler/profile_hook.py", line 139, in maybe_enable_profiling
[rank0]:     with torch.profiler.profile(
[rank0]:          ~~~~~~~~~~~~~~~~~~~~~~^
[rank0]:         activities=[
[rank0]:         ^^^^^^^^^^^^
[rank0]:     ...<8 lines>...
[rank0]:         with_modules=settings.with_modules,
[rank0]:         ^^^^^^^^^^^^^^^^^^^^^^^^^^^^^^^^^^^
[rank0]:     ) as profiler:
[rank0]:     ^
[rank0]:   File "/share/project/eai_pwm/home/hcr/venv/cosmos-framework-pwm-cu130-train/lib/python3.13/site-packages/torch/profiler/profiler.py", line 854, in __exit__
[rank0]:     self.stop()
[rank0]:     ~~~~~~~~~^^
[rank0]:   File "/share/project/eai_pwm/home/hcr/venv/cosmos-framework-pwm-cu130-train/lib/python3.13/site-packages/torch/profiler/profiler.py", line 870, in stop
[rank0]:     self._transit_action(self.current_action, None)
[rank0]:     ~~~~~~~~~~~~~~~~~~~~^^^^^^^^^^^^^^^^^^^^^^^^^^^
[rank0]:   File "/share/project/eai_pwm/home/hcr/venv/cosmos-framework-pwm-cu130-train/lib/python3.13/site-packages/torch/profiler/profiler.py", line 916, in _transit_action
[rank0]:     action()
[rank0]:     ~~~~~~^^
[rank0]:   File "/share/project/eai_pwm/home/hcr/venv/cosmos-framework-pwm-cu130-train/lib/python3.13/site-packages/torch/profiler/profiler.py", line 276, in stop_trace
[rank0]:     self.profiler.__exit__(None, None, None)
[rank0]:     ~~~~~~~~~~~~~~~~~~~~~~^^^^^^^^^^^^^^^^^^
[rank0]:   File "/share/project/eai_pwm/home/hcr/venv/cosmos-framework-pwm-cu130-train/lib/python3.13/site-packages/torch/autograd/profiler.py", line 401, in __exit__
[rank0]:     self.kineto_results = _disable_profiler()
[rank0]:                           ~~~~~~~~~~~~~~~~~^^
[rank0]:   File "/share/project/eai_pwm/home/hcr/venv/cosmos-framework-pwm-cu130-train/lib/python3.13/site-packages/torch/utils/data/_utils/signal_handling.py", line 73, in handler
[rank0]:     _error_if_any_worker_fails()
[rank0]:     ~~~~~~~~~~~~~~~~~~~~~~~~~~^^
[rank0]: RuntimeError: DataLoader worker (pid 1966688) is killed by signal: Terminated. 
[rank0]:[W928 18:57:31.577643742 ProcessGroupNCCL.cpp:1553] Warning: WARNING: destroy_process_group() was not called before program exit, which can leak resources. For more info, please see https://pytorch.org/docs/stable/distributed.html#shutdown (function operator())
W0928 18:57:37.945000 1962102 torch/distributed/elastic/multiprocessing/api.py:1029] Unable to shutdown process 1962477 via 15, forcefully exiting via 9
Traceback (most recent call last):
  File "<frozen runpy>", line 203, in _run_module_as_main
  File "<frozen runpy>", line 88, in _run_code
  File "/share/project/eai_pwm/home/hcr/venv/cosmos-framework-pwm-cu130-train/lib/python3.13/site-packages/torch/distributed/run.py", line 995, in <module>
    main()
    ~~~~^^
  File "/share/project/eai_pwm/home/hcr/venv/cosmos-framework-pwm-cu130-train/lib/python3.13/site-packages/torch/distributed/elastic/multiprocessing/errors/__init__.py", line 362, in wrapper
    return f(*args, **kwargs)
  File "/share/project/eai_pwm/home/hcr/venv/cosmos-framework-pwm-cu130-train/lib/python3.13/site-packages/torch/distributed/run.py", line 991, in main
    run(args)
    ~~~^^^^^^
  File "/share/project/eai_pwm/home/hcr/venv/cosmos-framework-pwm-cu130-train/lib/python3.13/site-packages/torch/distributed/run.py", line 982, in run
    elastic_launch(
    ~~~~~~~~~~~~~~~
        config=config,
        ~~~~~~~~~~~~~~
        entrypoint=cmd,
        ~~~~~~~~~~~~~~~
    )(*cmd_args)
    ~^^^^^^^^^^^
  File "/share/project/eai_pwm/home/hcr/venv/cosmos-framework-pwm-cu130-train/lib/python3.13/site-packages/torch/distributed/launcher/api.py", line 170, in __call__
    return launch_agent(self._config, self._entrypoint, list(args))
  File "/share/project/eai_pwm/home/hcr/venv/cosmos-framework-pwm-cu130-train/lib/python3.13/site-packages/torch/distributed/launcher/api.py", line 308, in launch_agent
    result = agent.run()
  File "/share/project/eai_pwm/home/hcr/venv/cosmos-framework-pwm-cu130-train/lib/python3.13/site-packages/torch/distributed/elastic/metrics/api.py", line 134, in wrapper
    result = f(*args, **kwargs)
  File "/share/project/eai_pwm/home/hcr/venv/cosmos-framework-pwm-cu130-train/lib/python3.13/site-packages/torch/distributed/elastic/agent/server/api.py", line 731, in run
    result = self._invoke_run(role)
  File "/share/project/eai_pwm/home/hcr/venv/cosmos-framework-pwm-cu130-train/lib/python3.13/site-packages/torch/distributed/elastic/agent/server/api.py", line 908, in _invoke_run
    time.sleep(monitor_interval)
    ~~~~~~~~~~^^^^^^^^^^^^^^^^^^
  File "/share/project/eai_pwm/home/hcr/venv/cosmos-framework-pwm-cu130-train/lib/python3.13/site-packages/torch/distributed/elastic/multiprocessing/api.py", line 86, in _terminate_process_handler
    raise SignalException(f"Process {os.getpid()} got signal: {sigval}", sigval=sigval)
torch.distributed.elastic.multiprocessing.api.SignalException: Process 1962102 got signal: 15
