2026-09-24 16:20:13.990 | DEBUG    | cosmos_framework.utils.config:_load_py_config:596 - get_config_module: took 0.08ms
2026-09-24 16:20:14.262 | DEBUG    | cosmos_framework.utils.config:_load_py_config:596 - get_config_module: took 0.07ms
2026-09-24 16:20:14.371 | DEBUG    | cosmos_framework.utils.config:_load_py_config:596 - get_config_module: took 0.07ms
2026-09-24 16:20:15.091 | DEBUG    | cosmos_framework.utils.config:_load_py_config:596 - get_config_module: took 0.07ms
2026-09-24 16:20:15.117 | DEBUG    | cosmos_framework.utils.config:_load_py_config:596 - get_config_module: took 0.08ms
2026-09-24 16:20:15.141 | DEBUG    | cosmos_framework.utils.config:_load_py_config:596 - get_config_module: took 0.08ms
2026-09-24 16:20:15.146 | DEBUG    | cosmos_framework.utils.config:_load_py_config:596 - get_config_module: took 0.06ms
2026-09-24 16:20:15.202 | DEBUG    | cosmos_framework.utils.config:_load_py_config:596 - get_config_module: took 0.08ms
Unable to import `torchao` Tensor objects. This may affect loading checkpoints serialized with `torchao`
Unable to import `torchao` Tensor objects. This may affect loading checkpoints serialized with `torchao`
Unable to import `torchao` Tensor objects. This may affect loading checkpoints serialized with `torchao`
Unable to import `torchao` Tensor objects. This may affect loading checkpoints serialized with `torchao`
Unable to import `torchao` Tensor objects. This may affect loading checkpoints serialized with `torchao`
Unable to import `torchao` Tensor objects. This may affect loading checkpoints serialized with `torchao`
Unable to import `torchao` Tensor objects. This may affect loading checkpoints serialized with `torchao`
Unable to import `torchao` Tensor objects. This may affect loading checkpoints serialized with `torchao`
2026-09-24 16:20:22.277 | DEBUG    | cosmos_framework.utils.config:_load_py_config:601 - importlib.import_module: took 8286.38ms
2026-09-24 16:20:22.327 | DEBUG    | cosmos_framework.utils.config:_load_py_config:601 - importlib.import_module: took 7955.28ms
2026-09-24 16:20:22.329 | DEBUG    | cosmos_framework.utils.config:_load_py_config:601 - importlib.import_module: took 8066.64ms
2026-09-24 16:20:22.773 | DEBUG    | cosmos_framework.utils.config:_load_py_config:606 - override: took 495.15ms
2026-09-24 16:20:22.773 | DEBUG    | cosmos_framework.utils.config:load_config:585 - total time to load config: 8860.01ms
2026-09-24 16:20:22.845 | DEBUG    | cosmos_framework.utils.config:_load_py_config:606 - override: took 516.33ms
2026-09-24 16:20:22.845 | DEBUG    | cosmos_framework.utils.config:load_config:585 - total time to load config: 8645.01ms
2026-09-24 16:20:22.876 | DEBUG    | cosmos_framework.utils.config:_load_py_config:606 - override: took 549.30ms
2026-09-24 16:20:22.877 | DEBUG    | cosmos_framework.utils.config:load_config:585 - total time to load config: 8578.81ms
2026-09-24 16:20:23.319 | DEBUG    | cosmos_framework.utils.config:_load_py_config:601 - importlib.import_module: took 8116.52ms
2026-09-24 16:20:23.328 | DEBUG    | cosmos_framework.utils.config:_load_py_config:601 - importlib.import_module: took 8186.67ms
2026-09-24 16:20:23.328 | DEBUG    | cosmos_framework.utils.config:_load_py_config:601 - importlib.import_module: took 8210.85ms
2026-09-24 16:20:23.337 | DEBUG    | cosmos_framework.utils.config:_load_py_config:601 - importlib.import_module: took 8246.33ms
2026-09-24 16:20:23.367 | DEBUG    | cosmos_framework.utils.config:_load_py_config:601 - importlib.import_module: took 8221.45ms
2026-09-24 16:20:23.790 | DEBUG    | cosmos_framework.utils.config:_load_py_config:606 - override: took 471.09ms
2026-09-24 16:20:23.790 | DEBUG    | cosmos_framework.utils.config:load_config:585 - total time to load config: 8655.06ms
2026-09-24 16:20:23.821 | DEBUG    | cosmos_framework.utils.config:_load_py_config:606 - override: took 492.31ms
2026-09-24 16:20:23.821 | DEBUG    | cosmos_framework.utils.config:load_config:585 - total time to load config: 8768.50ms
2026-09-24 16:20:23.821 | DEBUG    | cosmos_framework.utils.config:_load_py_config:606 - override: took 483.93ms
2026-09-24 16:20:23.822 | DEBUG    | cosmos_framework.utils.config:load_config:585 - total time to load config: 8794.26ms
2026-09-24 16:20:23.826 | DEBUG    | cosmos_framework.utils.config:_load_py_config:606 - override: took 497.79ms
2026-09-24 16:20:23.826 | DEBUG    | cosmos_framework.utils.config:load_config:585 - total time to load config: 8753.66ms
2026-09-24 16:20:23.826 | DEBUG    | cosmos_framework.utils.config:_load_py_config:606 - override: took 458.48ms
2026-09-24 16:20:23.826 | DEBUG    | cosmos_framework.utils.config:load_config:585 - total time to load config: 8753.98ms
[09-24 16:20:23|INFO] [RANK 1] Set default NCCL subgroup timeout to 1800 seconds
[09-24 16:20:23|CRITICAL] [RANK 1] Initialized distributed training with local rank 1 using nccl with timeout 1800
[09-24 16:20:23|INFO] [RANK 2] Set default NCCL subgroup timeout to 1800 seconds
[09-24 16:20:23|INFO] [RANK 6] Set default NCCL subgroup timeout to 1800 seconds
[09-24 16:20:23|CRITICAL] [RANK 6] Initialized distributed training with local rank 6 using nccl with timeout 1800
[09-24 16:20:23|CRITICAL] [RANK 2] Initialized distributed training with local rank 2 using nccl with timeout 1800
[09-24 16:20:24|INFO] Heimdall telemetry is disabled, if using Heimdall,consider setting ENABLE_TELEMETRY=true to enable it
[09-24 16:20:25|INFO] [RANK 4] Set default NCCL subgroup timeout to 1800 seconds
[09-24 16:20:25|CRITICAL] [RANK 4] Initialized distributed training with local rank 4 using nccl with timeout 1800
[09-24 16:20:25|INFO] [RANK 7] Set default NCCL subgroup timeout to 1800 seconds
[09-24 16:20:25|CRITICAL] [RANK 7] Initialized distributed training with local rank 7 using nccl with timeout 1800
[09-24 16:20:25|INFO] [RANK 5] Set default NCCL subgroup timeout to 1800 seconds
[09-24 16:20:25|CRITICAL] [RANK 5] Initialized distributed training with local rank 5 using nccl with timeout 1800
[09-24 16:20:25|INFO] [RANK 3] Set default NCCL subgroup timeout to 1800 seconds
[09-24 16:20:25|INFO] [RANK 0] Set default NCCL subgroup timeout to 1800 seconds
[09-24 16:20:25|CRITICAL] [RANK 3] Initialized distributed training with local rank 3 using nccl with timeout 1800
[09-24 16:20:25|CRITICAL] [RANK 0] Initialized distributed training with local rank 0 using nccl with timeout 1800
[09-24 16:20:25|INFO] Training with 8 GPUs.
[09-24 16:20:25|INFO] Time spent on init_distributed: 1.39 s
NCCL version 2.29.7+cuda13.2
[09-24 16:20:30|INFO] [RANK 1] PyTorch compile cache directory: /share/project/eai_pwm/home/hcr/worktrees/cosmos-framework-pwm-load-balance/plans/v0.2.3c_kernel_list/runs/usr_capture005/cache/inductor/rank1
[09-24 16:20:30|INFO] [RANK 6] PyTorch compile cache directory: /share/project/eai_pwm/home/hcr/worktrees/cosmos-framework-pwm-load-balance/plans/v0.2.3c_kernel_list/runs/usr_capture005/cache/inductor/rank6
[09-24 16:20:30|INFO] [RANK 2] PyTorch compile cache directory: /share/project/eai_pwm/home/hcr/worktrees/cosmos-framework-pwm-load-balance/plans/v0.2.3c_kernel_list/runs/usr_capture005/cache/inductor/rank2
[09-24 16:20:30|INFO] [RANK 5] PyTorch compile cache directory: /share/project/eai_pwm/home/hcr/worktrees/cosmos-framework-pwm-load-balance/plans/v0.2.3c_kernel_list/runs/usr_capture005/cache/inductor/rank5
[09-24 16:20:30|INFO] [RANK 0] PyTorch compile cache directory: /share/project/eai_pwm/home/hcr/worktrees/cosmos-framework-pwm-load-balance/plans/v0.2.3c_kernel_list/runs/usr_capture005/cache/inductor/rank0
[09-24 16:20:30|INFO] Time spent on init_distributed: 0.00 s
[09-24 16:20:30|INFO] [RANK 4] PyTorch compile cache directory: /share/project/eai_pwm/home/hcr/worktrees/cosmos-framework-pwm-load-balance/plans/v0.2.3c_kernel_list/runs/usr_capture005/cache/inductor/rank4
[09-24 16:20:30|INFO] [RANK 3] PyTorch compile cache directory: /share/project/eai_pwm/home/hcr/worktrees/cosmos-framework-pwm-load-balance/plans/v0.2.3c_kernel_list/runs/usr_capture005/cache/inductor/rank3
[09-24 16:20:30|INFO] [RANK 7] PyTorch compile cache directory: /share/project/eai_pwm/home/hcr/worktrees/cosmos-framework-pwm-load-balance/plans/v0.2.3c_kernel_list/runs/usr_capture005/cache/inductor/rank7
Config is saved using pickle at /share/project/eai_pwm/home/hcr/worktrees/cosmos-framework-pwm-load-balance/plans/v0.2.3c_kernel_list/runs/usr_capture005/job/kernel-list/v0.2.3c/profile/config.pkl.
Config is saved using omegaconf at /share/project/eai_pwm/home/hcr/worktrees/cosmos-framework-pwm-load-balance/plans/v0.2.3c_kernel_list/runs/usr_capture005/job/kernel-list/v0.2.3c/profile/config.yaml.
/usr/local/lib/python3.12/dist-packages/torch/distributed/c10d_logger.py:83: UserWarning: barrier(): using the device under current context. You can specify `device_id` in `init_process_group` to mute this warning.
  return func(*args, **kwargs)
[09-24 16:20:30|INFO] Environment variable HF_HOME: /share/project/eai_pwm/home/hcr/worktrees/cosmos-framework-pwm-load-balance/plans/v0.2.3c_kernel_list/runs/usr_capture005/cache/huggingface
[09-24 16:20:30|INFO] Environment variable IMAGINAIRE_OUTPUT_ROOT: /share/project/eai_pwm/home/hcr/worktrees/cosmos-framework-pwm-load-balance/plans/v0.2.3c_kernel_list/runs/usr_capture005/job
[09-24 16:20:30|INFO] Using random seed 42.
[09-24 16:20:30|CRITICAL] Instantiating callback iter_speed: {'hit_thres': 50, 'save_s3': False, 'save_s3_every_log_n': 500, 'every_n': 1, '_target_': <class 'cosmos_framework.callbacks.iter_speed.IterSpeed'>}
[09-24 16:20:30|CRITICAL] Instantiating callback manual_gc: {'warm_up': 1, 'gc_level': 1, 'every_n': 5, '_target_': <class 'cosmos_framework.callbacks.manual_gc.ManualGarbageCollection'>}
[09-24 16:20:30|CRITICAL] Instantiating callback wandb: {'config': None, 'trainer': None, '_target_': <class 'cosmos_framework.utils.callback.WandBCallback'>}
[09-24 16:20:30|CRITICAL] Instantiating callback wandb_2x: {'logging_iter_multipler': 2, 'save_logging_iter_multipler': 1, 'save_s3': False, '_target_': <class 'cosmos_framework.callbacks.wandb_log.WandbCallback'>}
[09-24 16:20:30|CRITICAL] Instantiating callback param_count: {'save_s3': False, '_target_': <class 'cosmos_framework.callbacks.param_count.ParamCount'>}
[09-24 16:20:30|CRITICAL] Instantiating callback wandb_val: {'save_s3': False, '_target_': <class 'cosmos_framework.callbacks.wandb_log_eval.WandbCallback'>}
[09-24 16:20:30|CRITICAL] Instantiating callback moe_stability: {'every_n': 250, '_target_': <class 'cosmos_framework.callbacks.moe_stability_callback.MoEStabilityCallback'>}
[09-24 16:20:30|CRITICAL] Instantiating callback moe_specialization: {'every_n': 250, '_target_': <class 'cosmos_framework.callbacks.moe_specialization_callback.MoESpecializationCallback'>}
[09-24 16:20:30|CRITICAL] Instantiating callback moe_router_geometry: {'every_n': 250, '_target_': <class 'cosmos_framework.callbacks.moe_specialization_callback.MoERouterGeometryCallback'>}
[09-24 16:20:30|CRITICAL] Instantiating callback parameter_geometry: {'every_n': 250, '_target_': <class 'cosmos_framework.callbacks.parameter_geometry_callback.ParameterGeometryCallback'>}
[09-24 16:20:30|CRITICAL] Instantiating callback expert_heatmap: {'every_n': 1000, '_target_': <class 'cosmos_framework.callbacks.expert_heatmap.ExpertHeatmap'>}
[09-24 16:20:30|CRITICAL] Instantiating callback load_pretrained: {'config': None, 'trainer': None, '_target_': <class 'cosmos_framework.callbacks.load_pretrained.LoadPretrained'>}
[09-24 16:20:30|CRITICAL] Instantiating callback norm_monitor: {'every_n': 100, 'step_size': 1, 'layer_norm_only': False, 'model_key': None, 'log_stat_wandb': True, 'save_s3': False, 'track_activations': True, '_target_': <class 'cosmos_framework.callbacks.norm_monitor.NormMonitor'>}
[09-24 16:20:30|CRITICAL] Instantiating callback sigma_loss_analysis: {'every_n': 500, 'every_n_viz': 500, 'save_s3': False, '_target_': <class 'cosmos_framework.callbacks.sigma_loss_analysis.SigmaLossAnalysis'>}
[09-24 16:20:30|CRITICAL] Instantiating callback sequence_packing_padding: {'every_n': 50, '_target_': <class 'cosmos_framework.callbacks.sequence_packing_padding.SequencePackingPadding'>}
[09-24 16:20:30|CRITICAL] Instantiating callback sampled_media: {'enabled': False, 'output_uri': '/share/project/eai_pwm/home/hcr/worktrees/cosmos-framework-pwm-load-balance/plans/v0.2.3c_kernel_list/runs/usr_capture005/job/kernel-list/v0.2.3c/profile/sampled_media.lance', 'creds_path': None, 'flush_every_n_batches': 100, 'record_caption': False, '_target_': <class 'cosmos_framework.callbacks.sampled_media_recorder.SampledMediaRecorder'>}
[09-24 16:20:30|CRITICAL] Instantiating callback load_balance_trace: {'enabled': False, 'output_dir': '/share/project/eai_pwm/home/hcr/worktrees/cosmos-framework-pwm-load-balance/plans/v0.2.3c_kernel_list/runs/usr_capture005/job/kernel-list/v0.2.3c/profile/load_balance_trace', 'flush_every_n_batches': 100, 'record_cuda_timing': True, 'max_samples_per_record': 64, '_target_': <class 'cosmos_framework.callbacks.load_balance_trace.LoadBalanceTrace'>}
[09-24 16:20:30|CRITICAL] Instantiating callback mfu: {'backwardpass_ratio': 2.0, 'hit_thres': 5, 'include_vae_encoder': True, 'include_padding': True, 'grad_accum_iter': 2, 'every_n': 1, '_target_': <class 'cosmos_framework.callbacks.mfu.MFUCallback'>}
[09-24 16:20:30|CRITICAL] Instantiating callback ofu: {'hit_thres': 5, 'every_n': 1, '_target_': <class 'cosmos_framework.callbacks.ofu.OFUCallback'>}
[09-24 16:20:30|CRITICAL] Instantiating callback skip_nan_step: {'max_consecutive_nan': 100, '_target_': <class 'cosmos_framework.callbacks.skip_nan_step.SkipNaNStep'>}
[09-24 16:20:30|CRITICAL] Instantiating callback grad_clip: {'clip_norm': 0.1, 'force_finite': True, 'track_per_modality': True, 'error_if_nonfinite': False, '_target_': <class 'cosmos_framework.callbacks.grad_clip.GradClip'>}
[09-24 16:20:30|CRITICAL] Instantiating callback low_precision: {'update_iter': 1, 'config': None, 'trainer': None, '_target_': <class 'cosmos_framework.utils.callback.LowPrecisionCallback'>}
[09-24 16:20:30|CRITICAL] Instantiating callback heart_beat: {'step_size': 1, 'update_interval_in_minute': 20, 'save_s3': False, 'every_n': 200, '_target_': <class 'cosmos_framework.callbacks.heart_beat.HeartBeat'>}
[09-24 16:20:30|CRITICAL] Instantiating callback device_monitor: {'every_n': 200, 'step_size': 1, 'save_s3': False, 'upload_every_n_mul': 5, 'log_memory_detail': True, '_target_': <class 'cosmos_framework.callbacks.device_monitor.DeviceMonitor'>}
[09-24 16:20:30|CRITICAL] Instantiating callback termination_signal_checkpoint: {'min_save_fraction': 0.3333333333333333, '_target_': <class 'cosmos_framework.callbacks.termination_signal_checkpoint.TerminationSignalCheckpoint'>}
[09-24 16:20:30|CRITICAL] Callback dataloader_speed is missing the '_target_' field. 
 SKip {'every_n': 100, 'save_s3': False, 'step_size': 1}
[09-24 16:20:30|CRITICAL] Callback training_stats is missing the '_target_' field. 
 SKip {'log_freq': 100}
[09-24 16:20:30|CRITICAL] Instantiating callback kernel_phases: {'_target_': 'phase_audit.PhaseAudit'}
[09-24 16:20:30|CRITICAL] Instantiating callback kernel_batches: {'_target_': 'cosmos_framework.callbacks.load_balance_trace.LoadBalanceTrace', 'enabled': True, 'output_dir': '/share/project/eai_pwm/home/hcr/worktrees/cosmos-framework-pwm-load-balance/plans/v0.2.3c_kernel_list/runs/usr_capture005/batches', 'record_cuda_timing': False, 'flush_every_n_batches': 1}
[09-24 16:20:30|CRITICAL] Instantiating callback dataloader_state: {'outer_loader': None, '_target_': <class 'cosmos_framework.callbacks.cosmos_dataloader_state.JointCosmosDataLoaderStateCallback'>}
[09-24 16:20:30|WARNING] S3 credentials not found. Skipping easy_io S3 setup.
[09-24 16:20:30|WARNING] Job path: kernel-list/v0.2.3c/profile
[09-24 16:20:30|CRITICAL] Job local path: /share/project/eai_pwm/home/hcr/worktrees/cosmos-framework-pwm-load-balance/plans/v0.2.3c_kernel_list/runs/usr_capture005/job/kernel-list/v0.2.3c/profile
[09-24 16:20:30|INFO] OmniMoTModel: config {'tokenizer': {'bucket_name': '', 'object_store_credential_path_pretrained': '', 'vae_path': 'pretrained/tokenizers/video/wan2pt2/Wan2.2_VAE.pth', 'chunk_duration': 93, 'keep_decoder_cache': False, 'use_streaming_encode': False, 'encode_chunk_frames': {'256': 68, '480': 24, '720': 8, '768': 8}, 'encode_exact_durations': None, 'spatial_compression_factor': 16, 'temporal_compression_factor': 4, 'temporal_window': None, 'encode_bucket_multiple': None, 'causal': True, '_target_': <class 'cosmos_framework.model.generator.tokenizers.wan2pt2_vae_4x16x16.Wan2pt2VAEInterface'>}, 'load_vision_tokenizer': False, 'vision_vae_mode': 'offline', 'net': None, 'ema': {'enabled': False, 'rate': 0.1, 'iteration_shift': 0}, 'parallelism': {'data_parallel_shard_degree': 8, 'data_parallel_replicate_degree': 1, 'context_parallel_shard_degree': 1, 'cfg_parallel_shard_degree': 1, 'enable_inference_mode': False, 'fsdp_master_dtype': 'float32', 'fsdp_reduce_dtype': None}, 'attention_io_layout': 'sequence_sharded', 'compile': {'enabled': True, 'compiled_region': 'language', 'compile_dynamic': False, 'use_cuda_graphs': False, 'ar_post_saturation_mode': 'default', 'max_autotune_pointwise': False, 'coordinate_descent_tuning': False, 'mix_order_reduction_split_size': 32}, 'fixed_sequence_length': {'enabled': True, 'understanding_tokens': 0, 'und_tokens': 3072, 'gen_tokens': 98304, 'action_tokens': 0}, 'quantization': {'method': None, 'fp8_granularity': 'per_row', 'include_regex': [], 'exclude_regex': [], 'modelopt_fp8_checkpoint_path': None, 'modelopt_fp8_target_fqns': []}, 'activation_checkpointing': {'mode': 'full', 'save_ops_regex': ['fmha'], 'preserve_rng_state': True, 'determinism_check': 'default'}, 'precision': 'bfloat16', 'lora_enabled': False, 'lora_rank': 16, 'lora_alpha': 32, 'lora_target_modules': 'q_proj_moe_gen,k_proj_moe_gen,v_proj_moe_gen,o_proj_moe_gen', 'rectified_flow_training_config': {'shift': {'256': 3, '480': 5, '720': 10}, 'shift_image': None, 'use_dynamic_shift': False, 'train_time_image_distribution': 'logitnormal', 'train_time_video_distribution': 'waver', 'train_time_action_distribution': 'logitnormal', 'train_time_sound_distribution': 'logitnormal', 'train_time_weight': 'uniform', 'loss_scale': 1.0, 'image_loss_scale': 1.0, 'sound_loss_scale': None, 'use_discrete_rf': False, 'action_loss_weight': 10.0, 'independent_action_schedule': False, 'shift_action': None, 'independent_sound_schedule': False, 'shift_sound': None, 'normalize_loss_by_active': False, 'sample_level_loss_averaging': False}, 'rectified_flow_inference_config': {'scheduler_type': 'unipc', 'num_train_timesteps': 1000, 'shift': 1, 'use_dynamic_shifting': False}, 'fixed_step_sampler_config': None, 'vlm_config': {'model_name': 'Qwen/Qwen3-VL-8B-Instruct', 'safetensors_path': '', 'pretrained_weights': {'enabled': False, 'backbone_path': 's3://bucket0/cosmos3/pretrained/huggingface/Qwen/Qwen3-VL-8B-Instruct/', 'credentials_path': '', 'enable_gcs_patch_in_boto3': True, 'checkpoint_format': None}, 'model_instance': {'config': {'base_config': {'json_file': 'cosmos_framework/model/generator/reasoner/qwen3_vl/configs/Qwen3-VL-8B-Instruct.json', '_target_': <bound method _MoTConfigBase.from_json_file of <class 'cosmos_framework.model.generator.mot.unified_mot.Qwen3VLMoTConfig'>>}, 'freeze_und': False, 'layer_module': 'MoTDecoderLayer', 'qk_norm_for_text': True, 'tie_word_embeddings': True, '_target_': <function create_vlm_config at 0x7f445ce3e660>}, '_target_': <class 'cosmos_framework.model.generator.mot.unified_mot.Qwen3VLTextForCausalLM'>}, 'tokenizer': {'config_variant': 'hf', 'pretrained_model_name': '/share/project/eai_pwm/models/Qwen3-VL-8B-Instruct', '_target_': <function create_qwen2_tokenizer_with_download at 0x7f444fe21a80>}, 'layer_module': 'Qwen2MoTDecoderLayer', 'qk_norm': False, 'tie_word_embeddings': False, 'use_system_prompt': False}, 'diffusion_expert_config': {'timestep_range': 1.0, 'load_weights_from_pretrained': True, 'enable_vision_modality_embeddings': False, 'enable_media_modality_embedding': False, 'patch_spatial': 2, 'max_vae_latent_side_after_patchify': 20, 'enable_fps_modulation': True, 'base_fps': 24, 'sound_base_temporal_compression_factor': None, 'vision_temporal_position_mode': 'latent_index', 'unified_3d_mrope_reset_spatial_ids': True, 'unified_3d_mrope_temporal_modality_margin': 15000}, 'input_video_key': 'video', 'input_video_latent_key': 'video_latent', 'input_image_key': 'images', 'input_caption_key': 'ai_caption', 'gen_loss_scale': 1.0, 'und_loss_scale': 1.0, 'load_vlm_visual': False, 'train_vlm_visual': False, 'state_ch': 48, 'state_t': 300, 'latent_downsample_factor': 16, 'resolution': '480', 'max_num_tokens_after_packing': 101376, 'tower_structure': 'two_tower', 'action_tower_preset': 'full', 'action_tower_init': 'checkpoint', 'action_tower_execution': 'native', 'action_tower_attention_backend': 'auto', 'action_tower_und_short_tokens': 0, 'action_tower_projection_mode': 'routed', 'joint_attn_implementation': 'two_way', 'flex_attention': {'enabled': False, 'backend': 'auto', 'mask': {'noisy_attention_scope': 'all_views'}}, 'natten_parameter_list': None, 'video_temporal_causal': False, 'causal_training_strategy': 'none', 'lbl': {'method': 'local', 'coeff_und': None, 'coeff_gen': None}, 'vision_gen': True, 'predict_text_tokens': False, 'text_loss_weight': 1.0, 'action_gen': False, 'max_action_dim': 64, 'num_embodiment_domains': 32, 'sound_gen': False, 'sound_tokenizer': None, 'sound_dim': None, 'sound_latent_fps': 25, 'enable_input_bias': True, 'log_enc_time_every_n': 100, 'exclude_reasoner_weights_from_checkpoint': False}
[09-24 16:20:30|WARNING] OmniMoTModel: precision torch.bfloat16
[09-24 16:20:31|INFO] Vision tokenizer initialization skipped
[09-24 16:20:31|INFO] Time spent on OmniMoTModel: set_up_tokenizers: 0.22 s
[09-24 16:20:31|INFO] dp_replicate is set to -1, will be automatically determined based on world_size 8 // dp_shard 8.
[09-24 16:20:31|INFO] dp_replicate is set to 1.
[09-24 16:20:31|INFO] Building 2-D device mesh with ['dp_replicate', 'dp_shard'], [1, 8]
[rank1]:W0924 16:20:32.212000 379277 torch/distributed/tensor/_random.py:214] DTensor is synchronizing RNG states of every rank with the state from rank 0. This behavior is deprecated. Please call `torch.manual_seed()` on every rank that participates in SPMD DTensor Operations with the same seed. If using Pipeline Parallelism, each pipeling state would use a different seed, but all ranks belonging to one pipeline stage would use the same seed.
[rank2]:W0924 16:20:32.212000 379278 torch/distributed/tensor/_random.py:214] DTensor is synchronizing RNG states of every rank with the state from rank 0. This behavior is deprecated. Please call `torch.manual_seed()` on every rank that participates in SPMD DTensor Operations with the same seed. If using Pipeline Parallelism, each pipeling state would use a different seed, but all ranks belonging to one pipeline stage would use the same seed.
[rank3]:W0924 16:20:32.231000 379279 torch/distributed/tensor/_random.py:214] DTensor is synchronizing RNG states of every rank with the state from rank 0. This behavior is deprecated. Please call `torch.manual_seed()` on every rank that participates in SPMD DTensor Operations with the same seed. If using Pipeline Parallelism, each pipeling state would use a different seed, but all ranks belonging to one pipeline stage would use the same seed.
[rank7]:W0924 16:20:32.231000 379283 torch/distributed/tensor/_random.py:214] DTensor is synchronizing RNG states of every rank with the state from rank 0. This behavior is deprecated. Please call `torch.manual_seed()` on every rank that participates in SPMD DTensor Operations with the same seed. If using Pipeline Parallelism, each pipeling state would use a different seed, but all ranks belonging to one pipeline stage would use the same seed.
[rank4]:W0924 16:20:32.231000 379280 torch/distributed/tensor/_random.py:214] DTensor is synchronizing RNG states of every rank with the state from rank 0. This behavior is deprecated. Please call `torch.manual_seed()` on every rank that participates in SPMD DTensor Operations with the same seed. If using Pipeline Parallelism, each pipeling state would use a different seed, but all ranks belonging to one pipeline stage would use the same seed.
[rank5]:W0924 16:20:32.232000 379281 torch/distributed/tensor/_random.py:214] DTensor is synchronizing RNG states of every rank with the state from rank 0. This behavior is deprecated. Please call `torch.manual_seed()` on every rank that participates in SPMD DTensor Operations with the same seed. If using Pipeline Parallelism, each pipeling state would use a different seed, but all ranks belonging to one pipeline stage would use the same seed.
[rank6]:W0924 16:20:32.234000 379282 torch/distributed/tensor/_random.py:214] DTensor is synchronizing RNG states of every rank with the state from rank 0. This behavior is deprecated. Please call `torch.manual_seed()` on every rank that participates in SPMD DTensor Operations with the same seed. If using Pipeline Parallelism, each pipeling state would use a different seed, but all ranks belonging to one pipeline stage would use the same seed.
[09-24 16:20:32|INFO] Time spent on meta to cuda and broadcast model states: 0.66 s
[09-24 16:20:32|INFO] Time spent on Creating PyTorch model and ema if enabled: 1.35 s
[09-24 16:20:32|INFO] Time spent on OmniMoTModel: set_up_model: 1.35 s
[09-24 16:20:32|INFO] Time spent on init_model: 1.58 s
[09-24 16:20:33|INFO] Successfully loaded processor from local cache
[09-24 16:20:34|INFO] CosmosDataLoader: using global rank for DP sharding. For FSDP+TP/PP pass parallel_dims= for the correct DP rank.
[09-24 16:20:34|INFO] CosmosDataLoader: using global rank for DP sharding. For FSDP+TP/PP pass parallel_dims= for the correct DP rank.
[09-24 16:20:35|INFO] CosmosDataLoader: using global rank for DP sharding. For FSDP+TP/PP pass parallel_dims= for the correct DP rank.
[09-24 16:20:35|INFO] CosmosDataLoader: using global rank for DP sharding. For FSDP+TP/PP pass parallel_dims= for the correct DP rank.
[09-24 16:20:36|INFO] CosmosDataLoader: using global rank for DP sharding. For FSDP+TP/PP pass parallel_dims= for the correct DP rank.
[09-24 16:20:36|INFO] CosmosDataLoader: using global rank for DP sharding. For FSDP+TP/PP pass parallel_dims= for the correct DP rank.
[09-24 16:20:37|INFO] CosmosDataLoader: using global rank for DP sharding. For FSDP+TP/PP pass parallel_dims= for the correct DP rank.
[09-24 16:20:37|INFO] CosmosDataLoader: using global rank for DP sharding. For FSDP+TP/PP pass parallel_dims= for the correct DP rank.
[09-24 16:20:38|INFO] CosmosDataLoader: using global rank for DP sharding. For FSDP+TP/PP pass parallel_dims= for the correct DP rank.
[09-24 16:20:39|INFO] CosmosDataLoader: using global rank for DP sharding. For FSDP+TP/PP pass parallel_dims= for the correct DP rank.
[09-24 16:20:39|INFO] CosmosDataLoader: using global rank for DP sharding. For FSDP+TP/PP pass parallel_dims= for the correct DP rank.
[09-24 16:20:40|INFO] CosmosDataLoader: using global rank for DP sharding. For FSDP+TP/PP pass parallel_dims= for the correct DP rank.
[09-24 16:20:42|INFO] CosmosDataLoader: using global rank for DP sharding. For FSDP+TP/PP pass parallel_dims= for the correct DP rank.
[09-24 16:20:42|INFO] CosmosDataLoader: using global rank for DP sharding. For FSDP+TP/PP pass parallel_dims= for the correct DP rank.
[09-24 16:20:42|INFO] CosmosDataLoader: using global rank for DP sharding. For FSDP+TP/PP pass parallel_dims= for the correct DP rank.
[09-24 16:20:43|INFO] CosmosDataLoader: using global rank for DP sharding. For FSDP+TP/PP pass parallel_dims= for the correct DP rank.
[09-24 16:20:43|INFO] CosmosDataLoader: using global rank for DP sharding. For FSDP+TP/PP pass parallel_dims= for the correct DP rank.
[09-24 16:20:44|INFO] CosmosDataLoader: using global rank for DP sharding. For FSDP+TP/PP pass parallel_dims= for the correct DP rank.
[09-24 16:20:45|INFO] CosmosDataLoader: using global rank for DP sharding. For FSDP+TP/PP pass parallel_dims= for the correct DP rank.
[09-24 16:20:46|INFO] CosmosDataLoader: using global rank for DP sharding. For FSDP+TP/PP pass parallel_dims= for the correct DP rank.
[09-24 16:20:46|INFO] CosmosDataLoader: using global rank for DP sharding. For FSDP+TP/PP pass parallel_dims= for the correct DP rank.
[09-24 16:20:47|INFO] CosmosDataLoader: using global rank for DP sharding. For FSDP+TP/PP pass parallel_dims= for the correct DP rank.
[09-24 16:20:47|INFO] CosmosDataLoader: using global rank for DP sharding. For FSDP+TP/PP pass parallel_dims= for the correct DP rank.
[09-24 16:20:48|INFO] CosmosDataLoader: using global rank for DP sharding. For FSDP+TP/PP pass parallel_dims= for the correct DP rank.
[09-24 16:20:48|INFO] CosmosDataLoader: using global rank for DP sharding. For FSDP+TP/PP pass parallel_dims= for the correct DP rank.
[09-24 16:20:49|INFO] CosmosDataLoader: using global rank for DP sharding. For FSDP+TP/PP pass parallel_dims= for the correct DP rank.
[09-24 16:20:49|INFO] CosmosDataLoader: using global rank for DP sharding. For FSDP+TP/PP pass parallel_dims= for the correct DP rank.
[09-24 16:20:50|INFO] CosmosDataLoader: using global rank for DP sharding. For FSDP+TP/PP pass parallel_dims= for the correct DP rank.
[09-24 16:20:50|INFO] CosmosDataLoader: using global rank for DP sharding. For FSDP+TP/PP pass parallel_dims= for the correct DP rank.
[09-24 16:20:50|INFO] JointCosmosDataLoader: 29 streams
  agibot-world:0: ratio=4.835e+05 (11.4%)
  agibot-world_lw2030:1: ratio=6.14e+04 (1.4%)
  ego-exo4d:2: ratio=2.146e+04 (0.5%)
  egocentric-10k:3: ratio=2.458e+05 (5.8%)
  egocentric-10k_lw2030:4: ratio=1.362e+04 (0.3%)
  egodex:5: ratio=6.934e+04 (1.6%)
  egodex_lw2030:6: ratio=1.556e+04 (0.4%)
  egolive:7: ratio=3.427e+05 (8.1%)
  egolive_lw2030:8: ratio=7.156e+04 (1.7%)
  egopro:9: ratio=6.607e+04 (1.6%)
  egopro_lw2030:10: ratio=4.671e+04 (1.1%)
  egostandard:11: ratio=6.303e+05 (14.8%)
  egostandard_lw2030:12: ratio=3.471e+05 (8.2%)
  epic-kitchens-55:13: ratio=4326 (0.1%)
  galbot:14: ratio=1.37e+05 (3.2%)
  galbot_lw2030:15: ratio=1.809e+04 (0.4%)
  holoassist:16: ratio=1.697e+04 (0.4%)
  lightwheel:17: ratio=8.396e+05 (19.8%)
  lightwheel_lw2030:18: ratio=2.196e+05 (5.2%)
  openaoe-2000h:19: ratio=1.592e+05 (3.7%)
  openaoe-2000h_lw2030:20: ratio=3.942e+04 (0.9%)
  robocoin:21: ratio=1.07e+05 (2.5%)
  robocoin_lw2030:22: ratio=2.95e+04 (0.7%)
  robomind1:23: ratio=2.272e+04 (0.5%)
  robomind1_lw2030:24: ratio=572 (0.0%)
  robomind2:25: ratio=1.861e+05 (4.4%)
  robomind2_lw2030:26: ratio=2840 (0.1%)
  stereo-550:27: ratio=3.483e+04 (0.8%)
  stereo-550_lw2030:28: ratio=1.353e+04 (0.3%)
[09-24 16:20:50|INFO] Time spent on init_data_loader: 18.26 s
[09-24 16:20:50|INFO] Total tensors: 804, trainable tensors: 804, selected tensors: 405
[09-24 16:20:50|INFO] Building optimizer for mesh 'dp_shard'
[09-24 16:20:50|INFO] Param group (lr=0.0001, WD=True): 405 tensors, 6,965,486,784 elements
[09-24 16:20:50|INFO] Created 1 optimizers
[09-24 16:20:50|INFO] Created 1 schedulers
[09-24 16:20:50|CRITICAL] Resuming ckpt /share/project/eai_pwm/models/Cosmos3-Nano-USR-v2-iter12600-R7-1056-Resume-DCP (warm-start, local) with keys: ['dataloader', 'model', 'optim', 'scheduler', 'trainer']
[09-24 16:20:50|CRITICAL] Start loading checkpoint from /share/project/eai_pwm/models/Cosmos3-Nano-USR-v2-iter12600-R7-1056-Resume-DCP/dataloader
[09-24 16:20:50|INFO] [RANK 0] Checkpoint /share/project/eai_pwm/models/Cosmos3-Nano-USR-v2-iter12600-R7-1056-Resume-DCP/dataloader does not exist, skip loading dataloader.
[09-24 16:20:50|INFO] [RANK 1] Checkpoint /share/project/eai_pwm/models/Cosmos3-Nano-USR-v2-iter12600-R7-1056-Resume-DCP/dataloader does not exist, skip loading dataloader.
[09-24 16:20:50|INFO] [RANK 2] Checkpoint /share/project/eai_pwm/models/Cosmos3-Nano-USR-v2-iter12600-R7-1056-Resume-DCP/dataloader does not exist, skip loading dataloader.
[09-24 16:20:50|INFO] [RANK 4] Checkpoint /share/project/eai_pwm/models/Cosmos3-Nano-USR-v2-iter12600-R7-1056-Resume-DCP/dataloader does not exist, skip loading dataloader.
[09-24 16:20:50|INFO] [RANK 5] Checkpoint /share/project/eai_pwm/models/Cosmos3-Nano-USR-v2-iter12600-R7-1056-Resume-DCP/dataloader does not exist, skip loading dataloader.
[09-24 16:20:50|INFO] [RANK 3] Checkpoint /share/project/eai_pwm/models/Cosmos3-Nano-USR-v2-iter12600-R7-1056-Resume-DCP/dataloader does not exist, skip loading dataloader.
[09-24 16:20:50|INFO] [RANK 7] Checkpoint /share/project/eai_pwm/models/Cosmos3-Nano-USR-v2-iter12600-R7-1056-Resume-DCP/dataloader does not exist, skip loading dataloader.
[09-24 16:20:50|INFO] [RANK 6] Checkpoint /share/project/eai_pwm/models/Cosmos3-Nano-USR-v2-iter12600-R7-1056-Resume-DCP/dataloader does not exist, skip loading dataloader.
[09-24 16:20:50|CRITICAL] Start loading checkpoint from /share/project/eai_pwm/models/Cosmos3-Nano-USR-v2-iter12600-R7-1056-Resume-DCP/model
[09-24 16:20:50|INFO] Skipping loading of keys that match the following patterns: ['net_ema.']
[09-24 16:20:50|INFO] - Loading the model...
/usr/local/lib/python3.12/dist-packages/torch/distributed/checkpoint/utils.py:483: UserWarning: torch.distributed is disabled, unavailable or uninitialized, assuming the intent is to load in a single process.
  return func(*args, **kwargs)
/usr/local/lib/python3.12/dist-packages/torch/distributed/checkpoint/utils.py:483: UserWarning: torch.distributed is disabled, unavailable or uninitialized, assuming the intent is to load in a single process.
  return func(*args, **kwargs)
/usr/local/lib/python3.12/dist-packages/torch/distributed/checkpoint/utils.py:483: UserWarning: torch.distributed is disabled, unavailable or uninitialized, assuming the intent is to load in a single process.
  return func(*args, **kwargs)
/usr/local/lib/python3.12/dist-packages/torch/distributed/checkpoint/utils.py:483: UserWarning: torch.distributed is disabled, unavailable or uninitialized, assuming the intent is to load in a single process.
  return func(*args, **kwargs)
/usr/local/lib/python3.12/dist-packages/torch/distributed/checkpoint/utils.py:483: UserWarning: torch.distributed is disabled, unavailable or uninitialized, assuming the intent is to load in a single process.
  return func(*args, **kwargs)
/usr/local/lib/python3.12/dist-packages/torch/distributed/checkpoint/utils.py:483: UserWarning: torch.distributed is disabled, unavailable or uninitialized, assuming the intent is to load in a single process.
  return func(*args, **kwargs)
/usr/local/lib/python3.12/dist-packages/torch/distributed/checkpoint/utils.py:483: UserWarning: torch.distributed is disabled, unavailable or uninitialized, assuming the intent is to load in a single process.
  return func(*args, **kwargs)
/usr/local/lib/python3.12/dist-packages/torch/distributed/checkpoint/utils.py:483: UserWarning: torch.distributed is disabled, unavailable or uninitialized, assuming the intent is to load in a single process.
  return func(*args, **kwargs)
[09-24 16:20:50|INFO] [RANK 5] [DCP-LOAD-SKIP-KEYS] kept_keys=804 dropped_keys=0
[09-24 16:20:50|INFO] [RANK 1] [DCP-LOAD-SKIP-KEYS] kept_keys=804 dropped_keys=0
[09-24 16:20:50|INFO] [RANK 4] [DCP-LOAD-SKIP-KEYS] kept_keys=804 dropped_keys=0
[09-24 16:20:50|INFO] [RANK 2] [DCP-LOAD-SKIP-KEYS] kept_keys=804 dropped_keys=0
[09-24 16:20:50|INFO] [RANK 3] [DCP-LOAD-SKIP-KEYS] kept_keys=804 dropped_keys=0
[09-24 16:20:50|INFO] [RANK 6] [DCP-LOAD-SKIP-KEYS] kept_keys=804 dropped_keys=0
[09-24 16:20:50|INFO] [RANK 7] [DCP-LOAD-SKIP-KEYS] kept_keys=804 dropped_keys=0
[09-24 16:20:51|INFO] [RANK 1] [DCP-LOAD-DEDUP] kept_read_items=804 dropped_read_items=0
[09-24 16:20:51|INFO] [RANK 4] [DCP-LOAD-DEDUP] kept_read_items=804 dropped_read_items=0
[09-24 16:20:51|INFO] [RANK 5] [DCP-LOAD-DEDUP] kept_read_items=804 dropped_read_items=0
[09-24 16:20:51|INFO] [RANK 7] [DCP-LOAD-DEDUP] kept_read_items=804 dropped_read_items=0
[09-24 16:20:51|INFO] [RANK 6] [DCP-LOAD-DEDUP] kept_read_items=804 dropped_read_items=0
[09-24 16:20:51|INFO] [RANK 0] [DCP-LOAD-SKIP-KEYS] kept_keys=804 dropped_keys=0
[09-24 16:20:51|INFO] [RANK 3] [DCP-LOAD-DEDUP] kept_read_items=804 dropped_read_items=0
[09-24 16:20:51|INFO] [RANK 0] [DCP-LOAD-DEDUP] kept_read_items=804 dropped_read_items=0
[09-24 16:20:51|INFO] [RANK 2] [DCP-LOAD-DEDUP] kept_read_items=804 dropped_read_items=0
[09-24 16:21:17|INFO] [RANK 0] [DCP-LOAD-TIMING] broadcast: tensors=0.0s, objects=0.0s, rebuild=0.0s
[09-24 16:21:17|INFO] [RANK 3] [DCP-LOAD-TIMING] broadcast: tensors=0.0s, objects=0.0s, rebuild=0.0s
[09-24 16:21:17|INFO] [RANK 5] [DCP-LOAD-TIMING] broadcast: tensors=0.0s, objects=0.0s, rebuild=0.0s
[09-24 16:21:17|INFO] [RANK 4] [DCP-LOAD-TIMING] broadcast: tensors=0.0s, objects=0.0s, rebuild=0.0s
[09-24 16:21:17|INFO] [RANK 2] [DCP-LOAD-TIMING] broadcast: tensors=0.0s, objects=0.0s, rebuild=0.0s
[09-24 16:21:17|INFO] [RANK 1] [DCP-LOAD-TIMING] broadcast: tensors=0.0s, objects=0.0s, rebuild=0.0s
[09-24 16:21:17|INFO] [RANK 7] [DCP-LOAD-TIMING] broadcast: tensors=0.0s, objects=0.6s, rebuild=0.0s
[09-24 16:21:17|INFO] [RANK 6] [DCP-LOAD-TIMING] broadcast: tensors=0.0s, objects=0.0s, rebuild=0.0s
[09-24 16:21:17|CRITICAL] Start loading checkpoint from /share/project/eai_pwm/models/Cosmos3-Nano-USR-v2-iter12600-R7-1056-Resume-DCP/optim
[09-24 16:21:17|INFO] Skipping loading of keys that match the following patterns: ['net_ema.']
[09-24 16:21:17|INFO] - Loading the optimizer...
[09-24 16:21:18|INFO] [RANK 5] [DCP-LOAD-SKIP-KEYS] kept_keys=6075 dropped_keys=0
[09-24 16:21:18|INFO] [RANK 6] [DCP-LOAD-SKIP-KEYS] kept_keys=6075 dropped_keys=0
[09-24 16:21:18|INFO] [RANK 7] [DCP-LOAD-SKIP-KEYS] kept_keys=6075 dropped_keys=0
[09-24 16:21:18|INFO] [RANK 3] [DCP-LOAD-SKIP-KEYS] kept_keys=6075 dropped_keys=0
[09-24 16:21:18|INFO] [RANK 1] [DCP-LOAD-SKIP-KEYS] kept_keys=6075 dropped_keys=0
[09-24 16:21:18|INFO] [RANK 4] [DCP-LOAD-SKIP-KEYS] kept_keys=6075 dropped_keys=0
[09-24 16:21:18|INFO] [RANK 2] [DCP-LOAD-SKIP-KEYS] kept_keys=6075 dropped_keys=0
[09-24 16:21:18|INFO] [RANK 0] [DCP-LOAD-SKIP-KEYS] kept_keys=6075 dropped_keys=0
[09-24 16:21:18|INFO] [RANK 5] [DCP-LOAD-DEDUP] kept_read_items=1620 dropped_read_items=5265
[09-24 16:21:18|INFO] [RANK 6] [DCP-LOAD-DEDUP] kept_read_items=1620 dropped_read_items=5265
[09-24 16:21:18|INFO] [RANK 7] [DCP-LOAD-DEDUP] kept_read_items=1620 dropped_read_items=5265
[09-24 16:21:18|INFO] [RANK 3] [DCP-LOAD-DEDUP] kept_read_items=1620 dropped_read_items=5265
[09-24 16:21:18|INFO] [RANK 1] [DCP-LOAD-DEDUP] kept_read_items=1620 dropped_read_items=5265
[09-24 16:21:18|INFO] [RANK 4] [DCP-LOAD-DEDUP] kept_read_items=1620 dropped_read_items=5265
[09-24 16:21:18|INFO] [RANK 2] [DCP-LOAD-DEDUP] kept_read_items=1620 dropped_read_items=5265
[09-24 16:21:18|INFO] [RANK 0] [DCP-LOAD-DEDUP] kept_read_items=6885 dropped_read_items=0
[09-24 16:21:24|INFO] [RANK 0] [DCP-LOAD-TIMING] broadcast: tensors=0.0s, objects=0.2s, rebuild=0.0s
[09-24 16:21:25|INFO] [RANK 1] [DCP-LOAD-TIMING] broadcast: tensors=0.0s, objects=0.3s, rebuild=0.0s
[09-24 16:21:25|INFO] [RANK 2] [DCP-LOAD-TIMING] broadcast: tensors=0.0s, objects=1.0s, rebuild=0.0s
[09-24 16:21:25|INFO] [RANK 3] [DCP-LOAD-TIMING] broadcast: tensors=0.0s, objects=0.3s, rebuild=0.0s
[09-24 16:21:25|INFO] [RANK 4] [DCP-LOAD-TIMING] broadcast: tensors=0.0s, objects=0.6s, rebuild=0.0s
[09-24 16:21:25|INFO] [RANK 5] [DCP-LOAD-TIMING] broadcast: tensors=0.0s, objects=0.7s, rebuild=0.0s
[09-24 16:21:25|INFO] [RANK 6] [DCP-LOAD-TIMING] broadcast: tensors=0.0s, objects=0.2s, rebuild=0.0s
[09-24 16:21:25|INFO] [RANK 7] [DCP-LOAD-TIMING] broadcast: tensors=0.0s, objects=0.7s, rebuild=0.0s
[09-24 16:21:25|CRITICAL] Start loading checkpoint from /share/project/eai_pwm/models/Cosmos3-Nano-USR-v2-iter12600-R7-1056-Resume-DCP/scheduler
[09-24 16:21:25|INFO] - Loading the scheduler...
[09-24 16:21:25|CRITICAL] Start loading checkpoint from /share/project/eai_pwm/models/Cosmos3-Nano-USR-v2-iter12600-R7-1056-Resume-DCP/trainer
[09-24 16:21:25|INFO] - Loading the trainer...
[09-24 16:21:25|INFO] Loaded checkpoint from /share/project/eai_pwm/models/Cosmos3-Nano-USR-v2-iter12600-R7-1056-Resume-DCP (warm-start, local) in iteration 12600
[09-24 16:21:25|INFO] Time spent on checkpoint loading: 34.42 s
[09-24 16:21:25|CRITICAL] Distributed parallelism mode: fsdp
[09-24 16:21:25|INFO] Starting training...
[09-24 16:21:25|INFO] Generating new wandb ID: hk26ho3u
Config is saved using omegaconf at /share/project/eai_pwm/home/hcr/worktrees/cosmos-framework-pwm-load-balance/plans/v0.2.3c_kernel_list/runs/usr_capture005/job/kernel-list/v0.2.3c/profile/config.yaml.
[09-24 16:21:25|INFO] [RANK 0] Total number of parameters on current rank: 6965486784
[09-24 16:21:25|INFO] NormMonitor callback: local_dir: /share/project/eai_pwm/home/hcr/worktrees/cosmos-framework-pwm-load-balance/plans/v0.2.3c_kernel_list/runs/usr_capture005/job/kernel-list/v0.2.3c/profile/norm_monitor
[09-24 16:21:25|INFO] NormMonitor: Registered activation hooks on 36 transformer blocks
[09-24 16:21:25|INFO] OFUCallback: launched nvidia-smi dmon --gpm-metrics 5
[09-24 16:21:25|INFO] DeviceMonitor callback: local_dir: /share/project/eai_pwm/home/hcr/worktrees/cosmos-framework-pwm-load-balance/plans/v0.2.3c_kernel_list/runs/usr_capture005/job/kernel-list/v0.2.3c/profile/DeviceMonitor
[09-24 16:21:25|INFO] [TerminationSignalCheckpoint] Installed SIGTERM handler.
[09-24 16:21:25|WARNING] OFUCallback: column(s) ['mmaact'] not found in nvidia-smi dmon header: ['gpu', 'pwr', 'gtemp', 'mtemp', 'sm', 'mem', 'enc', 'dec', 'jpg', 'ofa', 'mclk', 'pclk', 'id=5']. OFU metrics will not be available.
W0924 16:21:43.049000 379132 torch/distributed/elastic/agent/server/api.py:752] Received 15 death signal, shutting down workers
W0924 16:21:43.050000 379132 torch/distributed/elastic/multiprocessing/api.py:1014] Sending process 379273 closing signal SIGTERM
W0924 16:21:43.051000 379132 torch/distributed/elastic/multiprocessing/api.py:1014] Sending process 379277 closing signal SIGTERM
W0924 16:21:43.051000 379132 torch/distributed/elastic/multiprocessing/api.py:1014] Sending process 379278 closing signal SIGTERM
W0924 16:21:43.052000 379132 torch/distributed/elastic/multiprocessing/api.py:1014] Sending process 379279 closing signal SIGTERM
W0924 16:21:43.052000 379132 torch/distributed/elastic/multiprocessing/api.py:1014] Sending process 379280 closing signal SIGTERM
W0924 16:21:43.054000 379132 torch/distributed/elastic/multiprocessing/api.py:1014] Sending process 379281 closing signal SIGTERM
W0924 16:21:43.059000 379132 torch/distributed/elastic/multiprocessing/api.py:1014] Sending process 379282 closing signal SIGTERM
W0924 16:21:43.098000 379132 torch/distributed/elastic/multiprocessing/api.py:1014] Sending process 379283 closing signal SIGTERM
[09-24 16:21:43|INFO] [TerminationSignalCheckpoint] Received SIGTERM at iteration 12600.
/usr/local/lib/python3.12/dist-packages/torch/utils/_config_module.py:540: FutureWarning: torch._dynamo.config.skip_code_recursive_on_recompile_limit_hit is deprecated and does not do anything. It will be removed in a future version of PyTorch.
  config[key] = copy.deepcopy(getattr(self, key))
/usr/local/lib/python3.12/dist-packages/torch/utils/_config_module.py:540: FutureWarning: torch._dynamo.config.skip_code_recursive_on_recompile_limit_hit is deprecated and does not do anything. It will be removed in a future version of PyTorch.
  config[key] = copy.deepcopy(getattr(self, key))
/usr/local/lib/python3.12/dist-packages/torch/utils/_config_module.py:540: FutureWarning: torch._dynamo.config.skip_code_recursive_on_recompile_limit_hit is deprecated and does not do anything. It will be removed in a future version of PyTorch.
  config[key] = copy.deepcopy(getattr(self, key))
/usr/local/lib/python3.12/dist-packages/torch/utils/_config_module.py:540: FutureWarning: torch._dynamo.config.skip_code_recursive_on_recompile_limit_hit is deprecated and does not do anything. It will be removed in a future version of PyTorch.
  config[key] = copy.deepcopy(getattr(self, key))
--- Logging error in Loguru Handler #0 ---
Record was: {'elapsed': datetime.timedelta(seconds=99, microseconds=323275), 'exception': (type=<class 'RuntimeError'>, value=RuntimeError('DataLoader worker (pid 388437) is killed by signal: Terminated. '), traceback=<traceback object at 0x7fca47573a40>), 'extra': {}, 'file': (name='train.py', path='/share/project/eai_pwm/home/hcr/worktrees/cosmos-framework-pwm-load-balance/cosmos_framework/scripts/train.py'), 'function': '<module>', 'level': (name='ERROR', no=40, icon='❌'), 'line': 320, 'message': "An error has been caught in function '<module>', process 'MainProcess' (379277), thread 'MainThread' (140522426425472):", 'module': 'train', 'name': '__main__', 'process': (id=379277, name='MainProcess'), 'thread': (id=140522426425472, name='MainThread'), 'time': datetime(2026, 9, 24, 16, 21, 43, 308468, tzinfo=datetime.timezone(datetime.timedelta(seconds=28800), 'CST'))}
/usr/local/lib/python3.12/dist-packages/torch/utils/_config_module.py:540: FutureWarning: torch._dynamo.config.skip_code_recursive_on_recompile_limit_hit is deprecated and does not do anything. It will be removed in a future version of PyTorch.
  config[key] = copy.deepcopy(getattr(self, key))
Error in sys.excepthook:
Traceback (most recent call last):
  File "/usr/local/lib/python3.12/dist-packages/torch/distributed/distributed_c10d.py", line 1870, in _distributed_excepthook
    def _distributed_excepthook(*args):

  File "/usr/local/lib/python3.12/dist-packages/torch/utils/data/_utils/signal_handling.py", line 73, in handler
    _error_if_any_worker_fails()
RuntimeError: DataLoader worker (pid 386100) is killed by signal: Terminated. 

Original exception was:
Traceback (most recent call last):
  File "/usr/local/lib/python3.12/dist-packages/torch/_dynamo/convert_frame.py", line 1851, in _compile
    guarded_code, tracer_output = compile_inner(code, one_graph, hooks)
      object address  : 0x7fc7f4637100
object refcount : 4
object type     : 0xa330c0
object type name: RuntimeError
object repr     : RuntimeError('DataLoader worker (pid 389322) is killed by signal: Terminated. ')
lost sys.stderr
--- Logging error in Loguru Handler #0 ---
Record was: {'elapsed': datetime.timedelta(seconds=99, microseconds=329878), 'exception': (type=<class 'RuntimeError'>, value=RuntimeError('DataLoader worker (pid 383855) is killed by signal: Terminated. '), traceback=<traceback object at 0x7ef89c696ec0>), 'extra': {}, 'file': (name='train.py', path='/share/project/eai_pwm/home/hcr/worktrees/cosmos-framework-pwm-load-balance/cosmos_framework/scripts/train.py'), 'function': '<module>', 'level': (name='ERROR', no=40, icon='❌'), 'line': 320, 'message': "An error has been caught in function '<module>', process 'MainProcess' (379282), thread 'MainThread' (139621910085760):", 'module': 'train', 'name': '__main__', 'process': (id=379282, name='MainProcess'), 'thread': (id=139621910085760, name='MainThread'), 'time': datetime(2026, 9, 24, 16, 21, 43, 316264, tzinfo=datetime.timezone(datetime.timedelta(seconds=28800), 'CST'))}
--- Logging error ---
Exception ignored in atexit callback: <function dump_compile_times at 0x7fcd00600cc0>
Traceback (most recent call last):
  File "/usr/local/lib/python3.12/dist-packages/torch/_dynamo/utils.py", line 916, in dump_compile_times
    log.info(compile_times(repr="str", aggregate=True))
 RuntimeError: DataLoader worker (pid 385136) is killed by signal: Terminated. 
/usr/local/lib/python3.12/dist-packages/torch/utils/_config_module.py:540: FutureWarning: torch._dynamo.config.skip_code_recursive_on_recompile_limit_hit is deprecated and does not do anything. It will be removed in a future version of PyTorch.
  config[key] = copy.deepcopy(getattr(self, key))
--- Logging error in Loguru Handler #0 ---
Record was: {'elapsed': datetime.timedelta(seconds=99, microseconds=324263), 'exception': (type=<class 'RuntimeError'>, value=RuntimeError('DataLoader worker (pid 389364) is killed by signal: Terminated. '), traceback=<traceback object at 0x7f460fa7f580>), 'extra': {}, 'file': (name='train.py', path='/share/project/eai_pwm/home/hcr/worktrees/cosmos-framework-pwm-load-balance/cosmos_framework/scripts/train.py'), 'function': '<module>', 'level': (name='ERROR', no=40, icon='❌'), 'line': 320, 'message': "An error has been caught in function '<module>', process 'MainProcess' (379278), thread 'MainThread' (139954556706944):", 'module': 'train', 'name': '__main__', 'process': (id=379278, name='MainProcess'), 'thread': (id=139954556706944, name='MainThread'), 'time': datetime(2026, 9, 24, 16, 21, 43, 317944, tzinfo=datetime.timezone(datetime.timedelta(seconds=28800), 'CST'))}
--- Logging error ---
Traceback (most recent call last):
  File "/usr/local/lib/python3.12/dist-packages/torch/_dynamo/symbolic_convert.py", line 1694, in run
    while self.step():
          ^^^^^^^^^^^
  File "/usr/local/lib/python3.12/dist-packages/torch/_dynamo/symbolic_convert.py", line 1360, in step
    self.dispatch_table[inst.opcode](self, inst)
  File "/usr/local/lib/python3.12/dist-packages/torch/_dynamo/symbolic_convert.py", line 4944, in RETURN_VALUE
    self._return(inst)
  File "/usr/local/lib/python3.12/dist-packages/torch/_dynamo/symbolic_convert.py", line 4926, in _return
    all_stack_locals_metadata = self.output.compile_subgraph(
                                ^^^^^^^^^^^^^^^^^^^^^^^^^^^^^
  File "/usr/local/lib/python3.12/dist-packages/torch/_dynamo/output_graph.py", line 1929, in compile_subgraph
    self.compile_and_call_fx_graph(tx, pass2.graph_output_vars(), root)
  File "/usr/local/lib/python3.12/dist-packages/torch/_dynamo/output_graph.py", line 2503, in compile_and_call_fx_graph
    compiled_fn = self.call_user_compiler(gm, self.example_inputs())
                  ^^^^^^^^^^^^^^^^^^^^^^^^^^^^^^^^^^^^^^^^^^^^^^^^^^
  File "/usr/local/lib/python3.12/dist-packages/torch/_dynamo/output_graph.py", line 2656, in call_user_compiler
    return self._call_user_compiler(gm, example_inputs)
           ^^^^^^^^^^^^^^^^^^^^^^^^^^^^^^^^^^^^^^^^^^^^
  File "/usr/local/lib/python3.12/dist-packages/torch/_dynamo/output_graph.py", line 2739, in _call_user_compiler
    raise BackendCompilerFailed(
  File "/usr/local/lib/python3.12/dist-packages/torch/_dynamo/output_graph.py", line 2714, in _call_user_compiler
    compiled_fn = compiler_fn(gm, example_inputs)
                  ^^^^^^^^^^^^^^^^^^^^^^^^^^^^^^^
  File "/usr/local/lib/python3.12/dist-packages/torch/_dynamo/repro/after_dynamo.py", line 156, in __call__
    compiled_gm = compiler_fn(gm, example_inputs)
                  ^^^^^^^^^^^^^^^^^^^^^^^^^^^^^^^
  File "/usr/local/lib/python3.12/dist-packages/torch/__init__.py", line 2476, in __call__
    return compile_fx(model_, inputs_, config_patches=all_patches)
           ^^^^^^^^^^^^^^^^^^^^^^^^^^^^^^^^^^^^^^^^^^^^^^^^^^^^^^^
  File "/usr/local/lib/python3.12/dist-packages/torch/_inductor/compile_fx.py", line 2578, in compile_fx
    return compile_fx(
           ^^^^^^^^^^^
  File "/usr/local/lib/python3.12/dist-packages/torch/_inductor/compile_fx.py", line 2629, in compile_fx
    return _maybe_wrap_and_compile_fx_main(
           ^^^^^^^^^^^^^^^^^^^^^^^^^^^^^^^^
  File "/usr/local/lib/python3.12/dist-packages/torch/_inductor/compile_fx.py", line 2706, in _maybe_wrap_and_compile_fx_main
    return _compile_fx_main(
           ^^^^^^^^^^^^^^^^^
  File "/usr/local/lib/python3.12/dist-packages/torch/_inductor/compile_fx.py", line 2902, in _compile_fx_main
    return aot_autograd(
           ^^^^^^^^^^^^^
  File "/usr/local/lib/python3.12/dist-packages/torch/_dynamo/backends/common.py", line 123, in __call__
    cg = aot_module_simplified(gm, example_inputs, **self.kwargs)
         ^^^^^^^^^^^^^^^^^^^^^^^^^^^^^^^^^^^^^^^^^^^^^^^^^^^^^^^^
  File "/usr/local/lib/python3.12/dist-packages/torch/_functorch/aot_autograd.py", line 1103, in aot_module_simplified
    with contextlib.ExitStack() as stack:
  File "/usr/lib/python3.12/contextlib.py", line 610, in __exit__
    raise exc_details[1]
  File "/usr/lib/python3.12/contextlib.py", line 595, in __exit__
    if cb(*exc_details):
       ^^^^^^^^^^^^^^^^
  File "/usr/local/lib/python3.12/dist-packages/torch/utils/data/_utils/signal_handling.py", line 73, in handler
    _error_if_any_worker_fails()
torch._dynamo.exc.BackendCompilerFailed: backend='inductor' raised:
RuntimeError: DataLoader worker (pid 384610) is killed by signal: Terminated. 

During handling of the above exception, another exception occurred:

Traceback (most recent call last):
/usr/local/lib/python3.12/dist-packages/torch/utils/_config_module.py:540: FutureWarning: torch._dynamo.config.skip_code_recursive_on_recompile_limit_hit is deprecated and does not do anything. It will be removed in a future version of PyTorch.
  config[key] = copy.deepcopy(getattr(self, key))
  File "/usr/local/lib/python3.12/dist-packages/torch/_dynamo/convert_frame.py", line 1851, in _compile
    guarded_code, tracer_output = compile_inner(code, one_graph, hooks)
                                  ^^^^^^^^^^^^^^^^^^^^^^^^^^^^^^^^^^^^^
Traceback (most recent call last):
  File "/usr/local/lib/python3.12/dist-packages/torch/_utils_internal.py", line 96, in wrapper_function
    return function(*args, **kwargs)
           ^^^^^^^^^^^^^^^^^^^^^^^^^
  File "/usr/local/lib/python3.12/dist-packages/torch/_dynamo/convert_frame.py", line 1495, in compile_inner
    return _compile_inner(code, one_graph, hooks)
           ^^^^^^^^^^^^^^^^^^^^^^^^^^^^^^^^^^^^^^
  File "/usr/local/lib/python3.12/dist-packages/torch/_dynamo/convert_frame.py", line 1540, in _compile_inner
    dynamo_output = compile_frame(
                    ^^^^^^^^^^^^^^
  File "/usr/local/lib/python3.12/dist-packages/torch/_dynamo/convert_frame.py", line 1403, in compile_frame
    bytecode, tracer_output = transform_code_object(code, transform)
                              ^^^^^^^^^^^^^^^^^^^^^^^^^^^^^^^^^^^^^^
  File "/usr/local/lib/python3.12/dist-packages/torch/_dynamo/bytecode_transformation.py", line 1626, in transform_code_object
    tracer_output = transformations(instructions, code_options)
                    ^^^^^^^^^^^^^^^^^^^^^^^^^^^^^^^^^^^^^^^^^^^
  File "/usr/local/lib/python3.12/dist-packages/torch/_dynamo/convert_frame.py", line 1375, in transform
    tracer_output = trace_frame(
                    ^^^^^^^^^^^^
  File "/usr/local/lib/python3.12/dist-packages/torch/_dynamo/convert_frame.py", line 341, in _fn
    return fn(*args, **kwargs)
           ^^^^^^^^^^^^^^^^^^^
  File "/usr/local/lib/python3.12/dist-packages/torch/_dynamo/convert_frame.py", line 861, in trace_frame
    run_tracer()
  File "/usr/local/lib/python3.12/dist-packages/torch/_dynamo/convert_frame.py", line 842, in run_tracer
    tracer.run()
  File "/usr/local/lib/python3.12/dist-packages/torch/_dynamo/symbolic_convert.py", line 1754, in run
    self.output.cleanup()
  File "/usr/local/lib/python3.12/dist-packages/torch/_dynamo/output_graph.py", line 3036, in cleanup
    self.tracing_context.clear()
  File "/usr/local/lib/python3.12/dist-packages/torch/_guards.py", line 990, in clear
    self.inlined_code_cache.clear()
  File "/usr/local/lib/python3.12/dist-packages/torch/utils/data/_utils/signal_handling.py", line 73, in handler
    _error_if_any_worker_fails()
RuntimeError: DataLoader worker (pid 385552) is killed by signal: Terminated. 

During handling of the above exception, another exception occurred:

Traceback (most recent call last):
  File "/usr/local/lib/python3.12/dist-packages/torch/_dynamo/symbolic_convert.py", line 1694, in run
    while self.step():
          ^^^^^^^^^^^
  File "/usr/local/lib/python3.12/dist-packages/torch/_dynamo/convert_frame.py", line 1879, in _compile
    exception_stack_trace = [traceback.format_exc()]
                             ^^^^^^^^^^^^^^^^^^^^^^
  File "/usr/local/lib/python3.12/dist-packages/torch/_dynamo/symbolic_convert.py", line 1360, in step
    self.dispatch_table[inst.opcode](self, inst)
  File "/usr/lib/python3.12/traceback.py", line 184, in format_exc
    return "".join(format_exception(sys.exception(), limit=limit, chain=chain))
                   ^^^^^^^^^^^^^^^^^^^^^^^^^^^^^^^^^^^^^^^^^^^^^^^^^^^^^^^^^^^
  File "/usr/local/lib/python3.12/dist-packages/torch/_dynamo/symbolic_convert.py", line 4944, in RETURN_VALUE
    self._return(inst)
  File "/usr/lib/python3.12/traceback.py", line 139, in format_exception
    te = TracebackException(type(value), value, tb, limit=limit, compact=True)
         ^^^^^^^^^^^^^^^^^^^^^^^^^^^^^^^^^^^^^^^^^^^^^^^^^^^^^^^^^^^^^^^^^^^^^
  File "/usr/local/lib/python3.12/dist-packages/torch/_dynamo/symbolic_convert.py", line 4926, in _return
    all_stack_locals_metadata = self.output.compile_subgraph(
                                ^^^^^^^^^^^^^^^^^^^^^^^^^^^^^
  File "/usr/lib/python3.12/traceback.py", line 733, in __init__
    self.stack = StackSummary._extract_from_extended_frame_gen(
                 ^^^^^^^^^^^^^^^^^^^^^^^^^^^^^^^^^^^^^^^^^^^^^^
  File "/usr/local/lib/python3.12/dist-packages/torch/_dynamo/output_graph.py", line 1929, in compile_subgraph
    self.compile_and_call_fx_graph(tx, pass2.graph_output_vars(), root)
  File "/usr/lib/python3.12/traceback.py", line 418, in _extract_from_extended_frame_gen
    for f, (lineno, end_lineno, colno, end_colno) in frame_gen:
  File "/usr/local/lib/python3.12/dist-packages/torch/_dynamo/output_graph.py", line 2503, in compile_and_call_fx_graph
    compiled_fn = self.call_user_compiler(gm, self.example_inputs())
                  ^^^^^^^^^^^^^^^^^^^^^^^^^^^^^^^^^^^^^^^^^^^^^^^^^^
  File "/usr/lib/python3.12/traceback.py", line 355, in _walk_tb_with_full_positions
    positions = _get_code_position(tb.tb_frame.f_code, tb.tb_lasti)
                ^^^^^^^^^^^^^^^^^^^^^^^^^^^^^^^^^^^^^^^^^^^^^^^^^^^
  File "/usr/local/lib/python3.12/dist-packages/torch/_dynamo/output_graph.py", line 2656, in call_user_compiler
    return self._call_user_compiler(gm, example_inputs)
           ^^^^^^^^^^^^^^^^^^^^^^^^^^^^^^^^^^^^^^^^^^^^
  File "/usr/lib/python3.12/traceback.py", line 369, in _get_code_position
    return next(itertools.islice(positions_gen, instruction_index // 2, None))
           ^^^^^^^^^^^^^^^^^^^^^^^^^^^^^^^^^^^^^^^^^^^^^^^^^^^^^^^^^^^^^^^^^^^
  File "/usr/local/lib/python3.12/dist-packages/torch/_dynamo/output_graph.py", line 2714, in _call_user_compiler
    compiled_fn = compiler_fn(gm, example_inputs)
                  ^^^^^^^^^^^^^^^^^^^^^^^^^^^^^^^
  File "/usr/local/lib/python3.12/dist-packages/torch/utils/data/_utils/signal_handling.py", line 73, in handler
    _error_if_any_worker_fails()
  File "/usr/local/lib/python3.12/dist-packages/torch/_dynamo/repro/after_dynamo.py", line 156, in __call__
    compiled_gm = compiler_fn(gm, example_inputs)
                  ^^^^^^^^^^^^^^^^^^^^^^^^^^^^^^^
RuntimeError: DataLoader worker (pid 387251) is killed by signal: Terminated. 
  File "/usr/local/lib/python3.12/dist-packages/torch/__init__.py", line 2476, in __call__
    return compile_fx(model_, inputs_, config_patches=all_patches)
           ^^^^^^^^^^^^^^^^^^^^^^^^^^^^^^^^^^^^^^^^^^^^^^^^^^^^^^^
  File "/usr/local/lib/python3.12/dist-packages/torch/_inductor/compile_fx.py", line 2578, in compile_fx
    return compile_fx(
           ^^^^^^^^^^^

During handling of the above exception, another exception occurred:

  File "/usr/local/lib/python3.12/dist-packages/torch/_inductor/compile_fx.py", line 2629, in compile_fx
    return _maybe_wrap_and_compile_fx_main(
           ^^^^^^^^^^^^^^^^^^^^^^^^^^^^^^^^
Traceback (most recent call last):
  File "/usr/local/lib/python3.12/dist-packages/torch/_inductor/compile_fx.py", line 2706, in _maybe_wrap_and_compile_fx_main
    return _compile_fx_main(
           ^^^^^^^^^^^^^^^^^
  File "/usr/local/lib/python3.12/dist-packages/torch/_inductor/compile_fx.py", line 2916, in _compile_fx_main
    raise e.remove_dynamo_frames() from None  # see TORCHDYNAMO_VERBOSE=1
    ^^^^^^^^^^^^^^^^^^^^^^^^^^^^^^^^^^^^^^^^
  File "/usr/local/lib/python3.12/dist-packages/torch/_inductor/compile_fx.py", line 1051, in _compile_fx_inner
    raise InductorError(e, currentframe()).with_traceback(
  File "/usr/local/lib/python3.12/dist-packages/torch/_inductor/compile_fx.py", line 1035, in _compile_fx_inner
    mb_compiled_graph = fx_codegen_and_compile(
                        ^^^^^^^^^^^^^^^^^^^^^^^
  File "/usr/local/lib/python3.12/dist-packages/torch/_inductor/compile_fx.py", line 1796, in fx_codegen_and_compile
    return scheme.codegen_and_compile(gm, example_inputs, inputs_to_check, graph_kwargs)
           ^^^^^^^^^^^^^^^^^^^^^^^^^^^^^^^^^^^^^^^^^^^^^^^^^^^^^^^^^^^^^^^^^^^^^^^^^^^^^
  File "/usr/local/lib/python3.12/dist-packages/torch/_inductor/compile_fx.py", line 1568, in codegen_and_compile
    compiled_module = graph.compile_to_module()
                      ^^^^^^^^^^^^^^^^^^^^^^^^^
  File "/usr/local/lib/python3.12/dist-packages/torch/_inductor/graph.py", line 2525, in compile_to_module
    return self._compile_to_module()
           ^^^^^^^^^^^^^^^^^^^^^^^^^
--- Logging error ---
  File "/usr/local/lib/python3.12/dist-packages/torch/_inductor/graph.py", line 2535, in _compile_to_module
    mod = self._compile_to_module_lines(wrapper_code)
          ^^^^^^^^^^^^^^^^^^^^^^^^^^^^^^^^^^^^^^^^^^^
  File "/usr/local/lib/python3.12/dist-packages/torch/_dynamo/convert_frame.py", line 2031, in _compile
    should_clear = _is_registered_backend(innermost_backend(compiler_fn))
                   ^^^^^^^^^^^^^^^^^^^^^^^^^^^^^^^^^^^^^^^^^^^^^^^^^^^^^^
  File "/usr/local/lib/python3.12/dist-packages/torch/_inductor/graph.py", line 2610, in _compile_to_module_lines
    mod = PyCodeCache.load_by_key_path(
          ^^^^^^^^^^^^^^^^^^^^^^^^^^^^^
  File "/usr/local/lib/python3.12/dist-packages/torch/_dynamo/backends/registry.py", line 189, in _is_registered_backend
    _lazy_import()
  File "/usr/local/lib/python3.12/dist-packages/torch/_inductor/codecache.py", line 3790, in load_by_key_path
    mod = _reload_python_module(key, path, set_sys_modules=in_toplevel)
          ^^^^^^^^^^^^^^^^^^^^^^^^^^^^^^^^^^^^^^^^^^^^^^^^^^^^^^^^^^^^^
  File "/usr/local/lib/python3.12/dist-packages/torch/_dynamo/backends/registry.py", line 161, in _lazy_import
    import_submodule(backends)
  File "/usr/local/lib/python3.12/dist-packages/torch/_inductor/runtime/compile_tasks.py", line 35, in _reload_python_module
    exec(code, mod.__dict__, mod.__dict__)
  File "/usr/local/lib/python3.12/dist-packages/torch/_dynamo/utils.py", line 4124, in import_submodule
    importlib.import_module(f"{mod.__name__}.{filename[:-3]}")
  File "/share/project/eai_pwm/home/hcr/worktrees/cosmos-framework-pwm-load-balance/plans/v0.2.3c_kernel_list/runs/usr_capture005/cache/inductor/rank2/ol/colwxnsdsrnqkpagjr6hehuahc7lfe5ic3jztc3jtjbjsgbi63ys.py", line 1602, in <module>
    async_compile.wait(globals())
  File "/usr/lib/python3.12/importlib/__init__.py", line 90, in import_module
    return _bootstrap._gcd_import(name[level:], package, level)
           ^^^^^^^^^^^^^^^^^^^^^^^^^^^^^^^^^^^^^^^^^^^^^^^^^^^^
  File "/usr/local/lib/python3.12/dist-packages/torch/_inductor/async_compile.py", line 707, in wait
    self._wait_futures(scope)
  File "<frozen importlib._bootstrap>", line 1387, in _gcd_import
  File "/usr/local/lib/python3.12/dist-packages/torch/_inductor/async_compile.py", line 727, in _wait_futures
    kernel = result.result()
             ^^^^^^^^^^^^^^^
  File "<frozen importlib._bootstrap>", line 1360, in _find_and_load
  File "/usr/local/lib/python3.12/dist-packages/torch/_inductor/codecache.py", line 4387, in result
    return self.result_fn()
           ^^^^^^^^^^^^^^^^
  File "<frozen importlib._bootstrap>", line 1331, in _find_and_load_unlocked
  File "/usr/local/lib/python3.12/dist-packages/torch/_inductor/async_compile.py", line 449, in get_result
    kernel, elapsed_us = task.result()
                         ^^^^^^^^^^^^^
  File "<frozen importlib._bootstrap>", line 935, in _load_unlocked
  File "/usr/lib/python3.12/concurrent/futures/_base.py", line 451, in result
    self._condition.wait(timeout)
  File "<frozen importlib._bootstrap_external>", line 995, in exec_module
  File "/usr/lib/python3.12/threading.py", line 355, in wait
    waiter.acquire()
  File "<frozen importlib._bootstrap>", line 488, in _call_with_frames_removed
  File "/usr/local/lib/python3.12/dist-packages/torch/utils/data/_utils/signal_handling.py", line 73, in handler
    _error_if_any_worker_fails()
  File "/usr/local/lib/python3.12/dist-packages/torch/_dynamo/backends/distributed.py", line 58, in <module>
    @dataclass
     ^^^^^^^^^
torch._inductor.exc.InductorError: RuntimeError: DataLoader worker (pid 382158) is killed by signal: Terminated. 
  File "/usr/lib/python3.12/dataclasses.py", line 1268, in dataclass
    return wrap(cls)
           ^^^^^^^^^

During handling of the above exception, another exception occurred:

  File "/usr/lib/python3.12/dataclasses.py", line 1258, in wrap
    return _process_class(cls, init, repr, eq, order, unsafe_hash,
           ^^^^^^^^^^^^^^^^^^^^^^^^^^^^^^^^^^^^^^^^^^^^^^^^^^^^^^^
Traceback (most recent call last):
  File "/usr/lib/python3.12/dataclasses.py", line 1063, in _process_class
    _init_fn(all_init_fields,
  File "/usr/lib/python3.12/dataclasses.py", line 619, in _init_fn
    return _create_fn('__init__',
           ^^^^^^^^^^^^^^^^^^^^^^
  File "/usr/lib/python3.12/dataclasses.py", line 473, in _create_fn
    exec(txt, globals, ns)
  File "<string>", line 0, in <module>
  File "/usr/local/lib/python3.12/dist-packages/torch/utils/data/_utils/signal_handling.py", line 73, in handler
    _error_if_any_worker_fails()
RuntimeError: DataLoader worker (pid 382774) is killed by signal: Terminated. 
  File "/usr/local/lib/python3.12/dist-packages/torch/_dynamo/convert_frame.py", line 1851, in _compile
    guarded_code, tracer_output = compile_inner(code, one_graph, hooks)
                                  ^^^^^^^^^^^^^^^^^^^^^^^^^^^^^^^^^^^^^

During handling of the above exception, another exception occurred:

  File "/usr/local/lib/python3.12/dist-packages/torch/_utils_internal.py", line 96, in wrapper_function
    return function(*args, **kwargs)
           ^^^^^^^^^^^^^^^^^^^^^^^^^
Traceback (most recent call last):
  File "/usr/local/lib/python3.12/dist-packages/torch/_dynamo/convert_frame.py", line 1495, in compile_inner
    return _compile_inner(code, one_graph, hooks)
           ^^^^^^^^^^^^^^^^^^^^^^^^^^^^^^^^^^^^^^
  File "/usr/local/lib/python3.12/dist-packages/torch/_dynamo/convert_frame.py", line 1540, in _compile_inner
    dynamo_output = compile_frame(
                    ^^^^^^^^^^^^^^
  File "/usr/local/lib/python3.12/dist-packages/torch/_dynamo/convert_frame.py", line 1403, in compile_frame
    bytecode, tracer_output = transform_code_object(code, transform)
                              ^^^^^^^^^^^^^^^^^^^^^^^^^^^^^^^^^^^^^^
  File "/usr/local/lib/python3.12/dist-packages/torch/_dynamo/metrics_context.py", line 102, in __exit__
    self._on_exit(
  File "/usr/local/lib/python3.12/dist-packages/torch/_dynamo/bytecode_transformation.py", line 1626, in transform_code_object
    tracer_output = transformations(instructions, code_options)
                    ^^^^^^^^^^^^^^^^^^^^^^^^^^^^^^^^^^^^^^^^^^^
  File "/usr/local/lib/python3.12/dist-packages/torch/_dynamo/utils.py", line 1868, in record_compilation_metrics
    "inductor_config": _scrubbed_inductor_config_for_logging(),
                       ^^^^^^^^^^^^^^^^^^^^^^^^^^^^^^^^^^^^^^^
  File "/usr/local/lib/python3.12/dist-packages/torch/_dynamo/convert_frame.py", line 1375, in transform
    tracer_output = trace_frame(
                    ^^^^^^^^^^^^
  File "/usr/local/lib/python3.12/dist-packages/torch/_dynamo/utils.py", line 1789, in _scrubbed_inductor_config_for_logging
    class TypeSafeSerializer(json.JSONEncoder):
  File "/usr/local/lib/python3.12/dist-packages/torch/_dynamo/convert_frame.py", line 341, in _fn
    return fn(*args, **kwargs)
           ^^^^^^^^^^^^^^^^^^^
  File "/usr/local/lib/python3.12/dist-packages/torch/utils/data/_utils/signal_handling.py", line 73, in handler
    _error_if_any_worker_fails()
  File "/usr/local/lib/python3.12/dist-packages/torch/_dynamo/convert_frame.py", line 861, in trace_frame
    run_tracer()
RuntimeError: DataLoader worker (pid 386412) is killed by signal: Terminated. 
  File "/usr/local/lib/python3.12/dist-packages/torch/_dynamo/convert_frame.py", line 842, in run_tracer
    tracer.run()

During handling of the above exception, another exception occurred:

  File "/usr/local/lib/python3.12/dist-packages/torch/_dynamo/symbolic_convert.py", line 1754, in run
    self.output.cleanup()
Traceback (most recent call last):
  File "/usr/local/lib/python3.12/dist-packages/torch/_dynamo/output_graph.py", line 3036, in cleanup
    self.tracing_context.clear()
  File "/usr/local/lib/python3.12/dist-packages/torch/_guards.py", line 990, in clear
    self.inlined_code_cache.clear()
  File "/usr/local/lib/python3.12/dist-packages/torch/utils/data/_utils/signal_handling.py", line 73, in handler
    _error_if_any_worker_fails()
RuntimeError: DataLoader worker (pid 384206) is killed by signal: Terminated. 

During handling of the above exception, another exception occurred:

Traceback (most recent call last):
  File "/usr/lib/python3.12/logging/__init__.py", line 1160, in emit
    msg = self.format(record)
          ^^^^^^^^^^^^^^^^^^^
  File "/usr/lib/python3.12/logging/__init__.py", line 999, in format
    return fmt.format(record)
           ^^^^^^^^^^^^^^^^^^
  File "/usr/local/lib/python3.12/dist-packages/torch/_dynamo/convert_frame.py", line 1879, in _compile
    exception_stack_trace = [traceback.format_exc()]
                             ^^^^^^^^^^^^^^^^^^^^^^
  File "/usr/local/lib/python3.12/dist-packages/torch/_logging/_internal.py", line 975, in format
    record.exc_text = self.formatException(record.exc_info)
                      ^^^^^^^^^^^^^^^^^^^^^^^^^^^^^^^^^^^^^
  File "/usr/lib/python3.12/traceback.py", line 184, in format_exc
    return "".join(format_exception(sys.exception(), limit=limit, chain=chain))
                   ^^^^^^^^^^^^^^^^^^^^^^^^^^^^^^^^^^^^^^^^^^^^^^^^^^^^^^^^^^^
  File "/usr/lib/python3.12/logging/__init__.py", line 661, in formatException
    traceback.print_exception(ei[0], ei[1], tb, None, sio)
  File "/usr/lib/python3.12/traceback.py", line 139, in format_exception
    te = TracebackException(type(value), value, tb, limit=limit, compact=True)
         ^^^^^^^^^^^^^^^^^^^^^^^^^^^^^^^^^^^^^^^^^^^^^^^^^^^^^^^^^^^^^^^^^^^^^
  File "/usr/lib/python3.12/traceback.py", line 124, in print_exception
    te = TracebackException(type(value), value, tb, limit=limit, compact=True)
         ^^^^^^^^^^^^^^^^^^^^^^^^^^^^^^^^^^^^^^^^^^^^^^^^^^^^^^^^^^^^^^^^^^^^^
  File "/usr/lib/python3.12/traceback.py", line 733, in __init__
    self.stack = StackSummary._extract_from_extended_frame_gen(
                 ^^^^^^^^^^^^^^^^^^^^^^^^^^^^^^^^^^^^^^^^^^^^^^
  File "/usr/lib/python3.12/traceback.py", line 733, in __init__
    self.stack = StackSummary._extract_from_extended_frame_gen(
                 ^^^^^^^^^^^^^^^^^^^^^^^^^^^^^^^^^^^^^^^^^^^^^^
  File "/usr/lib/python3.12/traceback.py", line 418, in _extract_from_extended_frame_gen
    for f, (lineno, end_lineno, colno, end_colno) in frame_gen:
  File "/usr/lib/python3.12/traceback.py", line 438, in _extract_from_extended_frame_gen
    f.line
  File "/usr/lib/python3.12/traceback.py", line 355, in _walk_tb_with_full_positions
    positions = _get_code_position(tb.tb_frame.f_code, tb.tb_lasti)
                ^^^^^^^^^^^^^^^^^^^^^^^^^^^^^^^^^^^^^^^^^^^^^^^^^^^
  File "/usr/lib/python3.12/traceback.py", line 323, in line
    self._line = linecache.getline(self.filename, self.lineno)
                 ^^^^^^^^^^^^^^^^^^^^^^^^^^^^^^^^^^^^^^^^^^^^^
  File "/usr/lib/python3.12/traceback.py", line 369, in _get_code_position
    return next(itertools.islice(positions_gen, instruction_index // 2, None))
           ^^^^^^^^^^^^^^^^^^^^^^^^^^^^^^^^^^^^^^^^^^^^^^^^^^^^^^^^^^^^^^^^^^^
  File "/usr/lib/python3.12/linecache.py", line 30, in getline
    lines = getlines(filename, module_globals)
            ^^^^^^^^^^^^^^^^^^^^^^^^^^^^^^^^^^
  File "/usr/local/lib/python3.12/dist-packages/torch/utils/data/_utils/signal_handling.py", line 73, in handler
    _error_if_any_worker_fails()
  File "/usr/lib/python3.12/linecache.py", line 46, in getlines
    return updatecache(filename, module_globals)
           ^^^^^^^^^^^^^^^^^^^^^^^^^^^^^^^^^^^^^
RuntimeError: DataLoader worker (pid 383029) is killed by signal: Terminated. 
  File "/usr/lib/python3.12/linecache.py", line 137, in updatecache
    lines = fp.readlines()
            ^^^^^^^^^^^^^^

During handling of the above exception, another exception occurred:

  File "<frozen codecs>", line 319, in decode
Traceback (most recent call last):
  File "/usr/local/lib/python3.12/dist-packages/torch/utils/data/_utils/signal_handling.py", line 73, in handler
    _error_if_any_worker_fails()
RuntimeError: DataLoader worker (pid 387812) is killed by signal: Terminated. 
Call stack:
  File "/usr/local/lib/python3.12/dist-packages/torch/_dynamo/convert_frame.py", line 2031, in _compile
    should_clear = _is_registered_backend(innermost_backend(compiler_fn))
                   ^^^^^^^^^^^^^^^^^^^^^^^^^^^^^^^^^^^^^^^^^^^^^^^^^^^^^^
  File "/usr/local/lib/python3.12/dist-packages/torch/_dynamo/backends/registry.py", line 189, in _is_registered_backend
    _lazy_import()
  File "/usr/local/lib/python3.12/dist-packages/torch/_dynamo/backends/registry.py", line 161, in _lazy_import
    import_submodule(backends)
  File "/usr/local/lib/python3.12/dist-packages/torch/_dynamo/utils.py", line 4124, in import_submodule
    importlib.import_module(f"{mod.__name__}.{filename[:-3]}")
  File "/usr/lib/python3.12/importlib/__init__.py", line 90, in import_module
    return _bootstrap._gcd_import(name[level:], package, level)
           ^^^^^^^^^^^^^^^^^^^^^^^^^^^^^^^^^^^^^^^^^^^^^^^^^^^^
  File "<frozen importlib._bootstrap>", line 1387, in _gcd_import
  File "<frozen importlib._bootstrap>", line 1360, in _find_and_load
  File "<frozen importlib._bootstrap>", line 1331, in _find_and_load_unlocked
  File "<frozen importlib._bootstrap>", line 935, in _load_unlocked
  File "<frozen importlib._bootstrap_external>", line 991, in exec_module
  File "<frozen importlib._bootstrap_external>", line 1124, in get_code
  File "<frozen importlib._bootstrap_external>", line 753, in _compile_bytecode
  File "/usr/local/lib/python3.12/dist-packages/torch/utils/data/_utils/signal_handling.py", line 73, in handler
    _error_if_any_worker_fails()
RuntimeError: DataLoader worker (pid 388455) is killed by signal: Terminated. 

During handling of the above exception, another exception occurred:

Traceback (most recent call last):
  File "/share/project/eai_pwm/home/hcr/worktrees/cosmos-framework-pwm-load-balance/plans/v0.2.3c_kernel_list/run_profile.py", line 68, in <module>
    main()
  File "/usr/local/lib/python3.12/dist-packages/torch/_dynamo/metrics_context.py", line 102, in __exit__
    self._on_exit(
  File "/usr/local/lib/python3.12/dist-packages/torch/_dynamo/utils.py", line 1837, in record_compilation_metrics
    if torch._inductor.utils.should_use_remote_fx_graph_cache():
       ^^^^^^^^^^^^^^^^^^^^^^^^^^^^^^^^^^^^^^^^^^^^^^^^^^^^^^^^
  File "/share/project/eai_pwm/home/hcr/worktrees/cosmos-framework-pwm-load-balance/plans/v0.2.3c_kernel_list/run_profile.py", line 62, in main
    runpy.run_module("cosmos_framework.scripts.train", run_name="__main__")
  File "/usr/local/lib/python3.12/dist-packages/torch/_inductor/utils.py", line 3559, in should_use_remote_fx_graph_cache
    if config.fx_graph_remote_cache is not None:
       ^^^^^^^^^^^^^^^^^^^^^^^^^^^^
  File "<frozen runpy>", line 229, in run_module
  File "/usr/local/lib/python3.12/dist-packages/torch/utils/_config_module.py", line 407, in __getattr__
    def __getattr__(self, name: str) -> Any:
    
  File "<frozen runpy>", line 88, in _run_code
  File "/usr/local/lib/python3.12/dist-packages/torch/utils/data/_utils/signal_handling.py", line 73, in handler
    _error_if_any_worker_fails()
  File "/share/project/eai_pwm/home/hcr/worktrees/cosmos-framework-pwm-load-balance/cosmos_framework/scripts/train.py", line 320, in <module>
    launch(config, args)
RuntimeError: DataLoader worker (pid 382212) is killed by signal: Terminated. 
  File "/opt/venv/lib/python3.12/site-packages/loguru/_logger.py", line 1297, in catch_wrapper
    return function(*args, **kwargs)

During handling of the above exception, another exception occurred:

  File "/share/project/eai_pwm/home/hcr/worktrees/cosmos-framework-pwm-load-balance/cosmos_framework/utils/training_telemetry/telemetry.py", line 65, in wrapper
    return func(config, *args, **kwargs)
Traceback (most recent call last):
  File "/share/project/eai_pwm/home/hcr/worktrees/cosmos-framework-pwm-load-balance/cosmos_framework/scripts/train.py", line 197, in launch
    _run_training(config, args)
  File "/share/project/eai_pwm/home/hcr/worktrees/cosmos-framework-pwm-load-balance/cosmos_framework/scripts/train.py", line 242, in _run_training
    trainer.train(
  File "/share/project/eai_pwm/home/hcr/worktrees/cosmos-framework-pwm-load-balance/cosmos_framework/trainer/__init__.py", line 346, in train
    output_batch, loss, grad_accum_iter = self.training_step(
  File "/share/project/eai_pwm/home/hcr/worktrees/cosmos-framework-pwm-load-balance/cosmos_framework/trainer/__init__.py", line 426, in training_step
    output_batch, loss = model_ddp.training_step(data, iteration)
  File "/share/project/eai_pwm/home/hcr/worktrees/cosmos-framework-pwm-load-balance/cosmos_framework/model/generator/omni_mot_model.py", line 1303, in training_step
    return self.training_step_for_task(task, data_batch, iteration)
  File "/share/project/eai_pwm/home/hcr/worktrees/cosmos-framework-pwm-load-balance/cosmos_framework/model/generator/omni_mot_model.py", line 1274, in training_step_for_task
    output, raw_loss = self._training_step_gen(data_batch, iteration)
  File "/usr/lib/python3.12/logging/__init__.py", line 1160, in emit
    msg = self.format(record)
          ^^^^^^^^^^^^^^^^^^^
  File "/share/project/eai_pwm/home/hcr/worktrees/cosmos-framework-pwm-load-balance/cosmos_framework/model/generator/omni_mot_model.py", line 1559, in _training_step_gen
    out_net = self.denoise(
  File "/usr/lib/python3.12/logging/__init__.py", line 999, in format
    return fmt.format(record)
           ^^^^^^^^^^^^^^^^^^
  File "/share/project/eai_pwm/home/hcr/worktrees/cosmos-framework-pwm-load-balance/cosmos_framework/model/generator/omni_mot_model.py", line 5115, in denoise
    out_net = net(
  File "/usr/local/lib/python3.12/dist-packages/torch/_logging/_internal.py", line 975, in format
    record.exc_text = self.formatException(record.exc_info)
                      ^^^^^^^^^^^^^^^^^^^^^^^^^^^^^^^^^^^^^
  File "/usr/local/lib/python3.12/dist-packages/torch/nn/modules/module.py", line 1778, in _wrapped_call_impl
    return self._call_impl(*args, **kwargs)
  File "/usr/lib/python3.12/logging/__init__.py", line 661, in formatException
    traceback.print_exception(ei[0], ei[1], tb, None, sio)
  File "/usr/local/lib/python3.12/dist-packages/torch/nn/modules/module.py", line 1884, in _call_impl
    return inner()
  File "/usr/lib/python3.12/traceback.py", line 124, in print_exception
    te = TracebackException(type(value), value, tb, limit=limit, compact=True)
         ^^^^^^^^^^^^^^^^^^^^^^^^^^^^^^^^^^^^^^^^^^^^^^^^^^^^^^^^^^^^^^^^^^^^^
  File "/usr/local/lib/python3.12/dist-packages/torch/nn/modules/module.py", line 1832, in inner
    result = forward_call(*args, **kwargs)
  File "/usr/lib/python3.12/traceback.py", line 733, in __init__
    self.stack = StackSummary._extract_from_extended_frame_gen(
                 ^^^^^^^^^^^^^^^^^^^^^^^^^^^^^^^^^^^^^^^^^^^^^^
  File "/share/project/eai_pwm/home/hcr/worktrees/cosmos-framework-pwm-load-balance/cosmos_framework/model/generator/mot/cosmos3_vfm_network.py", line 1487, in forward
    packed_outputs, lbl_metadata = self.language_model(
  File "/usr/lib/python3.12/traceback.py", line 423, in _extract_from_extended_frame_gen
    fnames.add(filename)
  File "/usr/local/lib/python3.12/dist-packages/torch/nn/modules/module.py", line 1778, in _wrapped_call_impl
    return self._call_impl(*args, **kwargs)
  File "/usr/local/lib/python3.12/dist-packages/torch/utils/data/_utils/signal_handling.py", line 73, in handler
    _error_if_any_worker_fails()
  File "/usr/local/lib/python3.12/dist-packages/torch/nn/modules/module.py", line 1789, in _call_impl
    return forward_call(*args, **kwargs)
RuntimeError: DataLoader worker (pid 384912) is killed by signal: Terminated. 
  File "/share/project/eai_pwm/home/hcr/worktrees/cosmos-framework-pwm-load-balance/cosmos_framework/model/generator/mot/unified_mot.py", line 2365, in forward
    outputs = self.model(

During handling of the above exception, another exception occurred:

  File "/usr/local/lib/python3.12/dist-packages/torch/nn/modules/module.py", line 1778, in _wrapped_call_impl
    return self._call_impl(*args, **kwargs)
Traceback (most recent call last):
  File "/usr/local/lib/python3.12/dist-packages/torch/nn/modules/module.py", line 1789, in _call_impl
    return forward_call(*args, **kwargs)
  File "/share/project/eai_pwm/home/hcr/worktrees/cosmos-framework-pwm-load-balance/cosmos_framework/model/generator/mot/unified_mot.py", line 1543, in forward
    return _impl_forward(self, *args, **kwargs)
  File "/share/project/eai_pwm/home/hcr/worktrees/cosmos-framework-pwm-load-balance/cosmos_framework/model/generator/mot/unified_mot.py", line 1084, in _impl_forward
    hidden_states, lbl_metadata_dict, kv_to_store = decoder_layer(
  File "/usr/local/lib/python3.12/dist-packages/torch/_dynamo/eval_frame.py", line 468, in __call__
    return super().__call__(*args, **kwargs)
Traceback (most recent call last):
  File "/usr/local/lib/python3.12/dist-packages/torch/nn/modules/module.py", line 1778, in _wrapped_call_impl
    return self._call_impl(*args, **kwargs)
  File "/usr/local/lib/python3.12/dist-packages/torch/nn/modules/module.py", line 1884, in _call_impl
    return inner()
  File "/usr/local/lib/python3.12/dist-packages/torch/nn/modules/module.py", line 1832, in inner
    result = forward_call(*args, **kwargs)
  File "/usr/local/lib/python3.12/dist-packages/torch/_dynamo/eval_frame.py", line 1020, in compile_wrapper
    return fn(*args, **kwargs)
  File "/usr/local/lib/python3.12/dist-packages/torch/nn/modules/module.py", line 1778, in _wrapped_call_impl
    return self._call_impl(*args, **kwargs)
  File "/usr/local/lib/python3.12/dist-packages/torch/nn/modules/module.py", line 1789, in _call_impl
    return forward_call(*args, **kwargs)
  File "/usr/local/lib/python3.12/dist-packages/torch/_dynamo/convert_frame.py", line 2340, in __call__
    result = self._torchdynamo_orig_backend(
  File "/usr/local/lib/python3.12/dist-packages/torch/_dynamo/convert_frame.py", line 727, in __call__
    result = _compile(
  File "/usr/local/lib/python3.12/dist-packages/torch/_dynamo/convert_frame.py", line 1694, in _compile
    with (
  File "/usr/local/lib/python3.12/dist-packages/torch/_dynamo/metrics_context.py", line 106, in __exit__
    log.exception("Unexpected exception logging compilation metrics")
Message: 'Unexpected exception logging compilation metrics'
Arguments: ()
  File "/usr/local/lib/python3.12/dist-packages/torch/_dynamo/convert_frame.py", line 1915, in _compile
    raise InternalTorchDynamoError(
  File "/usr/local/lib/python3.12/dist-packages/torch/_dynamo/convert_frame.py", line 1851, in _compile
    guarded_code, tracer_output = compile_inner(code, one_graph, hooks)
                                  ^^^^^^^^^^^^^^^^^^^^^^^^^^^^^^^^^^^^^
  File "/usr/local/lib/python3.12/dist-packages/torch/_utils_internal.py", line 96, in wrapper_function
    return function(*args, **kwargs)
           ^^^^^^^^^^^^^^^^^^^^^^^^^
  File "/opt/venv/lib/python3.12/site-packages/loguru/_logger.py", line 1297, in catch_wrapper
    return function(*args, **kwargs)
           ^^^^^^^^^^^^^^^^^^^^^^^^^
  File "/usr/local/lib/python3.12/dist-packages/torch/_dynamo/convert_frame.py", line 1495, in compile_inner
    return _compile_inner(code, one_graph, hooks)
           ^^^^^^^^^^^^^^^^^^^^^^^^^^^^^^^^^^^^^^
  File "/share/project/eai_pwm/home/hcr/worktrees/cosmos-framework-pwm-load-balance/cosmos_framework/utils/training_telemetry/telemetry.py", line 65, in wrapper
    return func(config, *args, **kwargs)
           ^^^^^^^^^^^^^^^^^^^^^^^^^^^^^
  File "/usr/local/lib/python3.12/dist-packages/torch/_dynamo/convert_frame.py", line 1540, in _compile_inner
    dynamo_output = compile_frame(
                    ^^^^^^^^^^^^^^
  File "/share/project/eai_pwm/home/hcr/worktrees/cosmos-framework-pwm-load-balance/cosmos_framework/scripts/train.py", line 197, in launch
    _run_training(config, args)
  File "/usr/local/lib/python3.12/dist-packages/torch/_dynamo/convert_frame.py", line 1403, in compile_frame
    bytecode, tracer_output = transform_code_object(code, transform)
                              ^^^^^^^^^^^^^^^^^^^^^^^^^^^^^^^^^^^^^^
  File "/share/project/eai_pwm/home/hcr/worktrees/cosmos-framework-pwm-load-balance/cosmos_framework/scripts/train.py", line 242, in _run_training
    trainer.train(
  File "/usr/local/lib/python3.12/dist-packages/torch/_dynamo/bytecode_transformation.py", line 1626, in transform_code_object
    tracer_output = transformations(instructions, code_options)
                    ^^^^^^^^^^^^^^^^^^^^^^^^^^^^^^^^^^^^^^^^^^^
  File "/share/project/eai_pwm/home/hcr/worktrees/cosmos-framework-pwm-load-balance/cosmos_framework/trainer/__init__.py", line 346, in train
    output_batch, loss, grad_accum_iter = self.training_step(
                                          ^^^^^^^^^^^^^^^^^^^
  File "/usr/local/lib/python3.12/dist-packages/torch/_dynamo/convert_frame.py", line 1375, in transform
    tracer_output = trace_frame(
                    ^^^^^^^^^^^^
  File "/share/project/eai_pwm/home/hcr/worktrees/cosmos-framework-pwm-load-balance/cosmos_framework/trainer/__init__.py", line 426, in training_step
    output_batch, loss = model_ddp.training_step(data, iteration)
                         ^^^^^^^^^^^^^^^^^^^^^^^^^^^^^^^^^^^^^^^^
  File "/usr/local/lib/python3.12/dist-packages/torch/_dynamo/convert_frame.py", line 341, in _fn
    return fn(*args, **kwargs)
           ^^^^^^^^^^^^^^^^^^^
  File "/share/project/eai_pwm/home/hcr/worktrees/cosmos-framework-pwm-load-balance/cosmos_framework/model/generator/omni_mot_model.py", line 1303, in training_step
    return self.training_step_for_task(task, data_batch, iteration)
           ^^^^^^^^^^^^^^^^^^^^^^^^^^^^^^^^^^^^^^^^^^^^^^^^^^^^^^^^
  File "/usr/local/lib/python3.12/dist-packages/torch/_dynamo/convert_frame.py", line 861, in trace_frame
    run_tracer()
  File "/share/project/eai_pwm/home/hcr/worktrees/cosmos-framework-pwm-load-balance/cosmos_framework/model/generator/omni_mot_model.py", line 1274, in training_step_for_task
    output, raw_loss = self._training_step_gen(data_batch, iteration)
                       ^^^^^^^^^^^^^^^^^^^^^^^^^^^^^^^^^^^^^^^^^^^^^^
  File "/usr/local/lib/python3.12/dist-packages/torch/_dynamo/convert_frame.py", line 853, in run_tracer
    if translation_validation_enabled():
       ^^^^^^^^^^^^^^^^^^^^^^^^^^^^^^^^
  File "/share/project/eai_pwm/home/hcr/worktrees/cosmos-framework-pwm-load-balance/cosmos_framework/model/generator/omni_mot_model.py", line 1559, in _training_step_gen
    out_net = self.denoise(
              ^^^^^^^^^^^^^
  File "/usr/local/lib/python3.12/dist-packages/torch/fx/experimental/validator.py", line 666, in translation_validation_enabled
    def translation_validation_enabled() -> bool:
    
  File "/share/project/eai_pwm/home/hcr/worktrees/cosmos-framework-pwm-load-balance/cosmos_framework/model/generator/omni_mot_model.py", line 5115, in denoise
    out_net = net(
              ^^^^
  File "/usr/local/lib/python3.12/dist-packages/torch/utils/data/_utils/signal_handling.py", line 73, in handler
    _error_if_any_worker_fails()
  File "/usr/local/lib/python3.12/dist-packages/torch/nn/modules/module.py", line 1778, in _wrapped_call_impl
    return self._call_impl(*args, **kwargs)
           ^^^^^^^^^^^^^^^^^^^^^^^^^^^^^^^^
  File "/usr/local/lib/python3.12/dist-packages/torch/nn/modules/module.py", line 1884, in _call_impl
    return inner()
           ^^^^^^^
torch._dynamo.exc.InternalTorchDynamoError: RuntimeError: DataLoader worker (pid 386281) is killed by signal: Terminated. 

  File "/usr/local/lib/python3.12/dist-packages/torch/nn/modules/module.py", line 1832, in inner
    result = forward_call(*args, **kwargs)
             ^^^^^^^^^^^^^^^^^^^^^^^^^^^^^

During handling of the above exception, another exception occurred:

  File "/share/project/eai_pwm/home/hcr/worktrees/cosmos-framework-pwm-load-balance/cosmos_framework/model/generator/mot/cosmos3_vfm_network.py", line 1487, in forward
    packed_outputs, lbl_metadata = self.language_model(
                                   ^^^^^^^^^^^^^^^^^^^^
Traceback (most recent call last):
  File "/usr/local/lib/python3.12/dist-packages/torch/nn/modules/module.py", line 1778, in _wrapped_call_impl
    return self._call_impl(*args, **kwargs)
           ^^^^^^^^^^^^^^^^^^^^^^^^^^^^^^^^
  File "/usr/local/lib/python3.12/dist-packages/torch/nn/modules/module.py", line 1789, in _call_impl
    return forward_call(*args, **kwargs)
           ^^^^^^^^^^^^^^^^^^^^^^^^^^^^^
  File "<frozen importlib._bootstrap>", line 437, in _get_module_lock
  File "/share/project/eai_pwm/home/hcr/worktrees/cosmos-framework-pwm-load-balance/cosmos_framework/model/generator/mot/unified_mot.py", line 2365, in forward
    outputs = self.model(
              ^^^^^^^^^^^
  File "/usr/local/lib/python3.12/dist-packages/torch/utils/data/_utils/signal_handling.py", line 73, in handler
    _error_if_any_worker_fails()
  File "/usr/local/lib/python3.12/dist-packages/torch/nn/modules/module.py", line 1778, in _wrapped_call_impl
    return self._call_impl(*args, **kwargs)
           ^^^^^^^^^^^^^^^^^^^^^^^^^^^^^^^^
RuntimeError: DataLoader worker (pid 383908) is killed by signal: Terminated. 
  File "/usr/local/lib/python3.12/dist-packages/torch/nn/modules/module.py", line 1789, in _call_impl
    return forward_call(*args, **kwargs)
           ^^^^^^^^^^^^^^^^^^^^^^^^^^^^^

During handling of the above exception, another exception occurred:

  File "/share/project/eai_pwm/home/hcr/worktrees/cosmos-framework-pwm-load-balance/cosmos_framework/model/generator/mot/unified_mot.py", line 1543, in forward
    return _impl_forward(self, *args, **kwargs)
           ^^^^^^^^^^^^^^^^^^^^^^^^^^^^^^^^^^^^
Traceback (most recent call last):
  File "/share/project/eai_pwm/home/hcr/worktrees/cosmos-framework-pwm-load-balance/cosmos_framework/model/generator/mot/unified_mot.py", line 1084, in _impl_forward
    hidden_states, lbl_metadata_dict, kv_to_store = decoder_layer(
                                                    ^^^^^^^^^^^^^^
  File "/usr/local/lib/python3.12/dist-packages/torch/_dynamo/eval_frame.py", line 468, in __call__
    return super().__call__(*args, **kwargs)
           ^^^^^^^^^^^^^^^^^^^^^^^^^^^^^^^^^
  File "/usr/local/lib/python3.12/dist-packages/torch/nn/modules/module.py", line 1778, in _wrapped_call_impl
    return self._call_impl(*args, **kwargs)
           ^^^^^^^^^^^^^^^^^^^^^^^^^^^^^^^^
  File "/usr/local/lib/python3.12/dist-packages/torch/nn/modules/module.py", line 1884, in _call_impl
    return inner()
           ^^^^^^^
  File "/usr/local/lib/python3.12/dist-packages/torch/nn/modules/module.py", line 1832, in inner
    result = forward_call(*args, **kwargs)
             ^^^^^^^^^^^^^^^^^^^^^^^^^^^^^
  File "/usr/local/lib/python3.12/dist-packages/torch/_dynamo/eval_frame.py", line 1020, in compile_wrapper
    return fn(*args, **kwargs)
           ^^^^^^^^^^^^^^^^^^^
  File "/usr/local/lib/python3.12/dist-packages/torch/nn/modules/module.py", line 1778, in _wrapped_call_impl
    return self._call_impl(*args, **kwargs)
           ^^^^^^^^^^^^^^^^^^^^^^^^^^^^^^^^
  File "/usr/local/lib/python3.12/dist-packages/torch/_dynamo/convert_frame.py", line 2031, in _compile
    should_clear = _is_registered_backend(innermost_backend(compiler_fn))
                   ^^^^^^^^^^^^^^^^^^^^^^^^^^^^^^^^^^^^^^^^^^^^^^^^^^^^^^
  File "/usr/local/lib/python3.12/dist-packages/torch/nn/modules/module.py", line 1789, in _call_impl
    return forward_call(*args, **kwargs)
           ^^^^^^^^^^^^^^^^^^^^^^^^^^^^^
  File "/usr/local/lib/python3.12/dist-packages/torch/_dynamo/convert_frame.py", line 2340, in __call__
    result = self._torchdynamo_orig_backend(
             ^^^^^^^^^^^^^^^^^^^^^^^^^^^^^^^
  File "/usr/local/lib/python3.12/dist-packages/torch/_dynamo/backends/registry.py", line 189, in _is_registered_backend
    _lazy_import()
  File "/usr/local/lib/python3.12/dist-packages/torch/_dynamo/convert_frame.py", line 727, in __call__
    result = _compile(
             ^^^^^^^^^
  File "/usr/local/lib/python3.12/dist-packages/torch/_dynamo/backends/registry.py", line 161, in _lazy_import
    import_submodule(backends)
  File "/usr/local/lib/python3.12/dist-packages/torch/_dynamo/convert_frame.py", line 1694, in _compile
    with (
  File "/usr/local/lib/python3.12/dist-packages/torch/_dynamo/utils.py", line 4124, in import_submodule
    importlib.import_module(f"{mod.__name__}.{filename[:-3]}")
  File "/usr/local/lib/python3.12/dist-packages/torch/_dynamo/metrics_context.py", line 106, in __exit__
    log.exception("Unexpected exception logging compilation metrics")
  File "/usr/lib/python3.12/importlib/__init__.py", line 90, in import_module
    return _bootstrap._gcd_import(name[level:], package, level)
           ^^^^^^^^^^^^^^^^^^^^^^^^^^^^^^^^^^^^^^^^^^^^^^^^^^^^
  File "/usr/lib/python3.12/logging/__init__.py", line 1574, in exception
    self.error(msg, *args, exc_info=exc_info, **kwargs)
  File "<frozen importlib._bootstrap>", line 1387, in _gcd_import
  File "/usr/lib/python3.12/logging/__init__.py", line 1568, in error
    self._log(ERROR, msg, args, **kwargs)
  File "<frozen importlib._bootstrap>", line 1357, in _find_and_load
  File "/usr/lib/python3.12/logging/__init__.py", line 1684, in _log
    self.handle(record)
  File "<frozen importlib._bootstrap>", line 417, in __enter__
  File "/usr/lib/python3.12/logging/__init__.py", line 1700, in handle
    self.callHandlers(record)
  File "<frozen importlib._bootstrap>", line 458, in _get_module_lock
  File "/usr/lib/python3.12/logging/__init__.py", line 1762, in callHandlers
    hdlr.handle(record)
  File "/usr/local/lib/python3.12/dist-packages/torch/utils/data/_utils/signal_handling.py", line 73, in handler
    _error_if_any_worker_fails()
  File "/usr/lib/python3.12/logging/__init__.py", line 1028, in handle
    self.emit(record)
RuntimeError: DataLoader worker (pid 385368) is killed by signal: Terminated. 
  File "/usr/lib/python3.12/logging/__init__.py", line 1168, in emit
    self.handleError(record)

During handling of the above exception, another exception occurred:

  File "/usr/lib/python3.12/logging/__init__.py", line 1082, in handleError
    traceback.print_exception(t, v, tb, None, sys.stderr)
Traceback (most recent call last):
  File "/usr/lib/python3.12/traceback.py", line 124, in print_exception
    te = TracebackException(type(value), value, tb, limit=limit, compact=True)
         ^^^^^^^^^^^^^^^^^^^^^^^^^^^^^^^^^^^^^^^^^^^^^^^^^^^^^^^^^^^^^^^^^^^^^
  File "/usr/lib/python3.12/traceback.py", line 733, in __init__
    self.stack = StackSummary._extract_from_extended_frame_gen(
                 ^^^^^^^^^^^^^^^^^^^^^^^^^^^^^^^^^^^^^^^^^^^^^^
  File "/usr/lib/python3.12/traceback.py", line 438, in _extract_from_extended_frame_gen
    f.line
  File "/usr/lib/python3.12/traceback.py", line 323, in line
    self._line = linecache.getline(self.filename, self.lineno)
                 ^^^^^^^^^^^^^^^^^^^^^^^^^^^^^^^^^^^^^^^^^^^^^
  File "/usr/lib/python3.12/linecache.py", line 30, in getline
    lines = getlines(filename, module_globals)
            ^^^^^^^^^^^^^^^^^^^^^^^^^^^^^^^^^^
  File "/usr/lib/python3.12/linecache.py", line 46, in getlines
    return updatecache(filename, module_globals)
           ^^^^^^^^^^^^^^^^^^^^^^^^^^^^^^^^^^^^^
  File "/usr/local/lib/python3.12/dist-packages/torch/_dynamo/metrics_context.py", line 102, in __exit__
    self._on_exit(
  File "/usr/lib/python3.12/linecache.py", line 137, in updatecache
    lines = fp.readlines()
            ^^^^^^^^^^^^^^
  File "<frozen codecs>", line 319, in decode
  File "/usr/local/lib/python3.12/dist-packages/torch/_dynamo/utils.py", line 1865, in record_compilation_metrics
    "dynamo_config": _get_dynamo_config_for_logging(),
                     ^^^^^^^^^^^^^^^^^^^^^^^^^^^^^^^^
  File "/usr/local/lib/python3.12/dist-packages/torch/utils/data/_utils/signal_handling.py", line 73, in handler
    _error_if_any_worker_fails()
  File "/usr/local/lib/python3.12/dist-packages/torch/_dynamo/utils.py", line 1754, in _get_dynamo_config_for_logging
    config_dict = clean_for_json(config.get_config_copy())
                                 ^^^^^^^^^^^^^^^^^^^^^^^^
RuntimeError: DataLoader worker (pid 389364) is killed by signal: Terminated. 
  File "/usr/local/lib/python3.12/dist-packages/torch/utils/_config_module.py", line 674, in get_config_copy
    return self._get_dict()
           ^^^^^^^^^^^^^^^^

During handling of the above exception, another exception occurred:

  File "/usr/local/lib/python3.12/dist-packages/torch/utils/_config_module.py", line 540, in _get_dict
    config[key] = copy.deepcopy(getattr(self, key))
                                ^^^^^^^^^^^^^^^^^^
Traceback (most recent call last):
  File "/usr/local/lib/python3.12/dist-packages/torch/utils/_config_module.py", line 417, in __getattr__
    alias_val = self._get_alias_val(config)
                ^^^^^^^^^^^^^^^^^^^^^^^^^^^
  File "/usr/local/lib/python3.12/dist-packages/torch/utils/_config_module.py", line 467, in _get_alias_val
    data = self._get_alias_module_and_name(entry)
           ^^^^^^^^^^^^^^^^^^^^^^^^^^^^^^^^^^^^^^
  File "/usr/local/lib/python3.12/dist-packages/torch/utils/data/_utils/signal_handling.py", line 73, in handler
    _error_if_any_worker_fails()
  File "/opt/venv/lib/python3.12/site-packages/loguru/_handler.py", line 147, in emit
    formatter_record["exception"] = "".join(lines)
                                    ^^^^^^^^^^^^^^
RuntimeError: DataLoader worker (pid 382221) is killed by signal: Terminated. 
  File "/opt/venv/lib/python3.12/site-packages/loguru/_better_exceptions.py", line 573, in format_exception
    yield from self._format_exception(value, tb, is_first=True, from_decorator=from_decorator)

During handling of the above exception, another exception occurred:

  File "/opt/venv/lib/python3.12/site-packages/loguru/_better_exceptions.py", line 422, in _format_exception
    yield from self._format_exception(
Traceback (most recent call last):
  File "/opt/venv/lib/python3.12/site-packages/loguru/_better_exceptions.py", line 422, in _format_exception
    yield from self._format_exception(
  File "/opt/venv/lib/python3.12/site-packages/loguru/_better_exceptions.py", line 422, in _format_exception
    yield from self._format_exception(
  [Previous line repeated 3 more times]
  File "/opt/venv/lib/python3.12/site-packages/loguru/_better_exceptions.py", line 454, in _format_exception
    frames, final_source = self._extract_frames(
                           ^^^^^^^^^^^^^^^^^^^^^
  File "/opt/venv/lib/python3.12/site-packages/loguru/_better_exceptions.py", line 256, in _extract_frames
    values = self._format_relevant_values(list(relevant_values), colorize)
                                          ^^^^^^^^^^^^^^^^^^^^^
  File "/usr/local/lib/python3.12/dist-packages/torch/utils/data/_utils/signal_handling.py", line 73, in handler
    _error_if_any_worker_fails()
RuntimeError: DataLoader worker (pid 386792) is killed by signal: Terminated. 
  File "/usr/lib/python3.12/logging/__init__.py", line 1160, in emit
    msg = self.format(record)
          ^^^^^^^^^^^^^^^^^^^
--- End of logging error ---
  File "/usr/lib/python3.12/logging/__init__.py", line 999, in format
    return fmt.format(record)
           ^^^^^^^^^^^^^^^^^^
  File "/usr/local/lib/python3.12/dist-packages/torch/_logging/_internal.py", line 975, in format
    record.exc_text = self.formatException(record.exc_info)
                      ^^^^^^^^^^^^^^^^^^^^^^^^^^^^^^^^^^^^^
  File "/usr/lib/python3.12/logging/__init__.py", line 661, in formatException
    traceback.print_exception(ei[0], ei[1], tb, None, sio)
  File "/usr/lib/python3.12/traceback.py", line 124, in print_exception
    te = TracebackException(type(value), value, tb, limit=limit, compact=True)
         ^^^^^^^^^^^^^^^^^^^^^^^^^^^^^^^^^^^^^^^^^^^^^^^^^^^^^^^^^^^^^^^^^^^^^
  File "/usr/lib/python3.12/traceback.py", line 811, in __init__
    context = TracebackException(
              ^^^^^^^^^^^^^^^^^^^
  File "/usr/lib/python3.12/traceback.py", line 718, in __init__
    def __init__(self, exc_type, exc_value, exc_traceback, *, limit=None,
    
  File "/usr/local/lib/python3.12/dist-packages/torch/utils/data/_utils/signal_handling.py", line 73, in handler
    _error_if_any_worker_fails()
RuntimeError: DataLoader worker (pid 387128) is killed by signal: Terminated. 
Call stack:
  File "/share/project/eai_pwm/home/hcr/worktrees/cosmos-framework-pwm-load-balance/plans/v0.2.3c_kernel_list/run_profile.py", line 68, in <module>
    main()
  File "/share/project/eai_pwm/home/hcr/worktrees/cosmos-framework-pwm-load-balance/plans/v0.2.3c_kernel_list/run_profile.py", line 62, in main
    runpy.run_module("cosmos_framework.scripts.train", run_name="__main__")
  File "<frozen runpy>", line 229, in run_module
  File "<frozen runpy>", line 88, in _run_code
  File "/share/project/eai_pwm/home/hcr/worktrees/cosmos-framework-pwm-load-balance/cosmos_framework/scripts/train.py", line 320, in <module>
    launch(config, args)
  File "/opt/venv/lib/python3.12/site-packages/loguru/_logger.py", line 1297, in catch_wrapper
    return function(*args, **kwargs)
  File "/share/project/eai_pwm/home/hcr/worktrees/cosmos-framework-pwm-load-balance/cosmos_framework/utils/training_telemetry/telemetry.py", line 65, in wrapper
    return func(config, *args, **kwargs)
  File "/share/project/eai_pwm/home/hcr/worktrees/cosmos-framework-pwm-load-balance/cosmos_framework/scripts/train.py", line 197, in launch
    _run_training(config, args)
  File "/share/project/eai_pwm/home/hcr/worktrees/cosmos-framework-pwm-load-balance/cosmos_framework/scripts/train.py", line 242, in _run_training
    trainer.train(
  File "/share/project/eai_pwm/home/hcr/worktrees/cosmos-framework-pwm-load-balance/cosmos_framework/trainer/__init__.py", line 346, in train
    output_batch, loss, grad_accum_iter = self.training_step(
  File "/share/project/eai_pwm/home/hcr/worktrees/cosmos-framework-pwm-load-balance/cosmos_framework/trainer/__init__.py", line 426, in training_step
    output_batch, loss = model_ddp.training_step(data, iteration)
  File "/share/project/eai_pwm/home/hcr/worktrees/cosmos-framework-pwm-load-balance/cosmos_framework/model/generator/omni_mot_model.py", line 1303, in training_step
    return self.training_step_for_task(task, data_batch, iteration)
  File "/share/project/eai_pwm/home/hcr/worktrees/cosmos-framework-pwm-load-balance/cosmos_framework/model/generator/omni_mot_model.py", line 1274, in training_step_for_task
    output, raw_loss = self._training_step_gen(data_batch, iteration)
  File "/share/project/eai_pwm/home/hcr/worktrees/cosmos-framework-pwm-load-balance/cosmos_framework/model/generator/omni_mot_model.py", line 1559, in _training_step_gen
    out_net = self.denoise(
  File "/share/project/eai_pwm/home/hcr/worktrees/cosmos-framework-pwm-load-balance/cosmos_framework/model/generator/omni_mot_model.py", line 5115, in denoise
    out_net = net(
  File "/usr/local/lib/python3.12/dist-packages/torch/nn/modules/module.py", line 1778, in _wrapped_call_impl
    return self._call_impl(*args, **kwargs)
  File "/usr/local/lib/python3.12/dist-packages/torch/nn/modules/module.py", line 1884, in _call_impl
    return inner()
  File "/usr/local/lib/python3.12/dist-packages/torch/nn/modules/module.py", line 1832, in inner
    result = forward_call(*args, **kwargs)
  File "/share/project/eai_pwm/home/hcr/worktrees/cosmos-framework-pwm-load-balance/cosmos_framework/model/generator/mot/cosmos3_vfm_network.py", line 1487, in forward
    packed_outputs, lbl_metadata = self.language_model(
  File "/usr/local/lib/python3.12/dist-packages/torch/nn/modules/module.py", line 1778, in _wrapped_call_impl
    return self._call_impl(*args, **kwargs)
  File "/usr/local/lib/python3.12/dist-packages/torch/nn/modules/module.py", line 1789, in _call_impl
    return forward_call(*args, **kwargs)
  File "/share/project/eai_pwm/home/hcr/worktrees/cosmos-framework-pwm-load-balance/cosmos_framework/model/generator/mot/unified_mot.py", line 2365, in forward
    outputs = self.model(
  File "/usr/local/lib/python3.12/dist-packages/torch/nn/modules/module.py", line 1778, in _wrapped_call_impl
    return self._call_impl(*args, **kwargs)
  File "/usr/local/lib/python3.12/dist-packages/torch/nn/modules/module.py", line 1789, in _call_impl
    return forward_call(*args, **kwargs)
  File "/share/project/eai_pwm/home/hcr/worktrees/cosmos-framework-pwm-load-balance/cosmos_framework/model/generator/mot/unified_mot.py", line 1543, in forward
    return _impl_forward(self, *args, **kwargs)
  File "/share/project/eai_pwm/home/hcr/worktrees/cosmos-framework-pwm-load-balance/cosmos_framework/model/generator/mot/unified_mot.py", line 1084, in _impl_forward
    hidden_states, lbl_metadata_dict, kv_to_store = decoder_layer(
  File "/usr/local/lib/python3.12/dist-packages/torch/_dynamo/eval_frame.py", line 468, in __call__
    return super().__call__(*args, **kwargs)
  File "/usr/local/lib/python3.12/dist-packages/torch/nn/modules/module.py", line 1778, in _wrapped_call_impl
    return self._call_impl(*args, **kwargs)
  File "/usr/local/lib/python3.12/dist-packages/torch/nn/modules/module.py", line 1884, in _call_impl
    return inner()
  File "/usr/local/lib/python3.12/dist-packages/torch/nn/modules/module.py", line 1832, in inner
    result = forward_call(*args, **kwargs)
  File "/usr/local/lib/python3.12/dist-packages/torch/_dynamo/eval_frame.py", line 1020, in compile_wrapper
    return fn(*args, **kwargs)
  File "/usr/local/lib/python3.12/dist-packages/torch/nn/modules/module.py", line 1778, in _wrapped_call_impl
    return self._call_impl(*args, **kwargs)
  File "/usr/local/lib/python3.12/dist-packages/torch/nn/modules/module.py", line 1789, in _call_impl
    return forward_call(*args, **kwargs)
  File "/usr/local/lib/python3.12/dist-packages/torch/_dynamo/convert_frame.py", line 2340, in __call__
    result = self._torchdynamo_orig_backend(
  File "/usr/local/lib/python3.12/dist-packages/torch/_dynamo/convert_frame.py", line 727, in __call__
    result = _compile(
  File "/usr/local/lib/python3.12/dist-packages/torch/_dynamo/convert_frame.py", line 1694, in _compile
    with (
  File "/usr/local/lib/python3.12/dist-packages/torch/_dynamo/metrics_context.py", line 106, in __exit__
    log.exception("Unexpected exception logging compilation metrics")
Message: 'Unexpected exception logging compilation metrics'
Arguments: ()
[rank6]: Traceback (most recent call last):
[rank6]:   File "/usr/local/lib/python3.12/dist-packages/torch/_dynamo/symbolic_convert.py", line 1694, in run
[rank6]:     while self.step():
[rank6]:           ^^^^^^^^^^^
[rank6]:   File "/usr/local/lib/python3.12/dist-packages/torch/_dynamo/symbolic_convert.py", line 1360, in step
[rank6]:     self.dispatch_table[inst.opcode](self, inst)
[rank6]:   File "/usr/local/lib/python3.12/dist-packages/torch/_dynamo/symbolic_convert.py", line 4944, in RETURN_VALUE
[rank6]:   File "/usr/local/lib/python3.12/dist-packages/torch/_dynamo/symbolic_convert.py", line 4926, in _return
[rank6]:     all_stack_locals_metadata = self.output.compile_subgraph(
[rank6]:                                 ^^^^^^^^^^^^^^^^^^^^^^^^^^^^^
[rank6]:   File "/usr/local/lib/python3.12/dist-packages/torch/_dynamo/output_graph.py", line 1929, in compile_subgraph
[rank6]:     self.compile_and_call_fx_graph(tx, pass2.graph_output_vars(), root)
[rank6]:   File "/usr/local/lib/python3.12/dist-packages/torch/_dynamo/output_graph.py", line 2503, in compile_and_call_fx_graph
[rank6]:     compiled_fn = self.call_user_compiler(gm, self.example_inputs())
[rank6]:                   ^^^^^^^^^^^^^^^^^^^^^^^^^^^^^^^^^^^^^^^^^^^^^^^^^^
[rank6]:   File "/usr/local/lib/python3.12/dist-packages/torch/_dynamo/output_graph.py", line 2656, in call_user_compiler
[rank6]:     return self._call_user_compiler(gm, example_inputs)
[rank6]:            ^^^^^^^^^^^^^^^^^^^^^^^^^^^^^^^^^^^^^^^^^^^^
[rank6]:   File "/usr/local/lib/python3.12/dist-packages/torch/_dynamo/output_graph.py", line 2739, in _call_user_compiler
[rank6]:     raise BackendCompilerFailed(
[rank6]:   File "/usr/local/lib/python3.12/dist-packages/torch/_dynamo/output_graph.py", line 2714, in _call_user_compiler
[rank6]:   File "/usr/local/lib/python3.12/dist-packages/torch/_dynamo/repro/after_dynamo.py", line 156, in __call__
[rank6]:     compiled_gm = compiler_fn(gm, example_inputs)
[rank6]:                   ^^^^^^^^^^^^^^^^^^^^^^^^^^^^^^^
[rank6]:   File "/usr/local/lib/python3.12/dist-packages/torch/__init__.py", line 2476, in __call__
[rank6]:     return compile_fx(model_, inputs_, config_patches=all_patches)
[rank6]:            ^^^^^^^^^^^^^^^^^^^^^^^^^^^^^^^^^^^^^^^^^^^^^^^^^^^^^^^
[rank6]:   File "/usr/local/lib/python3.12/dist-packages/torch/_inductor/compile_fx.py", line 2578, in compile_fx
[rank6]:     return compile_fx(
[rank6]:            ^^^^^^^^^^^
[rank6]:   File "/usr/local/lib/python3.12/dist-packages/torch/_inductor/compile_fx.py", line 2629, in compile_fx
[rank6]:     return _maybe_wrap_and_compile_fx_main(
[rank6]:            ^^^^^^^^^^^^^^^^^^^^^^^^^^^^^^^^
[rank6]:   File "/usr/local/lib/python3.12/dist-packages/torch/_inductor/compile_fx.py", line 2706, in _maybe_wrap_and_compile_fx_main
[rank6]:     return _compile_fx_main(
[rank6]:            ^^^^^^^^^^^^^^^^^
[rank6]:   File "/usr/local/lib/python3.12/dist-packages/torch/_inductor/compile_fx.py", line 2902, in _compile_fx_main
[rank6]:     return aot_autograd(
[rank6]:            ^^^^^^^^^^^^^
[rank6]:   File "/usr/local/lib/python3.12/dist-packages/torch/_dynamo/backends/common.py", line 123, in __call__
[rank6]:     cg = aot_module_simplified(gm, example_inputs, **self.kwargs)
[rank6]:          ^^^^^^^^^^^^^^^^^^^^^^^^^^^^^^^^^^^^^^^^^^^^^^^^^^^^^^^^
[rank6]:   File "/usr/local/lib/python3.12/dist-packages/torch/_functorch/aot_autograd.py", line 1103, in aot_module_simplified
[rank6]:     with contextlib.ExitStack() as stack:
[rank6]:   File "/usr/lib/python3.12/contextlib.py", line 610, in __exit__
[rank6]:     raise exc_details[1]
[rank6]:   File "/usr/lib/python3.12/contextlib.py", line 595, in __exit__
[rank6]:     if cb(*exc_details):
[rank6]:        ^^^^^^^^^^^^^^^^
[rank6]:   File "/usr/local/lib/python3.12/dist-packages/torch/_decomp/decompositions_for_rng.py", line 134, in __exit__
[rank6]:     PhiloxStateTracker.reset()
[rank6]:   File "/usr/local/lib/python3.12/dist-packages/torch/_decomp/decompositions_for_rng.py", line 138, in reset
[rank6]:     cls.running_state = PhiloxState()
[rank6]:                         ^^^^^^^^^^^^^
[rank6]:   File "/usr/local/lib/python3.12/dist-packages/torch/_decomp/decompositions_for_rng.py", line 74, in __init__
[rank6]:     def __init__(self) -> None:

[rank6]:   File "/usr/local/lib/python3.12/dist-packages/torch/utils/data/_utils/signal_handling.py", line 73, in handler
[rank6]:     _error_if_any_worker_fails()
[rank6]: torch._dynamo.exc.BackendCompilerFailed: backend='inductor' raised:
[rank6]: RuntimeError: DataLoader worker (pid 387771) is killed by signal: Terminated. 

[rank6]: During handling of the above exception, another exception occurred:

[rank6]: Traceback (most recent call last):
[rank6]:   File "/usr/local/lib/python3.12/dist-packages/torch/_dynamo/convert_frame.py", line 1851, in _compile
[rank6]:     guarded_code, tracer_output = compile_inner(code, one_graph, hooks)
[rank6]:                                   ^^^^^^^^^^^^^^^^^^^^^^^^^^^^^^^^^^^^^
[rank6]:   File "/usr/local/lib/python3.12/dist-packages/torch/_utils_internal.py", line 96, in wrapper_function
[rank6]:     return function(*args, **kwargs)
[rank6]:            ^^^^^^^^^^^^^^^^^^^^^^^^^
[rank6]:   File "/usr/local/lib/python3.12/dist-packages/torch/_dynamo/convert_frame.py", line 1495, in compile_inner
[rank6]:     return _compile_inner(code, one_graph, hooks)
[rank6]:            ^^^^^^^^^^^^^^^^^^^^^^^^^^^^^^^^^^^^^^
[rank6]:   File "/usr/local/lib/python3.12/dist-packages/torch/_dynamo/convert_frame.py", line 1540, in _compile_inner
[rank6]:     dynamo_output = compile_frame(
[rank6]:                     ^^^^^^^^^^^^^^
[rank6]:   File "/usr/local/lib/python3.12/dist-packages/torch/_dynamo/convert_frame.py", line 1403, in compile_frame
[rank6]:     bytecode, tracer_output = transform_code_object(code, transform)
[rank6]:                               ^^^^^^^^^^^^^^^^^^^^^^^^^^^^^^^^^^^^^^
[rank6]:   File "/usr/local/lib/python3.12/dist-packages/torch/_dynamo/bytecode_transformation.py", line 1626, in transform_code_object
[rank6]:     tracer_output = transformations(instructions, code_options)
[rank6]:                     ^^^^^^^^^^^^^^^^^^^^^^^^^^^^^^^^^^^^^^^^^^^
[rank6]:   File "/usr/local/lib/python3.12/dist-packages/torch/_dynamo/convert_frame.py", line 1375, in transform
[rank6]:     tracer_output = trace_frame(
[rank6]:                     ^^^^^^^^^^^^
[rank6]:   File "/usr/local/lib/python3.12/dist-packages/torch/_dynamo/convert_frame.py", line 341, in _fn
[rank6]:     return fn(*args, **kwargs)
[rank6]:            ^^^^^^^^^^^^^^^^^^^
[rank6]:   File "/usr/local/lib/python3.12/dist-packages/torch/_dynamo/convert_frame.py", line 861, in trace_frame
[rank6]:     run_tracer()
[rank6]:   File "/usr/local/lib/python3.12/dist-packages/torch/_dynamo/convert_frame.py", line 842, in run_tracer
[rank6]:     tracer.run()
[rank6]:   File "/usr/local/lib/python3.12/dist-packages/torch/_dynamo/symbolic_convert.py", line 1754, in run
[rank6]:     self.output.cleanup()
[rank6]:   File "/usr/local/lib/python3.12/dist-packages/torch/_dynamo/output_graph.py", line 3036, in cleanup
[rank6]:     self.tracing_context.clear()
[rank6]:   File "/usr/local/lib/python3.12/dist-packages/torch/_guards.py", line 990, in clear
[rank6]:     self.inlined_code_cache.clear()
[rank6]:   File "/usr/local/lib/python3.12/dist-packages/torch/utils/data/_utils/signal_handling.py", line 73, in handler
[rank6]:     _error_if_any_worker_fails()
[rank6]: RuntimeError: DataLoader worker (pid 382210) is killed by signal: Terminated. 

[rank6]: During handling of the above exception, another exception occurred:

[rank6]: Traceback (most recent call last):
[rank6]:   File "/usr/local/lib/python3.12/dist-packages/torch/_dynamo/convert_frame.py", line 1879, in _compile
[rank6]:     exception_stack_trace = [traceback.format_exc()]
[rank6]:                              ^^^^^^^^^^^^^^^^^^^^^^
[rank6]:   File "/usr/lib/python3.12/traceback.py", line 184, in format_exc
[rank6]:     return "".join(format_exception(sys.exception(), limit=limit, chain=chain))
[rank6]:                    ^^^^^^^^^^^^^^^^^^^^^^^^^^^^^^^^^^^^^^^^^^^^^^^^^^^^^^^^^^^
[rank6]:   File "/usr/lib/python3.12/traceback.py", line 139, in format_exception
[rank6]:     te = TracebackException(type(value), value, tb, limit=limit, compact=True)
[rank6]:          ^^^^^^^^^^^^^^^^^^^^^^^^^^^^^^^^^^^^^^^^^^^^^^^^^^^^^^^^^^^^^^^^^^^^^
[rank6]:   File "/usr/lib/python3.12/traceback.py", line 811, in __init__
[rank6]:     context = TracebackException(
[rank6]:               ^^^^^^^^^^^^^^^^^^^
[rank6]:   File "/usr/lib/python3.12/traceback.py", line 733, in __init__
[rank6]:     self.stack = StackSummary._extract_from_extended_frame_gen(
[rank6]:                  ^^^^^^^^^^^^^^^^^^^^^^^^^^^^^^^^^^^^^^^^^^^^^^
[rank6]:   File "/usr/lib/python3.12/traceback.py", line 418, in _extract_from_extended_frame_gen
[rank6]:     for f, (lineno, end_lineno, colno, end_colno) in frame_gen:
[rank6]:   File "/usr/lib/python3.12/traceback.py", line 355, in _walk_tb_with_full_positions
[rank6]:     positions = _get_code_position(tb.tb_frame.f_code, tb.tb_lasti)
[rank6]:                 ^^^^^^^^^^^^^^^^^^^^^^^^^^^^^^^^^^^^^^^^^^^^^^^^^^^
[rank6]:   File "/usr/lib/python3.12/traceback.py", line 369, in _get_code_position
[rank6]:     return next(itertools.islice(positions_gen, instruction_index // 2, None))
[rank6]:            ^^^^^^^^^^^^^^^^^^^^^^^^^^^^^^^^^^^^^^^^^^^^^^^^^^^^^^^^^^^^^^^^^^^
[rank6]:   File "/usr/local/lib/python3.12/dist-packages/torch/utils/data/_utils/signal_handling.py", line 73, in handler
[rank6]:     _error_if_any_worker_fails()
[rank6]: RuntimeError: DataLoader worker (pid 385322) is killed by signal: Terminated. 

[rank6]: During handling of the above exception, another exception occurred:

[rank6]: Traceback (most recent call last):
[rank6]:   File "/opt/venv/lib/python3.12/site-packages/loguru/_logger.py", line 1297, in catch_wrapper
[rank6]:     return function(*args, **kwargs)
[rank6]:            ^^^^^^^^^^^^^^^^^^^^^^^^^
[rank6]:   File "/share/project/eai_pwm/home/hcr/worktrees/cosmos-framework-pwm-load-balance/cosmos_framework/utils/training_telemetry/telemetry.py", line 65, in wrapper
[rank6]:     return func(config, *args, **kwargs)
[rank6]:            ^^^^^^^^^^^^^^^^^^^^^^^^^^^^^
[rank6]:   File "/share/project/eai_pwm/home/hcr/worktrees/cosmos-framework-pwm-load-balance/cosmos_framework/scripts/train.py", line 197, in launch
[rank6]:     _run_training(config, args)
[rank6]:   File "/share/project/eai_pwm/home/hcr/worktrees/cosmos-framework-pwm-load-balance/cosmos_framework/scripts/train.py", line 242, in _run_training
[rank6]:     trainer.train(
[rank6]:   File "/share/project/eai_pwm/home/hcr/worktrees/cosmos-framework-pwm-load-balance/cosmos_framework/trainer/__init__.py", line 346, in train
[rank6]:     output_batch, loss, grad_accum_iter = self.training_step(
[rank6]:                                           ^^^^^^^^^^^^^^^^^^^
[rank6]:   File "/share/project/eai_pwm/home/hcr/worktrees/cosmos-framework-pwm-load-balance/cosmos_framework/trainer/__init__.py", line 426, in training_step
[rank6]:     output_batch, loss = model_ddp.training_step(data, iteration)
[rank6]:                          ^^^^^^^^^^^^^^^^^^^^^^^^^^^^^^^^^^^^^^^^
[rank6]:   File "/share/project/eai_pwm/home/hcr/worktrees/cosmos-framework-pwm-load-balance/cosmos_framework/model/generator/omni_mot_model.py", line 1303, in training_step
[rank6]:     return self.training_step_for_task(task, data_batch, iteration)
[rank6]:            ^^^^^^^^^^^^^^^^^^^^^^^^^^^^^^^^^^^^^^^^^^^^^^^^^^^^^^^^
[rank6]:   File "/share/project/eai_pwm/home/hcr/worktrees/cosmos-framework-pwm-load-balance/cosmos_framework/model/generator/omni_mot_model.py", line 1274, in training_step_for_task
[rank6]:     output, raw_loss = self._training_step_gen(data_batch, iteration)
[rank6]:                        ^^^^^^^^^^^^^^^^^^^^^^^^^^^^^^^^^^^^^^^^^^^^^^
[rank6]:   File "/share/project/eai_pwm/home/hcr/worktrees/cosmos-framework-pwm-load-balance/cosmos_framework/model/generator/omni_mot_model.py", line 1559, in _training_step_gen
[rank6]:     out_net = self.denoise(
[rank6]:               ^^^^^^^^^^^^^
[rank6]:   File "/share/project/eai_pwm/home/hcr/worktrees/cosmos-framework-pwm-load-balance/cosmos_framework/model/generator/omni_mot_model.py", line 5115, in denoise
[rank6]:     out_net = net(
[rank6]:               ^^^^
[rank6]:   File "/usr/local/lib/python3.12/dist-packages/torch/nn/modules/module.py", line 1778, in _wrapped_call_impl
[rank6]:     return self._call_impl(*args, **kwargs)
[rank6]:            ^^^^^^^^^^^^^^^^^^^^^^^^^^^^^^^^
[rank6]:   File "/usr/local/lib/python3.12/dist-packages/torch/nn/modules/module.py", line 1884, in _call_impl
[rank6]:     return inner()
[rank6]:            ^^^^^^^
[rank6]:   File "/usr/local/lib/python3.12/dist-packages/torch/nn/modules/module.py", line 1832, in inner
[rank6]:     result = forward_call(*args, **kwargs)
[rank6]:              ^^^^^^^^^^^^^^^^^^^^^^^^^^^^^
[rank6]:   File "/share/project/eai_pwm/home/hcr/worktrees/cosmos-framework-pwm-load-balance/cosmos_framework/model/generator/mot/cosmos3_vfm_network.py", line 1487, in forward
[rank6]:     packed_outputs, lbl_metadata = self.language_model(
[rank6]:                                    ^^^^^^^^^^^^^^^^^^^^
[rank6]:   File "/usr/local/lib/python3.12/dist-packages/torch/nn/modules/module.py", line 1778, in _wrapped_call_impl
[rank6]:     return self._call_impl(*args, **kwargs)
[rank6]:            ^^^^^^^^^^^^^^^^^^^^^^^^^^^^^^^^
[rank6]:   File "/usr/local/lib/python3.12/dist-packages/torch/nn/modules/module.py", line 1789, in _call_impl
[rank6]:     return forward_call(*args, **kwargs)
[rank6]:            ^^^^^^^^^^^^^^^^^^^^^^^^^^^^^
[rank6]:   File "/share/project/eai_pwm/home/hcr/worktrees/cosmos-framework-pwm-load-balance/cosmos_framework/model/generator/mot/unified_mot.py", line 2365, in forward
[rank6]:     outputs = self.model(
[rank6]:               ^^^^^^^^^^^
[rank6]:   File "/usr/local/lib/python3.12/dist-packages/torch/nn/modules/module.py", line 1778, in _wrapped_call_impl
[rank6]:     return self._call_impl(*args, **kwargs)
[rank6]:            ^^^^^^^^^^^^^^^^^^^^^^^^^^^^^^^^
[rank6]:   File "/usr/local/lib/python3.12/dist-packages/torch/nn/modules/module.py", line 1789, in _call_impl
[rank6]:     return forward_call(*args, **kwargs)
[rank6]:            ^^^^^^^^^^^^^^^^^^^^^^^^^^^^^
[rank6]:   File "/share/project/eai_pwm/home/hcr/worktrees/cosmos-framework-pwm-load-balance/cosmos_framework/model/generator/mot/unified_mot.py", line 1543, in forward
[rank6]:     return _impl_forward(self, *args, **kwargs)
[rank6]:            ^^^^^^^^^^^^^^^^^^^^^^^^^^^^^^^^^^^^
[rank6]:   File "/share/project/eai_pwm/home/hcr/worktrees/cosmos-framework-pwm-load-balance/cosmos_framework/model/generator/mot/unified_mot.py", line 1084, in _impl_forward
[rank6]:     hidden_states, lbl_metadata_dict, kv_to_store = decoder_layer(
[rank6]:                                                     ^^^^^^^^^^^^^^
[rank6]:   File "/usr/local/lib/python3.12/dist-packages/torch/_dynamo/eval_frame.py", line 468, in __call__
[rank6]:     return super().__call__(*args, **kwargs)
[rank6]:            ^^^^^^^^^^^^^^^^^^^^^^^^^^^^^^^^^
[rank6]:   File "/usr/local/lib/python3.12/dist-packages/torch/nn/modules/module.py", line 1778, in _wrapped_call_impl
[rank6]:     return self._call_impl(*args, **kwargs)
[rank6]:            ^^^^^^^^^^^^^^^^^^^^^^^^^^^^^^^^
[rank6]:   File "/usr/local/lib/python3.12/dist-packages/torch/nn/modules/module.py", line 1884, in _call_impl
[rank6]:     return inner()
[rank6]:            ^^^^^^^
[rank6]:   File "/usr/local/lib/python3.12/dist-packages/torch/nn/modules/module.py", line 1832, in inner
[rank6]:     result = forward_call(*args, **kwargs)
[rank6]:              ^^^^^^^^^^^^^^^^^^^^^^^^^^^^^
[rank6]:   File "/usr/local/lib/python3.12/dist-packages/torch/_dynamo/eval_frame.py", line 1020, in compile_wrapper
[rank6]:     return fn(*args, **kwargs)
[rank6]:            ^^^^^^^^^^^^^^^^^^^
[rank6]:   File "/usr/local/lib/python3.12/dist-packages/torch/nn/modules/module.py", line 1778, in _wrapped_call_impl
[rank6]:     return self._call_impl(*args, **kwargs)
[rank6]:            ^^^^^^^^^^^^^^^^^^^^^^^^^^^^^^^^
[rank6]:   File "/usr/local/lib/python3.12/dist-packages/torch/nn/modules/module.py", line 1789, in _call_impl
[rank6]:     return forward_call(*args, **kwargs)
[rank6]:            ^^^^^^^^^^^^^^^^^^^^^^^^^^^^^
[rank6]:   File "/usr/local/lib/python3.12/dist-packages/torch/_dynamo/convert_frame.py", line 2340, in __call__
[rank6]:     result = self._torchdynamo_orig_backend(
[rank6]:              ^^^^^^^^^^^^^^^^^^^^^^^^^^^^^^^
[rank6]:   File "/usr/local/lib/python3.12/dist-packages/torch/_dynamo/convert_frame.py", line 727, in __call__
[rank6]:     result = _compile(
[rank6]:              ^^^^^^^^^
[rank6]:   File "/usr/local/lib/python3.12/dist-packages/torch/_dynamo/convert_frame.py", line 2031, in _compile
[rank6]:     should_clear = _is_registered_backend(innermost_backend(compiler_fn))
[rank6]:                    ^^^^^^^^^^^^^^^^^^^^^^^^^^^^^^^^^^^^^^^^^^^^^^^^^^^^^^
[rank6]:   File "/usr/local/lib/python3.12/dist-packages/torch/_dynamo/backends/registry.py", line 189, in _is_registered_backend
[rank6]:     _lazy_import()
[rank6]:   File "/usr/local/lib/python3.12/dist-packages/torch/_dynamo/backends/registry.py", line 167, in _lazy_import
[rank6]:     _discover_entrypoint_backends()
[rank6]:   File "/usr/local/lib/python3.12/dist-packages/torch/_dynamo/backends/registry.py", line 176, in _discover_entrypoint_backends
[rank6]:     eps = entry_points(group=group_name)
[rank6]:           ^^^^^^^^^^^^^^^^^^^^^^^^^^^^^^
[rank6]:   File "/usr/lib/python3.12/importlib/metadata/__init__.py", line 913, in entry_points
[rank6]:     return EntryPoints(eps).select(**params)
[rank6]:            ^^^^^^^^^^^^^^^^
[rank6]:   File "/usr/lib/python3.12/importlib/metadata/__init__.py", line 911, in <genexpr>
[rank6]:     dist.entry_points for dist in _unique(distributions())
[rank6]:     ^^^^^^^^^^^^^^^^^
[rank6]:   File "/opt/venv/lib/python3.12/site-packages/importlib_metadata/__init__.py", line 567, in entry_points
[rank6]:     return EntryPoints._from_text_for(self.read_text('entry_points.txt'), self)
[rank6]:            ^^^^^^^^^^^^^^^^^^^^^^^^^^^^^^^^^^^^^^^^^^^^^^^^^^^^^^^^^^^^^^^^^^^^
[rank6]:   File "/opt/venv/lib/python3.12/site-packages/importlib_metadata/__init__.py", line 361, in _from_text_for
[rank6]:     return cls(ep._for(dist) for ep in cls._from_text(text))
[rank6]:            ^^^^^^^^^^^^^^^^^^^^^^^^^^^^^^^^^^^^^^^^^^^^^^^^^
[rank6]:   File "/opt/venv/lib/python3.12/site-packages/importlib_metadata/__init__.py", line 361, in <genexpr>
[rank6]:     return cls(ep._for(dist) for ep in cls._from_text(text))
[rank6]:                ^^^^^^^^^^^^^
[rank6]:   File "/opt/venv/lib/python3.12/site-packages/importlib_metadata/__init__.py", line 250, in _for
[rank6]:     vars(self).update(dist=dist)
[rank6]:   File "/usr/local/lib/python3.12/dist-packages/torch/utils/data/_utils/signal_handling.py", line 73, in handler
[rank6]:     _error_if_any_worker_fails()
[rank6]: RuntimeError: DataLoader worker (pid 383855) is killed by signal: Terminated. 

[rank6]: During handling of the above exception, another exception occurred:

[rank6]: Traceback (most recent call last):
[rank6]:   File "/opt/venv/lib/python3.12/site-packages/loguru/_handler.py", line 147, in emit
[rank6]:     formatter_record["exception"] = "".join(lines)
[rank6]:                                     ^^^^^^^^^^^^^^
[rank6]:   File "/opt/venv/lib/python3.12/site-packages/loguru/_better_exceptions.py", line 573, in format_exception
[rank6]:     yield from self._format_exception(value, tb, is_first=True, from_decorator=from_decorator)
[rank6]:   File "/opt/venv/lib/python3.12/site-packages/loguru/_better_exceptions.py", line 422, in _format_exception
[rank6]:     yield from self._format_exception(
[rank6]:   File "/opt/venv/lib/python3.12/site-packages/loguru/_better_exceptions.py", line 422, in _format_exception
[rank6]:     yield from self._format_exception(
[rank6]:   File "/opt/venv/lib/python3.12/site-packages/loguru/_better_exceptions.py", line 422, in _format_exception
[rank6]:     yield from self._format_exception(
[rank6]:   File "/opt/venv/lib/python3.12/site-packages/loguru/_better_exceptions.py", line 454, in _format_exception
[rank6]:     frames, final_source = self._extract_frames(
[rank6]:                            ^^^^^^^^^^^^^^^^^^^^^
[rank6]:   File "/opt/venv/lib/python3.12/site-packages/loguru/_better_exceptions.py", line 256, in _extract_frames
[rank6]:     values = self._format_relevant_values(list(relevant_values), colorize)
[rank6]:              ^^^^^^^^^^^^^^^^^^^^^^^^^^^^^^^^^^^^^^^^^^^^^^^^^^^^^^^^^^^^^
[rank6]:   File "/usr/local/lib/python3.12/dist-packages/torch/utils/data/_utils/signal_handling.py", line 73, in handler
[rank6]:     _error_if_any_worker_fails()
[rank6]: RuntimeError: DataLoader worker (pid 386133) is killed by signal: Terminated. 

[rank6]: During handling of the above exception, another exception occurred:

[rank6]: Traceback (most recent call last):
[rank6]:   File "/share/project/eai_pwm/home/hcr/worktrees/cosmos-framework-pwm-load-balance/plans/v0.2.3c_kernel_list/run_profile.py", line 68, in <module>
[rank6]:     main()
[rank6]:   File "/share/project/eai_pwm/home/hcr/worktrees/cosmos-framework-pwm-load-balance/plans/v0.2.3c_kernel_list/run_profile.py", line 62, in main
[rank6]:     runpy.run_module("cosmos_framework.scripts.train", run_name="__main__")
[rank6]:   File "<frozen runpy>", line 229, in run_module
[rank6]:   File "<frozen runpy>", line 88, in _run_code
[rank6]:   File "/share/project/eai_pwm/home/hcr/worktrees/cosmos-framework-pwm-load-balance/cosmos_framework/scripts/train.py", line 320, in <module>
[rank6]:     launch(config, args)
[rank6]:   File "/opt/venv/lib/python3.12/site-packages/loguru/_logger.py", line 1296, in catch_wrapper
[rank6]:     with catcher:
[rank6]:   File "/opt/venv/lib/python3.12/site-packages/loguru/_logger.py", line 1261, in __exit__
[rank6]:     logger._log(level, from_decorator, catch_options, message, (), {})
[rank6]:   File "/opt/venv/lib/python3.12/site-packages/loguru/_logger.py", line 2066, in _log
[rank6]:     handler.emit(log_record, level_id, from_decorator, raw, colored_message)
[rank6]:   File "/opt/venv/lib/python3.12/site-packages/loguru/_handler.py", line 210, in emit
[rank6]:     self._error_interceptor.print(record)
[rank6]:   File "/opt/venv/lib/python3.12/site-packages/loguru/_error_interceptor.py", line 29, in print
[rank6]:     traceback.print_exception(type_, value, traceback_, None, sys.stderr)
[rank6]:   File "/usr/lib/python3.12/traceback.py", line 124, in print_exception
[rank6]:     te = TracebackException(type(value), value, tb, limit=limit, compact=True)
[rank6]:          ^^^^^^^^^^^^^^^^^^^^^^^^^^^^^^^^^^^^^^^^^^^^^^^^^^^^^^^^^^^^^^^^^^^^^
[rank6]:   File "/usr/lib/python3.12/traceback.py", line 811, in __init__
[rank6]:     context = TracebackException(
[rank6]:               ^^^^^^^^^^^^^^^^^^^
[rank6]:   File "/usr/lib/python3.12/traceback.py", line 733, in __init__
[rank6]:     self.stack = StackSummary._extract_from_extended_frame_gen(
[rank6]:                  ^^^^^^^^^^^^^^^^^^^^^^^^^^^^^^^^^^^^^^^^^^^^^^
[rank6]:   File "/usr/lib/python3.12/traceback.py", line 438, in _extract_from_extended_frame_gen
[rank6]:     f.line
[rank6]:   File "/usr/lib/python3.12/traceback.py", line 323, in line
[rank6]:     self._line = linecache.getline(self.filename, self.lineno)
[rank6]:                  ^^^^^^^^^^^^^^^^^^^^^^^^^^^^^^^^^^^^^^^^^^^^^
[rank6]:   File "/usr/lib/python3.12/linecache.py", line 30, in getline
[rank6]:     lines = getlines(filename, module_globals)
[rank6]:             ^^^^^^^^^^^^^^^^^^^^^^^^^^^^^^^^^^
[rank6]:   File "/usr/lib/python3.12/linecache.py", line 46, in getlines
[rank6]:     return updatecache(filename, module_globals)
[rank6]:            ^^^^^^^^^^^^^^^^^^^^^^^^^^^^^^^^^^^^^
[rank6]:   File "/usr/lib/python3.12/linecache.py", line 137, in updatecache
[rank6]:     lines = fp.readlines()
[rank6]:             ^^^^^^^^^^^^^^
[rank6]:   File "<frozen codecs>", line 319, in decode
[rank6]:   File "/usr/local/lib/python3.12/dist-packages/torch/utils/data/_utils/signal_handling.py", line 73, in handler
[rank6]:     _error_if_any_worker_fails()
[rank6]: RuntimeError: DataLoader worker (pid 388464) is killed by signal: Terminated. 
[rank1]: Traceback (most recent call last):
[rank1]:   File "/usr/lib/python3.12/weakref.py", line 666, in _exitfunc
[rank1]:     f()
[rank1]:   File "/usr/lib/python3.12/weakref.py", line 590, in __call__
[rank1]:     return info.func(*info.args, **(info.kwargs or {}))
[rank1]:            ^^^^^^^^^^^^^^^^^^^^^^^^^^^^^^^^^^^^^^^^^^^^
[rank1]:   File "/usr/local/lib/python3.12/dist-packages/torch/library.py", line 479, in _del_library
[rank1]:     m.reset()
[rank1]:   File "/usr/local/lib/python3.12/dist-packages/torch/utils/data/_utils/signal_handling.py", line 73, in handler
[rank1]:     _error_if_any_worker_fails()
[rank1]: RuntimeError: DataLoader worker (pid 382216) is killed by signal: Terminated. 
Exception ignored in atexit callback: <bound method TemporaryDirectory.cleanup of <TemporaryDirectory '/tmp/ckl-xqhcr0fi/tmp/tmpziq04nihwandb-artifacts'>>
Traceback (most recent call last):
  File "/usr/lib/python3.12/tempfile.py", line 1089, in cleanup
    self._rmtree(self.name, ignore_errors=self._ignore_cleanup_errors)
  File "/usr/lib/python3.12/tempfile.py", line 1069, in _rmtree
    _rmtree(name, onexc=onexc)
  File "/usr/lib/python3.12/shutil.py", line 794, in rmtree
    os.rmdir(path, dir_fd=dir_fd)
  File "/usr/local/lib/python3.12/dist-packages/torch/utils/data/_utils/signal_handling.py", line 73, in handler
    _error_if_any_worker_fails()
RuntimeError: DataLoader worker (pid 382933) is killed by signal: Terminated. 
[rank2]: Traceback (most recent call last):
[rank2]:   File "/usr/local/lib/python3.12/dist-packages/torch/_dynamo/symbolic_convert.py", line 1694, in run
[rank2]:     while self.step():
[rank2]:           ^^^^^^^^^^^
[rank2]:   File "/usr/local/lib/python3.12/dist-packages/torch/_dynamo/symbolic_convert.py", line 1360, in step
[rank2]:     self.dispatch_table[inst.opcode](self, inst)
[rank2]:   File "/usr/local/lib/python3.12/dist-packages/torch/_dynamo/symbolic_convert.py", line 4944, in RETURN_VALUE
[rank2]:     self._return(inst)
[rank2]:   File "/usr/local/lib/python3.12/dist-packages/torch/_dynamo/symbolic_convert.py", line 4926, in _return
[rank2]:     all_stack_locals_metadata = self.output.compile_subgraph(
[rank2]:                                 ^^^^^^^^^^^^^^^^^^^^^^^^^^^^^
[rank2]:   File "/usr/local/lib/python3.12/dist-packages/torch/_dynamo/output_graph.py", line 1929, in compile_subgraph
[rank2]:     self.compile_and_call_fx_graph(tx, pass2.graph_output_vars(), root)
[rank2]:   File "/usr/local/lib/python3.12/dist-packages/torch/_dynamo/output_graph.py", line 2503, in compile_and_call_fx_graph
[rank2]:     compiled_fn = self.call_user_compiler(gm, self.example_inputs())
[rank2]:                   ^^^^^^^^^^^^^^^^^^^^^^^^^^^^^^^^^^^^^^^^^^^^^^^^^^
[rank2]:   File "/usr/local/lib/python3.12/dist-packages/torch/_dynamo/output_graph.py", line 2656, in call_user_compiler
[rank2]:     return self._call_user_compiler(gm, example_inputs)
[rank2]:            ^^^^^^^^^^^^^^^^^^^^^^^^^^^^^^^^^^^^^^^^^^^^
[rank2]:   File "/usr/local/lib/python3.12/dist-packages/torch/_dynamo/output_graph.py", line 2714, in _call_user_compiler
[rank2]:     compiled_fn = compiler_fn(gm, example_inputs)
[rank2]:                   ^^^^^^^^^^^^^^^^^^^^^^^^^^^^^^^
[rank2]:   File "/usr/local/lib/python3.12/dist-packages/torch/_dynamo/repro/after_dynamo.py", line 156, in __call__
[rank2]:     compiled_gm = compiler_fn(gm, example_inputs)
[rank2]:                   ^^^^^^^^^^^^^^^^^^^^^^^^^^^^^^^
[rank2]:   File "/usr/local/lib/python3.12/dist-packages/torch/__init__.py", line 2476, in __call__
[rank2]:     return compile_fx(model_, inputs_, config_patches=all_patches)
[rank2]:            ^^^^^^^^^^^^^^^^^^^^^^^^^^^^^^^^^^^^^^^^^^^^^^^^^^^^^^^
[rank2]:   File "/usr/local/lib/python3.12/dist-packages/torch/_inductor/compile_fx.py", line 2578, in compile_fx
[rank2]:     return compile_fx(
[rank2]:            ^^^^^^^^^^^
[rank2]:   File "/usr/local/lib/python3.12/dist-packages/torch/_inductor/compile_fx.py", line 2629, in compile_fx
[rank2]:     return _maybe_wrap_and_compile_fx_main(
[rank2]:            ^^^^^^^^^^^^^^^^^^^^^^^^^^^^^^^^
[rank2]:   File "/usr/local/lib/python3.12/dist-packages/torch/_inductor/compile_fx.py", line 2706, in _maybe_wrap_and_compile_fx_main
[rank2]:     return _compile_fx_main(
[rank2]:            ^^^^^^^^^^^^^^^^^
[rank2]:   File "/usr/local/lib/python3.12/dist-packages/torch/_inductor/compile_fx.py", line 2916, in _compile_fx_main
[rank2]:     raise e.remove_dynamo_frames() from None  # see TORCHDYNAMO_VERBOSE=1
[rank2]:     ^^^^^^^^^^^^^^^^^^^^^^^^^^^^^^^^^^^^^^^^
[rank2]:   File "/usr/local/lib/python3.12/dist-packages/torch/_inductor/compile_fx.py", line 1051, in _compile_fx_inner
[rank2]:     raise InductorError(e, currentframe()).with_traceback(
[rank2]:   File "/usr/local/lib/python3.12/dist-packages/torch/_inductor/compile_fx.py", line 1035, in _compile_fx_inner
[rank2]:     mb_compiled_graph = fx_codegen_and_compile(
[rank2]:                         ^^^^^^^^^^^^^^^^^^^^^^^
[rank2]:   File "/usr/local/lib/python3.12/dist-packages/torch/_inductor/compile_fx.py", line 1796, in fx_codegen_and_compile
[rank2]:     return scheme.codegen_and_compile(gm, example_inputs, inputs_to_check, graph_kwargs)
[rank2]:            ^^^^^^^^^^^^^^^^^^^^^^^^^^^^^^^^^^^^^^^^^^^^^^^^^^^^^^^^^^^^^^^^^^^^^^^^^^^^^
[rank2]:   File "/usr/local/lib/python3.12/dist-packages/torch/_inductor/compile_fx.py", line 1568, in codegen_and_compile
[rank2]:     compiled_module = graph.compile_to_module()
[rank2]:                       ^^^^^^^^^^^^^^^^^^^^^^^^^
[rank2]:   File "/usr/local/lib/python3.12/dist-packages/torch/_inductor/graph.py", line 2525, in compile_to_module
[rank2]:     return self._compile_to_module()
[rank2]:            ^^^^^^^^^^^^^^^^^^^^^^^^^
[rank2]:   File "/usr/local/lib/python3.12/dist-packages/torch/_inductor/graph.py", line 2535, in _compile_to_module
[rank2]:     mod = self._compile_to_module_lines(wrapper_code)
[rank2]:           ^^^^^^^^^^^^^^^^^^^^^^^^^^^^^^^^^^^^^^^^^^^
[rank2]:   File "/usr/local/lib/python3.12/dist-packages/torch/_inductor/graph.py", line 2610, in _compile_to_module_lines
[rank2]:     mod = PyCodeCache.load_by_key_path(
[rank2]:           ^^^^^^^^^^^^^^^^^^^^^^^^^^^^^
[rank2]:   File "/usr/local/lib/python3.12/dist-packages/torch/_inductor/codecache.py", line 3790, in load_by_key_path
[rank2]:     mod = _reload_python_module(key, path, set_sys_modules=in_toplevel)
[rank2]:           ^^^^^^^^^^^^^^^^^^^^^^^^^^^^^^^^^^^^^^^^^^^^^^^^^^^^^^^^^^^^^
[rank2]:   File "/usr/local/lib/python3.12/dist-packages/torch/_inductor/runtime/compile_tasks.py", line 35, in _reload_python_module
[rank2]:     exec(code, mod.__dict__, mod.__dict__)
[rank2]:   File "/share/project/eai_pwm/home/hcr/worktrees/cosmos-framework-pwm-load-balance/plans/v0.2.3c_kernel_list/runs/usr_capture005/cache/inductor/rank2/ol/colwxnsdsrnqkpagjr6hehuahc7lfe5ic3jztc3jtjbjsgbi63ys.py", line 1602, in <module>
[rank2]:     async_compile.wait(globals())
[rank2]:   File "/usr/local/lib/python3.12/dist-packages/torch/_inductor/async_compile.py", line 707, in wait
[rank2]:     self._wait_futures(scope)
[rank2]:   File "/usr/local/lib/python3.12/dist-packages/torch/_inductor/async_compile.py", line 727, in _wait_futures
[rank2]:     kernel = result.result()
[rank2]:              ^^^^^^^^^^^^^^^
[rank2]:   File "/usr/local/lib/python3.12/dist-packages/torch/_inductor/codecache.py", line 4387, in result
[rank2]:     return self.result_fn()
[rank2]:            ^^^^^^^^^^^^^^^^
[rank2]:   File "/usr/local/lib/python3.12/dist-packages/torch/_inductor/async_compile.py", line 449, in get_result
[rank2]:     kernel, elapsed_us = task.result()
[rank2]:                          ^^^^^^^^^^^^^
[rank2]:   File "/usr/lib/python3.12/concurrent/futures/_base.py", line 451, in result
[rank2]:     self._condition.wait(timeout)
[rank2]:   File "/usr/lib/python3.12/threading.py", line 355, in wait
[rank2]:     waiter.acquire()
[rank2]:   File "/usr/local/lib/python3.12/dist-packages/torch/utils/data/_utils/signal_handling.py", line 73, in handler
[rank2]:     _error_if_any_worker_fails()
[rank2]: torch._inductor.exc.InductorError: RuntimeError: DataLoader worker (pid 382158) is killed by signal: Terminated. 

[rank2]: During handling of the above exception, another exception occurred:

[rank2]: Traceback (most recent call last):
[rank2]:   File "/usr/local/lib/python3.12/dist-packages/torch/_dynamo/convert_frame.py", line 1851, in _compile
[rank2]:     guarded_code, tracer_output = compile_inner(code, one_graph, hooks)
[rank2]:                                   ^^^^^^^^^^^^^^^^^^^^^^^^^^^^^^^^^^^^^
[rank2]:   File "/usr/local/lib/python3.12/dist-packages/torch/_utils_internal.py", line 96, in wrapper_function
[rank2]:     return function(*args, **kwargs)
[rank2]:            ^^^^^^^^^^^^^^^^^^^^^^^^^
[rank2]:   File "/usr/local/lib/python3.12/dist-packages/torch/_dynamo/convert_frame.py", line 1495, in compile_inner
[rank2]:     return _compile_inner(code, one_graph, hooks)
[rank2]:            ^^^^^^^^^^^^^^^^^^^^^^^^^^^^^^^^^^^^^^
[rank2]:   File "/usr/local/lib/python3.12/dist-packages/torch/_dynamo/convert_frame.py", line 1540, in _compile_inner
[rank2]:     dynamo_output = compile_frame(
[rank2]:                     ^^^^^^^^^^^^^^
[rank2]:   File "/usr/local/lib/python3.12/dist-packages/torch/_dynamo/convert_frame.py", line 1403, in compile_frame
[rank2]:     bytecode, tracer_output = transform_code_object(code, transform)
[rank2]:                               ^^^^^^^^^^^^^^^^^^^^^^^^^^^^^^^^^^^^^^
[rank2]:   File "/usr/local/lib/python3.12/dist-packages/torch/_dynamo/bytecode_transformation.py", line 1626, in transform_code_object
[rank2]:     tracer_output = transformations(instructions, code_options)
[rank2]:                     ^^^^^^^^^^^^^^^^^^^^^^^^^^^^^^^^^^^^^^^^^^^
[rank2]:   File "/usr/local/lib/python3.12/dist-packages/torch/_dynamo/convert_frame.py", line 1375, in transform
[rank2]:     tracer_output = trace_frame(
[rank2]:                     ^^^^^^^^^^^^
[rank2]:   File "/usr/local/lib/python3.12/dist-packages/torch/_dynamo/convert_frame.py", line 341, in _fn
[rank2]:     return fn(*args, **kwargs)
[rank2]:            ^^^^^^^^^^^^^^^^^^^
[rank2]:   File "/usr/local/lib/python3.12/dist-packages/torch/_dynamo/convert_frame.py", line 861, in trace_frame
[rank2]:     run_tracer()
[rank2]:   File "/usr/local/lib/python3.12/dist-packages/torch/_dynamo/convert_frame.py", line 842, in run_tracer
[rank2]:     tracer.run()
[rank2]:   File "/usr/local/lib/python3.12/dist-packages/torch/_dynamo/symbolic_convert.py", line 1754, in run
[rank2]:     self.output.cleanup()
[rank2]:   File "/usr/local/lib/python3.12/dist-packages/torch/_dynamo/output_graph.py", line 3036, in cleanup
[rank2]:     self.tracing_context.clear()
[rank2]:   File "/usr/local/lib/python3.12/dist-packages/torch/_guards.py", line 990, in clear
[rank2]:     self.inlined_code_cache.clear()
[rank2]:   File "/usr/local/lib/python3.12/dist-packages/torch/utils/data/_utils/signal_handling.py", line 73, in handler
[rank2]:     _error_if_any_worker_fails()
[rank2]: RuntimeError: DataLoader worker (pid 384206) is killed by signal: Terminated. 

[rank2]: During handling of the above exception, another exception occurred:

[rank2]: Traceback (most recent call last):
[rank2]:   File "/usr/local/lib/python3.12/dist-packages/torch/_dynamo/convert_frame.py", line 1879, in _compile
[rank2]:     exception_stack_trace = [traceback.format_exc()]
[rank2]:                              ^^^^^^^^^^^^^^^^^^^^^^
[rank2]:   File "/usr/lib/python3.12/traceback.py", line 184, in format_exc
[rank2]:     return "".join(format_exception(sys.exception(), limit=limit, chain=chain))
[rank2]:                    ^^^^^^^^^^^^^^^^^^^^^^^^^^^^^^^^^^^^^^^^^^^^^^^^^^^^^^^^^^^
[rank2]:   File "/usr/lib/python3.12/traceback.py", line 139, in format_exception
[rank2]:     te = TracebackException(type(value), value, tb, limit=limit, compact=True)
[rank2]:          ^^^^^^^^^^^^^^^^^^^^^^^^^^^^^^^^^^^^^^^^^^^^^^^^^^^^^^^^^^^^^^^^^^^^^
[rank2]:   File "/usr/lib/python3.12/traceback.py", line 733, in __init__
[rank2]:     self.stack = StackSummary._extract_from_extended_frame_gen(
[rank2]:                  ^^^^^^^^^^^^^^^^^^^^^^^^^^^^^^^^^^^^^^^^^^^^^^
[rank2]:   File "/usr/lib/python3.12/traceback.py", line 418, in _extract_from_extended_frame_gen
[rank2]:     for f, (lineno, end_lineno, colno, end_colno) in frame_gen:
[rank2]:   File "/usr/lib/python3.12/traceback.py", line 355, in _walk_tb_with_full_positions
[rank2]:     positions = _get_code_position(tb.tb_frame.f_code, tb.tb_lasti)
[rank2]:                 ^^^^^^^^^^^^^^^^^^^^^^^^^^^^^^^^^^^^^^^^^^^^^^^^^^^
[rank2]:   File "/usr/lib/python3.12/traceback.py", line 369, in _get_code_position
[rank2]:     return next(itertools.islice(positions_gen, instruction_index // 2, None))
[rank2]:            ^^^^^^^^^^^^^^^^^^^^^^^^^^^^^^^^^^^^^^^^^^^^^^^^^^^^^^^^^^^^^^^^^^^
[rank2]:   File "/usr/local/lib/python3.12/dist-packages/torch/utils/data/_utils/signal_handling.py", line 73, in handler
[rank2]:     _error_if_any_worker_fails()
[rank2]: RuntimeError: DataLoader worker (pid 383029) is killed by signal: Terminated. 

[rank2]: During handling of the above exception, another exception occurred:

[rank2]: Traceback (most recent call last):
[rank2]:   File "/usr/local/lib/python3.12/dist-packages/torch/_dynamo/convert_frame.py", line 2031, in _compile
[rank2]:     should_clear = _is_registered_backend(innermost_backend(compiler_fn))
[rank2]:                    ^^^^^^^^^^^^^^^^^^^^^^^^^^^^^^^^^^^^^^^^^^^^^^^^^^^^^^
[rank2]:   File "/usr/local/lib/python3.12/dist-packages/torch/_dynamo/backends/registry.py", line 189, in _is_registered_backend
[rank2]:     _lazy_import()
[rank2]:   File "/usr/local/lib/python3.12/dist-packages/torch/_dynamo/backends/registry.py", line 161, in _lazy_import
[rank2]:     import_submodule(backends)
[rank2]:   File "/usr/local/lib/python3.12/dist-packages/torch/_dynamo/utils.py", line 4124, in import_submodule
[rank2]:     importlib.import_module(f"{mod.__name__}.{filename[:-3]}")
[rank2]:   File "/usr/lib/python3.12/importlib/__init__.py", line 90, in import_module
[rank2]:     return _bootstrap._gcd_import(name[level:], package, level)
[rank2]:            ^^^^^^^^^^^^^^^^^^^^^^^^^^^^^^^^^^^^^^^^^^^^^^^^^^^^
[rank2]:   File "<frozen importlib._bootstrap>", line 1387, in _gcd_import
[rank2]:   File "<frozen importlib._bootstrap>", line 1360, in _find_and_load
[rank2]:   File "<frozen importlib._bootstrap>", line 1331, in _find_and_load_unlocked
[rank2]:   File "<frozen importlib._bootstrap>", line 935, in _load_unlocked
[rank2]:   File "<frozen importlib._bootstrap_external>", line 991, in exec_module
[rank2]:   File "<frozen importlib._bootstrap_external>", line 1124, in get_code
[rank2]:   File "<frozen importlib._bootstrap_external>", line 753, in _compile_bytecode
[rank2]:   File "/usr/local/lib/python3.12/dist-packages/torch/utils/data/_utils/signal_handling.py", line 73, in handler
[rank2]:     _error_if_any_worker_fails()
[rank2]: RuntimeError: DataLoader worker (pid 388455) is killed by signal: Terminated. 

[rank2]: During handling of the above exception, another exception occurred:

[rank2]: Traceback (most recent call last):
[rank2]:   File "/usr/local/lib/python3.12/dist-packages/torch/_dynamo/metrics_context.py", line 102, in __exit__
[rank2]:     self._on_exit(
[rank2]:   File "/usr/local/lib/python3.12/dist-packages/torch/_dynamo/utils.py", line 1837, in record_compilation_metrics
[rank2]:     if torch._inductor.utils.should_use_remote_fx_graph_cache():
[rank2]:        ^^^^^^^^^^^^^^^^^^^^^^^^^^^^^^^^^^^^^^^^^^^^^^^^^^^^^^^^
[rank2]:   File "/usr/local/lib/python3.12/dist-packages/torch/_inductor/utils.py", line 3559, in should_use_remote_fx_graph_cache
[rank2]:     if config.fx_graph_remote_cache is not None:
[rank2]:        ^^^^^^^^^^^^^^^^^^^^^^^^^^^^
[rank2]:   File "/usr/local/lib/python3.12/dist-packages/torch/utils/_config_module.py", line 407, in __getattr__
[rank2]:     def __getattr__(self, name: str) -> Any:

[rank2]:   File "/usr/local/lib/python3.12/dist-packages/torch/utils/data/_utils/signal_handling.py", line 73, in handler
[rank2]:     _error_if_any_worker_fails()
[rank2]: RuntimeError: DataLoader worker (pid 382212) is killed by signal: Terminated. 

[rank2]: During handling of the above exception, another exception occurred:

[rank2]: Traceback (most recent call last):
[rank2]:   File "/usr/lib/python3.12/logging/__init__.py", line 1160, in emit
[rank2]:     msg = self.format(record)
[rank2]:           ^^^^^^^^^^^^^^^^^^^
[rank2]:   File "/usr/lib/python3.12/logging/__init__.py", line 999, in format
[rank2]:     return fmt.format(record)
[rank2]:            ^^^^^^^^^^^^^^^^^^
[rank2]:   File "/usr/local/lib/python3.12/dist-packages/torch/_logging/_internal.py", line 975, in format
[rank2]:     record.exc_text = self.formatException(record.exc_info)
[rank2]:                       ^^^^^^^^^^^^^^^^^^^^^^^^^^^^^^^^^^^^^
[rank2]:   File "/usr/lib/python3.12/logging/__init__.py", line 661, in formatException
[rank2]:     traceback.print_exception(ei[0], ei[1], tb, None, sio)
[rank2]:   File "/usr/lib/python3.12/traceback.py", line 124, in print_exception
[rank2]:     te = TracebackException(type(value), value, tb, limit=limit, compact=True)
[rank2]:          ^^^^^^^^^^^^^^^^^^^^^^^^^^^^^^^^^^^^^^^^^^^^^^^^^^^^^^^^^^^^^^^^^^^^^
[rank2]:   File "/usr/lib/python3.12/traceback.py", line 733, in __init__
[rank2]:     self.stack = StackSummary._extract_from_extended_frame_gen(
[rank2]:                  ^^^^^^^^^^^^^^^^^^^^^^^^^^^^^^^^^^^^^^^^^^^^^^
[rank2]:   File "/usr/lib/python3.12/traceback.py", line 423, in _extract_from_extended_frame_gen
[rank2]:     fnames.add(filename)
[rank2]:   File "/usr/local/lib/python3.12/dist-packages/torch/utils/data/_utils/signal_handling.py", line 73, in handler
[rank2]:     _error_if_any_worker_fails()
[rank2]: RuntimeError: DataLoader worker (pid 384912) is killed by signal: Terminated. 

[rank2]: During handling of the above exception, another exception occurred:

[rank2]: Traceback (most recent call last):
[rank2]:   File "/share/project/eai_pwm/home/hcr/worktrees/cosmos-framework-pwm-load-balance/plans/v0.2.3c_kernel_list/run_profile.py", line 68, in <module>
[rank2]:     main()
[rank2]:   File "/share/project/eai_pwm/home/hcr/worktrees/cosmos-framework-pwm-load-balance/plans/v0.2.3c_kernel_list/run_profile.py", line 62, in main
[rank2]:     runpy.run_module("cosmos_framework.scripts.train", run_name="__main__")
[rank2]:   File "<frozen runpy>", line 229, in run_module
[rank2]:   File "<frozen runpy>", line 88, in _run_code
[rank2]:   File "/share/project/eai_pwm/home/hcr/worktrees/cosmos-framework-pwm-load-balance/cosmos_framework/scripts/train.py", line 320, in <module>
[rank2]:   File "/opt/venv/lib/python3.12/site-packages/loguru/_logger.py", line 1297, in catch_wrapper
[rank2]:     return function(*args, **kwargs)
[rank2]:            ^^^^^^^^^^^^^^^^^^^^^^^^^
[rank2]:   File "/share/project/eai_pwm/home/hcr/worktrees/cosmos-framework-pwm-load-balance/cosmos_framework/utils/training_telemetry/telemetry.py", line 65, in wrapper
[rank2]:     return func(config, *args, **kwargs)
[rank2]:            ^^^^^^^^^^^^^^^^^^^^^^^^^^^^^
[rank2]:   File "/share/project/eai_pwm/home/hcr/worktrees/cosmos-framework-pwm-load-balance/cosmos_framework/scripts/train.py", line 197, in launch
[rank2]:     _run_training(config, args)
[rank2]:   File "/share/project/eai_pwm/home/hcr/worktrees/cosmos-framework-pwm-load-balance/cosmos_framework/scripts/train.py", line 242, in _run_training
[rank2]:     trainer.train(
[rank2]:   File "/share/project/eai_pwm/home/hcr/worktrees/cosmos-framework-pwm-load-balance/cosmos_framework/trainer/__init__.py", line 346, in train
[rank2]:     output_batch, loss, grad_accum_iter = self.training_step(
[rank2]:                                           ^^^^^^^^^^^^^^^^^^^
[rank2]:   File "/share/project/eai_pwm/home/hcr/worktrees/cosmos-framework-pwm-load-balance/cosmos_framework/trainer/__init__.py", line 426, in training_step
[rank2]:     output_batch, loss = model_ddp.training_step(data, iteration)
[rank2]:                          ^^^^^^^^^^^^^^^^^^^^^^^^^^^^^^^^^^^^^^^^
[rank2]:   File "/share/project/eai_pwm/home/hcr/worktrees/cosmos-framework-pwm-load-balance/cosmos_framework/model/generator/omni_mot_model.py", line 1303, in training_step
[rank2]:     return self.training_step_for_task(task, data_batch, iteration)
[rank2]:            ^^^^^^^^^^^^^^^^^^^^^^^^^^^^^^^^^^^^^^^^^^^^^^^^^^^^^^^^
[rank2]:   File "/share/project/eai_pwm/home/hcr/worktrees/cosmos-framework-pwm-load-balance/cosmos_framework/model/generator/omni_mot_model.py", line 1274, in training_step_for_task
[rank2]:     output, raw_loss = self._training_step_gen(data_batch, iteration)
[rank2]:                        ^^^^^^^^^^^^^^^^^^^^^^^^^^^^^^^^^^^^^^^^^^^^^^
[rank2]:   File "/share/project/eai_pwm/home/hcr/worktrees/cosmos-framework-pwm-load-balance/cosmos_framework/model/generator/omni_mot_model.py", line 1559, in _training_step_gen
[rank2]:     out_net = self.denoise(
[rank2]:               ^^^^^^^^^^^^^
[rank2]:   File "/share/project/eai_pwm/home/hcr/worktrees/cosmos-framework-pwm-load-balance/cosmos_framework/model/generator/omni_mot_model.py", line 5115, in denoise
[rank2]:     out_net = net(
[rank2]:               ^^^^
[rank2]:   File "/usr/local/lib/python3.12/dist-packages/torch/nn/modules/module.py", line 1778, in _wrapped_call_impl
[rank2]:     return self._call_impl(*args, **kwargs)
[rank2]:            ^^^^^^^^^^^^^^^^^^^^^^^^^^^^^^^^
[rank2]:   File "/usr/local/lib/python3.12/dist-packages/torch/nn/modules/module.py", line 1884, in _call_impl
[rank2]:     return inner()
[rank2]:            ^^^^^^^
[rank2]:   File "/usr/local/lib/python3.12/dist-packages/torch/nn/modules/module.py", line 1832, in inner
[rank2]:     result = forward_call(*args, **kwargs)
[rank2]:              ^^^^^^^^^^^^^^^^^^^^^^^^^^^^^
[rank2]:   File "/share/project/eai_pwm/home/hcr/worktrees/cosmos-framework-pwm-load-balance/cosmos_framework/model/generator/mot/cosmos3_vfm_network.py", line 1487, in forward
[rank2]:     packed_outputs, lbl_metadata = self.language_model(
[rank2]:                                    ^^^^^^^^^^^^^^^^^^^^
[rank2]:   File "/usr/local/lib/python3.12/dist-packages/torch/nn/modules/module.py", line 1778, in _wrapped_call_impl
[rank2]:     return self._call_impl(*args, **kwargs)
[rank2]:            ^^^^^^^^^^^^^^^^^^^^^^^^^^^^^^^^
[rank2]:   File "/usr/local/lib/python3.12/dist-packages/torch/nn/modules/module.py", line 1789, in _call_impl
[rank2]:     return forward_call(*args, **kwargs)
[rank2]:            ^^^^^^^^^^^^^^^^^^^^^^^^^^^^^
[rank2]:   File "/share/project/eai_pwm/home/hcr/worktrees/cosmos-framework-pwm-load-balance/cosmos_framework/model/generator/mot/unified_mot.py", line 2365, in forward
[rank2]:     outputs = self.model(
[rank2]:               ^^^^^^^^^^^
[rank2]:   File "/usr/local/lib/python3.12/dist-packages/torch/nn/modules/module.py", line 1778, in _wrapped_call_impl
[rank2]:     return self._call_impl(*args, **kwargs)
[rank2]:            ^^^^^^^^^^^^^^^^^^^^^^^^^^^^^^^^
[rank2]:   File "/usr/local/lib/python3.12/dist-packages/torch/nn/modules/module.py", line 1789, in _call_impl
[rank2]:     return forward_call(*args, **kwargs)
[rank2]:            ^^^^^^^^^^^^^^^^^^^^^^^^^^^^^
[rank2]:   File "/share/project/eai_pwm/home/hcr/worktrees/cosmos-framework-pwm-load-balance/cosmos_framework/model/generator/mot/unified_mot.py", line 1543, in forward
[rank2]:     return _impl_forward(self, *args, **kwargs)
[rank2]:            ^^^^^^^^^^^^^^^^^^^^^^^^^^^^^^^^^^^^
[rank2]:   File "/share/project/eai_pwm/home/hcr/worktrees/cosmos-framework-pwm-load-balance/cosmos_framework/model/generator/mot/unified_mot.py", line 1084, in _impl_forward
[rank2]:     hidden_states, lbl_metadata_dict, kv_to_store = decoder_layer(
[rank2]:                                                     ^^^^^^^^^^^^^^
[rank2]:   File "/usr/local/lib/python3.12/dist-packages/torch/_dynamo/eval_frame.py", line 468, in __call__
[rank2]:     return super().__call__(*args, **kwargs)
[rank2]:            ^^^^^^^^^^^^^^^^^^^^^^^^^^^^^^^^^
[rank2]:   File "/usr/local/lib/python3.12/dist-packages/torch/nn/modules/module.py", line 1778, in _wrapped_call_impl
[rank2]:     return self._call_impl(*args, **kwargs)
[rank2]:            ^^^^^^^^^^^^^^^^^^^^^^^^^^^^^^^^
[rank2]:   File "/usr/local/lib/python3.12/dist-packages/torch/nn/modules/module.py", line 1884, in _call_impl
[rank2]:     return inner()
[rank2]:            ^^^^^^^
[rank2]:   File "/usr/local/lib/python3.12/dist-packages/torch/nn/modules/module.py", line 1832, in inner
[rank2]:     result = forward_call(*args, **kwargs)
[rank2]:              ^^^^^^^^^^^^^^^^^^^^^^^^^^^^^
[rank2]:   File "/usr/local/lib/python3.12/dist-packages/torch/_dynamo/eval_frame.py", line 1020, in compile_wrapper
[rank2]:     return fn(*args, **kwargs)
[rank2]:            ^^^^^^^^^^^^^^^^^^^
[rank2]:   File "/usr/local/lib/python3.12/dist-packages/torch/nn/modules/module.py", line 1778, in _wrapped_call_impl
[rank2]:     return self._call_impl(*args, **kwargs)
[rank2]:            ^^^^^^^^^^^^^^^^^^^^^^^^^^^^^^^^
[rank2]:   File "/usr/local/lib/python3.12/dist-packages/torch/nn/modules/module.py", line 1789, in _call_impl
[rank2]:     return forward_call(*args, **kwargs)
[rank2]:            ^^^^^^^^^^^^^^^^^^^^^^^^^^^^^
[rank2]:   File "/usr/local/lib/python3.12/dist-packages/torch/_dynamo/convert_frame.py", line 2340, in __call__
[rank2]:     result = self._torchdynamo_orig_backend(
[rank2]:              ^^^^^^^^^^^^^^^^^^^^^^^^^^^^^^^
[rank2]:   File "/usr/local/lib/python3.12/dist-packages/torch/_dynamo/convert_frame.py", line 727, in __call__
[rank2]:     result = _compile(
[rank2]:              ^^^^^^^^^
[rank2]:   File "/usr/local/lib/python3.12/dist-packages/torch/_dynamo/convert_frame.py", line 1694, in _compile
[rank2]:     with (
[rank2]:   File "/usr/local/lib/python3.12/dist-packages/torch/_dynamo/metrics_context.py", line 106, in __exit__
[rank2]:     log.exception("Unexpected exception logging compilation metrics")
[rank2]:   File "/usr/lib/python3.12/logging/__init__.py", line 1574, in exception
[rank2]:     self.error(msg, *args, exc_info=exc_info, **kwargs)
[rank2]:   File "/usr/lib/python3.12/logging/__init__.py", line 1568, in error
[rank2]:     self._log(ERROR, msg, args, **kwargs)
[rank2]:   File "/usr/lib/python3.12/logging/__init__.py", line 1684, in _log
[rank2]:     self.handle(record)
[rank2]:   File "/usr/lib/python3.12/logging/__init__.py", line 1700, in handle
[rank2]:     self.callHandlers(record)
[rank2]:   File "/usr/lib/python3.12/logging/__init__.py", line 1762, in callHandlers
[rank2]:     hdlr.handle(record)
[rank2]:   File "/usr/lib/python3.12/logging/__init__.py", line 1028, in handle
[rank2]:     self.emit(record)
[rank2]:   File "/usr/lib/python3.12/logging/__init__.py", line 1168, in emit
[rank2]:     self.handleError(record)
[rank2]:   File "/usr/lib/python3.12/logging/__init__.py", line 1082, in handleError
[rank2]:     traceback.print_exception(t, v, tb, None, sys.stderr)
[rank2]:   File "/usr/lib/python3.12/traceback.py", line 124, in print_exception
[rank2]:     te = TracebackException(type(value), value, tb, limit=limit, compact=True)
[rank2]:          ^^^^^^^^^^^^^^^^^^^^^^^^^^^^^^^^^^^^^^^^^^^^^^^^^^^^^^^^^^^^^^^^^^^^^
[rank2]:   File "/usr/lib/python3.12/traceback.py", line 733, in __init__
[rank2]:     self.stack = StackSummary._extract_from_extended_frame_gen(
[rank2]:                  ^^^^^^^^^^^^^^^^^^^^^^^^^^^^^^^^^^^^^^^^^^^^^^
[rank2]:   File "/usr/lib/python3.12/traceback.py", line 438, in _extract_from_extended_frame_gen
[rank2]:     f.line
[rank2]:   File "/usr/lib/python3.12/traceback.py", line 323, in line
[rank2]:     self._line = linecache.getline(self.filename, self.lineno)
[rank2]:                  ^^^^^^^^^^^^^^^^^^^^^^^^^^^^^^^^^^^^^^^^^^^^^
[rank2]:   File "/usr/lib/python3.12/linecache.py", line 30, in getline
[rank2]:     lines = getlines(filename, module_globals)
[rank2]:             ^^^^^^^^^^^^^^^^^^^^^^^^^^^^^^^^^^
[rank2]:   File "/usr/lib/python3.12/linecache.py", line 46, in getlines
[rank2]:     return updatecache(filename, module_globals)
[rank2]:            ^^^^^^^^^^^^^^^^^^^^^^^^^^^^^^^^^^^^^
[rank2]:   File "/usr/lib/python3.12/linecache.py", line 137, in updatecache
[rank2]:     lines = fp.readlines()
[rank2]:             ^^^^^^^^^^^^^^
[rank2]:   File "<frozen codecs>", line 319, in decode
[rank2]:   File "/usr/local/lib/python3.12/dist-packages/torch/utils/data/_utils/signal_handling.py", line 73, in handler
[rank2]:     _error_if_any_worker_fails()
[rank2]: RuntimeError: DataLoader worker (pid 389364) is killed by signal: Terminated. 
2026-09-24 16:21:43.344 | ERROR    | __main__:<module>:320 - An error has been caught in function '<module>', process 'MainProcess' (379283), thread 'MainThread' (139799838486656):
Traceback (most recent call last):

  File "/usr/local/lib/python3.12/dist-packages/torch/_dynamo/convert_frame.py", line 1915, in _compile
    raise InternalTorchDynamoError(
          └ <class 'torch._dynamo.exc.InternalTorchDynamoError'>

  File "/usr/local/lib/python3.12/dist-packages/torch/_dynamo/convert_frame.py", line 1851, in _compile
    guarded_code, tracer_output = compile_inner(code, one_graph, hooks)
    │                             │             │     │          └ Hooks(guard_export_fn=None, guard_fail_fn=None, guard_filter_fn=None)
    │                             │             │     └ True
    │                             │             └ <code object forward at 0x7f24e9bb68d0, file "/usr/local/lib/python3.12/dist-packages/torch/distributed/algorithms/_checkpoin...
    │                             └ <function _compile.<locals>.compile_inner at 0x7f1eabea34c0>
    └ None

  File "/usr/local/lib/python3.12/dist-packages/torch/_utils_internal.py", line 96, in wrapper_function
    return function(*args, **kwargs)
           │         │       └ {}
           │         └ (<code object forward at 0x7f24e9bb68d0, file "/usr/local/lib/python3.12/dist-packages/torch/distributed/algorithms/_checkpoi...
           └ <function _compile.<locals>.compile_inner at 0x7f2059caf880>

  File "/usr/local/lib/python3.12/dist-packages/torch/_dynamo/convert_frame.py", line 1495, in compile_inner
    return _compile_inner(code, one_graph, hooks)
           │              │     │          └ Hooks(guard_export_fn=None, guard_fail_fn=None, guard_filter_fn=None)
           │              │     └ True
           │              └ <code object forward at 0x7f24e9bb68d0, file "/usr/local/lib/python3.12/dist-packages/torch/distributed/algorithms/_checkpoin...
           └ <function _compile.<locals>._compile_inner at 0x7f2059caf740>

  File "/usr/local/lib/python3.12/dist-packages/torch/_dynamo/convert_frame.py", line 1540, in _compile_inner
    dynamo_output = compile_frame(
                    └ <function compile_frame at 0x7f221e69b880>

  File "/usr/local/lib/python3.12/dist-packages/torch/_dynamo/convert_frame.py", line 1403, in compile_frame
    bytecode, tracer_output = transform_code_object(code, transform)
                              │                     │     └ <function compile_frame.<locals>.transform at 0x7f1eabea3e20>
                              │                     └ <code object forward at 0x7f24e9bb68d0, file "/usr/local/lib/python3.12/dist-packages/torch/distributed/algorithms/_checkpoin...
                              └ <function transform_code_object at 0x7f221ef60860>

  File "/usr/local/lib/python3.12/dist-packages/torch/_dynamo/bytecode_transformation.py", line 1626, in transform_code_object
    tracer_output = transformations(instructions, code_options)
                    │               │             └ {'co_argcount': 1, 'co_posonlyargcount': 0, 'co_kwonlyargcount': 0, 'co_nlocals': 5, 'co_stacksize': 5, 'co_flags': 15, 'co_c...
                    │               └ [Instruction(opcode=135, opname='MAKE_CELL', arg=0, argval='self', offset=0, starts_line=None, is_jump_target=False, position...
                    └ <function compile_frame.<locals>.transform at 0x7f1eabea3e20>

  File "/usr/local/lib/python3.12/dist-packages/torch/_dynamo/convert_frame.py", line 1375, in transform
    tracer_output = trace_frame(
                    └ <function trace_frame at 0x7f221e699e40>

  File "/usr/local/lib/python3.12/dist-packages/torch/_dynamo/convert_frame.py", line 341, in _fn
    return fn(*args, **kwargs)
           │   │       └ {'export': False, 'export_constraints': None, 'frame_state': {'_id': 0}, 'distributed_state': None, 'package': None}
           │   └ <unprintable tuple object>
           └ <function trace_frame at 0x7f221e699da0>

  File "/usr/local/lib/python3.12/dist-packages/torch/_dynamo/convert_frame.py", line 861, in trace_frame
    run_tracer()
    └ <function trace_frame.<locals>.run_tracer at 0x7f1eabe9a700>

  File "/usr/local/lib/python3.12/dist-packages/torch/_dynamo/convert_frame.py", line 853, in run_tracer
    if translation_validation_enabled():
       └ <function translation_validation_enabled at 0x7f1eabea1da0>

  File "/usr/local/lib/python3.12/dist-packages/torch/fx/experimental/validator.py", line 666, in translation_validation_enabled
    def translation_validation_enabled() -> bool:
        └ <function translation_validation_enabled at 0x7f1eabea1da0>

  File "/usr/local/lib/python3.12/dist-packages/torch/utils/data/_utils/signal_handling.py", line 73, in handler
    _error_if_any_worker_fails()
    └ <built-in function _error_if_any_worker_fails>

torch._dynamo.exc.InternalTorchDynamoError: RuntimeError: DataLoader worker (pid 386281) is killed by signal: Terminated. 



During handling of the above exception, another exception occurred:


Traceback (most recent call last):

  File "<frozen importlib._bootstrap>", line 437, in _get_module_lock

  File "/usr/local/lib/python3.12/dist-packages/torch/utils/data/_utils/signal_handling.py", line 73, in handler
    _error_if_any_worker_fails()
    └ <built-in function _error_if_any_worker_fails>

RuntimeError: DataLoader worker (pid 383908) is killed by signal: Terminated. 


During handling of the above exception, another exception occurred:


Traceback (most recent call last):

  File "/share/project/eai_pwm/home/hcr/worktrees/cosmos-framework-pwm-load-balance/plans/v0.2.3c_kernel_list/run_profile.py", line 68, in <module>
    main()
    └ <function main at 0x7f25af846700>

  File "/share/project/eai_pwm/home/hcr/worktrees/cosmos-framework-pwm-load-balance/plans/v0.2.3c_kernel_list/run_profile.py", line 62, in main
    runpy.run_module("cosmos_framework.scripts.train", run_name="__main__")
    │     └ <function run_module at 0x7f25af4d6de0>
    └ <module 'runpy' (frozen)>

  File "<frozen runpy>", line 229, in run_module
  File "<frozen runpy>", line 88, in _run_code

> File "/share/project/eai_pwm/home/hcr/worktrees/cosmos-framework-pwm-load-balance/cosmos_framework/scripts/train.py", line 320, in <module>
    launch(config, args)
    │      │       └ Namespace(sft_toml='/share/project/eai_pwm/home/hcr/worktrees/cosmos-framework-pwm-load-balance/examples/toml/sft_config/visi...
    │      └ Config(model={'config': {'tokenizer': {'bucket_name': '', 'object_store_credential_path_pretrained': '', 'vae_path': 'pretrai...
    └ <function launch at 0x7f221e010cc0>

  File "/share/project/eai_pwm/home/hcr/worktrees/cosmos-framework-pwm-load-balance/cosmos_framework/utils/training_telemetry/telemetry.py", line 65, in wrapper
    return func(config, *args, **kwargs)
           │    │        │       └ {}
           │    │        └ (Namespace(sft_toml='/share/project/eai_pwm/home/hcr/worktrees/cosmos-framework-pwm-load-balance/examples/toml/sft_config/vis...
           │    └ Config(model={'config': {'tokenizer': {'bucket_name': '', 'object_store_credential_path_pretrained': '', 'vae_path': 'pretrai...
           └ <function launch at 0x7f221e010900>

  File "/share/project/eai_pwm/home/hcr/worktrees/cosmos-framework-pwm-load-balance/cosmos_framework/scripts/train.py", line 197, in launch
    _run_training(config, args)
    │             │       └ Namespace(sft_toml='/share/project/eai_pwm/home/hcr/worktrees/cosmos-framework-pwm-load-balance/examples/toml/sft_config/visi...
    │             └ Config(model={'config': {'tokenizer': {'bucket_name': '', 'object_store_credential_path_pretrained': '', 'vae_path': 'pretrai...
    └ <function _run_training at 0x7f221e010d60>

  File "/share/project/eai_pwm/home/hcr/worktrees/cosmos-framework-pwm-load-balance/cosmos_framework/scripts/train.py", line 242, in _run_training
    trainer.train(
    │       └ <function ImaginaireTrainer.train at 0x7f24c49b0d60>
    └ <cosmos_framework.trainer.ImaginaireTrainer object at 0x7f2208a8faa0>

  File "/share/project/eai_pwm/home/hcr/worktrees/cosmos-framework-pwm-load-balance/cosmos_framework/trainer/__init__.py", line 346, in train
    output_batch, loss, grad_accum_iter = self.training_step(
                                          │    └ <function ImaginaireTrainer.training_step at 0x7f24c49b0e00>
                                          └ <cosmos_framework.trainer.ImaginaireTrainer object at 0x7f2208a8faa0>

  File "/share/project/eai_pwm/home/hcr/worktrees/cosmos-framework-pwm-load-balance/cosmos_framework/trainer/__init__.py", line 426, in training_step
    output_batch, loss = model_ddp.training_step(data, iteration)
                         │         │             │     └ 12600
                         │         │             └ {'ai_caption': ['{"scene": "A small dark gray desk against a white wall with a blue curtain.", "action": "From a first-person...
                         │         └ <function OmniMoTModel.training_step at 0x7f221064db20>
                         └ OmniMoTModel(
                             (net): FSDPCosmos3VFMNetwork(
                               (language_model): Qwen3VLTextForCausalLM(
                                 (model): Qwen3VLTextModel(
                           ...

  File "/share/project/eai_pwm/home/hcr/worktrees/cosmos-framework-pwm-load-balance/cosmos_framework/model/generator/omni_mot_model.py", line 1303, in training_step
    return self.training_step_for_task(task, data_batch, iteration)
           │    │                      │     │           └ 12600
           │    │                      │     └ {'ai_caption': ['{"scene": "A small dark gray desk against a white wall with a blue curtain.", "action": "From a first-person...
           │    │                      └ 'gen'
           │    └ <function OmniMoTModel.training_step_for_task at 0x7f221064da80>
           └ OmniMoTModel(
               (net): FSDPCosmos3VFMNetwork(
                 (language_model): Qwen3VLTextForCausalLM(
                   (model): Qwen3VLTextModel(
             ...

  File "/share/project/eai_pwm/home/hcr/worktrees/cosmos-framework-pwm-load-balance/cosmos_framework/model/generator/omni_mot_model.py", line 1274, in training_step_for_task
    output, raw_loss = self._training_step_gen(data_batch, iteration)
                       │    │                  │           └ 12600
                       │    │                  └ {'ai_caption': ['{"scene": "A small dark gray desk against a white wall with a blue curtain.", "action": "From a first-person...
                       │    └ <function OmniMoTModel._training_step_gen at 0x7f221064dc60>
                       └ OmniMoTModel(
                           (net): FSDPCosmos3VFMNetwork(
                             (language_model): Qwen3VLTextForCausalLM(
                               (model): Qwen3VLTextModel(
                         ...

  File "/share/project/eai_pwm/home/hcr/worktrees/cosmos-framework-pwm-load-balance/cosmos_framework/model/generator/omni_mot_model.py", line 1559, in _training_step_gen
    out_net = self.denoise(
              │    └ <function OmniMoTModel.denoise at 0x7f221064fce0>
              └ OmniMoTModel(
                  (net): FSDPCosmos3VFMNetwork(
                    (language_model): Qwen3VLTextForCausalLM(
                      (model): Qwen3VLTextModel(
                ...

  File "/share/project/eai_pwm/home/hcr/worktrees/cosmos-framework-pwm-load-balance/cosmos_framework/model/generator/omni_mot_model.py", line 5115, in denoise
    out_net = net(
              └ FSDPCosmos3VFMNetwork(
                  (language_model): Qwen3VLTextForCausalLM(
                    (model): Qwen3VLTextModel(
                      (embed_tokens): Embed...

  File "/usr/local/lib/python3.12/dist-packages/torch/nn/modules/module.py", line 1778, in _wrapped_call_impl
    return self._call_impl(*args, **kwargs)
           │    │           │       └ {'packed_seq': PackedSequence(sample_lens=[55843], split_lens=[243, 55600], attn_modes=['causal', 'full'], is_image_batch=Fal...
           │    │           └ ()
           │    └ <function Module._call_impl at 0x7f24ecfa0e00>
           └ FSDPCosmos3VFMNetwork(
               (language_model): Qwen3VLTextForCausalLM(
                 (model): Qwen3VLTextModel(
                   (embed_tokens): Embed...

  File "/usr/local/lib/python3.12/dist-packages/torch/nn/modules/module.py", line 1884, in _call_impl
    return inner()
           └ <function Module._call_impl.<locals>.inner at 0x7f22097c3d80>

  File "/usr/local/lib/python3.12/dist-packages/torch/nn/modules/module.py", line 1832, in inner
    result = forward_call(*args, **kwargs)
             │             │       └ {'packed_seq': PackedSequence(sample_lens=[55843], split_lens=[243, 55600], attn_modes=['causal', 'full'], is_image_batch=Fal...
             │             └ ()
             └ <bound method Cosmos3VFMNetwork.forward of FSDPCosmos3VFMNetwork(
                 (language_model): Qwen3VLTextForCausalLM(
                   (model): Qw...

  File "/share/project/eai_pwm/home/hcr/worktrees/cosmos-framework-pwm-load-balance/cosmos_framework/model/generator/mot/cosmos3_vfm_network.py", line 1487, in forward
    packed_outputs, lbl_metadata = self.language_model(
                                   └ FSDPCosmos3VFMNetwork(
                                       (language_model): Qwen3VLTextForCausalLM(
                                         (model): Qwen3VLTextModel(
                                           (embed_tokens): Embed...

  File "/usr/local/lib/python3.12/dist-packages/torch/nn/modules/module.py", line 1778, in _wrapped_call_impl
    return self._call_impl(*args, **kwargs)
           │    │           │       └ {'attention_mask': <cosmos_framework.model.generator.mot.attention.SplitInfo object at 0x7f21993a0ad0>, 'position_ids': tenso...
           │    │           └ ({'sample_offsets': tensor([    0, 55843], device='cuda:7', dtype=torch.int32), 'max_sample_len': 101376, 'max_causal_len': 3...
           │    └ <function Module._call_impl at 0x7f24ecfa0e00>
           └ Qwen3VLTextForCausalLM(
               (model): Qwen3VLTextModel(
                 (embed_tokens): Embedding(151936, 4096)
                 (layers): ModuleList(
               ...

  File "/usr/local/lib/python3.12/dist-packages/torch/nn/modules/module.py", line 1789, in _call_impl
    return forward_call(*args, **kwargs)
           │             │       └ {'attention_mask': <cosmos_framework.model.generator.mot.attention.SplitInfo object at 0x7f21993a0ad0>, 'position_ids': tenso...
           │             └ ({'sample_offsets': tensor([    0, 55843], device='cuda:7', dtype=torch.int32), 'max_sample_len': 101376, 'max_causal_len': 3...
           └ <bound method Qwen3VLTextForCausalLM.forward of Qwen3VLTextForCausalLM(
               (model): Qwen3VLTextModel(
                 (embed_tokens): Embe...

  File "/share/project/eai_pwm/home/hcr/worktrees/cosmos-framework-pwm-load-balance/cosmos_framework/model/generator/mot/unified_mot.py", line 2365, in forward
    outputs = self.model(
              └ Qwen3VLTextForCausalLM(
                  (model): Qwen3VLTextModel(
                    (embed_tokens): Embedding(151936, 4096)
                    (layers): ModuleList(
                  ...

  File "/usr/local/lib/python3.12/dist-packages/torch/nn/modules/module.py", line 1778, in _wrapped_call_impl
    return self._call_impl(*args, **kwargs)
           │    │           │       └ {'pack': {'sample_offsets': tensor([    0, 55843], device='cuda:7', dtype=torch.int32), 'max_sample_len': 101376, 'max_causal...
           │    │           └ ()
           │    └ <function Module._call_impl at 0x7f24ecfa0e00>
           └ Qwen3VLTextModel(
               (embed_tokens): Embedding(151936, 4096)
               (layers): ModuleList(
                 (0-35): 36 x FSDPOptimizedModule(
                ...

  File "/usr/local/lib/python3.12/dist-packages/torch/nn/modules/module.py", line 1789, in _call_impl
    return forward_call(*args, **kwargs)
           │             │       └ {'pack': {'sample_offsets': tensor([    0, 55843], device='cuda:7', dtype=torch.int32), 'max_sample_len': 101376, 'max_causal...
           │             └ ()
           └ <bound method Qwen3VLTextModel.forward of Qwen3VLTextModel(
               (embed_tokens): Embedding(151936, 4096)
               (layers): ModuleList(...

  File "/share/project/eai_pwm/home/hcr/worktrees/cosmos-framework-pwm-load-balance/cosmos_framework/model/generator/mot/unified_mot.py", line 1543, in forward
    return _impl_forward(self, *args, **kwargs)
           │             │      │       └ {'pack': {'sample_offsets': tensor([    0, 55843], device='cuda:7', dtype=torch.int32), 'max_sample_len': 101376, 'max_causal...
           │             │      └ ()
           │             └ Qwen3VLTextModel(
           │                 (embed_tokens): Embedding(151936, 4096)
           │                 (layers): ModuleList(
           │                   (0-35): 36 x FSDPOptimizedModule(
           │                  ...
           └ <function _impl_forward at 0x7f221097b6a0>

  File "/share/project/eai_pwm/home/hcr/worktrees/cosmos-framework-pwm-load-balance/cosmos_framework/model/generator/mot/unified_mot.py", line 1084, in _impl_forward
    hidden_states, lbl_metadata_dict, kv_to_store = decoder_layer(
    │                                               └ FSDPOptimizedModule(
    │                                                   (_orig_mod): CheckpointWrapper(
    │                                                     (_checkpoint_wrapped_module): MoTDecoderLayer(
    │                                                       (self_attn): ...
    └ {'sample_offsets': tensor([    0, 55843], device='cuda:7', dtype=torch.int32), 'max_sample_len': 101376, 'max_causal_len': 30...

  File "/usr/local/lib/python3.12/dist-packages/torch/_dynamo/eval_frame.py", line 468, in __call__
    return super().__call__(*args, **kwargs)
                             │       └ {'natten_metadata': None, 'memory_value': None, 'gen_only': False}
                             └ ({'sample_offsets': tensor([    0, 55843], device='cuda:7', dtype=torch.int32), 'max_sample_len': 101376, 'max_causal_len': 3...

  File "/usr/local/lib/python3.12/dist-packages/torch/nn/modules/module.py", line 1778, in _wrapped_call_impl
    return self._call_impl(*args, **kwargs)
           │    │           │       └ {'natten_metadata': None, 'memory_value': None, 'gen_only': False}
           │    │           └ ({'sample_offsets': tensor([    0, 55843], device='cuda:7', dtype=torch.int32), 'max_sample_len': 101376, 'max_causal_len': 3...
           │    └ <function Module._call_impl at 0x7f24ecfa0e00>
           └ FSDPOptimizedModule(
               (_orig_mod): CheckpointWrapper(
                 (_checkpoint_wrapped_module): MoTDecoderLayer(
                   (self_attn): ...

  File "/usr/local/lib/python3.12/dist-packages/torch/nn/modules/module.py", line 1884, in _call_impl
    return inner()
           └ <function Module._call_impl.<locals>.inner at 0x7f2059cae2a0>

  File "/usr/local/lib/python3.12/dist-packages/torch/nn/modules/module.py", line 1832, in inner
    result = forward_call(*args, **kwargs)
             │             │       └ {'natten_metadata': None, 'memory_value': None, 'gen_only': False}
             │             └ ({'sample_offsets': tensor([    0, 55843], device='cuda:7', dtype=torch.int32), 'max_sample_len': 101376, 'max_causal_len': 3...
             └ <function Module._wrapped_call_impl at 0x7f21996000e0>

  File "/usr/local/lib/python3.12/dist-packages/torch/_dynamo/eval_frame.py", line 1020, in compile_wrapper
    return fn(*args, **kwargs)
           │   │       └ {'natten_metadata': None, 'memory_value': None, 'gen_only': False}
           │   └ ({'sample_offsets': tensor([    0, 55843], device='cuda:7', dtype=torch.int32), 'max_sample_len': 101376, 'max_causal_len': 3...
           └ <bound method Module._wrapped_call_impl of CheckpointWrapper(
               (_checkpoint_wrapped_module): MoTDecoderLayer(
                 (self_attn...

  File "/usr/local/lib/python3.12/dist-packages/torch/nn/modules/module.py", line 1778, in _wrapped_call_impl
    return self._call_impl(*args, **kwargs)
           │    │           │       └ {'natten_metadata': None, 'memory_value': None, 'gen_only': False}
           │    │           └ ({'sample_offsets': tensor([    0, 55843], device='cuda:7', dtype=torch.int32), 'max_sample_len': 101376, 'max_causal_len': 3...
           │    └ <function Module._call_impl at 0x7f24ecfa0e00>
           └ CheckpointWrapper(
               (_checkpoint_wrapped_module): MoTDecoderLayer(
                 (self_attn): PackedAttentionMoT(
                   (q_proj): Line...

  File "/usr/local/lib/python3.12/dist-packages/torch/nn/modules/module.py", line 1789, in _call_impl
    return forward_call(*args, **kwargs)
           │             │       └ {'natten_metadata': None, 'memory_value': None, 'gen_only': False}
           │             └ ({'sample_offsets': tensor([    0, 55843], device='cuda:7', dtype=torch.int32), 'max_sample_len': 101376, 'max_causal_len': 3...
           └ <bound method CheckpointWrapper.forward of CheckpointWrapper(
               (_checkpoint_wrapped_module): MoTDecoderLayer(
                 (self_attn...

  File "/usr/local/lib/python3.12/dist-packages/torch/_dynamo/convert_frame.py", line 2340, in __call__
    result = self._torchdynamo_orig_backend(
             │    └ <torch._dynamo.convert_frame.ConvertFrameAssert object at 0x7f2208603200>
             └ <torch._dynamo.convert_frame.CatchErrorsWrapper object at 0x7f21beacb4a0>

  File "/usr/local/lib/python3.12/dist-packages/torch/_dynamo/convert_frame.py", line 727, in __call__
    result = _compile(
             └ <function _compile at 0x7f221e69b920>

  File "/usr/local/lib/python3.12/dist-packages/torch/_dynamo/convert_frame.py", line 2031, in _compile
    should_clear = _is_registered_backend(innermost_backend(compiler_fn))
                   │                      │                 └ <torch._dynamo.repro.after_dynamo.WrapBackendDebug object at 0x7f21bea63cb0>
                   │                      └ <function innermost_backend at 0x7f221edf1a80>
                   └ <function _is_registered_backend at 0x7f221edbb420>

  File "/usr/local/lib/python3.12/dist-packages/torch/_dynamo/backends/registry.py", line 189, in _is_registered_backend
    _lazy_import()
    └ <functools._lru_cache_wrapper object at 0x7f221efdfd70>

  File "/usr/local/lib/python3.12/dist-packages/torch/_dynamo/backends/registry.py", line 161, in _lazy_import
    import_submodule(backends)
    │                └ <module 'torch._dynamo.backends' from '/usr/local/lib/python3.12/dist-packages/torch/_dynamo/backends/__init__.py'>
    └ <function import_submodule at 0x7f221f0dcc20>

  File "/usr/local/lib/python3.12/dist-packages/torch/_dynamo/utils.py", line 4124, in import_submodule
    importlib.import_module(f"{mod.__name__}.{filename[:-3]}")
    │         │                │   │          └ 'cudagraphs.py'
    │         │                │   └ 'torch._dynamo.backends'
    │         │                └ <module 'torch._dynamo.backends' from '/usr/local/lib/python3.12/dist-packages/torch/_dynamo/backends/__init__.py'>
    │         └ <function import_module at 0x7f25af8d5b20>
    └ <module 'importlib' from '/usr/lib/python3.12/importlib/__init__.py'>

  File "/usr/lib/python3.12/importlib/__init__.py", line 90, in import_module
    return _bootstrap._gcd_import(name[level:], package, level)
           │          │           │    │        │        └ 0
           │          │           │    │        └ None
           │          │           │    └ 0
           │          │           └ 'torch._dynamo.backends.cudagraphs'
           │          └ <function _gcd_import at 0x7f25afab40e0>
           └ <module '_frozen_importlib' (frozen)>
  File "<frozen importlib._bootstrap>", line 1387, in _gcd_import
  File "<frozen importlib._bootstrap>", line 1357, in _find_and_load
  File "<frozen importlib._bootstrap>", line 417, in __enter__
  File "<frozen importlib._bootstrap>", line 458, in _get_module_lock

  File "/usr/local/lib/python3.12/dist-packages/torch/utils/data/_utils/signal_handling.py", line 73, in handler
    _error_if_any_worker_fails()
    └ <built-in function _error_if_any_worker_fails>

RuntimeError: DataLoader worker (pid 385368) is killed by signal: Terminated. 
[rank7]: Traceback (most recent call last):
[rank7]:   File "/usr/local/lib/python3.12/dist-packages/torch/_dynamo/convert_frame.py", line 1915, in _compile
[rank7]:     raise InternalTorchDynamoError(
[rank7]:   File "/usr/local/lib/python3.12/dist-packages/torch/_dynamo/convert_frame.py", line 1851, in _compile
[rank7]:     guarded_code, tracer_output = compile_inner(code, one_graph, hooks)
[rank7]:                                   ^^^^^^^^^^^^^^^^^^^^^^^^^^^^^^^^^^^^^
[rank7]:   File "/usr/local/lib/python3.12/dist-packages/torch/_utils_internal.py", line 96, in wrapper_function
[rank7]:     return function(*args, **kwargs)
[rank7]:            ^^^^^^^^^^^^^^^^^^^^^^^^^
[rank7]:   File "/usr/local/lib/python3.12/dist-packages/torch/_dynamo/convert_frame.py", line 1495, in compile_inner
[rank7]:     return _compile_inner(code, one_graph, hooks)
[rank7]:            ^^^^^^^^^^^^^^^^^^^^^^^^^^^^^^^^^^^^^^
[rank7]:   File "/usr/local/lib/python3.12/dist-packages/torch/_dynamo/convert_frame.py", line 1540, in _compile_inner
[rank7]:     dynamo_output = compile_frame(
[rank7]:                     ^^^^^^^^^^^^^^
[rank7]:   File "/usr/local/lib/python3.12/dist-packages/torch/_dynamo/convert_frame.py", line 1403, in compile_frame
[rank7]:     bytecode, tracer_output = transform_code_object(code, transform)
[rank7]:                               ^^^^^^^^^^^^^^^^^^^^^^^^^^^^^^^^^^^^^^
[rank7]:   File "/usr/local/lib/python3.12/dist-packages/torch/_dynamo/bytecode_transformation.py", line 1626, in transform_code_object
[rank7]:     tracer_output = transformations(instructions, code_options)
[rank7]:                     ^^^^^^^^^^^^^^^^^^^^^^^^^^^^^^^^^^^^^^^^^^^
[rank7]:   File "/usr/local/lib/python3.12/dist-packages/torch/_dynamo/convert_frame.py", line 1375, in transform
[rank7]:     tracer_output = trace_frame(
[rank7]:                     ^^^^^^^^^^^^
[rank7]:   File "/usr/local/lib/python3.12/dist-packages/torch/_dynamo/convert_frame.py", line 341, in _fn
[rank7]:     return fn(*args, **kwargs)
[rank7]:            ^^^^^^^^^^^^^^^^^^^
[rank7]:   File "/usr/local/lib/python3.12/dist-packages/torch/_dynamo/convert_frame.py", line 861, in trace_frame
[rank7]:     run_tracer()
[rank7]:   File "/usr/local/lib/python3.12/dist-packages/torch/_dynamo/convert_frame.py", line 853, in run_tracer
[rank7]:     if translation_validation_enabled():
[rank7]:        ^^^^^^^^^^^^^^^^^^^^^^^^^^^^^^^^
[rank7]:   File "/usr/local/lib/python3.12/dist-packages/torch/fx/experimental/validator.py", line 666, in translation_validation_enabled
[rank7]:     def translation_validation_enabled() -> bool:
[rank7]:     
[rank7]:   File "/usr/local/lib/python3.12/dist-packages/torch/utils/data/_utils/signal_handling.py", line 73, in handler
[rank7]:     _error_if_any_worker_fails()
[rank7]: torch._dynamo.exc.InternalTorchDynamoError: RuntimeError: DataLoader worker (pid 386281) is killed by signal: Terminated. 


[rank7]: During handling of the above exception, another exception occurred:

[rank7]: Traceback (most recent call last):
[rank7]:   File "<frozen importlib._bootstrap>", line 437, in _get_module_lock
[rank7]:   File "/usr/local/lib/python3.12/dist-packages/torch/utils/data/_utils/signal_handling.py", line 73, in handler
[rank7]:     _error_if_any_worker_fails()
[rank7]: RuntimeError: DataLoader worker (pid 383908) is killed by signal: Terminated. 

[rank7]: During handling of the above exception, another exception occurred:

[rank7]: Traceback (most recent call last):
[rank7]:   File "/share/project/eai_pwm/home/hcr/worktrees/cosmos-framework-pwm-load-balance/plans/v0.2.3c_kernel_list/run_profile.py", line 68, in <module>
[rank7]:     main()
[rank7]:   File "/share/project/eai_pwm/home/hcr/worktrees/cosmos-framework-pwm-load-balance/plans/v0.2.3c_kernel_list/run_profile.py", line 62, in main
[rank7]:     runpy.run_module("cosmos_framework.scripts.train", run_name="__main__")
[rank7]:   File "<frozen runpy>", line 229, in run_module
[rank7]:   File "<frozen runpy>", line 88, in _run_code
[rank7]:   File "/share/project/eai_pwm/home/hcr/worktrees/cosmos-framework-pwm-load-balance/cosmos_framework/scripts/train.py", line 320, in <module>
[rank7]:     launch(config, args)
[rank7]:   File "/opt/venv/lib/python3.12/site-packages/loguru/_logger.py", line 1297, in catch_wrapper
[rank7]:     return function(*args, **kwargs)
[rank7]:            ^^^^^^^^^^^^^^^^^^^^^^^^^
[rank7]:   File "/share/project/eai_pwm/home/hcr/worktrees/cosmos-framework-pwm-load-balance/cosmos_framework/utils/training_telemetry/telemetry.py", line 65, in wrapper
[rank7]:     return func(config, *args, **kwargs)
[rank7]:            ^^^^^^^^^^^^^^^^^^^^^^^^^^^^^
[rank7]:   File "/share/project/eai_pwm/home/hcr/worktrees/cosmos-framework-pwm-load-balance/cosmos_framework/scripts/train.py", line 197, in launch
[rank7]:     _run_training(config, args)
[rank7]:   File "/share/project/eai_pwm/home/hcr/worktrees/cosmos-framework-pwm-load-balance/cosmos_framework/scripts/train.py", line 242, in _run_training
[rank7]:     trainer.train(
[rank7]:   File "/share/project/eai_pwm/home/hcr/worktrees/cosmos-framework-pwm-load-balance/cosmos_framework/trainer/__init__.py", line 346, in train
[rank7]:     output_batch, loss, grad_accum_iter = self.training_step(
[rank7]:                                           ^^^^^^^^^^^^^^^^^^^
[rank7]:   File "/share/project/eai_pwm/home/hcr/worktrees/cosmos-framework-pwm-load-balance/cosmos_framework/trainer/__init__.py", line 426, in training_step
[rank7]:     output_batch, loss = model_ddp.training_step(data, iteration)
[rank7]:                          ^^^^^^^^^^^^^^^^^^^^^^^^^^^^^^^^^^^^^^^^
[rank7]:   File "/share/project/eai_pwm/home/hcr/worktrees/cosmos-framework-pwm-load-balance/cosmos_framework/model/generator/omni_mot_model.py", line 1303, in training_step
[rank7]:     return self.training_step_for_task(task, data_batch, iteration)
[rank7]:            ^^^^^^^^^^^^^^^^^^^^^^^^^^^^^^^^^^^^^^^^^^^^^^^^^^^^^^^^
[rank7]:   File "/share/project/eai_pwm/home/hcr/worktrees/cosmos-framework-pwm-load-balance/cosmos_framework/model/generator/omni_mot_model.py", line 1274, in training_step_for_task
[rank7]:     output, raw_loss = self._training_step_gen(data_batch, iteration)
[rank7]:                        ^^^^^^^^^^^^^^^^^^^^^^^^^^^^^^^^^^^^^^^^^^^^^^
[rank7]:   File "/share/project/eai_pwm/home/hcr/worktrees/cosmos-framework-pwm-load-balance/cosmos_framework/model/generator/omni_mot_model.py", line 1559, in _training_step_gen
[rank7]:     out_net = self.denoise(
[rank7]:               ^^^^^^^^^^^^^
[rank7]:   File "/share/project/eai_pwm/home/hcr/worktrees/cosmos-framework-pwm-load-balance/cosmos_framework/model/generator/omni_mot_model.py", line 5115, in denoise
[rank7]:     out_net = net(
[rank7]:               ^^^^
[rank7]:   File "/usr/local/lib/python3.12/dist-packages/torch/nn/modules/module.py", line 1778, in _wrapped_call_impl
[rank7]:     return self._call_impl(*args, **kwargs)
[rank7]:            ^^^^^^^^^^^^^^^^^^^^^^^^^^^^^^^^
[rank7]:   File "/usr/local/lib/python3.12/dist-packages/torch/nn/modules/module.py", line 1884, in _call_impl
[rank7]:     return inner()
[rank7]:            ^^^^^^^
[rank7]:   File "/usr/local/lib/python3.12/dist-packages/torch/nn/modules/module.py", line 1832, in inner
[rank7]:     result = forward_call(*args, **kwargs)
[rank7]:              ^^^^^^^^^^^^^^^^^^^^^^^^^^^^^
[rank7]:   File "/share/project/eai_pwm/home/hcr/worktrees/cosmos-framework-pwm-load-balance/cosmos_framework/model/generator/mot/cosmos3_vfm_network.py", line 1487, in forward
[rank7]:     packed_outputs, lbl_metadata = self.language_model(
[rank7]:                                    ^^^^^^^^^^^^^^^^^^^^
[rank7]:   File "/usr/local/lib/python3.12/dist-packages/torch/nn/modules/module.py", line 1778, in _wrapped_call_impl
[rank7]:     return self._call_impl(*args, **kwargs)
[rank7]:            ^^^^^^^^^^^^^^^^^^^^^^^^^^^^^^^^
[rank7]:   File "/usr/local/lib/python3.12/dist-packages/torch/nn/modules/module.py", line 1789, in _call_impl
[rank7]:     return forward_call(*args, **kwargs)
[rank7]:            ^^^^^^^^^^^^^^^^^^^^^^^^^^^^^
[rank7]:   File "/share/project/eai_pwm/home/hcr/worktrees/cosmos-framework-pwm-load-balance/cosmos_framework/model/generator/mot/unified_mot.py", line 2365, in forward
[rank7]:     outputs = self.model(
[rank7]:               ^^^^^^^^^^^
[rank7]:   File "/usr/local/lib/python3.12/dist-packages/torch/nn/modules/module.py", line 1778, in _wrapped_call_impl
[rank7]:     return self._call_impl(*args, **kwargs)
[rank7]:            ^^^^^^^^^^^^^^^^^^^^^^^^^^^^^^^^
[rank7]:   File "/usr/local/lib/python3.12/dist-packages/torch/nn/modules/module.py", line 1789, in _call_impl
[rank7]:     return forward_call(*args, **kwargs)
[rank7]:            ^^^^^^^^^^^^^^^^^^^^^^^^^^^^^
[rank7]:   File "/share/project/eai_pwm/home/hcr/worktrees/cosmos-framework-pwm-load-balance/cosmos_framework/model/generator/mot/unified_mot.py", line 1543, in forward
[rank7]:     return _impl_forward(self, *args, **kwargs)
[rank7]:            ^^^^^^^^^^^^^^^^^^^^^^^^^^^^^^^^^^^^
[rank7]:   File "/share/project/eai_pwm/home/hcr/worktrees/cosmos-framework-pwm-load-balance/cosmos_framework/model/generator/mot/unified_mot.py", line 1084, in _impl_forward
[rank7]:     hidden_states, lbl_metadata_dict, kv_to_store = decoder_layer(
[rank7]:                                                     ^^^^^^^^^^^^^^
[rank7]:   File "/usr/local/lib/python3.12/dist-packages/torch/_dynamo/eval_frame.py", line 468, in __call__
[rank7]:     return super().__call__(*args, **kwargs)
[rank7]:            ^^^^^^^^^^^^^^^^^^^^^^^^^^^^^^^^^
[rank7]:   File "/usr/local/lib/python3.12/dist-packages/torch/nn/modules/module.py", line 1778, in _wrapped_call_impl
[rank7]:     return self._call_impl(*args, **kwargs)
[rank7]:            ^^^^^^^^^^^^^^^^^^^^^^^^^^^^^^^^
[rank7]:   File "/usr/local/lib/python3.12/dist-packages/torch/nn/modules/module.py", line 1884, in _call_impl
[rank7]:     return inner()
[rank7]:            ^^^^^^^
[rank7]:   File "/usr/local/lib/python3.12/dist-packages/torch/nn/modules/module.py", line 1832, in inner
[rank7]:     result = forward_call(*args, **kwargs)
[rank7]:              ^^^^^^^^^^^^^^^^^^^^^^^^^^^^^
[rank7]:   File "/usr/local/lib/python3.12/dist-packages/torch/_dynamo/eval_frame.py", line 1020, in compile_wrapper
[rank7]:     return fn(*args, **kwargs)
[rank7]:            ^^^^^^^^^^^^^^^^^^^
[rank7]:   File "/usr/local/lib/python3.12/dist-packages/torch/nn/modules/module.py", line 1778, in _wrapped_call_impl
[rank7]:     return self._call_impl(*args, **kwargs)
[rank7]:            ^^^^^^^^^^^^^^^^^^^^^^^^^^^^^^^^
[rank7]:   File "/usr/local/lib/python3.12/dist-packages/torch/nn/modules/module.py", line 1789, in _call_impl
[rank7]:     return forward_call(*args, **kwargs)
[rank7]:            ^^^^^^^^^^^^^^^^^^^^^^^^^^^^^
[rank7]:   File "/usr/local/lib/python3.12/dist-packages/torch/_dynamo/convert_frame.py", line 2340, in __call__
[rank7]:     result = self._torchdynamo_orig_backend(
[rank7]:              ^^^^^^^^^^^^^^^^^^^^^^^^^^^^^^^
[rank7]:   File "/usr/local/lib/python3.12/dist-packages/torch/_dynamo/convert_frame.py", line 727, in __call__
[rank7]:     result = _compile(
[rank7]:              ^^^^^^^^^
[rank7]:   File "/usr/local/lib/python3.12/dist-packages/torch/_dynamo/convert_frame.py", line 2031, in _compile
[rank7]:     should_clear = _is_registered_backend(innermost_backend(compiler_fn))
[rank7]:                    ^^^^^^^^^^^^^^^^^^^^^^^^^^^^^^^^^^^^^^^^^^^^^^^^^^^^^^
[rank7]:   File "/usr/local/lib/python3.12/dist-packages/torch/_dynamo/backends/registry.py", line 189, in _is_registered_backend
[rank7]:     _lazy_import()
[rank7]:   File "/usr/local/lib/python3.12/dist-packages/torch/_dynamo/backends/registry.py", line 161, in _lazy_import
[rank7]:     import_submodule(backends)
[rank7]:   File "/usr/local/lib/python3.12/dist-packages/torch/_dynamo/utils.py", line 4124, in import_submodule
[rank7]:     importlib.import_module(f"{mod.__name__}.{filename[:-3]}")
[rank7]:   File "/usr/lib/python3.12/importlib/__init__.py", line 90, in import_module
[rank7]:     return _bootstrap._gcd_import(name[level:], package, level)
[rank7]:            ^^^^^^^^^^^^^^^^^^^^^^^^^^^^^^^^^^^^^^^^^^^^^^^^^^^^
[rank7]:   File "<frozen importlib._bootstrap>", line 1387, in _gcd_import
[rank7]:   File "<frozen importlib._bootstrap>", line 1357, in _find_and_load
[rank7]:   File "<frozen importlib._bootstrap>", line 417, in __enter__
[rank7]:   File "<frozen importlib._bootstrap>", line 458, in _get_module_lock
[rank7]:   File "/usr/local/lib/python3.12/dist-packages/torch/utils/data/_utils/signal_handling.py", line 73, in handler
[rank7]:     _error_if_any_worker_fails()
[rank7]: RuntimeError: DataLoader worker (pid 385368) is killed by signal: Terminated. 
2026-09-24 16:21:43.311 | ERROR    | __main__:<module>:320 - An error has been caught in function '<module>', process 'MainProcess' (379281), thread 'MainThread' (139651846111360):
Traceback (most recent call last):

  File "/usr/local/lib/python3.12/dist-packages/torch/_dynamo/convert_frame.py", line 1851, in _compile
    guarded_code, tracer_output = compile_inner(code, one_graph, hooks)
    │                             │             │     │          └ Hooks(guard_export_fn=None, guard_fail_fn=None, guard_filter_fn=None)
    │                             │             │     └ True
    │                             │             └ <code object forward at 0x7f0274b828d0, file "/usr/local/lib/python3.12/dist-packages/torch/distributed/algorithms/_checkpoin...
    │                             └ <function _compile.<locals>.compile_inner at 0x7efdcc9af4c0>
    └ None

  File "/usr/local/lib/python3.12/dist-packages/torch/_utils_internal.py", line 96, in wrapper_function
    return function(*args, **kwargs)
           │         │       └ {}
           │         └ (<code object forward at 0x7f0274b828d0, file "/usr/local/lib/python3.12/dist-packages/torch/distributed/algorithms/_checkpoi...
           └ <function _compile.<locals>.compile_inner at 0x7efde4b3b880>

  File "/usr/local/lib/python3.12/dist-packages/torch/_dynamo/convert_frame.py", line 1495, in compile_inner
    return _compile_inner(code, one_graph, hooks)
           │              │     │          └ Hooks(guard_export_fn=None, guard_fail_fn=None, guard_filter_fn=None)
           │              │     └ True
           │              └ <code object forward at 0x7f0274b828d0, file "/usr/local/lib/python3.12/dist-packages/torch/distributed/algorithms/_checkpoin...
           └ <function _compile.<locals>._compile_inner at 0x7efde4b3b740>

  File "/usr/local/lib/python3.12/dist-packages/torch/_dynamo/convert_frame.py", line 1540, in _compile_inner
    dynamo_output = compile_frame(
                    └ <function compile_frame at 0x7effa9597880>

  File "/usr/local/lib/python3.12/dist-packages/torch/_dynamo/convert_frame.py", line 1403, in compile_frame
    bytecode, tracer_output = transform_code_object(code, transform)
                              │                     │     └ <function compile_frame.<locals>.transform at 0x7efdcc9afe20>
                              │                     └ <code object forward at 0x7f0274b828d0, file "/usr/local/lib/python3.12/dist-packages/torch/distributed/algorithms/_checkpoin...
                              └ <function transform_code_object at 0x7f024c528860>

  File "/usr/local/lib/python3.12/dist-packages/torch/_dynamo/bytecode_transformation.py", line 1626, in transform_code_object
    tracer_output = transformations(instructions, code_options)
                    │               │             └ {'co_argcount': 1, 'co_posonlyargcount': 0, 'co_kwonlyargcount': 0, 'co_nlocals': 5, 'co_stacksize': 5, 'co_flags': 15, 'co_c...
                    │               └ [Instruction(opcode=135, opname='MAKE_CELL', arg=0, argval='self', offset=0, starts_line=None, is_jump_target=False, position...
                    └ <function compile_frame.<locals>.transform at 0x7efdcc9afe20>

  File "/usr/local/lib/python3.12/dist-packages/torch/_dynamo/convert_frame.py", line 1375, in transform
    tracer_output = trace_frame(
                    └ <function trace_frame at 0x7effa9595e40>

  File "/usr/local/lib/python3.12/dist-packages/torch/_dynamo/convert_frame.py", line 341, in _fn
    return fn(*args, **kwargs)
           │   │       └ {'export': False, 'export_constraints': None, 'frame_state': {'_id': 0}, 'distributed_state': None, 'package': None}
           │   └ <unprintable tuple object>
           └ <function trace_frame at 0x7effa9595da0>

  File "/usr/local/lib/python3.12/dist-packages/torch/_dynamo/convert_frame.py", line 861, in trace_frame
    run_tracer()
    └ <function trace_frame.<locals>.run_tracer at 0x7efdcc9aa700>

  File "/usr/local/lib/python3.12/dist-packages/torch/_dynamo/convert_frame.py", line 842, in run_tracer
    tracer.run()
    │      └ <function InstructionTranslatorBase.run at 0x7effa9561260>
    └ <torch._dynamo.symbolic_convert.InstructionTranslator object at 0x7eff94c79070>

  File "/usr/local/lib/python3.12/dist-packages/torch/_dynamo/symbolic_convert.py", line 1694, in run
    while self.step():
          │    └ <function InstructionTranslatorBase.step at 0x7effa9560f40>
          └ <torch._dynamo.symbolic_convert.InstructionTranslator object at 0x7eff94c79070>

  File "/usr/local/lib/python3.12/dist-packages/torch/_dynamo/symbolic_convert.py", line 1360, in step
    self.dispatch_table[inst.opcode](self, inst)
    │    │              │    │       │     └ Instruction(opcode=83, opname='RETURN_VALUE', arg=None, argval=None, offset=214, starts_line=169, is_jump_target=False, posit...
    │    │              │    │       └ <torch._dynamo.symbolic_convert.InstructionTranslator object at 0x7eff94c79070>
    │    │              │    └ <member 'opcode' of 'Instruction' objects>
    │    │              └ Instruction(opcode=83, opname='RETURN_VALUE', arg=None, argval=None, offset=214, starts_line=169, is_jump_target=False, posit...
    │    └ [<function InstructionTranslatorBase.CACHE at 0x7effa9579080>, <function InstructionTranslatorBase.POP_TOP at 0x7effa95698a0>...
    └ <torch._dynamo.symbolic_convert.InstructionTranslator object at 0x7eff94c79070>

  File "/usr/local/lib/python3.12/dist-packages/torch/_dynamo/symbolic_convert.py", line 4944, in RETURN_VALUE
    self._return(inst)
    │    │       └ Instruction(opcode=83, opname='RETURN_VALUE', arg=None, argval=None, offset=214, starts_line=169, is_jump_target=False, posit...
    │    └ <function InstructionTranslator._return at 0x7effa9573920>
    └ <torch._dynamo.symbolic_convert.InstructionTranslator object at 0x7eff94c79070>

  File "/usr/local/lib/python3.12/dist-packages/torch/_dynamo/symbolic_convert.py", line 4926, in _return
    all_stack_locals_metadata = self.output.compile_subgraph(
                                │    │      └ <function OutputGraph.compile_subgraph at 0x7effa9546de0>
                                │    └ <unprintable OutputGraph object>
                                └ <torch._dynamo.symbolic_convert.InstructionTranslator object at 0x7eff94c79070>

  File "/usr/local/lib/python3.12/dist-packages/torch/_dynamo/output_graph.py", line 1929, in compile_subgraph
    self.compile_and_call_fx_graph(tx, pass2.graph_output_vars(), root)
    │    │                         │   │     │                    └ FakeRootModule(...)
    │    │                         │   │     └ <function PyCodegen.graph_output_vars at 0x7effa97ed940>
    │    │                         │   └ <torch._dynamo.codegen.PyCodegen object at 0x7efdcff01f70>
    │    │                         └ <torch._dynamo.symbolic_convert.InstructionTranslator object at 0x7eff94c79070>
    │    └ <function OutputGraph.compile_and_call_fx_graph at 0x7effa95474c0>
    └ <unprintable OutputGraph object>

  File "/usr/local/lib/python3.12/dist-packages/torch/_dynamo/output_graph.py", line 2503, in compile_and_call_fx_graph
    compiled_fn = self.call_user_compiler(gm, self.example_inputs())
                  │    │                  │   │    └ <function OutputGraph.example_inputs at 0x7effa9547920>
                  │    │                  │   └ <unprintable OutputGraph object>
                  │    │                  └ <unprintable GraphModule object>
                  │    └ <function OutputGraph.call_user_compiler at 0x7effa95476a0>
                  └ <unprintable OutputGraph object>

  File "/usr/local/lib/python3.12/dist-packages/torch/_dynamo/output_graph.py", line 2656, in call_user_compiler
    return self._call_user_compiler(gm, example_inputs)
           │    │                   │   └ [s12, tensor([    0, 53538], device='cuda:5', dtype=torch.int32), s39, tensor([  0,   1,   2,   3,   4,   5,   6,   7,   8,  ...
           │    │                   └ GraphModule(
           │    │                       (wrap_body_0): GraphModule(
           │    │                         (fwd_body_0): GraphModule()
           │    │                         (bwd_body_0): GraphModule()
           │    │                         (fwd_body_1): ...
           │    └ <function OutputGraph._call_user_compiler at 0x7effa9547740>
           └ <unprintable OutputGraph object>

  File "/usr/local/lib/python3.12/dist-packages/torch/_dynamo/output_graph.py", line 2714, in _call_user_compiler
    compiled_fn = compiler_fn(gm, example_inputs)
                  │           │   └ [s12, tensor([    0, 53538], device='cuda:5', dtype=torch.int32), s39, tensor([  0,   1,   2,   3,   4,   5,   6,   7,   8,  ...
                  │           └ GraphModule(
                  │               (wrap_body_0): GraphModule(
                  │                 (fwd_body_0): GraphModule()
                  │                 (bwd_body_0): GraphModule()
                  │                 (fwd_body_1): ...
                  └ <torch._dynamo.repro.after_dynamo.WrapBackendDebug object at 0x7eff247184a0>

  File "/usr/local/lib/python3.12/dist-packages/torch/_dynamo/repro/after_dynamo.py", line 156, in __call__
    compiled_gm = compiler_fn(gm, example_inputs)
                  │           │   └ [s12, tensor([    0, 53538], device='cuda:5', dtype=torch.int32), s39, tensor([  0,   1,   2,   3,   4,   5,   6,   7,   8,  ...
                  │           └ GraphModule(
                  │               (wrap_body_0): GraphModule(
                  │                 (fwd_body_0): GraphModule()
                  │                 (bwd_body_0): GraphModule()
                  │                 (fwd_body_1): ...
                  └ functools.partial(<torch._TorchCompileInductorWrapper object at 0x7eff24719b80>)

  File "/usr/local/lib/python3.12/dist-packages/torch/__init__.py", line 2476, in __call__
    return compile_fx(model_, inputs_, config_patches=all_patches)
           │          │       │                       └ {'triton.mix_order_reduction_split_size': 32}
           │          │       └ [s12, tensor([    0, 53538], device='cuda:5', dtype=torch.int32), s39, tensor([  0,   1,   2,   3,   4,   5,   6,   7,   8,  ...
           │          └ GraphModule(
           │              (wrap_body_0): GraphModule(
           │                (fwd_body_0): GraphModule()
           │                (bwd_body_0): GraphModule()
           │                (fwd_body_1): ...
           └ <function compile_fx at 0x7eff9baa40e0>

  File "/usr/local/lib/python3.12/dist-packages/torch/_inductor/compile_fx.py", line 2578, in compile_fx
    return compile_fx(
           └ <function compile_fx at 0x7eff9baa40e0>

  File "/usr/local/lib/python3.12/dist-packages/torch/_inductor/compile_fx.py", line 2629, in compile_fx
    return _maybe_wrap_and_compile_fx_main(
           └ <function _maybe_wrap_and_compile_fx_main at 0x7eff9baa4220>

  File "/usr/local/lib/python3.12/dist-packages/torch/_inductor/compile_fx.py", line 2706, in _maybe_wrap_and_compile_fx_main
    return _compile_fx_main(
           └ <function _compile_fx_main at 0x7eff9baa42c0>

  File "/usr/local/lib/python3.12/dist-packages/torch/_inductor/compile_fx.py", line 2916, in _compile_fx_main
    raise e.remove_dynamo_frames() from None  # see TORCHDYNAMO_VERBOSE=1

  File "/usr/local/lib/python3.12/dist-packages/torch/_inductor/compile_fx.py", line 1051, in _compile_fx_inner
    raise InductorError(e, currentframe()).with_traceback(
          │                └ <function currentframe at 0x7f033a6fb880>
          └ <class 'torch._inductor.exc.InductorError'>

  File "/usr/local/lib/python3.12/dist-packages/torch/_inductor/compile_fx.py", line 1035, in _compile_fx_inner
    mb_compiled_graph = fx_codegen_and_compile(
                        └ <function fx_codegen_and_compile at 0x7eff9ba92de0>

  File "/usr/local/lib/python3.12/dist-packages/torch/_inductor/compile_fx.py", line 1796, in fx_codegen_and_compile
    return scheme.codegen_and_compile(gm, example_inputs, inputs_to_check, graph_kwargs)
           │      │                   │   │               │                └ {'static_input_idxs': [28, 29, 30, 31, 32, 33, 34, 35, 36, 37, 38, 39, 40, 41, 42, 43, 44, 45, 46, 47, 48, 49], 'cudagraphs':...
           │      │                   │   │               └ [1, 3, 5, 7, 9, 10, 11, 12, 13, 14, 15, 16, 17, 19, 21, 23, 24, 25, 26, 27]
           │      │                   │   └ [s12, FakeTensor(..., device='cuda:5', size=(s12,), dtype=torch.int32), s39, FakeTensor(..., device='cuda:5', size=(s39,), dt...
           │      │                   └ GraphModule()
           │      └ <function _InProcessFxCompile.codegen_and_compile at 0x7eff9ba93060>
           └ <torch._inductor.compile_fx._InProcessFxCompile object at 0x7efdcd0250a0>

  File "/usr/local/lib/python3.12/dist-packages/torch/_inductor/compile_fx.py", line 1568, in codegen_and_compile
    compiled_module = graph.compile_to_module()
                      │     └ <function GraphLowering.compile_to_module at 0x7eff9ba913a0>
                      └ <torch._inductor.graph.GraphLowering object at 0x7f0253d795e0>

  File "/usr/local/lib/python3.12/dist-packages/torch/_inductor/graph.py", line 2525, in compile_to_module
    return self._compile_to_module()
           │    └ <function GraphLowering._compile_to_module at 0x7eff9ba91440>
           └ <torch._inductor.graph.GraphLowering object at 0x7f0253d795e0>

  File "/usr/local/lib/python3.12/dist-packages/torch/_inductor/graph.py", line 2535, in _compile_to_module
    mod = self._compile_to_module_lines(wrapper_code)
          │    │                        └ ValueWithLineMap(value='# AOT ID: [\'0_forward\']\nfrom ctypes import c_void_p, c_long, c_int\nimport torch\nimport math\nimp...
          │    └ <function GraphLowering._compile_to_module_lines at 0x7eff9ba914e0>
          └ <torch._inductor.graph.GraphLowering object at 0x7f0253d795e0>

  File "/usr/local/lib/python3.12/dist-packages/torch/_inductor/graph.py", line 2610, in _compile_to_module_lines
    mod = PyCodeCache.load_by_key_path(
          │           └ <classmethod(<function PyCodeCache.load_by_key_path at 0x7effa90931a0>)>
          └ <class 'torch._inductor.codecache.PyCodeCache'>

  File "/usr/local/lib/python3.12/dist-packages/torch/_inductor/codecache.py", line 3790, in load_by_key_path
    mod = _reload_python_module(key, path, set_sys_modules=in_toplevel)
          │                     │    │                     └ True
          │                     │    └ '/share/project/eai_pwm/home/hcr/worktrees/cosmos-framework-pwm-load-balance/plans/v0.2.3c_kernel_list/runs/usr_capture005/ca...
          │                     └ 'c7wv66zf2pd67rphjnjq6otsellug2wgtiroz3bitl4dwk2pcmqz'
          └ <function _reload_python_module at 0x7effa912d800>

  File "/usr/local/lib/python3.12/dist-packages/torch/_inductor/runtime/compile_tasks.py", line 35, in _reload_python_module
    exec(code, mod.__dict__, mod.__dict__)
         │     │   │         │   └ <member '__dict__' of 'module' objects>
         │     │   │         └ <module 'torch._inductor.runtime.compile_tasks.c7wv66zf2pd67rphjnjq6otsellug2wgtiroz3bitl4dwk2pcmqz' from '/share/project/eai...
         │     │   └ <member '__dict__' of 'module' objects>
         │     └ <module 'torch._inductor.runtime.compile_tasks.c7wv66zf2pd67rphjnjq6otsellug2wgtiroz3bitl4dwk2pcmqz' from '/share/project/eai...
         └ <code object <module> at 0x451d3760, file "/share/project/eai_pwm/home/hcr/worktrees/cosmos-framework-pwm-load-balance/plans/...

  File "/share/project/eai_pwm/home/hcr/worktrees/cosmos-framework-pwm-load-balance/plans/v0.2.3c_kernel_list/runs/usr_capture005/cache/inductor/rank5/7w/c7wv66zf2pd67rphjnjq6otsellug2wgtiroz3bitl4dwk2pcmqz.py", line 1602, in <module>
    async_compile.wait(globals())
    │             └ <function AsyncCompile.wait at 0x7eff9c549f80>
    └ <torch._inductor.async_compile.AsyncCompile object at 0x7efda42a9c70>

  File "/usr/local/lib/python3.12/dist-packages/torch/_inductor/async_compile.py", line 707, in wait
    self._wait_futures(scope)
    │    │             └ {'__name__': 'torch._inductor.runtime.compile_tasks.c7wv66zf2pd67rphjnjq6otsellug2wgtiroz3bitl4dwk2pcmqz', '__doc__': None, '...
    │    └ <function AsyncCompile._wait_futures at 0x7eff9c54a020>
    └ <torch._inductor.async_compile.AsyncCompile object at 0x7efda42a9c70>

  File "/usr/local/lib/python3.12/dist-packages/torch/_inductor/async_compile.py", line 727, in _wait_futures
    kernel = result.result()
             │      └ <function LambdaFuture.result at 0x7effa90a0f40>
             └ <torch._inductor.codecache.LambdaFuture object at 0x7efd42d74710>

  File "/usr/local/lib/python3.12/dist-packages/torch/_inductor/codecache.py", line 4387, in result
    return self.result_fn()
           │    └ <function AsyncCompile.triton.<locals>.get_result at 0x7efdcff244a0>
           └ <torch._inductor.codecache.LambdaFuture object at 0x7efd42d74710>

  File "/usr/local/lib/python3.12/dist-packages/torch/_inductor/async_compile.py", line 449, in get_result
    kernel, elapsed_us = task.result()
                         │    └ <function Future.result at 0x7f02789d8fe0>
                         └ <Future at 0x7efd42d74fb0 state=running>

  File "/usr/lib/python3.12/concurrent/futures/_base.py", line 451, in result
    self._condition.wait(timeout)
    │                    └ None
    └ None
  File "/usr/lib/python3.12/threading.py", line 355, in wait
    waiter.acquire()
    │      └ <method 'acquire' of '_thread.lock' objects>
    └ <locked _thread.lock object at 0x7efd42d106c0>

  File "/usr/local/lib/python3.12/dist-packages/torch/utils/data/_utils/signal_handling.py", line 73, in handler
    _error_if_any_worker_fails()
    └ <built-in function _error_if_any_worker_fails>

torch._inductor.exc.InductorError: RuntimeError: DataLoader worker (pid 387547) is killed by signal: Terminated. 

Set TORCHDYNAMO_VERBOSE=1 for the internal stack trace (please do this especially if you're reporting a bug to PyTorch). For even more developer context, set TORCH_LOGS="+dynamo"



During handling of the above exception, another exception occurred:


Traceback (most recent call last):

  File "/share/project/eai_pwm/home/hcr/worktrees/cosmos-framework-pwm-load-balance/plans/v0.2.3c_kernel_list/run_profile.py", line 68, in <module>
    main()
    └ <function main at 0x7f033a7ba700>

  File "/share/project/eai_pwm/home/hcr/worktrees/cosmos-framework-pwm-load-balance/plans/v0.2.3c_kernel_list/run_profile.py", line 62, in main
    runpy.run_module("cosmos_framework.scripts.train", run_name="__main__")
    │     └ <function run_module at 0x7f033a442de0>
    └ <module 'runpy' (frozen)>

  File "<frozen runpy>", line 229, in run_module
  File "<frozen runpy>", line 88, in _run_code

> File "/share/project/eai_pwm/home/hcr/worktrees/cosmos-framework-pwm-load-balance/cosmos_framework/scripts/train.py", line 320, in <module>
    launch(config, args)
    │      │       └ Namespace(sft_toml='/share/project/eai_pwm/home/hcr/worktrees/cosmos-framework-pwm-load-balance/examples/toml/sft_config/visi...
    │      └ Config(model={'config': {'tokenizer': {'bucket_name': '', 'object_store_credential_path_pretrained': '', 'vae_path': 'pretrai...
    └ <function launch at 0x7effa8f10cc0>

  File "/share/project/eai_pwm/home/hcr/worktrees/cosmos-framework-pwm-load-balance/cosmos_framework/utils/training_telemetry/telemetry.py", line 65, in wrapper
    return func(config, *args, **kwargs)
           │    │        │       └ {}
           │    │        └ (Namespace(sft_toml='/share/project/eai_pwm/home/hcr/worktrees/cosmos-framework-pwm-load-balance/examples/toml/sft_config/vis...
           │    └ Config(model={'config': {'tokenizer': {'bucket_name': '', 'object_store_credential_path_pretrained': '', 'vae_path': 'pretrai...
           └ <function launch at 0x7effa8f10900>

  File "/share/project/eai_pwm/home/hcr/worktrees/cosmos-framework-pwm-load-balance/cosmos_framework/scripts/train.py", line 197, in launch
    _run_training(config, args)
    │             │       └ Namespace(sft_toml='/share/project/eai_pwm/home/hcr/worktrees/cosmos-framework-pwm-load-balance/examples/toml/sft_config/visi...
    │             └ Config(model={'config': {'tokenizer': {'bucket_name': '', 'object_store_credential_path_pretrained': '', 'vae_path': 'pretrai...
    └ <function _run_training at 0x7effa8f10d60>

  File "/share/project/eai_pwm/home/hcr/worktrees/cosmos-framework-pwm-load-balance/cosmos_framework/scripts/train.py", line 242, in _run_training
    trainer.train(
    │       └ <function ImaginaireTrainer.train at 0x7f024fb0cd60>
    └ <cosmos_framework.trainer.ImaginaireTrainer object at 0x7eff93662b10>

  File "/share/project/eai_pwm/home/hcr/worktrees/cosmos-framework-pwm-load-balance/cosmos_framework/trainer/__init__.py", line 346, in train
    output_batch, loss, grad_accum_iter = self.training_step(
                                          │    └ <function ImaginaireTrainer.training_step at 0x7f024fb0ce00>
                                          └ <cosmos_framework.trainer.ImaginaireTrainer object at 0x7eff93662b10>

  File "/share/project/eai_pwm/home/hcr/worktrees/cosmos-framework-pwm-load-balance/cosmos_framework/trainer/__init__.py", line 426, in training_step
    output_batch, loss = model_ddp.training_step(data, iteration)
                         │         │             │     └ 12600
                         │         │             └ {'ai_caption': ['{"scene": "A small bedroom with pale blue-gray walls and a white ceiling with recessed lights. A bed with a ...
                         │         └ <function OmniMoTModel.training_step at 0x7eff9b2f9b20>
                         └ OmniMoTModel(
                             (net): FSDPCosmos3VFMNetwork(
                               (language_model): Qwen3VLTextForCausalLM(
                                 (model): Qwen3VLTextModel(
                           ...

  File "/share/project/eai_pwm/home/hcr/worktrees/cosmos-framework-pwm-load-balance/cosmos_framework/model/generator/omni_mot_model.py", line 1303, in training_step
    return self.training_step_for_task(task, data_batch, iteration)
           │    │                      │     │           └ 12600
           │    │                      │     └ {'ai_caption': ['{"scene": "A small bedroom with pale blue-gray walls and a white ceiling with recessed lights. A bed with a ...
           │    │                      └ 'gen'
           │    └ <function OmniMoTModel.training_step_for_task at 0x7eff9b2f9a80>
           └ OmniMoTModel(
               (net): FSDPCosmos3VFMNetwork(
                 (language_model): Qwen3VLTextForCausalLM(
                   (model): Qwen3VLTextModel(
             ...

  File "/share/project/eai_pwm/home/hcr/worktrees/cosmos-framework-pwm-load-balance/cosmos_framework/model/generator/omni_mot_model.py", line 1274, in training_step_for_task
    output, raw_loss = self._training_step_gen(data_batch, iteration)
                       │    │                  │           └ 12600
                       │    │                  └ {'ai_caption': ['{"scene": "A small bedroom with pale blue-gray walls and a white ceiling with recessed lights. A bed with a ...
                       │    └ <function OmniMoTModel._training_step_gen at 0x7eff9b2f9c60>
                       └ OmniMoTModel(
                           (net): FSDPCosmos3VFMNetwork(
                             (language_model): Qwen3VLTextForCausalLM(
                               (model): Qwen3VLTextModel(
                         ...

  File "/share/project/eai_pwm/home/hcr/worktrees/cosmos-framework-pwm-load-balance/cosmos_framework/model/generator/omni_mot_model.py", line 1559, in _training_step_gen
    out_net = self.denoise(
              │    └ <function OmniMoTModel.denoise at 0x7eff9b2fbce0>
              └ OmniMoTModel(
                  (net): FSDPCosmos3VFMNetwork(
                    (language_model): Qwen3VLTextForCausalLM(
                      (model): Qwen3VLTextModel(
                ...

  File "/share/project/eai_pwm/home/hcr/worktrees/cosmos-framework-pwm-load-balance/cosmos_framework/model/generator/omni_mot_model.py", line 5115, in denoise
    out_net = net(
              └ FSDPCosmos3VFMNetwork(
                  (language_model): Qwen3VLTextForCausalLM(
                    (model): Qwen3VLTextModel(
                      (embed_tokens): Embed...

  File "/usr/local/lib/python3.12/dist-packages/torch/nn/modules/module.py", line 1778, in _wrapped_call_impl
    return self._call_impl(*args, **kwargs)
           │    │           │       └ {'packed_seq': PackedSequence(sample_lens=[53538], split_lens=[338, 53200], attn_modes=['causal', 'full'], is_image_batch=Fal...
           │    │           └ ()
           │    └ <function Module._call_impl at 0x7f0277f6ce00>
           └ FSDPCosmos3VFMNetwork(
               (language_model): Qwen3VLTextForCausalLM(
                 (model): Qwen3VLTextModel(
                   (embed_tokens): Embed...

  File "/usr/local/lib/python3.12/dist-packages/torch/nn/modules/module.py", line 1884, in _call_impl
    return inner()
           └ <function Module._call_impl.<locals>.inner at 0x7eff94a33d80>

  File "/usr/local/lib/python3.12/dist-packages/torch/nn/modules/module.py", line 1832, in inner
    result = forward_call(*args, **kwargs)
             │             │       └ {'packed_seq': PackedSequence(sample_lens=[53538], split_lens=[338, 53200], attn_modes=['causal', 'full'], is_image_batch=Fal...
             │             └ ()
             └ <bound method Cosmos3VFMNetwork.forward of FSDPCosmos3VFMNetwork(
                 (language_model): Qwen3VLTextForCausalLM(
                   (model): Qw...

  File "/share/project/eai_pwm/home/hcr/worktrees/cosmos-framework-pwm-load-balance/cosmos_framework/model/generator/mot/cosmos3_vfm_network.py", line 1487, in forward
    packed_outputs, lbl_metadata = self.language_model(
                                   └ FSDPCosmos3VFMNetwork(
                                       (language_model): Qwen3VLTextForCausalLM(
                                         (model): Qwen3VLTextModel(
                                           (embed_tokens): Embed...

  File "/usr/local/lib/python3.12/dist-packages/torch/nn/modules/module.py", line 1778, in _wrapped_call_impl
    return self._call_impl(*args, **kwargs)
           │    │           │       └ {'attention_mask': <cosmos_framework.model.generator.mot.attention.SplitInfo object at 0x7eff949d3d70>, 'position_ids': tenso...
           │    │           └ ({'sample_offsets': tensor([    0, 53538], device='cuda:5', dtype=torch.int32), 'max_sample_len': 101376, 'max_causal_len': 3...
           │    └ <function Module._call_impl at 0x7f0277f6ce00>
           └ Qwen3VLTextForCausalLM(
               (model): Qwen3VLTextModel(
                 (embed_tokens): Embedding(151936, 4096)
                 (layers): ModuleList(
               ...

  File "/usr/local/lib/python3.12/dist-packages/torch/nn/modules/module.py", line 1789, in _call_impl
    return forward_call(*args, **kwargs)
           │             │       └ {'attention_mask': <cosmos_framework.model.generator.mot.attention.SplitInfo object at 0x7eff949d3d70>, 'position_ids': tenso...
           │             └ ({'sample_offsets': tensor([    0, 53538], device='cuda:5', dtype=torch.int32), 'max_sample_len': 101376, 'max_causal_len': 3...
           └ <bound method Qwen3VLTextForCausalLM.forward of Qwen3VLTextForCausalLM(
               (model): Qwen3VLTextModel(
                 (embed_tokens): Embe...

  File "/share/project/eai_pwm/home/hcr/worktrees/cosmos-framework-pwm-load-balance/cosmos_framework/model/generator/mot/unified_mot.py", line 2365, in forward
    outputs = self.model(
              └ Qwen3VLTextForCausalLM(
                  (model): Qwen3VLTextModel(
                    (embed_tokens): Embedding(151936, 4096)
                    (layers): ModuleList(
                  ...

  File "/usr/local/lib/python3.12/dist-packages/torch/nn/modules/module.py", line 1778, in _wrapped_call_impl
    return self._call_impl(*args, **kwargs)
           │    │           │       └ {'pack': {'sample_offsets': tensor([    0, 53538], device='cuda:5', dtype=torch.int32), 'max_sample_len': 101376, 'max_causal...
           │    │           └ ()
           │    └ <function Module._call_impl at 0x7f0277f6ce00>
           └ Qwen3VLTextModel(
               (embed_tokens): Embedding(151936, 4096)
               (layers): ModuleList(
                 (0-35): 36 x FSDPOptimizedModule(
                ...

  File "/usr/local/lib/python3.12/dist-packages/torch/nn/modules/module.py", line 1789, in _call_impl
    return forward_call(*args, **kwargs)
           │             │       └ {'pack': {'sample_offsets': tensor([    0, 53538], device='cuda:5', dtype=torch.int32), 'max_sample_len': 101376, 'max_causal...
           │             └ ()
           └ <bound method Qwen3VLTextModel.forward of Qwen3VLTextModel(
               (embed_tokens): Embedding(151936, 4096)
               (layers): ModuleList(...

  File "/share/project/eai_pwm/home/hcr/worktrees/cosmos-framework-pwm-load-balance/cosmos_framework/model/generator/mot/unified_mot.py", line 1543, in forward
    return _impl_forward(self, *args, **kwargs)
           │             │      │       └ {'pack': {'sample_offsets': tensor([    0, 53538], device='cuda:5', dtype=torch.int32), 'max_sample_len': 101376, 'max_causal...
           │             │      └ ()
           │             └ Qwen3VLTextModel(
           │                 (embed_tokens): Embedding(151936, 4096)
           │                 (layers): ModuleList(
           │                   (0-35): 36 x FSDPOptimizedModule(
           │                  ...
           └ <function _impl_forward at 0x7eff9b8ff6a0>

  File "/share/project/eai_pwm/home/hcr/worktrees/cosmos-framework-pwm-load-balance/cosmos_framework/model/generator/mot/unified_mot.py", line 1084, in _impl_forward
    hidden_states, lbl_metadata_dict, kv_to_store = decoder_layer(
    │                                               └ FSDPOptimizedModule(
    │                                                   (_orig_mod): CheckpointWrapper(
    │                                                     (_checkpoint_wrapped_module): MoTDecoderLayer(
    │                                                       (self_attn): ...
    └ {'sample_offsets': tensor([    0, 53538], device='cuda:5', dtype=torch.int32), 'max_sample_len': 101376, 'max_causal_len': 30...

  File "/usr/local/lib/python3.12/dist-packages/torch/_dynamo/eval_frame.py", line 468, in __call__
    return super().__call__(*args, **kwargs)
                             │       └ {'natten_metadata': None, 'memory_value': None, 'gen_only': False}
                             └ ({'sample_offsets': tensor([    0, 53538], device='cuda:5', dtype=torch.int32), 'max_sample_len': 101376, 'max_causal_len': 3...

  File "/usr/local/lib/python3.12/dist-packages/torch/nn/modules/module.py", line 1778, in _wrapped_call_impl
    return self._call_impl(*args, **kwargs)
           │    │           │       └ {'natten_metadata': None, 'memory_value': None, 'gen_only': False}
           │    │           └ ({'sample_offsets': tensor([    0, 53538], device='cuda:5', dtype=torch.int32), 'max_sample_len': 101376, 'max_causal_len': 3...
           │    └ <function Module._call_impl at 0x7f0277f6ce00>
           └ FSDPOptimizedModule(
               (_orig_mod): CheckpointWrapper(
                 (_checkpoint_wrapped_module): MoTDecoderLayer(
                   (self_attn): ...

  File "/usr/local/lib/python3.12/dist-packages/torch/nn/modules/module.py", line 1884, in _call_impl
    return inner()
           └ <function Module._call_impl.<locals>.inner at 0x7efde4b3a2a0>

  File "/usr/local/lib/python3.12/dist-packages/torch/nn/modules/module.py", line 1832, in inner
    result = forward_call(*args, **kwargs)
             │             │       └ {'natten_metadata': None, 'memory_value': None, 'gen_only': False}
             │             └ ({'sample_offsets': tensor([    0, 53538], device='cuda:5', dtype=torch.int32), 'max_sample_len': 101376, 'max_causal_len': 3...
             └ <function Module._wrapped_call_impl at 0x7eff245000e0>

  File "/usr/local/lib/python3.12/dist-packages/torch/_dynamo/eval_frame.py", line 1020, in compile_wrapper
    return fn(*args, **kwargs)
           │   │       └ {'natten_metadata': None, 'memory_value': None, 'gen_only': False}
           │   └ ({'sample_offsets': tensor([    0, 53538], device='cuda:5', dtype=torch.int32), 'max_sample_len': 101376, 'max_causal_len': 3...
           └ <bound method Module._wrapped_call_impl of CheckpointWrapper(
               (_checkpoint_wrapped_module): MoTDecoderLayer(
                 (self_attn...

  File "/usr/local/lib/python3.12/dist-packages/torch/nn/modules/module.py", line 1778, in _wrapped_call_impl
    return self._call_impl(*args, **kwargs)
           │    │           │       └ {'natten_metadata': None, 'memory_value': None, 'gen_only': False}
           │    │           └ ({'sample_offsets': tensor([    0, 53538], device='cuda:5', dtype=torch.int32), 'max_sample_len': 101376, 'max_causal_len': 3...
           │    └ <function Module._call_impl at 0x7f0277f6ce00>
           └ CheckpointWrapper(
               (_checkpoint_wrapped_module): MoTDecoderLayer(
                 (self_attn): PackedAttentionMoT(
                   (q_proj): Line...

  File "/usr/local/lib/python3.12/dist-packages/torch/nn/modules/module.py", line 1789, in _call_impl
    return forward_call(*args, **kwargs)
           │             │       └ {'natten_metadata': None, 'memory_value': None, 'gen_only': False}
           │             └ ({'sample_offsets': tensor([    0, 53538], device='cuda:5', dtype=torch.int32), 'max_sample_len': 101376, 'max_causal_len': 3...
           └ <bound method CheckpointWrapper.forward of CheckpointWrapper(
               (_checkpoint_wrapped_module): MoTDecoderLayer(
                 (self_attn...

  File "/usr/local/lib/python3.12/dist-packages/torch/_dynamo/convert_frame.py", line 2340, in __call__
    result = self._torchdynamo_orig_backend(
             │    └ <torch._dynamo.convert_frame.ConvertFrameAssert object at 0x7eff258b4320>
             └ <torch._dynamo.convert_frame.CatchErrorsWrapper object at 0x7eff24718c80>

  File "/usr/local/lib/python3.12/dist-packages/torch/_dynamo/convert_frame.py", line 727, in __call__
    result = _compile(
             └ <function _compile at 0x7effa9597920>

  File "/usr/local/lib/python3.12/dist-packages/torch/_dynamo/convert_frame.py", line 2031, in _compile
    should_clear = _is_registered_backend(innermost_backend(compiler_fn))
                   │                      │                 └ <torch._dynamo.repro.after_dynamo.WrapBackendDebug object at 0x7eff247184a0>
                   │                      └ <function innermost_backend at 0x7f024c3b9a80>
                   └ <function _is_registered_backend at 0x7f024c383420>

  File "/usr/local/lib/python3.12/dist-packages/torch/_dynamo/backends/registry.py", line 189, in _is_registered_backend
    _lazy_import()
    └ <functools._lru_cache_wrapper object at 0x7f024c5abd70>

  File "/usr/local/lib/python3.12/dist-packages/torch/_dynamo/backends/registry.py", line 161, in _lazy_import
    import_submodule(backends)
    │                └ <module 'torch._dynamo.backends' from '/usr/local/lib/python3.12/dist-packages/torch/_dynamo/backends/__init__.py'>
    └ <function import_submodule at 0x7f024c6a8c20>

  File "/usr/local/lib/python3.12/dist-packages/torch/_dynamo/utils.py", line 4124, in import_submodule
    importlib.import_module(f"{mod.__name__}.{filename[:-3]}")
    │         │                │   │          └ 'cudagraphs.py'
    │         │                │   └ 'torch._dynamo.backends'
    │         │                └ <module 'torch._dynamo.backends' from '/usr/local/lib/python3.12/dist-packages/torch/_dynamo/backends/__init__.py'>
    │         └ <function import_module at 0x7f033a84db20>
    └ <module 'importlib' from '/usr/lib/python3.12/importlib/__init__.py'>

  File "/usr/lib/python3.12/importlib/__init__.py", line 90, in import_module
    return _bootstrap._gcd_import(name[level:], package, level)
           │          │           │    │        │        └ 0
           │          │           │    │        └ None
           │          │           │    └ 0
           │          │           └ 'torch._dynamo.backends.cudagraphs'
           │          └ <function _gcd_import at 0x7f033aa2c0e0>
           └ <module '_frozen_importlib' (frozen)>
  File "<frozen importlib._bootstrap>", line 1387, in _gcd_import
  File "<frozen importlib._bootstrap>", line 1360, in _find_and_load
  File "<frozen importlib._bootstrap>", line 1322, in _find_and_load_unlocked
  File "<frozen importlib._bootstrap>", line 1262, in _find_spec
  File "<frozen importlib._bootstrap_external>", line 1528, in find_spec
  File "<frozen importlib._bootstrap_external>", line 1500, in _get_spec

  File "/usr/local/lib/python3.12/dist-packages/torch/utils/data/_utils/signal_handling.py", line 73, in handler
    _error_if_any_worker_fails()
    └ <built-in function _error_if_any_worker_fails>

RuntimeError: DataLoader worker (pid 385830) is killed by signal: Terminated. 
[rank5]: Traceback (most recent call last):
[rank5]:   File "/usr/local/lib/python3.12/dist-packages/torch/_dynamo/convert_frame.py", line 1851, in _compile
[rank5]:     guarded_code, tracer_output = compile_inner(code, one_graph, hooks)
[rank5]:                                   ^^^^^^^^^^^^^^^^^^^^^^^^^^^^^^^^^^^^^
[rank5]:   File "/usr/local/lib/python3.12/dist-packages/torch/_utils_internal.py", line 96, in wrapper_function
[rank5]:     return function(*args, **kwargs)
[rank5]:            ^^^^^^^^^^^^^^^^^^^^^^^^^
[rank5]:   File "/usr/local/lib/python3.12/dist-packages/torch/_dynamo/convert_frame.py", line 1495, in compile_inner
[rank5]:     return _compile_inner(code, one_graph, hooks)
[rank5]:            ^^^^^^^^^^^^^^^^^^^^^^^^^^^^^^^^^^^^^^
[rank5]:   File "/usr/local/lib/python3.12/dist-packages/torch/_dynamo/convert_frame.py", line 1540, in _compile_inner
[rank5]:     dynamo_output = compile_frame(
[rank5]:                     ^^^^^^^^^^^^^^
[rank5]:   File "/usr/local/lib/python3.12/dist-packages/torch/_dynamo/convert_frame.py", line 1403, in compile_frame
[rank5]:     bytecode, tracer_output = transform_code_object(code, transform)
[rank5]:                               ^^^^^^^^^^^^^^^^^^^^^^^^^^^^^^^^^^^^^^
[rank5]:   File "/usr/local/lib/python3.12/dist-packages/torch/_dynamo/bytecode_transformation.py", line 1626, in transform_code_object
[rank5]:     tracer_output = transformations(instructions, code_options)
[rank5]:                     ^^^^^^^^^^^^^^^^^^^^^^^^^^^^^^^^^^^^^^^^^^^
[rank5]:   File "/usr/local/lib/python3.12/dist-packages/torch/_dynamo/convert_frame.py", line 1375, in transform
[rank5]:     tracer_output = trace_frame(
[rank5]:                     ^^^^^^^^^^^^
[rank5]:   File "/usr/local/lib/python3.12/dist-packages/torch/_dynamo/convert_frame.py", line 341, in _fn
[rank5]:     return fn(*args, **kwargs)
[rank5]:            ^^^^^^^^^^^^^^^^^^^
[rank5]:   File "/usr/local/lib/python3.12/dist-packages/torch/_dynamo/convert_frame.py", line 861, in trace_frame
[rank5]:     run_tracer()
[rank5]:   File "/usr/local/lib/python3.12/dist-packages/torch/_dynamo/convert_frame.py", line 842, in run_tracer
[rank5]:     tracer.run()
[rank5]:   File "/usr/local/lib/python3.12/dist-packages/torch/_dynamo/symbolic_convert.py", line 1694, in run
[rank5]:     while self.step():
[rank5]:           ^^^^^^^^^^^
[rank5]:   File "/usr/local/lib/python3.12/dist-packages/torch/_dynamo/symbolic_convert.py", line 1360, in step
[rank5]:     self.dispatch_table[inst.opcode](self, inst)
[rank5]:   File "/usr/local/lib/python3.12/dist-packages/torch/_dynamo/symbolic_convert.py", line 4944, in RETURN_VALUE
[rank5]:     self._return(inst)
[rank5]:   File "/usr/local/lib/python3.12/dist-packages/torch/_dynamo/symbolic_convert.py", line 4926, in _return
[rank5]:     all_stack_locals_metadata = self.output.compile_subgraph(
[rank5]:                                 ^^^^^^^^^^^^^^^^^^^^^^^^^^^^^
[rank5]:   File "/usr/local/lib/python3.12/dist-packages/torch/_dynamo/output_graph.py", line 1929, in compile_subgraph
[rank5]:     self.compile_and_call_fx_graph(tx, pass2.graph_output_vars(), root)
[rank5]:   File "/usr/local/lib/python3.12/dist-packages/torch/_dynamo/output_graph.py", line 2503, in compile_and_call_fx_graph
[rank5]:     compiled_fn = self.call_user_compiler(gm, self.example_inputs())
[rank5]:                   ^^^^^^^^^^^^^^^^^^^^^^^^^^^^^^^^^^^^^^^^^^^^^^^^^^
[rank5]:   File "/usr/local/lib/python3.12/dist-packages/torch/_dynamo/output_graph.py", line 2656, in call_user_compiler
[rank5]:     return self._call_user_compiler(gm, example_inputs)
[rank5]:            ^^^^^^^^^^^^^^^^^^^^^^^^^^^^^^^^^^^^^^^^^^^^
[rank5]:   File "/usr/local/lib/python3.12/dist-packages/torch/_dynamo/output_graph.py", line 2714, in _call_user_compiler
[rank5]:     compiled_fn = compiler_fn(gm, example_inputs)
[rank5]:                   ^^^^^^^^^^^^^^^^^^^^^^^^^^^^^^^
[rank5]:   File "/usr/local/lib/python3.12/dist-packages/torch/_dynamo/repro/after_dynamo.py", line 156, in __call__
[rank5]:     compiled_gm = compiler_fn(gm, example_inputs)
[rank5]:                   ^^^^^^^^^^^^^^^^^^^^^^^^^^^^^^^
[rank5]:   File "/usr/local/lib/python3.12/dist-packages/torch/__init__.py", line 2476, in __call__
[rank5]:     return compile_fx(model_, inputs_, config_patches=all_patches)
[rank5]:            ^^^^^^^^^^^^^^^^^^^^^^^^^^^^^^^^^^^^^^^^^^^^^^^^^^^^^^^
[rank5]:   File "/usr/local/lib/python3.12/dist-packages/torch/_inductor/compile_fx.py", line 2578, in compile_fx
[rank5]:     return compile_fx(
[rank5]:            ^^^^^^^^^^^
[rank5]:   File "/usr/local/lib/python3.12/dist-packages/torch/_inductor/compile_fx.py", line 2629, in compile_fx
[rank5]:     return _maybe_wrap_and_compile_fx_main(
[rank5]:            ^^^^^^^^^^^^^^^^^^^^^^^^^^^^^^^^
[rank5]:   File "/usr/local/lib/python3.12/dist-packages/torch/_inductor/compile_fx.py", line 2706, in _maybe_wrap_and_compile_fx_main
[rank5]:     return _compile_fx_main(
[rank5]:            ^^^^^^^^^^^^^^^^^
[rank5]:   File "/usr/local/lib/python3.12/dist-packages/torch/_inductor/compile_fx.py", line 2916, in _compile_fx_main
[rank5]:     raise e.remove_dynamo_frames() from None  # see TORCHDYNAMO_VERBOSE=1
[rank5]:     ^^^^^^^^^^^^^^^^^^^^^^^^^^^^^^^^^^^^^^^^
[rank5]:   File "/usr/local/lib/python3.12/dist-packages/torch/_inductor/compile_fx.py", line 1051, in _compile_fx_inner
[rank5]:     raise InductorError(e, currentframe()).with_traceback(
[rank5]:   File "/usr/local/lib/python3.12/dist-packages/torch/_inductor/compile_fx.py", line 1035, in _compile_fx_inner
[rank5]:     mb_compiled_graph = fx_codegen_and_compile(
[rank5]:                         ^^^^^^^^^^^^^^^^^^^^^^^
[rank5]:   File "/usr/local/lib/python3.12/dist-packages/torch/_inductor/compile_fx.py", line 1796, in fx_codegen_and_compile
[rank5]:     return scheme.codegen_and_compile(gm, example_inputs, inputs_to_check, graph_kwargs)
[rank5]:            ^^^^^^^^^^^^^^^^^^^^^^^^^^^^^^^^^^^^^^^^^^^^^^^^^^^^^^^^^^^^^^^^^^^^^^^^^^^^^
[rank5]:   File "/usr/local/lib/python3.12/dist-packages/torch/_inductor/compile_fx.py", line 1568, in codegen_and_compile
[rank5]:     compiled_module = graph.compile_to_module()
[rank5]:                       ^^^^^^^^^^^^^^^^^^^^^^^^^
[rank5]:   File "/usr/local/lib/python3.12/dist-packages/torch/_inductor/graph.py", line 2525, in compile_to_module
[rank5]:     return self._compile_to_module()
[rank5]:            ^^^^^^^^^^^^^^^^^^^^^^^^^
[rank5]:   File "/usr/local/lib/python3.12/dist-packages/torch/_inductor/graph.py", line 2535, in _compile_to_module
[rank5]:     mod = self._compile_to_module_lines(wrapper_code)
[rank5]:           ^^^^^^^^^^^^^^^^^^^^^^^^^^^^^^^^^^^^^^^^^^^
[rank5]:   File "/usr/local/lib/python3.12/dist-packages/torch/_inductor/graph.py", line 2610, in _compile_to_module_lines
[rank5]:     mod = PyCodeCache.load_by_key_path(
[rank5]:           ^^^^^^^^^^^^^^^^^^^^^^^^^^^^^
[rank5]:   File "/usr/local/lib/python3.12/dist-packages/torch/_inductor/codecache.py", line 3790, in load_by_key_path
[rank5]:     mod = _reload_python_module(key, path, set_sys_modules=in_toplevel)
[rank5]:           ^^^^^^^^^^^^^^^^^^^^^^^^^^^^^^^^^^^^^^^^^^^^^^^^^^^^^^^^^^^^^
[rank5]:   File "/usr/local/lib/python3.12/dist-packages/torch/_inductor/runtime/compile_tasks.py", line 35, in _reload_python_module
[rank5]:     exec(code, mod.__dict__, mod.__dict__)
[rank5]:   File "/share/project/eai_pwm/home/hcr/worktrees/cosmos-framework-pwm-load-balance/plans/v0.2.3c_kernel_list/runs/usr_capture005/cache/inductor/rank5/7w/c7wv66zf2pd67rphjnjq6otsellug2wgtiroz3bitl4dwk2pcmqz.py", line 1602, in <module>
[rank5]:     async_compile.wait(globals())
[rank5]:   File "/usr/local/lib/python3.12/dist-packages/torch/_inductor/async_compile.py", line 707, in wait
[rank5]:     self._wait_futures(scope)
[rank5]:   File "/usr/local/lib/python3.12/dist-packages/torch/_inductor/async_compile.py", line 727, in _wait_futures
[rank5]:     kernel = result.result()
[rank5]:              ^^^^^^^^^^^^^^^
[rank5]:   File "/usr/local/lib/python3.12/dist-packages/torch/_inductor/codecache.py", line 4387, in result
[rank5]:     return self.result_fn()
[rank5]:            ^^^^^^^^^^^^^^^^
[rank5]:   File "/usr/local/lib/python3.12/dist-packages/torch/_inductor/async_compile.py", line 449, in get_result
[rank5]:     kernel, elapsed_us = task.result()
[rank5]:                          ^^^^^^^^^^^^^
[rank5]:   File "/usr/lib/python3.12/concurrent/futures/_base.py", line 451, in result
[rank5]:     self._condition.wait(timeout)
[rank5]:   File "/usr/lib/python3.12/threading.py", line 355, in wait
[rank5]:     waiter.acquire()
[rank5]:   File "/usr/local/lib/python3.12/dist-packages/torch/utils/data/_utils/signal_handling.py", line 73, in handler
[rank5]:     _error_if_any_worker_fails()
[rank5]: torch._inductor.exc.InductorError: RuntimeError: DataLoader worker (pid 387547) is killed by signal: Terminated. 

[rank5]: Set TORCHDYNAMO_VERBOSE=1 for the internal stack trace (please do this especially if you're reporting a bug to PyTorch). For even more developer context, set TORCH_LOGS="+dynamo"


[rank5]: During handling of the above exception, another exception occurred:

[rank5]: Traceback (most recent call last):
[rank5]:   File "/share/project/eai_pwm/home/hcr/worktrees/cosmos-framework-pwm-load-balance/plans/v0.2.3c_kernel_list/run_profile.py", line 68, in <module>
[rank5]:     main()
[rank5]:   File "/share/project/eai_pwm/home/hcr/worktrees/cosmos-framework-pwm-load-balance/plans/v0.2.3c_kernel_list/run_profile.py", line 62, in main
[rank5]:     runpy.run_module("cosmos_framework.scripts.train", run_name="__main__")
[rank5]:   File "<frozen runpy>", line 229, in run_module
[rank5]:   File "<frozen runpy>", line 88, in _run_code
[rank5]:   File "/share/project/eai_pwm/home/hcr/worktrees/cosmos-framework-pwm-load-balance/cosmos_framework/scripts/train.py", line 320, in <module>
[rank5]:     launch(config, args)
[rank5]:   File "/opt/venv/lib/python3.12/site-packages/loguru/_logger.py", line 1297, in catch_wrapper
[rank5]:     return function(*args, **kwargs)
[rank5]:            ^^^^^^^^^^^^^^^^^^^^^^^^^
[rank5]:   File "/share/project/eai_pwm/home/hcr/worktrees/cosmos-framework-pwm-load-balance/cosmos_framework/utils/training_telemetry/telemetry.py", line 65, in wrapper
[rank5]:     return func(config, *args, **kwargs)
[rank5]:            ^^^^^^^^^^^^^^^^^^^^^^^^^^^^^
[rank5]:   File "/share/project/eai_pwm/home/hcr/worktrees/cosmos-framework-pwm-load-balance/cosmos_framework/scripts/train.py", line 197, in launch
[rank5]:     _run_training(config, args)
[rank5]:   File "/share/project/eai_pwm/home/hcr/worktrees/cosmos-framework-pwm-load-balance/cosmos_framework/scripts/train.py", line 242, in _run_training
[rank5]:     trainer.train(
[rank5]:   File "/share/project/eai_pwm/home/hcr/worktrees/cosmos-framework-pwm-load-balance/cosmos_framework/trainer/__init__.py", line 346, in train
[rank5]:     output_batch, loss, grad_accum_iter = self.training_step(
[rank5]:                                           ^^^^^^^^^^^^^^^^^^^
[rank5]:   File "/share/project/eai_pwm/home/hcr/worktrees/cosmos-framework-pwm-load-balance/cosmos_framework/trainer/__init__.py", line 426, in training_step
[rank5]:     output_batch, loss = model_ddp.training_step(data, iteration)
[rank5]:                          ^^^^^^^^^^^^^^^^^^^^^^^^^^^^^^^^^^^^^^^^
[rank5]:   File "/share/project/eai_pwm/home/hcr/worktrees/cosmos-framework-pwm-load-balance/cosmos_framework/model/generator/omni_mot_model.py", line 1303, in training_step
[rank5]:     return self.training_step_for_task(task, data_batch, iteration)
[rank5]:            ^^^^^^^^^^^^^^^^^^^^^^^^^^^^^^^^^^^^^^^^^^^^^^^^^^^^^^^^
[rank5]:   File "/share/project/eai_pwm/home/hcr/worktrees/cosmos-framework-pwm-load-balance/cosmos_framework/model/generator/omni_mot_model.py", line 1274, in training_step_for_task
[rank5]:     output, raw_loss = self._training_step_gen(data_batch, iteration)
[rank5]:                        ^^^^^^^^^^^^^^^^^^^^^^^^^^^^^^^^^^^^^^^^^^^^^^
[rank5]:   File "/share/project/eai_pwm/home/hcr/worktrees/cosmos-framework-pwm-load-balance/cosmos_framework/model/generator/omni_mot_model.py", line 1559, in _training_step_gen
[rank5]:     out_net = self.denoise(
[rank5]:               ^^^^^^^^^^^^^
[rank5]:   File "/share/project/eai_pwm/home/hcr/worktrees/cosmos-framework-pwm-load-balance/cosmos_framework/model/generator/omni_mot_model.py", line 5115, in denoise
[rank5]:     out_net = net(
[rank5]:               ^^^^
[rank5]:   File "/usr/local/lib/python3.12/dist-packages/torch/nn/modules/module.py", line 1778, in _wrapped_call_impl
[rank5]:     return self._call_impl(*args, **kwargs)
[rank5]:            ^^^^^^^^^^^^^^^^^^^^^^^^^^^^^^^^
[rank5]:   File "/usr/local/lib/python3.12/dist-packages/torch/nn/modules/module.py", line 1884, in _call_impl
[rank5]:     return inner()
[rank5]:            ^^^^^^^
[rank5]:   File "/usr/local/lib/python3.12/dist-packages/torch/nn/modules/module.py", line 1832, in inner
[rank5]:     result = forward_call(*args, **kwargs)
[rank5]:              ^^^^^^^^^^^^^^^^^^^^^^^^^^^^^
[rank5]:   File "/share/project/eai_pwm/home/hcr/worktrees/cosmos-framework-pwm-load-balance/cosmos_framework/model/generator/mot/cosmos3_vfm_network.py", line 1487, in forward
[rank5]:     packed_outputs, lbl_metadata = self.language_model(
[rank5]:                                    ^^^^^^^^^^^^^^^^^^^^
[rank5]:   File "/usr/local/lib/python3.12/dist-packages/torch/nn/modules/module.py", line 1778, in _wrapped_call_impl
[rank5]:     return self._call_impl(*args, **kwargs)
[rank5]:            ^^^^^^^^^^^^^^^^^^^^^^^^^^^^^^^^
[rank5]:   File "/usr/local/lib/python3.12/dist-packages/torch/nn/modules/module.py", line 1789, in _call_impl
[rank5]:     return forward_call(*args, **kwargs)
[rank5]:            ^^^^^^^^^^^^^^^^^^^^^^^^^^^^^
[rank5]:   File "/share/project/eai_pwm/home/hcr/worktrees/cosmos-framework-pwm-load-balance/cosmos_framework/model/generator/mot/unified_mot.py", line 2365, in forward
[rank5]:     outputs = self.model(
[rank5]:               ^^^^^^^^^^^
[rank5]:   File "/usr/local/lib/python3.12/dist-packages/torch/nn/modules/module.py", line 1778, in _wrapped_call_impl
[rank5]:     return self._call_impl(*args, **kwargs)
[rank5]:            ^^^^^^^^^^^^^^^^^^^^^^^^^^^^^^^^
[rank5]:   File "/usr/local/lib/python3.12/dist-packages/torch/nn/modules/module.py", line 1789, in _call_impl
[rank5]:     return forward_call(*args, **kwargs)
[rank5]:            ^^^^^^^^^^^^^^^^^^^^^^^^^^^^^
[rank5]:   File "/share/project/eai_pwm/home/hcr/worktrees/cosmos-framework-pwm-load-balance/cosmos_framework/model/generator/mot/unified_mot.py", line 1543, in forward
[rank5]:     return _impl_forward(self, *args, **kwargs)
[rank5]:            ^^^^^^^^^^^^^^^^^^^^^^^^^^^^^^^^^^^^
[rank5]:   File "/share/project/eai_pwm/home/hcr/worktrees/cosmos-framework-pwm-load-balance/cosmos_framework/model/generator/mot/unified_mot.py", line 1084, in _impl_forward
[rank5]:     hidden_states, lbl_metadata_dict, kv_to_store = decoder_layer(
[rank5]:                                                     ^^^^^^^^^^^^^^
[rank5]:   File "/usr/local/lib/python3.12/dist-packages/torch/_dynamo/eval_frame.py", line 468, in __call__
[rank5]:     return super().__call__(*args, **kwargs)
[rank5]:            ^^^^^^^^^^^^^^^^^^^^^^^^^^^^^^^^^
[rank5]:   File "/usr/local/lib/python3.12/dist-packages/torch/nn/modules/module.py", line 1778, in _wrapped_call_impl
[rank5]:     return self._call_impl(*args, **kwargs)
[rank5]:            ^^^^^^^^^^^^^^^^^^^^^^^^^^^^^^^^
[rank5]:   File "/usr/local/lib/python3.12/dist-packages/torch/nn/modules/module.py", line 1884, in _call_impl
[rank5]:     return inner()
[rank5]:            ^^^^^^^
[rank5]:   File "/usr/local/lib/python3.12/dist-packages/torch/nn/modules/module.py", line 1832, in inner
[rank5]:     result = forward_call(*args, **kwargs)
[rank5]:              ^^^^^^^^^^^^^^^^^^^^^^^^^^^^^
[rank5]:   File "/usr/local/lib/python3.12/dist-packages/torch/_dynamo/eval_frame.py", line 1020, in compile_wrapper
[rank5]:     return fn(*args, **kwargs)
[rank5]:            ^^^^^^^^^^^^^^^^^^^
[rank5]:   File "/usr/local/lib/python3.12/dist-packages/torch/nn/modules/module.py", line 1778, in _wrapped_call_impl
[rank5]:     return self._call_impl(*args, **kwargs)
[rank5]:            ^^^^^^^^^^^^^^^^^^^^^^^^^^^^^^^^
[rank5]:   File "/usr/local/lib/python3.12/dist-packages/torch/nn/modules/module.py", line 1789, in _call_impl
[rank5]:     return forward_call(*args, **kwargs)
[rank5]:            ^^^^^^^^^^^^^^^^^^^^^^^^^^^^^
[rank5]:   File "/usr/local/lib/python3.12/dist-packages/torch/_dynamo/convert_frame.py", line 2340, in __call__
[rank5]:     result = self._torchdynamo_orig_backend(
[rank5]:              ^^^^^^^^^^^^^^^^^^^^^^^^^^^^^^^
[rank5]:   File "/usr/local/lib/python3.12/dist-packages/torch/_dynamo/convert_frame.py", line 727, in __call__
[rank5]:     result = _compile(
[rank5]:              ^^^^^^^^^
[rank5]:   File "/usr/local/lib/python3.12/dist-packages/torch/_dynamo/convert_frame.py", line 2031, in _compile
[rank5]:     should_clear = _is_registered_backend(innermost_backend(compiler_fn))
[rank5]:                    ^^^^^^^^^^^^^^^^^^^^^^^^^^^^^^^^^^^^^^^^^^^^^^^^^^^^^^
[rank5]:   File "/usr/local/lib/python3.12/dist-packages/torch/_dynamo/backends/registry.py", line 189, in _is_registered_backend
[rank5]:     _lazy_import()
[rank5]:   File "/usr/local/lib/python3.12/dist-packages/torch/_dynamo/backends/registry.py", line 161, in _lazy_import
[rank5]:     import_submodule(backends)
[rank5]:   File "/usr/local/lib/python3.12/dist-packages/torch/_dynamo/utils.py", line 4124, in import_submodule
[rank5]:     importlib.import_module(f"{mod.__name__}.{filename[:-3]}")
[rank5]:   File "/usr/lib/python3.12/importlib/__init__.py", line 90, in import_module
[rank5]:     return _bootstrap._gcd_import(name[level:], package, level)
[rank5]:            ^^^^^^^^^^^^^^^^^^^^^^^^^^^^^^^^^^^^^^^^^^^^^^^^^^^^
[rank5]:   File "<frozen importlib._bootstrap>", line 1387, in _gcd_import
[rank5]:   File "<frozen importlib._bootstrap>", line 1360, in _find_and_load
[rank5]:   File "<frozen importlib._bootstrap>", line 1322, in _find_and_load_unlocked
[rank5]:   File "<frozen importlib._bootstrap>", line 1262, in _find_spec
[rank5]:   File "<frozen importlib._bootstrap_external>", line 1528, in find_spec
[rank5]:   File "<frozen importlib._bootstrap_external>", line 1500, in _get_spec
[rank5]:   File "/usr/local/lib/python3.12/dist-packages/torch/utils/data/_utils/signal_handling.py", line 73, in handler
[rank5]:     _error_if_any_worker_fails()
[rank5]: RuntimeError: DataLoader worker (pid 385830) is killed by signal: Terminated. 
2026-09-24 16:21:43.337 | ERROR    | __main__:<module>:320 - An error has been caught in function '<module>', process 'MainProcess' (379279), thread 'MainThread' (140478740385920):
Traceback (most recent call last):

  File "/usr/local/lib/python3.12/dist-packages/torch/_dynamo/symbolic_convert.py", line 1694, in run
    while self.step():
          │    └ <function InstructionTranslatorBase.step at 0x7fc0301acf40>
          └ <torch._dynamo.symbolic_convert.InstructionTranslator object at 0x7fc01b6e3110>

  File "/usr/local/lib/python3.12/dist-packages/torch/_dynamo/symbolic_convert.py", line 1360, in step
    self.dispatch_table[inst.opcode](self, inst)
    │    │              │    │       │     └ Instruction(opcode=83, opname='RETURN_VALUE', arg=None, argval=None, offset=214, starts_line=169, is_jump_target=False, posit...
    │    │              │    │       └ <torch._dynamo.symbolic_convert.InstructionTranslator object at 0x7fc01b6e3110>
    │    │              │    └ <member 'opcode' of 'Instruction' objects>
    │    │              └ Instruction(opcode=83, opname='RETURN_VALUE', arg=None, argval=None, offset=214, starts_line=169, is_jump_target=False, posit...
    │    └ [<function InstructionTranslatorBase.CACHE at 0x7fc0301c5080>, <function InstructionTranslatorBase.POP_TOP at 0x7fc0301b58a0>...
    └ <torch._dynamo.symbolic_convert.InstructionTranslator object at 0x7fc01b6e3110>

  File "/usr/local/lib/python3.12/dist-packages/torch/_dynamo/symbolic_convert.py", line 4944, in RETURN_VALUE
    self._return(inst)
    │    │       └ Instruction(opcode=83, opname='RETURN_VALUE', arg=None, argval=None, offset=214, starts_line=169, is_jump_target=False, posit...
    │    └ <function InstructionTranslator._return at 0x7fc0301bf920>
    └ <torch._dynamo.symbolic_convert.InstructionTranslator object at 0x7fc01b6e3110>

  File "/usr/local/lib/python3.12/dist-packages/torch/_dynamo/symbolic_convert.py", line 4926, in _return
    all_stack_locals_metadata = self.output.compile_subgraph(
                                │    │      └ <function OutputGraph.compile_subgraph at 0x7fc030192de0>
                                │    └ <unprintable OutputGraph object>
                                └ <torch._dynamo.symbolic_convert.InstructionTranslator object at 0x7fc01b6e3110>

  File "/usr/local/lib/python3.12/dist-packages/torch/_dynamo/output_graph.py", line 1929, in compile_subgraph
    self.compile_and_call_fx_graph(tx, pass2.graph_output_vars(), root)
    │    │                         │   │     │                    └ FakeRootModule(...)
    │    │                         │   │     └ <function PyCodegen.graph_output_vars at 0x7fc030239940>
    │    │                         │   └ <torch._dynamo.codegen.PyCodegen object at 0x7fbcbb5aa7e0>
    │    │                         └ <torch._dynamo.symbolic_convert.InstructionTranslator object at 0x7fc01b6e3110>
    │    └ <function OutputGraph.compile_and_call_fx_graph at 0x7fc0301934c0>
    └ OutputGraph(local_scope={'self': CheckpointWrapper(
        (_checkpoint_wrapped_module): MoTDecoderLayer(
          (self_attn): PackedA...

  File "/usr/local/lib/python3.12/dist-packages/torch/_dynamo/output_graph.py", line 2503, in compile_and_call_fx_graph
    compiled_fn = self.call_user_compiler(gm, self.example_inputs())
                  │    │                  │   │    └ <function OutputGraph.example_inputs at 0x7fc030193920>
                  │    │                  │   └ OutputGraph(local_scope={'self': CheckpointWrapper(
                  │    │                  │       (_checkpoint_wrapped_module): MoTDecoderLayer(
                  │    │                  │         (self_attn): PackedA...
                  │    │                  └ GraphModule(
                  │    │                      (wrap_body_0): GraphModule(
                  │    │                        (fwd_body_0): GraphModule()
                  │    │                        (bwd_body_0): GraphModule()
                  │    │                        (fwd_body_1): ...
                  │    └ <function OutputGraph.call_user_compiler at 0x7fc0301936a0>
                  └ OutputGraph(local_scope={'self': CheckpointWrapper(
                      (_checkpoint_wrapped_module): MoTDecoderLayer(
                        (self_attn): PackedA...

  File "/usr/local/lib/python3.12/dist-packages/torch/_dynamo/output_graph.py", line 2656, in call_user_compiler
    return self._call_user_compiler(gm, example_inputs)
           │    │                   │   └ [s12, tensor([    0, 71360], device='cuda:3', dtype=torch.int32), s39, tensor([  0,   1,   2,   3,   4,   5,   6,   7,   8,  ...
           │    │                   └ GraphModule(
           │    │                       (wrap_body_0): GraphModule(
           │    │                         (fwd_body_0): GraphModule()
           │    │                         (bwd_body_0): GraphModule()
           │    │                         (fwd_body_1): ...
           │    └ <function OutputGraph._call_user_compiler at 0x7fc030193740>
           └ OutputGraph(local_scope={'self': CheckpointWrapper(
               (_checkpoint_wrapped_module): MoTDecoderLayer(
                 (self_attn): PackedA...

  File "/usr/local/lib/python3.12/dist-packages/torch/_dynamo/output_graph.py", line 2739, in _call_user_compiler
    raise BackendCompilerFailed(
          └ <class 'torch._dynamo.exc.BackendCompilerFailed'>

  File "/usr/local/lib/python3.12/dist-packages/torch/_dynamo/output_graph.py", line 2714, in _call_user_compiler
    compiled_fn = compiler_fn(gm, example_inputs)
                  │           │   └ [s12, tensor([    0, 71360], device='cuda:3', dtype=torch.int32), s39, tensor([  0,   1,   2,   3,   4,   5,   6,   7,   8,  ...
                  │           └ GraphModule(
                  │               (wrap_body_0): GraphModule(
                  │                 (fwd_body_0): GraphModule()
                  │                 (bwd_body_0): GraphModule()
                  │                 (fwd_body_1): ...
                  └ <torch._dynamo.repro.after_dynamo.WrapBackendDebug object at 0x7fbfac47eff0>

  File "/usr/local/lib/python3.12/dist-packages/torch/_dynamo/repro/after_dynamo.py", line 156, in __call__
    compiled_gm = compiler_fn(gm, example_inputs)
                  │           │   └ [s12, tensor([    0, 71360], device='cuda:3', dtype=torch.int32), s39, tensor([  0,   1,   2,   3,   4,   5,   6,   7,   8,  ...
                  │           └ GraphModule(
                  │               (wrap_body_0): GraphModule(
                  │                 (fwd_body_0): GraphModule()
                  │                 (bwd_body_0): GraphModule()
                  │                 (fwd_body_1): ...
                  └ functools.partial(<torch._TorchCompileInductorWrapper object at 0x7fbfac512cc0>)

  File "/usr/local/lib/python3.12/dist-packages/torch/__init__.py", line 2476, in __call__
    return compile_fx(model_, inputs_, config_patches=all_patches)
           │          │       │                       └ {'triton.mix_order_reduction_split_size': 32}
           │          │       └ [s12, tensor([    0, 71360], device='cuda:3', dtype=torch.int32), s39, tensor([  0,   1,   2,   3,   4,   5,   6,   7,   8,  ...
           │          └ GraphModule(
           │              (wrap_body_0): GraphModule(
           │                (fwd_body_0): GraphModule()
           │                (bwd_body_0): GraphModule()
           │                (fwd_body_1): ...
           └ <function compile_fx at 0x7fc0224f40e0>

  File "/usr/local/lib/python3.12/dist-packages/torch/_inductor/compile_fx.py", line 2578, in compile_fx
    return compile_fx(
           └ <function compile_fx at 0x7fc0224f40e0>

  File "/usr/local/lib/python3.12/dist-packages/torch/_inductor/compile_fx.py", line 2629, in compile_fx
    return _maybe_wrap_and_compile_fx_main(
           └ <function _maybe_wrap_and_compile_fx_main at 0x7fc0224f4220>

  File "/usr/local/lib/python3.12/dist-packages/torch/_inductor/compile_fx.py", line 2706, in _maybe_wrap_and_compile_fx_main
    return _compile_fx_main(
           └ <function _compile_fx_main at 0x7fc0224f42c0>

  File "/usr/local/lib/python3.12/dist-packages/torch/_inductor/compile_fx.py", line 2902, in _compile_fx_main
    return aot_autograd(
           └ <function aot_autograd at 0x7fc02fc01260>

  File "/usr/local/lib/python3.12/dist-packages/torch/_dynamo/backends/common.py", line 123, in __call__
    cg = aot_module_simplified(gm, example_inputs, **self.kwargs)
         │                     │   │                 │    └ {'fw_compiler': <torch._functorch._aot_autograd.schemas.SerializableAOTDispatchCompiler object at 0x7fbe5464cfb0>, 'bw_compil...
         │                     │   │                 └ <torch._dynamo.backends.common.AotAutograd object at 0x7fbe545f3290>
         │                     │   └ [s12, tensor([    0, 71360], device='cuda:3', dtype=torch.int32), s39, tensor([  0,   1,   2,   3,   4,   5,   6,   7,   8,  ...
         │                     └ GraphModule(
         │                         (wrap_body_0): GraphModule(
         │                           (fwd_body_0): GraphModule()
         │                           (bwd_body_0): GraphModule()
         │                           (fwd_body_1): ...
         └ <function aot_module_simplified at 0x7fc02fbf2d40>

  File "/usr/local/lib/python3.12/dist-packages/torch/_functorch/aot_autograd.py", line 1103, in aot_module_simplified
    with contextlib.ExitStack() as stack:
         │          │              └ <contextlib.ExitStack object at 0x7fbe545f2d50>
         │          └ <class 'contextlib.ExitStack'>
         └ <module 'contextlib' from '/usr/lib/python3.12/contextlib.py'>

  File "/usr/lib/python3.12/contextlib.py", line 610, in __exit__
    raise exc_details[1]
          └ (<class 'RuntimeError'>, RuntimeError('DataLoader worker (pid 384610) is killed by signal: Terminated. '), <traceback object ...
  File "/usr/lib/python3.12/contextlib.py", line 595, in __exit__
    if cb(*exc_details):
       │   └ (<class 'RuntimeError'>, RuntimeError('DataLoader worker (pid 384610) is killed by signal: Terminated. '), <traceback object ...
       └ <bound method _GeneratorContextManager.__exit__ of <contextlib._GeneratorContextManager object at 0x7fbe5503bb30>>

  File "/usr/local/lib/python3.12/dist-packages/torch/utils/data/_utils/signal_handling.py", line 73, in handler
    _error_if_any_worker_fails()
    └ <built-in function _error_if_any_worker_fails>

torch._dynamo.exc.BackendCompilerFailed: backend='inductor' raised:
RuntimeError: DataLoader worker (pid 384610) is killed by signal: Terminated. 


During handling of the above exception, another exception occurred:


Traceback (most recent call last):

  File "/usr/local/lib/python3.12/dist-packages/torch/_dynamo/convert_frame.py", line 1851, in _compile
    guarded_code, tracer_output = compile_inner(code, one_graph, hooks)
    │                             │             │     │          └ Hooks(guard_export_fn=None, guard_fail_fn=None, guard_filter_fn=None)
    │                             │             │     └ True
    │                             │             └ <code object forward at 0x7fc2fb6b68d0, file "/usr/local/lib/python3.12/dist-packages/torch/distributed/algorithms/_checkpoin...
    │                             └ <function _compile.<locals>.compile_inner at 0x7fbcbb8d34c0>
    └ None

  File "/usr/local/lib/python3.12/dist-packages/torch/_utils_internal.py", line 96, in wrapper_function
    return function(*args, **kwargs)
           │         │       └ {}
           │         └ (<code object forward at 0x7fc2fb6b68d0, file "/usr/local/lib/python3.12/dist-packages/torch/distributed/algorithms/_checkpoi...
           └ <function _compile.<locals>.compile_inner at 0x7fbe57637880>

  File "/usr/local/lib/python3.12/dist-packages/torch/_dynamo/convert_frame.py", line 1495, in compile_inner
    return _compile_inner(code, one_graph, hooks)
           │              │     │          └ Hooks(guard_export_fn=None, guard_fail_fn=None, guard_filter_fn=None)
           │              │     └ True
           │              └ <code object forward at 0x7fc2fb6b68d0, file "/usr/local/lib/python3.12/dist-packages/torch/distributed/algorithms/_checkpoin...
           └ <function _compile.<locals>._compile_inner at 0x7fbe57637740>

  File "/usr/local/lib/python3.12/dist-packages/torch/_dynamo/convert_frame.py", line 1540, in _compile_inner
    dynamo_output = compile_frame(
                    └ <function compile_frame at 0x7fc0301e7880>

  File "/usr/local/lib/python3.12/dist-packages/torch/_dynamo/convert_frame.py", line 1403, in compile_frame
    bytecode, tracer_output = transform_code_object(code, transform)
                              │                     │     └ <function compile_frame.<locals>.transform at 0x7fbcbb8d3e20>
                              │                     └ <code object forward at 0x7fc2fb6b68d0, file "/usr/local/lib/python3.12/dist-packages/torch/distributed/algorithms/_checkpoin...
                              └ <function transform_code_object at 0x7fc2d437c860>

  File "/usr/local/lib/python3.12/dist-packages/torch/_dynamo/bytecode_transformation.py", line 1626, in transform_code_object
    tracer_output = transformations(instructions, code_options)
                    │               │             └ {'co_argcount': 1, 'co_posonlyargcount': 0, 'co_kwonlyargcount': 0, 'co_nlocals': 5, 'co_stacksize': 5, 'co_flags': 15, 'co_c...
                    │               └ [Instruction(opcode=135, opname='MAKE_CELL', arg=0, argval='self', offset=0, starts_line=None, is_jump_target=False, position...
                    └ <function compile_frame.<locals>.transform at 0x7fbcbb8d3e20>

  File "/usr/local/lib/python3.12/dist-packages/torch/_dynamo/convert_frame.py", line 1375, in transform
    tracer_output = trace_frame(
                    └ <function trace_frame at 0x7fc0301e5e40>

  File "/usr/local/lib/python3.12/dist-packages/torch/_dynamo/convert_frame.py", line 341, in _fn
    return fn(*args, **kwargs)
           │   │       └ {'export': False, 'export_constraints': None, 'frame_state': {'_id': 0}, 'distributed_state': None, 'package': None}
           │   └ (<code object forward at 0x7fc2fb6b68d0, file "/usr/local/lib/python3.12/dist-packages/torch/distributed/algorithms/_checkpoi...
           └ <function trace_frame at 0x7fc0301e5da0>

  File "/usr/local/lib/python3.12/dist-packages/torch/_dynamo/convert_frame.py", line 861, in trace_frame
    run_tracer()
    └ <function trace_frame.<locals>.run_tracer at 0x7fbcbb8ba700>

  File "/usr/local/lib/python3.12/dist-packages/torch/_dynamo/convert_frame.py", line 842, in run_tracer
    tracer.run()
    │      └ <function InstructionTranslatorBase.run at 0x7fc0301ad260>
    └ <torch._dynamo.symbolic_convert.InstructionTranslator object at 0x7fc01b6e3110>

  File "/usr/local/lib/python3.12/dist-packages/torch/_dynamo/symbolic_convert.py", line 1754, in run
    self.output.cleanup()
    │    │      └ <function OutputGraph.cleanup at 0x7fc030193e20>
    │    └ OutputGraph(local_scope={'self': CheckpointWrapper(
    │        (_checkpoint_wrapped_module): MoTDecoderLayer(
    │          (self_attn): PackedA...
    └ <torch._dynamo.symbolic_convert.InstructionTranslator object at 0x7fc01b6e3110>

  File "/usr/local/lib/python3.12/dist-packages/torch/_dynamo/output_graph.py", line 3036, in cleanup
    self.tracing_context.clear()
    │    │               └ <function TracingContext.clear at 0x7fc2fe0323e0>
    │    └ <torch._guards.TracingContext object at 0x7fc01b887cb0>
    └ OutputGraph(local_scope={'self': CheckpointWrapper(
        (_checkpoint_wrapped_module): MoTDecoderLayer(
          (self_attn): PackedA...

  File "/usr/local/lib/python3.12/dist-packages/torch/_guards.py", line 990, in clear
    self.inlined_code_cache.clear()
    │    │                  └ <method 'clear' of 'dict' objects>
    │    └ {}
    └ <torch._guards.TracingContext object at 0x7fc01b887cb0>

  File "/usr/local/lib/python3.12/dist-packages/torch/utils/data/_utils/signal_handling.py", line 73, in handler
    _error_if_any_worker_fails()
    └ <built-in function _error_if_any_worker_fails>

RuntimeError: DataLoader worker (pid 385552) is killed by signal: Terminated. 


During handling of the above exception, another exception occurred:


Traceback (most recent call last):

  File "/usr/local/lib/python3.12/dist-packages/torch/_dynamo/convert_frame.py", line 1879, in _compile
    exception_stack_trace = [traceback.format_exc()]
                             │         └ <function format_exc at 0x7fc3c0ea8cc0>
                             └ <module 'traceback' from '/usr/lib/python3.12/traceback.py'>

  File "/usr/lib/python3.12/traceback.py", line 184, in format_exc
    return "".join(format_exception(sys.exception(), limit=limit, chain=chain))
                   │                │   │                  │            └ True
                   │                │   │                  └ None
                   │                │   └ <built-in function exception>
                   │                └ <module 'sys' (built-in)>
                   └ <function format_exception at 0x7fc3c0ea89a0>
  File "/usr/lib/python3.12/traceback.py", line 139, in format_exception
    te = TracebackException(type(value), value, tb, limit=limit, compact=True)
         │                       │       │      │         └ None
         │                       │       │      └ <traceback object at 0x7fc02fb07180>
         │                       │       └ RuntimeError('DataLoader worker (pid 385552) is killed by signal: Terminated. ')
         │                       └ RuntimeError('DataLoader worker (pid 385552) is killed by signal: Terminated. ')
         └ <class 'traceback.TracebackException'>
  File "/usr/lib/python3.12/traceback.py", line 733, in __init__
    self.stack = StackSummary._extract_from_extended_frame_gen(
    │            │            └ <classmethod(<function StackSummary._extract_from_extended_frame_gen at 0x7fc3c0ea9940>)>
    │            └ <class 'traceback.StackSummary'>
    └ <traceback.TracebackException object at 0x7fbcbb50d160>
  File "/usr/lib/python3.12/traceback.py", line 418, in _extract_from_extended_frame_gen
    for f, (lineno, end_lineno, colno, end_colno) in frame_gen:
        │   │       │           │      │             └ <generator object _walk_tb_with_full_positions at 0x7fbe5767bae0>
        │   │       │           │      └ 13
        │   │       │           └ 28
        │   │       └ 1554
        │   └ 1540
        └ <frame at 0x4727a460, file '/usr/local/lib/python3.12/dist-packages/torch/_dynamo/convert_frame.py', line 1555, code _compile...
  File "/usr/lib/python3.12/traceback.py", line 355, in _walk_tb_with_full_positions
    positions = _get_code_position(tb.tb_frame.f_code, tb.tb_lasti)
                │                  │  │                │  └ <member 'tb_lasti' of 'traceback' objects>
                │                  │  │                └ <traceback object at 0x7fbe2c13dcc0>
                │                  │  └ <member 'tb_frame' of 'traceback' objects>
                │                  └ <traceback object at 0x7fbe2c13dcc0>
                └ <function _get_code_position at 0x7fc3c0ea9760>
  File "/usr/lib/python3.12/traceback.py", line 369, in _get_code_position
    return next(itertools.islice(positions_gen, instruction_index // 2, None))
                │         │      │              └ 246
                │         │      └ <positions_iterator object at 0x7fbe54243be0>
                │         └ <class 'itertools.islice'>
                └ <module 'itertools' (built-in)>

  File "/usr/local/lib/python3.12/dist-packages/torch/utils/data/_utils/signal_handling.py", line 73, in handler
    _error_if_any_worker_fails()
    └ <built-in function _error_if_any_worker_fails>

RuntimeError: DataLoader worker (pid 387251) is killed by signal: Terminated. 


During handling of the above exception, another exception occurred:


Traceback (most recent call last):

  File "/share/project/eai_pwm/home/hcr/worktrees/cosmos-framework-pwm-load-balance/plans/v0.2.3c_kernel_list/run_profile.py", line 68, in <module>
    main()
    └ <function main at 0x7fc3c1396700>

  File "/share/project/eai_pwm/home/hcr/worktrees/cosmos-framework-pwm-load-balance/plans/v0.2.3c_kernel_list/run_profile.py", line 62, in main
    runpy.run_module("cosmos_framework.scripts.train", run_name="__main__")
    │     └ <function run_module at 0x7fc3c101ede0>
    └ <module 'runpy' (frozen)>

  File "<frozen runpy>", line 229, in run_module
  File "<frozen runpy>", line 88, in _run_code

> File "/share/project/eai_pwm/home/hcr/worktrees/cosmos-framework-pwm-load-balance/cosmos_framework/scripts/train.py", line 320, in <module>
    launch(config, args)
    │      │       └ Namespace(sft_toml='/share/project/eai_pwm/home/hcr/worktrees/cosmos-framework-pwm-load-balance/examples/toml/sft_config/visi...
    │      └ Config(model={'config': {'tokenizer': {'bucket_name': '', 'object_store_credential_path_pretrained': '', 'vae_path': 'pretrai...
    └ <function launch at 0x7fc02f974cc0>

  File "/share/project/eai_pwm/home/hcr/worktrees/cosmos-framework-pwm-load-balance/cosmos_framework/utils/training_telemetry/telemetry.py", line 65, in wrapper
    return func(config, *args, **kwargs)
           │    │        │       └ {}
           │    │        └ (Namespace(sft_toml='/share/project/eai_pwm/home/hcr/worktrees/cosmos-framework-pwm-load-balance/examples/toml/sft_config/vis...
           │    └ Config(model={'config': {'tokenizer': {'bucket_name': '', 'object_store_credential_path_pretrained': '', 'vae_path': 'pretrai...
           └ <function launch at 0x7fc02f974900>

  File "/share/project/eai_pwm/home/hcr/worktrees/cosmos-framework-pwm-load-balance/cosmos_framework/scripts/train.py", line 197, in launch
    _run_training(config, args)
    │             │       └ Namespace(sft_toml='/share/project/eai_pwm/home/hcr/worktrees/cosmos-framework-pwm-load-balance/examples/toml/sft_config/visi...
    │             └ Config(model={'config': {'tokenizer': {'bucket_name': '', 'object_store_credential_path_pretrained': '', 'vae_path': 'pretrai...
    └ <function _run_training at 0x7fc02f974d60>

  File "/share/project/eai_pwm/home/hcr/worktrees/cosmos-framework-pwm-load-balance/cosmos_framework/scripts/train.py", line 242, in _run_training
    trainer.train(
    │       └ <function ImaginaireTrainer.train at 0x7fc2d6554d60>
    └ <cosmos_framework.trainer.ImaginaireTrainer object at 0x7fc01a1d4350>

  File "/share/project/eai_pwm/home/hcr/worktrees/cosmos-framework-pwm-load-balance/cosmos_framework/trainer/__init__.py", line 346, in train
    output_batch, loss, grad_accum_iter = self.training_step(
                                          │    └ <function ImaginaireTrainer.training_step at 0x7fc2d6554e00>
                                          └ <cosmos_framework.trainer.ImaginaireTrainer object at 0x7fc01a1d4350>

  File "/share/project/eai_pwm/home/hcr/worktrees/cosmos-framework-pwm-load-balance/cosmos_framework/trainer/__init__.py", line 426, in training_step
    output_batch, loss = model_ddp.training_step(data, iteration)
                         │         │             │     └ 12600
                         │         │             └ {'ai_caption': ['{"scene": "A small wooden table sits against a white wall beneath a large window with white frames. A red re...
                         │         └ <function OmniMoTModel.training_step at 0x7fc021e45b20>
                         └ OmniMoTModel(
                             (net): FSDPCosmos3VFMNetwork(
                               (language_model): Qwen3VLTextForCausalLM(
                                 (model): Qwen3VLTextModel(
                           ...

  File "/share/project/eai_pwm/home/hcr/worktrees/cosmos-framework-pwm-load-balance/cosmos_framework/model/generator/omni_mot_model.py", line 1303, in training_step
    return self.training_step_for_task(task, data_batch, iteration)
           │    │                      │     │           └ 12600
           │    │                      │     └ {'ai_caption': ['{"scene": "A small wooden table sits against a white wall beneath a large window with white frames. A red re...
           │    │                      └ 'gen'
           │    └ <function OmniMoTModel.training_step_for_task at 0x7fc021e45a80>
           └ OmniMoTModel(
               (net): FSDPCosmos3VFMNetwork(
                 (language_model): Qwen3VLTextForCausalLM(
                   (model): Qwen3VLTextModel(
             ...

  File "/share/project/eai_pwm/home/hcr/worktrees/cosmos-framework-pwm-load-balance/cosmos_framework/model/generator/omni_mot_model.py", line 1274, in training_step_for_task
    output, raw_loss = self._training_step_gen(data_batch, iteration)
                       │    │                  │           └ 12600
                       │    │                  └ {'ai_caption': ['{"scene": "A small wooden table sits against a white wall beneath a large window with white frames. A red re...
                       │    └ <function OmniMoTModel._training_step_gen at 0x7fc021e45c60>
                       └ OmniMoTModel(
                           (net): FSDPCosmos3VFMNetwork(
                             (language_model): Qwen3VLTextForCausalLM(
                               (model): Qwen3VLTextModel(
                         ...

  File "/share/project/eai_pwm/home/hcr/worktrees/cosmos-framework-pwm-load-balance/cosmos_framework/model/generator/omni_mot_model.py", line 1559, in _training_step_gen
    out_net = self.denoise(
              │    └ <function OmniMoTModel.denoise at 0x7fc021e47ce0>
              └ OmniMoTModel(
                  (net): FSDPCosmos3VFMNetwork(
                    (language_model): Qwen3VLTextForCausalLM(
                      (model): Qwen3VLTextModel(
                ...

  File "/share/project/eai_pwm/home/hcr/worktrees/cosmos-framework-pwm-load-balance/cosmos_framework/model/generator/omni_mot_model.py", line 5115, in denoise
    out_net = net(
              └ FSDPCosmos3VFMNetwork(
                  (language_model): Qwen3VLTextForCausalLM(
                    (model): Qwen3VLTextModel(
                      (embed_tokens): Embed...

  File "/usr/local/lib/python3.12/dist-packages/torch/nn/modules/module.py", line 1778, in _wrapped_call_impl
    return self._call_impl(*args, **kwargs)
           │    │           │       └ {'packed_seq': PackedSequence(sample_lens=[71360], split_lens=[160, 71200], attn_modes=['causal', 'full'], is_image_batch=Fal...
           │    │           └ ()
           │    └ <function Module._call_impl at 0x7fc2feaa0e00>
           └ FSDPCosmos3VFMNetwork(
               (language_model): Qwen3VLTextForCausalLM(
                 (model): Qwen3VLTextModel(
                   (embed_tokens): Embed...

  File "/usr/local/lib/python3.12/dist-packages/torch/nn/modules/module.py", line 1884, in _call_impl
    return inner()
           └ <function Module._call_impl.<locals>.inner at 0x7fc01b667d80>

  File "/usr/local/lib/python3.12/dist-packages/torch/nn/modules/module.py", line 1832, in inner
    result = forward_call(*args, **kwargs)
             │             │       └ {'packed_seq': PackedSequence(sample_lens=[71360], split_lens=[160, 71200], attn_modes=['causal', 'full'], is_image_batch=Fal...
             │             └ ()
             └ <bound method Cosmos3VFMNetwork.forward of FSDPCosmos3VFMNetwork(
                 (language_model): Qwen3VLTextForCausalLM(
                   (model): Qw...

  File "/share/project/eai_pwm/home/hcr/worktrees/cosmos-framework-pwm-load-balance/cosmos_framework/model/generator/mot/cosmos3_vfm_network.py", line 1487, in forward
    packed_outputs, lbl_metadata = self.language_model(
                                   └ FSDPCosmos3VFMNetwork(
                                       (language_model): Qwen3VLTextForCausalLM(
                                         (model): Qwen3VLTextModel(
                                           (embed_tokens): Embed...

  File "/usr/local/lib/python3.12/dist-packages/torch/nn/modules/module.py", line 1778, in _wrapped_call_impl
    return self._call_impl(*args, **kwargs)
           │    │           │       └ {'attention_mask': <cosmos_framework.model.generator.mot.attention.SplitInfo object at 0x7fc01b6900b0>, 'position_ids': tenso...
           │    │           └ ({'sample_offsets': tensor([    0, 71360], device='cuda:3', dtype=torch.int32), 'max_sample_len': 101376, 'max_causal_len': 3...
           │    └ <function Module._call_impl at 0x7fc2feaa0e00>
           └ Qwen3VLTextForCausalLM(
               (model): Qwen3VLTextModel(
                 (embed_tokens): Embedding(151936, 4096)
                 (layers): ModuleList(
               ...

  File "/usr/local/lib/python3.12/dist-packages/torch/nn/modules/module.py", line 1789, in _call_impl
    return forward_call(*args, **kwargs)
           │             │       └ {'attention_mask': <cosmos_framework.model.generator.mot.attention.SplitInfo object at 0x7fc01b6900b0>, 'position_ids': tenso...
           │             └ ({'sample_offsets': tensor([    0, 71360], device='cuda:3', dtype=torch.int32), 'max_sample_len': 101376, 'max_causal_len': 3...
           └ <bound method Qwen3VLTextForCausalLM.forward of Qwen3VLTextForCausalLM(
               (model): Qwen3VLTextModel(
                 (embed_tokens): Embe...

  File "/share/project/eai_pwm/home/hcr/worktrees/cosmos-framework-pwm-load-balance/cosmos_framework/model/generator/mot/unified_mot.py", line 2365, in forward
    outputs = self.model(
              └ Qwen3VLTextForCausalLM(
                  (model): Qwen3VLTextModel(
                    (embed_tokens): Embedding(151936, 4096)
                    (layers): ModuleList(
                  ...

  File "/usr/local/lib/python3.12/dist-packages/torch/nn/modules/module.py", line 1778, in _wrapped_call_impl
    return self._call_impl(*args, **kwargs)
           │    │           │       └ {'pack': {'sample_offsets': tensor([    0, 71360], device='cuda:3', dtype=torch.int32), 'max_sample_len': 101376, 'max_causal...
           │    │           └ ()
           │    └ <function Module._call_impl at 0x7fc2feaa0e00>
           └ Qwen3VLTextModel(
               (embed_tokens): Embedding(151936, 4096)
               (layers): ModuleList(
                 (0-35): 36 x FSDPOptimizedModule(
                ...

  File "/usr/local/lib/python3.12/dist-packages/torch/nn/modules/module.py", line 1789, in _call_impl
    return forward_call(*args, **kwargs)
           │             │       └ {'pack': {'sample_offsets': tensor([    0, 71360], device='cuda:3', dtype=torch.int32), 'max_sample_len': 101376, 'max_causal...
           │             └ ()
           └ <bound method Qwen3VLTextModel.forward of Qwen3VLTextModel(
               (embed_tokens): Embedding(151936, 4096)
               (layers): ModuleList(...

  File "/share/project/eai_pwm/home/hcr/worktrees/cosmos-framework-pwm-load-balance/cosmos_framework/model/generator/mot/unified_mot.py", line 1543, in forward
    return _impl_forward(self, *args, **kwargs)
           │             │      │       └ {'pack': {'sample_offsets': tensor([    0, 71360], device='cuda:3', dtype=torch.int32), 'max_sample_len': 101376, 'max_causal...
           │             │      └ ()
           │             └ Qwen3VLTextModel(
           │                 (embed_tokens): Embedding(151936, 4096)
           │                 (layers): ModuleList(
           │                   (0-35): 36 x FSDPOptimizedModule(
           │                  ...
           └ <function _impl_forward at 0x7fc0223ef6a0>

  File "/share/project/eai_pwm/home/hcr/worktrees/cosmos-framework-pwm-load-balance/cosmos_framework/model/generator/mot/unified_mot.py", line 1084, in _impl_forward
    hidden_states, lbl_metadata_dict, kv_to_store = decoder_layer(
    │                                               └ FSDPOptimizedModule(
    │                                                   (_orig_mod): CheckpointWrapper(
    │                                                     (_checkpoint_wrapped_module): MoTDecoderLayer(
    │                                                       (self_attn): ...
    └ {'sample_offsets': tensor([    0, 71360], device='cuda:3', dtype=torch.int32), 'max_sample_len': 101376, 'max_causal_len': 30...

  File "/usr/local/lib/python3.12/dist-packages/torch/_dynamo/eval_frame.py", line 468, in __call__
    return super().__call__(*args, **kwargs)
                             │       └ {'natten_metadata': None, 'memory_value': None, 'gen_only': False}
                             └ ({'sample_offsets': tensor([    0, 71360], device='cuda:3', dtype=torch.int32), 'max_sample_len': 101376, 'max_causal_len': 3...

  File "/usr/local/lib/python3.12/dist-packages/torch/nn/modules/module.py", line 1778, in _wrapped_call_impl
    return self._call_impl(*args, **kwargs)
           │    │           │       └ {'natten_metadata': None, 'memory_value': None, 'gen_only': False}
           │    │           └ ({'sample_offsets': tensor([    0, 71360], device='cuda:3', dtype=torch.int32), 'max_sample_len': 101376, 'max_causal_len': 3...
           │    └ <function Module._call_impl at 0x7fc2feaa0e00>
           └ FSDPOptimizedModule(
               (_orig_mod): CheckpointWrapper(
                 (_checkpoint_wrapped_module): MoTDecoderLayer(
                   (self_attn): ...

  File "/usr/local/lib/python3.12/dist-packages/torch/nn/modules/module.py", line 1884, in _call_impl
    return inner()
           └ <function Module._call_impl.<locals>.inner at 0x7fbe576362a0>

  File "/usr/local/lib/python3.12/dist-packages/torch/nn/modules/module.py", line 1832, in inner
    result = forward_call(*args, **kwargs)
             │             │       └ {'natten_metadata': None, 'memory_value': None, 'gen_only': False}
             │             └ ({'sample_offsets': tensor([    0, 71360], device='cuda:3', dtype=torch.int32), 'max_sample_len': 101376, 'max_causal_len': 3...
             └ <function Module._wrapped_call_impl at 0x7fbfac39c0e0>

  File "/usr/local/lib/python3.12/dist-packages/torch/_dynamo/eval_frame.py", line 1020, in compile_wrapper
    return fn(*args, **kwargs)
           │   │       └ {'natten_metadata': None, 'memory_value': None, 'gen_only': False}
           │   └ ({'sample_offsets': tensor([    0, 71360], device='cuda:3', dtype=torch.int32), 'max_sample_len': 101376, 'max_causal_len': 3...
           └ <bound method Module._wrapped_call_impl of CheckpointWrapper(
               (_checkpoint_wrapped_module): MoTDecoderLayer(
                 (self_attn...

  File "/usr/local/lib/python3.12/dist-packages/torch/nn/modules/module.py", line 1778, in _wrapped_call_impl
    return self._call_impl(*args, **kwargs)
           │    │           │       └ {'natten_metadata': None, 'memory_value': None, 'gen_only': False}
           │    │           └ ({'sample_offsets': tensor([    0, 71360], device='cuda:3', dtype=torch.int32), 'max_sample_len': 101376, 'max_causal_len': 3...
           │    └ <function Module._call_impl at 0x7fc2feaa0e00>
           └ CheckpointWrapper(
               (_checkpoint_wrapped_module): MoTDecoderLayer(
                 (self_attn): PackedAttentionMoT(
                   (q_proj): Line...

  File "/usr/local/lib/python3.12/dist-packages/torch/nn/modules/module.py", line 1789, in _call_impl
    return forward_call(*args, **kwargs)
           │             │       └ {'natten_metadata': None, 'memory_value': None, 'gen_only': False}
           │             └ ({'sample_offsets': tensor([    0, 71360], device='cuda:3', dtype=torch.int32), 'max_sample_len': 101376, 'max_causal_len': 3...
           └ <bound method CheckpointWrapper.forward of CheckpointWrapper(
               (_checkpoint_wrapped_module): MoTDecoderLayer(
                 (self_attn...

  File "/usr/local/lib/python3.12/dist-packages/torch/_dynamo/convert_frame.py", line 2340, in __call__
    result = self._torchdynamo_orig_backend(
             │    └ <torch._dynamo.convert_frame.ConvertFrameAssert object at 0x7fbfac47e4b0>
             └ <torch._dynamo.convert_frame.CatchErrorsWrapper object at 0x7fbfac5a4320>

  File "/usr/local/lib/python3.12/dist-packages/torch/_dynamo/convert_frame.py", line 727, in __call__
    result = _compile(
             └ <function _compile at 0x7fc0301e7920>

  File "/usr/local/lib/python3.12/dist-packages/torch/_dynamo/convert_frame.py", line 2031, in _compile
    should_clear = _is_registered_backend(innermost_backend(compiler_fn))
                   │                      │                 └ <torch._dynamo.repro.after_dynamo.WrapBackendDebug object at 0x7fbfac47eff0>
                   │                      └ <function innermost_backend at 0x7fc0c20f9a80>
                   └ <function _is_registered_backend at 0x7fc2d41d7420>

  File "/usr/local/lib/python3.12/dist-packages/torch/_dynamo/backends/registry.py", line 189, in _is_registered_backend
    _lazy_import()
    └ <functools._lru_cache_wrapper object at 0x7fc2d41ffd70>

  File "/usr/local/lib/python3.12/dist-packages/torch/_dynamo/backends/registry.py", line 161, in _lazy_import
    import_submodule(backends)
    │                └ <module 'torch._dynamo.backends' from '/usr/local/lib/python3.12/dist-packages/torch/_dynamo/backends/__init__.py'>
    └ <function import_submodule at 0x7fc2d4300c20>

  File "/usr/local/lib/python3.12/dist-packages/torch/_dynamo/utils.py", line 4124, in import_submodule
    importlib.import_module(f"{mod.__name__}.{filename[:-3]}")
    │         │                │   │          └ 'distributed.py'
    │         │                │   └ 'torch._dynamo.backends'
    │         │                └ <module 'torch._dynamo.backends' from '/usr/local/lib/python3.12/dist-packages/torch/_dynamo/backends/__init__.py'>
    │         └ <function import_module at 0x7fc3c1425b20>
    └ <module 'importlib' from '/usr/lib/python3.12/importlib/__init__.py'>

  File "/usr/lib/python3.12/importlib/__init__.py", line 90, in import_module
    return _bootstrap._gcd_import(name[level:], package, level)
           │          │           │    │        │        └ 0
           │          │           │    │        └ None
           │          │           │    └ 0
           │          │           └ 'torch._dynamo.backends.distributed'
           │          └ <function _gcd_import at 0x7fc3c16000e0>
           └ <module '_frozen_importlib' (frozen)>
  File "<frozen importlib._bootstrap>", line 1387, in _gcd_import
  File "<frozen importlib._bootstrap>", line 1360, in _find_and_load
  File "<frozen importlib._bootstrap>", line 1331, in _find_and_load_unlocked
  File "<frozen importlib._bootstrap>", line 935, in _load_unlocked
  File "<frozen importlib._bootstrap_external>", line 995, in exec_module
  File "<frozen importlib._bootstrap>", line 488, in _call_with_frames_removed

  File "/usr/local/lib/python3.12/dist-packages/torch/_dynamo/backends/distributed.py", line 58, in <module>
    @dataclass
     └ <function dataclass at 0x7fc2ff115a80>

  File "/usr/lib/python3.12/dataclasses.py", line 1268, in dataclass
    return wrap(cls)
           │    └ <class 'torch._dynamo.backends.distributed.Bucket'>
           └ <function dataclass.<locals>.wrap at 0x7fbe546374c0>
  File "/usr/lib/python3.12/dataclasses.py", line 1258, in wrap
    return _process_class(cls, init, repr, eq, order, unsafe_hash,
           │              │    │     │     │   │      └ False
           │              │    │     │     │   └ False
           │              │    │     │     └ True
           │              │    │     └ True
           │              │    └ True
           │              └ <class 'torch._dynamo.backends.distributed.Bucket'>
           └ <function _process_class at 0x7fc2ff115760>
  File "/usr/lib/python3.12/dataclasses.py", line 1063, in _process_class
    _init_fn(all_init_fields,
    │        └ [Field(name='size',type=<class 'int'>,default=0,default_factory=<dataclasses._MISSING_TYPE object at 0x7fc2ff0fd6a0>,init=Tru...
    └ <function _init_fn at 0x7fc2ff114e00>
  File "/usr/lib/python3.12/dataclasses.py", line 619, in _init_fn
    return _create_fn('__init__',
           └ <function _create_fn at 0x7fc2ff114b80>
  File "/usr/lib/python3.12/dataclasses.py", line 473, in _create_fn
    exec(txt, globals, ns)
         │    │        └ {}
         │    └ {'__name__': 'torch._dynamo.backends.distributed', '__doc__': "\nThis module implements distributed training optimizations fo...
         └ 'def __create_fn__(__dataclass_type_size__, __dataclass_type_params__, __dataclass_type_nodes__, __dataclass_type_param_ids__...
  File "<string>", line 0, in <module>

  File "/usr/local/lib/python3.12/dist-packages/torch/utils/data/_utils/signal_handling.py", line 73, in handler
    _error_if_any_worker_fails()
    └ <built-in function _error_if_any_worker_fails>

RuntimeError: DataLoader worker (pid 382774) is killed by signal: Terminated. 
[rank3]: Traceback (most recent call last):
[rank3]:   File "/usr/local/lib/python3.12/dist-packages/torch/_dynamo/symbolic_convert.py", line 1694, in run
[rank3]:     while self.step():
[rank3]:           ^^^^^^^^^^^
[rank3]:   File "/usr/local/lib/python3.12/dist-packages/torch/_dynamo/symbolic_convert.py", line 1360, in step
[rank3]:     self.dispatch_table[inst.opcode](self, inst)
[rank3]:   File "/usr/local/lib/python3.12/dist-packages/torch/_dynamo/symbolic_convert.py", line 4944, in RETURN_VALUE
[rank3]:     self._return(inst)
[rank3]:   File "/usr/local/lib/python3.12/dist-packages/torch/_dynamo/symbolic_convert.py", line 4926, in _return
[rank3]:     all_stack_locals_metadata = self.output.compile_subgraph(
[rank3]:                                 ^^^^^^^^^^^^^^^^^^^^^^^^^^^^^
[rank3]:   File "/usr/local/lib/python3.12/dist-packages/torch/_dynamo/output_graph.py", line 1929, in compile_subgraph
[rank3]:     self.compile_and_call_fx_graph(tx, pass2.graph_output_vars(), root)
[rank3]:   File "/usr/local/lib/python3.12/dist-packages/torch/_dynamo/output_graph.py", line 2503, in compile_and_call_fx_graph
[rank3]:     compiled_fn = self.call_user_compiler(gm, self.example_inputs())
[rank3]:                   ^^^^^^^^^^^^^^^^^^^^^^^^^^^^^^^^^^^^^^^^^^^^^^^^^^
[rank3]:   File "/usr/local/lib/python3.12/dist-packages/torch/_dynamo/output_graph.py", line 2656, in call_user_compiler
[rank3]:     return self._call_user_compiler(gm, example_inputs)
[rank3]:            ^^^^^^^^^^^^^^^^^^^^^^^^^^^^^^^^^^^^^^^^^^^^
[rank3]:   File "/usr/local/lib/python3.12/dist-packages/torch/_dynamo/output_graph.py", line 2739, in _call_user_compiler
[rank3]:     raise BackendCompilerFailed(
[rank3]:   File "/usr/local/lib/python3.12/dist-packages/torch/_dynamo/output_graph.py", line 2714, in _call_user_compiler
[rank3]:     compiled_fn = compiler_fn(gm, example_inputs)
[rank3]:                   ^^^^^^^^^^^^^^^^^^^^^^^^^^^^^^^
[rank3]:   File "/usr/local/lib/python3.12/dist-packages/torch/_dynamo/repro/after_dynamo.py", line 156, in __call__
[rank3]:     compiled_gm = compiler_fn(gm, example_inputs)
[rank3]:                   ^^^^^^^^^^^^^^^^^^^^^^^^^^^^^^^
[rank3]:   File "/usr/local/lib/python3.12/dist-packages/torch/__init__.py", line 2476, in __call__
[rank3]:     return compile_fx(model_, inputs_, config_patches=all_patches)
[rank3]:            ^^^^^^^^^^^^^^^^^^^^^^^^^^^^^^^^^^^^^^^^^^^^^^^^^^^^^^^
[rank3]:   File "/usr/local/lib/python3.12/dist-packages/torch/_inductor/compile_fx.py", line 2578, in compile_fx
[rank3]:     return compile_fx(
[rank3]:            ^^^^^^^^^^^
[rank3]:   File "/usr/local/lib/python3.12/dist-packages/torch/_inductor/compile_fx.py", line 2629, in compile_fx
[rank3]:     return _maybe_wrap_and_compile_fx_main(
[rank3]:            ^^^^^^^^^^^^^^^^^^^^^^^^^^^^^^^^
[rank3]:   File "/usr/local/lib/python3.12/dist-packages/torch/_inductor/compile_fx.py", line 2706, in _maybe_wrap_and_compile_fx_main
[rank3]:     return _compile_fx_main(
[rank3]:            ^^^^^^^^^^^^^^^^^
[rank3]:   File "/usr/local/lib/python3.12/dist-packages/torch/_inductor/compile_fx.py", line 2902, in _compile_fx_main
[rank3]:     return aot_autograd(
[rank3]:            ^^^^^^^^^^^^^
[rank3]:   File "/usr/local/lib/python3.12/dist-packages/torch/_dynamo/backends/common.py", line 123, in __call__
[rank3]:     cg = aot_module_simplified(gm, example_inputs, **self.kwargs)
[rank3]:          ^^^^^^^^^^^^^^^^^^^^^^^^^^^^^^^^^^^^^^^^^^^^^^^^^^^^^^^^
[rank3]:   File "/usr/local/lib/python3.12/dist-packages/torch/_functorch/aot_autograd.py", line 1103, in aot_module_simplified
[rank3]:     with contextlib.ExitStack() as stack:
[rank3]:   File "/usr/lib/python3.12/contextlib.py", line 610, in __exit__
[rank3]:     raise exc_details[1]
[rank3]:   File "/usr/lib/python3.12/contextlib.py", line 595, in __exit__
[rank3]:     if cb(*exc_details):
[rank3]:        ^^^^^^^^^^^^^^^^
[rank3]:   File "/usr/local/lib/python3.12/dist-packages/torch/utils/data/_utils/signal_handling.py", line 73, in handler
[rank3]:     _error_if_any_worker_fails()
[rank3]: torch._dynamo.exc.BackendCompilerFailed: backend='inductor' raised:
[rank3]: RuntimeError: DataLoader worker (pid 384610) is killed by signal: Terminated. 

[rank3]: During handling of the above exception, another exception occurred:

[rank3]: Traceback (most recent call last):
[rank3]:   File "/usr/local/lib/python3.12/dist-packages/torch/_dynamo/convert_frame.py", line 1851, in _compile
[rank3]:     guarded_code, tracer_output = compile_inner(code, one_graph, hooks)
[rank3]:                                   ^^^^^^^^^^^^^^^^^^^^^^^^^^^^^^^^^^^^^
[rank3]:   File "/usr/local/lib/python3.12/dist-packages/torch/_utils_internal.py", line 96, in wrapper_function
[rank3]:     return function(*args, **kwargs)
[rank3]:            ^^^^^^^^^^^^^^^^^^^^^^^^^
[rank3]:   File "/usr/local/lib/python3.12/dist-packages/torch/_dynamo/convert_frame.py", line 1495, in compile_inner
[rank3]:     return _compile_inner(code, one_graph, hooks)
[rank3]:            ^^^^^^^^^^^^^^^^^^^^^^^^^^^^^^^^^^^^^^
[rank3]:   File "/usr/local/lib/python3.12/dist-packages/torch/_dynamo/convert_frame.py", line 1540, in _compile_inner
[rank3]:     dynamo_output = compile_frame(
[rank3]:                     ^^^^^^^^^^^^^^
[rank3]:   File "/usr/local/lib/python3.12/dist-packages/torch/_dynamo/convert_frame.py", line 1403, in compile_frame
[rank3]:     bytecode, tracer_output = transform_code_object(code, transform)
[rank3]:                               ^^^^^^^^^^^^^^^^^^^^^^^^^^^^^^^^^^^^^^
[rank3]:   File "/usr/local/lib/python3.12/dist-packages/torch/_dynamo/bytecode_transformation.py", line 1626, in transform_code_object
[rank3]:     tracer_output = transformations(instructions, code_options)
[rank3]:                     ^^^^^^^^^^^^^^^^^^^^^^^^^^^^^^^^^^^^^^^^^^^
[rank3]:   File "/usr/local/lib/python3.12/dist-packages/torch/_dynamo/convert_frame.py", line 1375, in transform
[rank3]:     tracer_output = trace_frame(
[rank3]:                     ^^^^^^^^^^^^
[rank3]:   File "/usr/local/lib/python3.12/dist-packages/torch/_dynamo/convert_frame.py", line 341, in _fn
[rank3]:     return fn(*args, **kwargs)
[rank3]:            ^^^^^^^^^^^^^^^^^^^
[rank3]:   File "/usr/local/lib/python3.12/dist-packages/torch/_dynamo/convert_frame.py", line 861, in trace_frame
[rank3]:     run_tracer()
[rank3]:   File "/usr/local/lib/python3.12/dist-packages/torch/_dynamo/convert_frame.py", line 842, in run_tracer
[rank3]:     tracer.run()
[rank3]:   File "/usr/local/lib/python3.12/dist-packages/torch/_dynamo/symbolic_convert.py", line 1754, in run
[rank3]:     self.output.cleanup()
[rank3]:   File "/usr/local/lib/python3.12/dist-packages/torch/_dynamo/output_graph.py", line 3036, in cleanup
[rank3]:     self.tracing_context.clear()
[rank3]:   File "/usr/local/lib/python3.12/dist-packages/torch/_guards.py", line 990, in clear
[rank3]:     self.inlined_code_cache.clear()
[rank3]:   File "/usr/local/lib/python3.12/dist-packages/torch/utils/data/_utils/signal_handling.py", line 73, in handler
[rank3]:     _error_if_any_worker_fails()
[rank3]: RuntimeError: DataLoader worker (pid 385552) is killed by signal: Terminated. 

[rank3]: During handling of the above exception, another exception occurred:

[rank3]: Traceback (most recent call last):
[rank3]:   File "/usr/local/lib/python3.12/dist-packages/torch/_dynamo/convert_frame.py", line 1879, in _compile
[rank3]:     exception_stack_trace = [traceback.format_exc()]
[rank3]:                              ^^^^^^^^^^^^^^^^^^^^^^
[rank3]:   File "/usr/lib/python3.12/traceback.py", line 184, in format_exc
[rank3]:     return "".join(format_exception(sys.exception(), limit=limit, chain=chain))
[rank3]:                    ^^^^^^^^^^^^^^^^^^^^^^^^^^^^^^^^^^^^^^^^^^^^^^^^^^^^^^^^^^^
[rank3]:   File "/usr/lib/python3.12/traceback.py", line 139, in format_exception
[rank3]:     te = TracebackException(type(value), value, tb, limit=limit, compact=True)
[rank3]:          ^^^^^^^^^^^^^^^^^^^^^^^^^^^^^^^^^^^^^^^^^^^^^^^^^^^^^^^^^^^^^^^^^^^^^
[rank3]:   File "/usr/lib/python3.12/traceback.py", line 733, in __init__
[rank3]:     self.stack = StackSummary._extract_from_extended_frame_gen(
[rank3]:                  ^^^^^^^^^^^^^^^^^^^^^^^^^^^^^^^^^^^^^^^^^^^^^^
[rank3]:   File "/usr/lib/python3.12/traceback.py", line 418, in _extract_from_extended_frame_gen
[rank3]:     for f, (lineno, end_lineno, colno, end_colno) in frame_gen:
[rank3]:   File "/usr/lib/python3.12/traceback.py", line 355, in _walk_tb_with_full_positions
[rank3]:     positions = _get_code_position(tb.tb_frame.f_code, tb.tb_lasti)
[rank3]:                 ^^^^^^^^^^^^^^^^^^^^^^^^^^^^^^^^^^^^^^^^^^^^^^^^^^^
[rank3]:   File "/usr/lib/python3.12/traceback.py", line 369, in _get_code_position
[rank3]:     return next(itertools.islice(positions_gen, instruction_index // 2, None))
[rank3]:            ^^^^^^^^^^^^^^^^^^^^^^^^^^^^^^^^^^^^^^^^^^^^^^^^^^^^^^^^^^^^^^^^^^^
[rank3]:   File "/usr/local/lib/python3.12/dist-packages/torch/utils/data/_utils/signal_handling.py", line 73, in handler
[rank3]:     _error_if_any_worker_fails()
[rank3]: RuntimeError: DataLoader worker (pid 387251) is killed by signal: Terminated. 

[rank3]: During handling of the above exception, another exception occurred:

[rank3]: Traceback (most recent call last):
[rank3]:   File "/share/project/eai_pwm/home/hcr/worktrees/cosmos-framework-pwm-load-balance/plans/v0.2.3c_kernel_list/run_profile.py", line 68, in <module>
[rank3]:     main()
[rank3]:   File "/share/project/eai_pwm/home/hcr/worktrees/cosmos-framework-pwm-load-balance/plans/v0.2.3c_kernel_list/run_profile.py", line 62, in main
[rank3]:     runpy.run_module("cosmos_framework.scripts.train", run_name="__main__")
[rank3]:   File "<frozen runpy>", line 229, in run_module
[rank3]:   File "<frozen runpy>", line 88, in _run_code
[rank3]:   File "/share/project/eai_pwm/home/hcr/worktrees/cosmos-framework-pwm-load-balance/cosmos_framework/scripts/train.py", line 320, in <module>
[rank3]:     launch(config, args)
[rank3]:   File "/opt/venv/lib/python3.12/site-packages/loguru/_logger.py", line 1297, in catch_wrapper
[rank3]:     return function(*args, **kwargs)
[rank3]:            ^^^^^^^^^^^^^^^^^^^^^^^^^
[rank3]:   File "/share/project/eai_pwm/home/hcr/worktrees/cosmos-framework-pwm-load-balance/cosmos_framework/utils/training_telemetry/telemetry.py", line 65, in wrapper
[rank3]:     return func(config, *args, **kwargs)
[rank3]:            ^^^^^^^^^^^^^^^^^^^^^^^^^^^^^
[rank3]:   File "/share/project/eai_pwm/home/hcr/worktrees/cosmos-framework-pwm-load-balance/cosmos_framework/scripts/train.py", line 197, in launch
[rank3]:     _run_training(config, args)
[rank3]:   File "/share/project/eai_pwm/home/hcr/worktrees/cosmos-framework-pwm-load-balance/cosmos_framework/scripts/train.py", line 242, in _run_training
[rank3]:     trainer.train(
[rank3]:   File "/share/project/eai_pwm/home/hcr/worktrees/cosmos-framework-pwm-load-balance/cosmos_framework/trainer/__init__.py", line 346, in train
[rank3]:     output_batch, loss, grad_accum_iter = self.training_step(
[rank3]:                                           ^^^^^^^^^^^^^^^^^^^
[rank3]:   File "/share/project/eai_pwm/home/hcr/worktrees/cosmos-framework-pwm-load-balance/cosmos_framework/trainer/__init__.py", line 426, in training_step
[rank3]:     output_batch, loss = model_ddp.training_step(data, iteration)
[rank3]:                          ^^^^^^^^^^^^^^^^^^^^^^^^^^^^^^^^^^^^^^^^
[rank3]:   File "/share/project/eai_pwm/home/hcr/worktrees/cosmos-framework-pwm-load-balance/cosmos_framework/model/generator/omni_mot_model.py", line 1303, in training_step
[rank3]:     return self.training_step_for_task(task, data_batch, iteration)
[rank3]:            ^^^^^^^^^^^^^^^^^^^^^^^^^^^^^^^^^^^^^^^^^^^^^^^^^^^^^^^^
[rank3]:   File "/share/project/eai_pwm/home/hcr/worktrees/cosmos-framework-pwm-load-balance/cosmos_framework/model/generator/omni_mot_model.py", line 1274, in training_step_for_task
[rank3]:     output, raw_loss = self._training_step_gen(data_batch, iteration)
[rank3]:                        ^^^^^^^^^^^^^^^^^^^^^^^^^^^^^^^^^^^^^^^^^^^^^^
[rank3]:   File "/share/project/eai_pwm/home/hcr/worktrees/cosmos-framework-pwm-load-balance/cosmos_framework/model/generator/omni_mot_model.py", line 1559, in _training_step_gen
[rank3]:     out_net = self.denoise(
[rank3]:               ^^^^^^^^^^^^^
[rank3]:   File "/share/project/eai_pwm/home/hcr/worktrees/cosmos-framework-pwm-load-balance/cosmos_framework/model/generator/omni_mot_model.py", line 5115, in denoise
[rank3]:     out_net = net(
[rank3]:               ^^^^
[rank3]:   File "/usr/local/lib/python3.12/dist-packages/torch/nn/modules/module.py", line 1778, in _wrapped_call_impl
[rank3]:     return self._call_impl(*args, **kwargs)
[rank3]:            ^^^^^^^^^^^^^^^^^^^^^^^^^^^^^^^^
[rank3]:   File "/usr/local/lib/python3.12/dist-packages/torch/nn/modules/module.py", line 1884, in _call_impl
[rank3]:     return inner()
[rank3]:            ^^^^^^^
[rank3]:   File "/usr/local/lib/python3.12/dist-packages/torch/nn/modules/module.py", line 1832, in inner
[rank3]:     result = forward_call(*args, **kwargs)
[rank3]:              ^^^^^^^^^^^^^^^^^^^^^^^^^^^^^
[rank3]:   File "/share/project/eai_pwm/home/hcr/worktrees/cosmos-framework-pwm-load-balance/cosmos_framework/model/generator/mot/cosmos3_vfm_network.py", line 1487, in forward
[rank3]:     packed_outputs, lbl_metadata = self.language_model(
[rank3]:                                    ^^^^^^^^^^^^^^^^^^^^
[rank3]:   File "/usr/local/lib/python3.12/dist-packages/torch/nn/modules/module.py", line 1778, in _wrapped_call_impl
[rank3]:     return self._call_impl(*args, **kwargs)
[rank3]:            ^^^^^^^^^^^^^^^^^^^^^^^^^^^^^^^^
[rank3]:   File "/usr/local/lib/python3.12/dist-packages/torch/nn/modules/module.py", line 1789, in _call_impl
[rank3]:     return forward_call(*args, **kwargs)
[rank3]:            ^^^^^^^^^^^^^^^^^^^^^^^^^^^^^
[rank3]:   File "/share/project/eai_pwm/home/hcr/worktrees/cosmos-framework-pwm-load-balance/cosmos_framework/model/generator/mot/unified_mot.py", line 2365, in forward
[rank3]:     outputs = self.model(
[rank3]:               ^^^^^^^^^^^
[rank3]:   File "/usr/local/lib/python3.12/dist-packages/torch/nn/modules/module.py", line 1778, in _wrapped_call_impl
[rank3]:     return self._call_impl(*args, **kwargs)
[rank3]:            ^^^^^^^^^^^^^^^^^^^^^^^^^^^^^^^^
[rank3]:   File "/usr/local/lib/python3.12/dist-packages/torch/nn/modules/module.py", line 1789, in _call_impl
[rank3]:     return forward_call(*args, **kwargs)
[rank3]:            ^^^^^^^^^^^^^^^^^^^^^^^^^^^^^
[rank3]:   File "/share/project/eai_pwm/home/hcr/worktrees/cosmos-framework-pwm-load-balance/cosmos_framework/model/generator/mot/unified_mot.py", line 1543, in forward
[rank3]:     return _impl_forward(self, *args, **kwargs)
[rank3]:            ^^^^^^^^^^^^^^^^^^^^^^^^^^^^^^^^^^^^
[rank3]:   File "/share/project/eai_pwm/home/hcr/worktrees/cosmos-framework-pwm-load-balance/cosmos_framework/model/generator/mot/unified_mot.py", line 1084, in _impl_forward
[rank3]:     hidden_states, lbl_metadata_dict, kv_to_store = decoder_layer(
[rank3]:                                                     ^^^^^^^^^^^^^^
[rank3]:   File "/usr/local/lib/python3.12/dist-packages/torch/_dynamo/eval_frame.py", line 468, in __call__
[rank3]:     return super().__call__(*args, **kwargs)
[rank3]:            ^^^^^^^^^^^^^^^^^^^^^^^^^^^^^^^^^
[rank3]:   File "/usr/local/lib/python3.12/dist-packages/torch/nn/modules/module.py", line 1778, in _wrapped_call_impl
[rank3]:     return self._call_impl(*args, **kwargs)
[rank3]:            ^^^^^^^^^^^^^^^^^^^^^^^^^^^^^^^^
[rank3]:   File "/usr/local/lib/python3.12/dist-packages/torch/nn/modules/module.py", line 1884, in _call_impl
[rank3]:     return inner()
[rank3]:            ^^^^^^^
[rank3]:   File "/usr/local/lib/python3.12/dist-packages/torch/nn/modules/module.py", line 1832, in inner
[rank3]:     result = forward_call(*args, **kwargs)
[rank3]:              ^^^^^^^^^^^^^^^^^^^^^^^^^^^^^
[rank3]:   File "/usr/local/lib/python3.12/dist-packages/torch/_dynamo/eval_frame.py", line 1020, in compile_wrapper
[rank3]:     return fn(*args, **kwargs)
[rank3]:            ^^^^^^^^^^^^^^^^^^^
[rank3]:   File "/usr/local/lib/python3.12/dist-packages/torch/nn/modules/module.py", line 1778, in _wrapped_call_impl
[rank3]:     return self._call_impl(*args, **kwargs)
[rank3]:            ^^^^^^^^^^^^^^^^^^^^^^^^^^^^^^^^
[rank3]:   File "/usr/local/lib/python3.12/dist-packages/torch/nn/modules/module.py", line 1789, in _call_impl
[rank3]:     return forward_call(*args, **kwargs)
[rank3]:            ^^^^^^^^^^^^^^^^^^^^^^^^^^^^^
[rank3]:   File "/usr/local/lib/python3.12/dist-packages/torch/_dynamo/convert_frame.py", line 2340, in __call__
[rank3]:     result = self._torchdynamo_orig_backend(
[rank3]:              ^^^^^^^^^^^^^^^^^^^^^^^^^^^^^^^
[rank3]:   File "/usr/local/lib/python3.12/dist-packages/torch/_dynamo/convert_frame.py", line 727, in __call__
[rank3]:     result = _compile(
[rank3]:              ^^^^^^^^^
[rank3]:   File "/usr/local/lib/python3.12/dist-packages/torch/_dynamo/convert_frame.py", line 2031, in _compile
[rank3]:     should_clear = _is_registered_backend(innermost_backend(compiler_fn))
[rank3]:                    ^^^^^^^^^^^^^^^^^^^^^^^^^^^^^^^^^^^^^^^^^^^^^^^^^^^^^^
[rank3]:   File "/usr/local/lib/python3.12/dist-packages/torch/_dynamo/backends/registry.py", line 189, in _is_registered_backend
[rank3]:     _lazy_import()
[rank3]:   File "/usr/local/lib/python3.12/dist-packages/torch/_dynamo/backends/registry.py", line 161, in _lazy_import
[rank3]:     import_submodule(backends)
[rank3]:   File "/usr/local/lib/python3.12/dist-packages/torch/_dynamo/utils.py", line 4124, in import_submodule
[rank3]:     importlib.import_module(f"{mod.__name__}.{filename[:-3]}")
[rank3]:   File "/usr/lib/python3.12/importlib/__init__.py", line 90, in import_module
[rank3]:     return _bootstrap._gcd_import(name[level:], package, level)
[rank3]:            ^^^^^^^^^^^^^^^^^^^^^^^^^^^^^^^^^^^^^^^^^^^^^^^^^^^^
[rank3]:   File "<frozen importlib._bootstrap>", line 1387, in _gcd_import
[rank3]:   File "<frozen importlib._bootstrap>", line 1360, in _find_and_load
[rank3]:   File "<frozen importlib._bootstrap>", line 1331, in _find_and_load_unlocked
[rank3]:   File "<frozen importlib._bootstrap>", line 935, in _load_unlocked
[rank3]:   File "<frozen importlib._bootstrap_external>", line 995, in exec_module
[rank3]:   File "<frozen importlib._bootstrap>", line 488, in _call_with_frames_removed
[rank3]:   File "/usr/local/lib/python3.12/dist-packages/torch/_dynamo/backends/distributed.py", line 58, in <module>
[rank3]:     @dataclass
[rank3]:      ^^^^^^^^^
[rank3]:   File "/usr/lib/python3.12/dataclasses.py", line 1268, in dataclass
[rank3]:     return wrap(cls)
[rank3]:            ^^^^^^^^^
[rank3]:   File "/usr/lib/python3.12/dataclasses.py", line 1258, in wrap
[rank3]:     return _process_class(cls, init, repr, eq, order, unsafe_hash,
[rank3]:            ^^^^^^^^^^^^^^^^^^^^^^^^^^^^^^^^^^^^^^^^^^^^^^^^^^^^^^^
[rank3]:   File "/usr/lib/python3.12/dataclasses.py", line 1063, in _process_class
[rank3]:     _init_fn(all_init_fields,
[rank3]:   File "/usr/lib/python3.12/dataclasses.py", line 619, in _init_fn
[rank3]:     return _create_fn('__init__',
[rank3]:            ^^^^^^^^^^^^^^^^^^^^^^
[rank3]:   File "/usr/lib/python3.12/dataclasses.py", line 473, in _create_fn
[rank3]:     exec(txt, globals, ns)
[rank3]:   File "<string>", line 0, in <module>
[rank3]:   File "/usr/local/lib/python3.12/dist-packages/torch/utils/data/_utils/signal_handling.py", line 73, in handler
[rank3]:     _error_if_any_worker_fails()
[rank3]: RuntimeError: DataLoader worker (pid 382774) is killed by signal: Terminated. 
2026-09-24 16:21:43.294 | ERROR    | __main__:<module>:320 - An error has been caught in function '<module>', process 'MainProcess' (379280), thread 'MainThread' (139753786454144):
Traceback (most recent call last):

  File "/usr/local/lib/python3.12/dist-packages/torch/_dynamo/symbolic_convert.py", line 1694, in run
    while self.step():
          │    └ <function InstructionTranslatorBase.step at 0x7f17657a0f40>
          └ <torch._dynamo.symbolic_convert.InstructionTranslator object at 0x7f1750d2ed20>

  File "/usr/local/lib/python3.12/dist-packages/torch/_dynamo/symbolic_convert.py", line 1360, in step
    self.dispatch_table[inst.opcode](self, inst)
    │    │              │    │       │     └ Instruction(opcode=83, opname='RETURN_VALUE', arg=None, argval=None, offset=214, starts_line=169, is_jump_target=False, posit...
    │    │              │    │       └ <torch._dynamo.symbolic_convert.InstructionTranslator object at 0x7f1750d2ed20>
    │    │              │    └ <member 'opcode' of 'Instruction' objects>
    │    │              └ Instruction(opcode=83, opname='RETURN_VALUE', arg=None, argval=None, offset=214, starts_line=169, is_jump_target=False, posit...
    │    └ [<function InstructionTranslatorBase.CACHE at 0x7f17657b5080>, <function InstructionTranslatorBase.POP_TOP at 0x7f17657a58a0>...
    └ <torch._dynamo.symbolic_convert.InstructionTranslator object at 0x7f1750d2ed20>

  File "/usr/local/lib/python3.12/dist-packages/torch/_dynamo/symbolic_convert.py", line 4944, in RETURN_VALUE
    self._return(inst)
    │    │       └ Instruction(opcode=83, opname='RETURN_VALUE', arg=None, argval=None, offset=214, starts_line=169, is_jump_target=False, posit...
    │    └ <function InstructionTranslator._return at 0x7f17657af920>
    └ <torch._dynamo.symbolic_convert.InstructionTranslator object at 0x7f1750d2ed20>

  File "/usr/local/lib/python3.12/dist-packages/torch/_dynamo/symbolic_convert.py", line 4926, in _return
    all_stack_locals_metadata = self.output.compile_subgraph(
                                │    │      └ <function OutputGraph.compile_subgraph at 0x7f1765782de0>
                                │    └ <unprintable OutputGraph object>
                                └ <torch._dynamo.symbolic_convert.InstructionTranslator object at 0x7f1750d2ed20>

  File "/usr/local/lib/python3.12/dist-packages/torch/_dynamo/output_graph.py", line 1929, in compile_subgraph
    self.compile_and_call_fx_graph(tx, pass2.graph_output_vars(), root)
    │    │                         │   │     │                    └ FakeRootModule(...)
    │    │                         │   │     └ <function PyCodegen.graph_output_vars at 0x7f17efcb1940>
    │    │                         │   └ <torch._dynamo.codegen.PyCodegen object at 0x7f13f2cc1f70>
    │    │                         └ <torch._dynamo.symbolic_convert.InstructionTranslator object at 0x7f1750d2ed20>
    │    └ <function OutputGraph.compile_and_call_fx_graph at 0x7f17657834c0>
    └ <unprintable OutputGraph object>

  File "/usr/local/lib/python3.12/dist-packages/torch/_dynamo/output_graph.py", line 2503, in compile_and_call_fx_graph
    compiled_fn = self.call_user_compiler(gm, self.example_inputs())
                  │    │                  │   │    └ <function OutputGraph.example_inputs at 0x7f1765783920>
                  │    │                  │   └ OutputGraph(local_scope={'self': CheckpointWrapper(
                  │    │                  │       (_checkpoint_wrapped_module): MoTDecoderLayer(
                  │    │                  │         (self_attn): PackedA...
                  │    │                  └ GraphModule(
                  │    │                      (wrap_body_0): GraphModule(
                  │    │                        (fwd_body_0): GraphModule()
                  │    │                        (bwd_body_0): GraphModule()
                  │    │                        (fwd_body_1): ...
                  │    └ <function OutputGraph.call_user_compiler at 0x7f17657836a0>
                  └ <unprintable OutputGraph object>

  File "/usr/local/lib/python3.12/dist-packages/torch/_dynamo/output_graph.py", line 2656, in call_user_compiler
    return self._call_user_compiler(gm, example_inputs)
           │    │                   │   └ [s12, tensor([    0, 55530], device='cuda:4', dtype=torch.int32), s39, tensor([  0,   1,   2,   3,   4,   5,   6,   7,   8,  ...
           │    │                   └ GraphModule(
           │    │                       (wrap_body_0): GraphModule(
           │    │                         (fwd_body_0): GraphModule()
           │    │                         (bwd_body_0): GraphModule()
           │    │                         (fwd_body_1): ...
           │    └ <function OutputGraph._call_user_compiler at 0x7f1765783740>
           └ OutputGraph(local_scope={'self': CheckpointWrapper(
               (_checkpoint_wrapped_module): MoTDecoderLayer(
                 (self_attn): PackedA...

  File "/usr/local/lib/python3.12/dist-packages/torch/_dynamo/output_graph.py", line 2739, in _call_user_compiler
    raise BackendCompilerFailed(
          └ <class 'torch._dynamo.exc.BackendCompilerFailed'>

  File "/usr/local/lib/python3.12/dist-packages/torch/_dynamo/output_graph.py", line 2714, in _call_user_compiler
    compiled_fn = compiler_fn(gm, example_inputs)
                  │           │   └ [s12, tensor([    0, 55530], device='cuda:4', dtype=torch.int32), s39, tensor([  0,   1,   2,   3,   4,   5,   6,   7,   8,  ...
                  │           └ GraphModule(
                  │               (wrap_body_0): GraphModule(
                  │                 (fwd_body_0): GraphModule()
                  │                 (bwd_body_0): GraphModule()
                  │                 (fwd_body_1): ...
                  └ <torch._dynamo.repro.after_dynamo.WrapBackendDebug object at 0x7f16e09d50a0>

  File "/usr/local/lib/python3.12/dist-packages/torch/_dynamo/repro/after_dynamo.py", line 156, in __call__
    compiled_gm = compiler_fn(gm, example_inputs)
                  │           │   └ [s12, tensor([    0, 55530], device='cuda:4', dtype=torch.int32), s39, tensor([  0,   1,   2,   3,   4,   5,   6,   7,   8,  ...
                  │           └ GraphModule(
                  │               (wrap_body_0): GraphModule(
                  │                 (fwd_body_0): GraphModule()
                  │                 (bwd_body_0): GraphModule()
                  │                 (fwd_body_1): ...
                  └ functools.partial(<torch._TorchCompileInductorWrapper object at 0x7f16e09d51c0>)

  File "/usr/local/lib/python3.12/dist-packages/torch/__init__.py", line 2476, in __call__
    return compile_fx(model_, inputs_, config_patches=all_patches)
           │          │       │                       └ {'triton.mix_order_reduction_split_size': 32}
           │          │       └ [s12, tensor([    0, 55530], device='cuda:4', dtype=torch.int32), s39, tensor([  0,   1,   2,   3,   4,   5,   6,   7,   8,  ...
           │          └ GraphModule(
           │              (wrap_body_0): GraphModule(
           │                (fwd_body_0): GraphModule()
           │                (bwd_body_0): GraphModule()
           │                (fwd_body_1): ...
           └ <function compile_fx at 0x7f1757adc0e0>

  File "/usr/local/lib/python3.12/dist-packages/torch/_inductor/compile_fx.py", line 2578, in compile_fx
    return compile_fx(
           └ <function compile_fx at 0x7f1757adc0e0>

  File "/usr/local/lib/python3.12/dist-packages/torch/_inductor/compile_fx.py", line 2629, in compile_fx
    return _maybe_wrap_and_compile_fx_main(
           └ <function _maybe_wrap_and_compile_fx_main at 0x7f1757adc220>

  File "/usr/local/lib/python3.12/dist-packages/torch/_inductor/compile_fx.py", line 2706, in _maybe_wrap_and_compile_fx_main
    return _compile_fx_main(
           └ <function _compile_fx_main at 0x7f1757adc2c0>

  File "/usr/local/lib/python3.12/dist-packages/torch/_inductor/compile_fx.py", line 2902, in _compile_fx_main
    return aot_autograd(
           └ <function aot_autograd at 0x7f17651f1260>

  File "/usr/local/lib/python3.12/dist-packages/torch/_dynamo/backends/common.py", line 123, in __call__
    cg = aot_module_simplified(gm, example_inputs, **self.kwargs)
         │                     │   │                 │    └ {'fw_compiler': <torch._functorch._aot_autograd.schemas.SerializableAOTDispatchCompiler object at 0x7f13f3f404a0>, 'bw_compil...
         │                     │   │                 └ <torch._dynamo.backends.common.AotAutograd object at 0x7f13f3f43bc0>
         │                     │   └ [s12, tensor([    0, 55530], device='cuda:4', dtype=torch.int32), s39, tensor([  0,   1,   2,   3,   4,   5,   6,   7,   8,  ...
         │                     └ GraphModule(
         │                         (wrap_body_0): GraphModule(
         │                           (fwd_body_0): GraphModule()
         │                           (bwd_body_0): GraphModule()
         │                           (fwd_body_1): ...
         └ <function aot_module_simplified at 0x7f17651e2d40>

  File "/usr/local/lib/python3.12/dist-packages/torch/_functorch/aot_autograd.py", line 1103, in aot_module_simplified
    with contextlib.ExitStack() as stack:
         │          │              └ <contextlib.ExitStack object at 0x7f13f3f42f60>
         │          └ <class 'contextlib.ExitStack'>
         └ <module 'contextlib' from '/usr/lib/python3.12/contextlib.py'>

  File "/usr/lib/python3.12/contextlib.py", line 610, in __exit__
    raise exc_details[1]
          └ (<class 'RuntimeError'>, RuntimeError('DataLoader worker (pid 387836) is killed by signal: Terminated. '), <traceback object ...
  File "/usr/lib/python3.12/contextlib.py", line 595, in __exit__
    if cb(*exc_details):
       │   └ (<class 'RuntimeError'>, RuntimeError('DataLoader worker (pid 387836) is killed by signal: Terminated. '), <traceback object ...
       └ <bound method _GeneratorContextManager.__exit__ of <contextlib._GeneratorContextManager object at 0x7f13f3fed6d0>>

  File "/usr/local/lib/python3.12/dist-packages/torch/_decomp/decompositions_for_rng.py", line 134, in __exit__
    PhiloxStateTracker.reset()
    │                  └ <classmethod(<function PhiloxStateTracker.reset at 0x7f17f73584a0>)>
    └ <class 'torch._decomp.decompositions_for_rng.PhiloxStateTracker'>

  File "/usr/local/lib/python3.12/dist-packages/torch/_decomp/decompositions_for_rng.py", line 139, in reset
    cls.fwd_state = PhiloxState()
    │   │           └ <class 'torch._decomp.decompositions_for_rng.PhiloxState'>
    │   └ <torch._decomp.decompositions_for_rng.PhiloxState object at 0x7f13f3f752e0>
    └ <class 'torch._decomp.decompositions_for_rng.PhiloxStateTracker'>

  File "/usr/local/lib/python3.12/dist-packages/torch/_decomp/decompositions_for_rng.py", line 75, in __init__
    self.reset()
    │    └ <function PhiloxState.reset at 0x7f17f732fec0>
    └ <torch._decomp.decompositions_for_rng.PhiloxState object at 0x7f13f3fb8770>

  File "/usr/local/lib/python3.12/dist-packages/torch/_decomp/decompositions_for_rng.py", line 78, in reset
    self.seed = torch.tensor(())
    │           │     └ <built-in method tensor of type object at 0x7f1aeae01240>
    │           └ <module 'torch' from '/usr/local/lib/python3.12/dist-packages/torch/__init__.py'>
    └ <torch._decomp.decompositions_for_rng.PhiloxState object at 0x7f13f3fb8770>

  File "/usr/local/lib/python3.12/dist-packages/torch/_compile.py", line 54, in inner
    return disable_fn(*args, **kwargs)
           │           │       └ {}
           │           └ (<torch._subclasses.fake_tensor.FakeTensorMode object at 0x7f15a0e65cd0>, <OpOverload(op='aten.lift_fresh', overload='default...
           └ <function DisableContext.__call__.<locals>._fn at 0x7f16e07af7e0>

  File "/usr/local/lib/python3.12/dist-packages/torch/_dynamo/eval_frame.py", line 1256, in _fn
    return fn(*args, **kwargs)
           │   │       └ {}
           │   └ (<torch._subclasses.fake_tensor.FakeTensorMode object at 0x7f15a0e65cd0>, <OpOverload(op='aten.lift_fresh', overload='default...
           └ <function FakeTensorMode.__torch_dispatch__ at 0x7f1a33311e40>

  File "/usr/local/lib/python3.12/dist-packages/torch/utils/_stats.py", line 29, in wrapper
    return fn(*args, **kwargs)
           │   │       └ {}
           │   └ (<torch._subclasses.fake_tensor.FakeTensorMode object at 0x7f15a0e65cd0>, <OpOverload(op='aten.lift_fresh', overload='default...
           └ <function FakeTensorMode.__torch_dispatch__ at 0x7f1a33311da0>

  File "/usr/local/lib/python3.12/dist-packages/torch/_subclasses/fake_tensor.py", line 1430, in __torch_dispatch__
    return self.dispatch(func, types, args, kwargs)
           │    │        │     │      │     └ {}
           │    │        │     │      └ (tensor([]),)
           │    │        │     └ ()
           │    │        └ <OpOverload(op='aten.lift_fresh', overload='default')>
           │    └ <function FakeTensorMode.dispatch at 0x7f1a33312840>
           └ <torch._subclasses.fake_tensor.FakeTensorMode object at 0x7f15a0e65cd0>

  File "/usr/local/lib/python3.12/dist-packages/torch/_subclasses/fake_tensor.py", line 2207, in dispatch
    return self._cached_dispatch_impl(func, types, args, kwargs)
           │    │                     │     │      │     └ {}
           │    │                     │     │      └ (tensor([]),)
           │    │                     │     └ ()
           │    │                     └ <OpOverload(op='aten.lift_fresh', overload='default')>
           │    └ <function FakeTensorMode._cached_dispatch_impl at 0x7f1a33312200>
           └ <torch._subclasses.fake_tensor.FakeTensorMode object at 0x7f15a0e65cd0>

  File "/usr/local/lib/python3.12/dist-packages/torch/_subclasses/fake_tensor.py", line 1541, in _cached_dispatch_impl
    return self._dispatch_impl(func, types, args, kwargs)
           │    │              │     │      │     └ {}
           │    │              │     │      └ (tensor([]),)
           │    │              │     └ ()
           │    │              └ <OpOverload(op='aten.lift_fresh', overload='default')>
           │    └ <function FakeTensorMode._dispatch_impl at 0x7f1a33312a20>
           └ <torch._subclasses.fake_tensor.FakeTensorMode object at 0x7f15a0e65cd0>

  File "/usr/local/lib/python3.12/dist-packages/torch/_subclasses/fake_tensor.py", line 2441, in _dispatch_impl
    if self.avoid_device_init:
       │    └ <property object at 0x7f1a33306c00>
       └ <torch._subclasses.fake_tensor.FakeTensorMode object at 0x7f15a0e65cd0>

  File "/usr/local/lib/python3.12/dist-packages/torch/_subclasses/fake_tensor.py", line 1405, in avoid_device_init
    torch.cuda.is_available()
    │     │    └ <function is_available at 0x7f1a347bb560>
    │     └ <module 'torch.cuda' from '/usr/local/lib/python3.12/dist-packages/torch/cuda/__init__.py'>
    └ <module 'torch' from '/usr/local/lib/python3.12/dist-packages/torch/__init__.py'>

  File "/usr/local/lib/python3.12/dist-packages/torch/cuda/__init__.py", line 171, in is_available
    if _nvml_based_avail():
       └ <function _nvml_based_avail at 0x7f1a347ba480>

  File "/usr/local/lib/python3.12/dist-packages/torch/cuda/__init__.py", line 158, in _nvml_based_avail
    return os.getenv("PYTORCH_NVML_BASED_CUDA_CHECK") == "1"
           │  └ <function getenv at 0x7f1af6a2a3e0>
           └ <module 'os' (frozen)>

  File "/usr/local/lib/python3.12/dist-packages/torch/utils/data/_utils/signal_handling.py", line 73, in handler
    _error_if_any_worker_fails()
    └ <built-in function _error_if_any_worker_fails>

torch._dynamo.exc.BackendCompilerFailed: backend='inductor' raised:
RuntimeError: DataLoader worker (pid 387836) is killed by signal: Terminated. 


During handling of the above exception, another exception occurred:


Traceback (most recent call last):

  File "/usr/local/lib/python3.12/dist-packages/torch/_dynamo/symbolic_convert.py", line 1754, in run
    self.output.cleanup()
    │    │      └ <function OutputGraph.cleanup at 0x7f1765783e20>
    │    └ OutputGraph(local_scope={'self': CheckpointWrapper(
    │        (_checkpoint_wrapped_module): MoTDecoderLayer(
    │          (self_attn): PackedA...
    └ <torch._dynamo.symbolic_convert.InstructionTranslator object at 0x7f1750d2ed20>

  File "/usr/local/lib/python3.12/dist-packages/torch/_dynamo/output_graph.py", line 3036, in cleanup
    self.tracing_context.clear()
    │    │               └ <function TracingContext.clear at 0x7f1a336ae3e0>
    │    └ <torch._guards.TracingContext object at 0x7f1750cbf4d0>
    └ OutputGraph(local_scope={'self': CheckpointWrapper(
        (_checkpoint_wrapped_module): MoTDecoderLayer(
          (self_attn): PackedA...

  File "/usr/local/lib/python3.12/dist-packages/torch/_guards.py", line 990, in clear
    self.inlined_code_cache.clear()
    │    │                  └ <method 'clear' of 'dict' objects>
    │    └ {}
    └ <torch._guards.TracingContext object at 0x7f1750cbf4d0>

  File "/usr/local/lib/python3.12/dist-packages/torch/utils/data/_utils/signal_handling.py", line 73, in handler
    _error_if_any_worker_fails()
    └ <built-in function _error_if_any_worker_fails>

RuntimeError: DataLoader worker (pid 382250) is killed by signal: Terminated. 


During handling of the above exception, another exception occurred:


Traceback (most recent call last):

  File "/usr/local/lib/python3.12/dist-packages/torch/_dynamo/convert_frame.py", line 1851, in _compile
    guarded_code, tracer_output = compile_inner(code, one_graph, hooks)
    │                             │             │     │          └ Hooks(guard_export_fn=None, guard_fail_fn=None, guard_filter_fn=None)
    │                             │             │     └ True
    │                             │             └ <code object forward at 0x7f1a30d368d0, file "/usr/local/lib/python3.12/dist-packages/torch/distributed/algorithms/_checkpoin...
    │                             └ <function _compile.<locals>.compile_inner at 0x7f13f2faf4c0>
    └ None

  File "/usr/local/lib/python3.12/dist-packages/torch/_utils_internal.py", line 96, in wrapper_function
    return function(*args, **kwargs)
           │         │       └ {}
           │         └ (<code object forward at 0x7f1a30d368d0, file "/usr/local/lib/python3.12/dist-packages/torch/distributed/algorithms/_checkpoi...
           └ <function _compile.<locals>.compile_inner at 0x7f15a0d4b880>

  File "/usr/local/lib/python3.12/dist-packages/torch/_dynamo/convert_frame.py", line 1495, in compile_inner
    return _compile_inner(code, one_graph, hooks)
           │              │     │          └ Hooks(guard_export_fn=None, guard_fail_fn=None, guard_filter_fn=None)
           │              │     └ True
           │              └ <code object forward at 0x7f1a30d368d0, file "/usr/local/lib/python3.12/dist-packages/torch/distributed/algorithms/_checkpoin...
           └ <function _compile.<locals>._compile_inner at 0x7f15a0d4b740>

  File "/usr/local/lib/python3.12/dist-packages/torch/_dynamo/convert_frame.py", line 1540, in _compile_inner
    dynamo_output = compile_frame(
                    └ <function compile_frame at 0x7f17657d7880>

  File "/usr/local/lib/python3.12/dist-packages/torch/_dynamo/convert_frame.py", line 1403, in compile_frame
    bytecode, tracer_output = transform_code_object(code, transform)
                              │                     │     └ <function compile_frame.<locals>.transform at 0x7f13f2fafe20>
                              │                     └ <code object forward at 0x7f1a30d368d0, file "/usr/local/lib/python3.12/dist-packages/torch/distributed/algorithms/_checkpoin...
                              └ <function transform_code_object at 0x7f1a08744860>

  File "/usr/local/lib/python3.12/dist-packages/torch/_dynamo/bytecode_transformation.py", line 1626, in transform_code_object
    tracer_output = transformations(instructions, code_options)
                    │               │             └ {'co_argcount': 1, 'co_posonlyargcount': 0, 'co_kwonlyargcount': 0, 'co_nlocals': 5, 'co_stacksize': 5, 'co_flags': 15, 'co_c...
                    │               └ [Instruction(opcode=135, opname='MAKE_CELL', arg=0, argval='self', offset=0, starts_line=None, is_jump_target=False, position...
                    └ <function compile_frame.<locals>.transform at 0x7f13f2fafe20>

  File "/usr/local/lib/python3.12/dist-packages/torch/_dynamo/convert_frame.py", line 1375, in transform
    tracer_output = trace_frame(
                    └ <function trace_frame at 0x7f17657d5e40>

  File "/usr/local/lib/python3.12/dist-packages/torch/_dynamo/convert_frame.py", line 341, in _fn
    return fn(*args, **kwargs)
           │   │       └ {'export': False, 'export_constraints': None, 'frame_state': {'_id': 0}, 'distributed_state': None, 'package': None}
           │   └ (<code object forward at 0x7f1a30d368d0, file "/usr/local/lib/python3.12/dist-packages/torch/distributed/algorithms/_checkpoi...
           └ <function trace_frame at 0x7f17657d5da0>

  File "/usr/local/lib/python3.12/dist-packages/torch/_dynamo/convert_frame.py", line 861, in trace_frame
    run_tracer()
    └ <function trace_frame.<locals>.run_tracer at 0x7f13f2ffe700>

  File "/usr/local/lib/python3.12/dist-packages/torch/_dynamo/convert_frame.py", line 842, in run_tracer
    tracer.run()
    │      └ <function InstructionTranslatorBase.run at 0x7f17657a1260>
    └ <torch._dynamo.symbolic_convert.InstructionTranslator object at 0x7f1750d2ed20>

  File "/usr/local/lib/python3.12/dist-packages/torch/_dynamo/symbolic_convert.py", line 1688, in run
    with self.run_ctx_mgr():
         │    └ <function InstructionTranslatorBase.run_ctx_mgr at 0x7f17657a11c0>
         └ <torch._dynamo.symbolic_convert.InstructionTranslator object at 0x7f1750d2ed20>

  File "/usr/lib/python3.12/contextlib.py", line 141, in __exit__
    def __exit__(self, typ, value, traceback):
                 │     │    │      └ <traceback object at 0x7f13f3018a00>
                 │     │    └ RuntimeError('DataLoader worker (pid 382250) is killed by signal: Terminated. ')
                 │     └ <class 'RuntimeError'>
                 └ <contextlib._GeneratorContextManager object at 0x7f1750d2e9f0>

  File "/usr/local/lib/python3.12/dist-packages/torch/utils/data/_utils/signal_handling.py", line 73, in handler
    _error_if_any_worker_fails()
    └ <built-in function _error_if_any_worker_fails>

RuntimeError: DataLoader worker (pid 384698) is killed by signal: Terminated. 


During handling of the above exception, another exception occurred:


Traceback (most recent call last):

  File "/usr/local/lib/python3.12/dist-packages/torch/_dynamo/convert_frame.py", line 1879, in _compile
    exception_stack_trace = [traceback.format_exc()]
                             │         └ <function format_exc at 0x7f1af64bccc0>
                             └ <module 'traceback' from '/usr/lib/python3.12/traceback.py'>

  File "/usr/lib/python3.12/traceback.py", line 184, in format_exc
    return "".join(format_exception(sys.exception(), limit=limit, chain=chain))
                   │                │   │                  │            └ True
                   │                │   │                  └ None
                   │                │   └ <built-in function exception>
                   │                └ <module 'sys' (built-in)>
                   └ <function format_exception at 0x7f1af64bc9a0>
  File "/usr/lib/python3.12/traceback.py", line 139, in format_exception
    te = TracebackException(type(value), value, tb, limit=limit, compact=True)
         │                       │       │      │         └ None
         │                       │       │      └ <traceback object at 0x7f15a04cd340>
         │                       │       └ RuntimeError('DataLoader worker (pid 384698) is killed by signal: Terminated. ')
         │                       └ RuntimeError('DataLoader worker (pid 384698) is killed by signal: Terminated. ')
         └ <class 'traceback.TracebackException'>
  File "/usr/lib/python3.12/traceback.py", line 811, in __init__
    context = TracebackException(
              └ <class 'traceback.TracebackException'>
  File "/usr/lib/python3.12/traceback.py", line 733, in __init__
    self.stack = StackSummary._extract_from_extended_frame_gen(
    │            │            └ <classmethod(<function StackSummary._extract_from_extended_frame_gen at 0x7f1af64bd940>)>
    │            └ <class 'traceback.StackSummary'>
    └ <traceback.TracebackException object at 0x7f13f2c8f020>
  File "/usr/lib/python3.12/traceback.py", line 418, in _extract_from_extended_frame_gen
    for f, (lineno, end_lineno, colno, end_colno) in frame_gen:
        │   │       │           │      │             └ <generator object _walk_tb_with_full_positions at 0x7f15a0d47ae0>
        │   │       │           │      └ 63
        │   │       │           └ 19
        │   │       └ 2656
        │   └ 2656
        └ <frame at 0x7f1a4575aa40, file '/usr/local/lib/python3.12/dist-packages/torch/_dynamo/output_graph.py', line 2656, code call_...
  File "/usr/lib/python3.12/traceback.py", line 355, in _walk_tb_with_full_positions
    positions = _get_code_position(tb.tb_frame.f_code, tb.tb_lasti)
                │                  │  │                │  └ <member 'tb_lasti' of 'traceback' objects>
                │                  │  │                └ <traceback object at 0x7f150243a240>
                │                  │  └ <member 'tb_frame' of 'traceback' objects>
                │                  └ <traceback object at 0x7f150243a240>
                └ <function _get_code_position at 0x7f1af64bd760>
  File "/usr/lib/python3.12/traceback.py", line 369, in _get_code_position
    return next(itertools.islice(positions_gen, instruction_index // 2, None))
                │         │      │              └ 1676
                │         │      └ <positions_iterator object at 0x7f15a0ba1d40>
                │         └ <class 'itertools.islice'>
                └ <module 'itertools' (built-in)>

  File "/usr/local/lib/python3.12/dist-packages/torch/utils/data/_utils/signal_handling.py", line 73, in handler
    _error_if_any_worker_fails()
    └ <built-in function _error_if_any_worker_fails>

RuntimeError: DataLoader worker (pid 382171) is killed by signal: Terminated. 


During handling of the above exception, another exception occurred:


Traceback (most recent call last):

  File "/share/project/eai_pwm/home/hcr/worktrees/cosmos-framework-pwm-load-balance/plans/v0.2.3c_kernel_list/run_profile.py", line 68, in <module>
    main()
    └ <function main at 0x7f1af69a2700>

  File "/share/project/eai_pwm/home/hcr/worktrees/cosmos-framework-pwm-load-balance/plans/v0.2.3c_kernel_list/run_profile.py", line 62, in main
    runpy.run_module("cosmos_framework.scripts.train", run_name="__main__")
    │     └ <function run_module at 0x7f1af6632de0>
    └ <module 'runpy' (frozen)>

  File "<frozen runpy>", line 229, in run_module
  File "<frozen runpy>", line 88, in _run_code

> File "/share/project/eai_pwm/home/hcr/worktrees/cosmos-framework-pwm-load-balance/cosmos_framework/scripts/train.py", line 320, in <module>
    launch(config, args)
    │      │       └ Namespace(sft_toml='/share/project/eai_pwm/home/hcr/worktrees/cosmos-framework-pwm-load-balance/examples/toml/sft_config/visi...
    │      └ Config(model={'config': {'tokenizer': {'bucket_name': '', 'object_store_credential_path_pretrained': '', 'vae_path': 'pretrai...
    └ <function launch at 0x7f1764f64cc0>

  File "/share/project/eai_pwm/home/hcr/worktrees/cosmos-framework-pwm-load-balance/cosmos_framework/utils/training_telemetry/telemetry.py", line 65, in wrapper
    return func(config, *args, **kwargs)
           │    │        │       └ {}
           │    │        └ (Namespace(sft_toml='/share/project/eai_pwm/home/hcr/worktrees/cosmos-framework-pwm-load-balance/examples/toml/sft_config/vis...
           │    └ Config(model={'config': {'tokenizer': {'bucket_name': '', 'object_store_credential_path_pretrained': '', 'vae_path': 'pretrai...
           └ <function launch at 0x7f1764f64900>

  File "/share/project/eai_pwm/home/hcr/worktrees/cosmos-framework-pwm-load-balance/cosmos_framework/scripts/train.py", line 197, in launch
    _run_training(config, args)
    │             │       └ Namespace(sft_toml='/share/project/eai_pwm/home/hcr/worktrees/cosmos-framework-pwm-load-balance/examples/toml/sft_config/visi...
    │             └ Config(model={'config': {'tokenizer': {'bucket_name': '', 'object_store_credential_path_pretrained': '', 'vae_path': 'pretrai...
    └ <function _run_training at 0x7f1764f64d60>

  File "/share/project/eai_pwm/home/hcr/worktrees/cosmos-framework-pwm-load-balance/cosmos_framework/scripts/train.py", line 242, in _run_training
    trainer.train(
    │       └ <function ImaginaireTrainer.train at 0x7f1a0bb40d60>
    └ <cosmos_framework.trainer.ImaginaireTrainer object at 0x7f174f93faa0>

  File "/share/project/eai_pwm/home/hcr/worktrees/cosmos-framework-pwm-load-balance/cosmos_framework/trainer/__init__.py", line 346, in train
    output_batch, loss, grad_accum_iter = self.training_step(
                                          │    └ <function ImaginaireTrainer.training_step at 0x7f1a0bb40e00>
                                          └ <cosmos_framework.trainer.ImaginaireTrainer object at 0x7f174f93faa0>

  File "/share/project/eai_pwm/home/hcr/worktrees/cosmos-framework-pwm-load-balance/cosmos_framework/trainer/__init__.py", line 426, in training_step
    output_batch, loss = model_ddp.training_step(data, iteration)
                         │         │             │     └ 12600
                         │         │             └ {'ai_caption': ['{"scene": "A bedroom interior with pale cream wallpaper bearing a faint damask pattern. A bed with a white h...
                         │         └ <function OmniMoTModel.training_step at 0x7f175741db20>
                         └ OmniMoTModel(
                             (net): FSDPCosmos3VFMNetwork(
                               (language_model): Qwen3VLTextForCausalLM(
                                 (model): Qwen3VLTextModel(
                           ...

  File "/share/project/eai_pwm/home/hcr/worktrees/cosmos-framework-pwm-load-balance/cosmos_framework/model/generator/omni_mot_model.py", line 1303, in training_step
    return self.training_step_for_task(task, data_batch, iteration)
           │    │                      │     │           └ 12600
           │    │                      │     └ {'ai_caption': ['{"scene": "A bedroom interior with pale cream wallpaper bearing a faint damask pattern. A bed with a white h...
           │    │                      └ 'gen'
           │    └ <function OmniMoTModel.training_step_for_task at 0x7f175741da80>
           └ OmniMoTModel(
               (net): FSDPCosmos3VFMNetwork(
                 (language_model): Qwen3VLTextForCausalLM(
                   (model): Qwen3VLTextModel(
             ...

  File "/share/project/eai_pwm/home/hcr/worktrees/cosmos-framework-pwm-load-balance/cosmos_framework/model/generator/omni_mot_model.py", line 1274, in training_step_for_task
    output, raw_loss = self._training_step_gen(data_batch, iteration)
                       │    │                  │           └ 12600
                       │    │                  └ {'ai_caption': ['{"scene": "A bedroom interior with pale cream wallpaper bearing a faint damask pattern. A bed with a white h...
                       │    └ <function OmniMoTModel._training_step_gen at 0x7f175741dc60>
                       └ OmniMoTModel(
                           (net): FSDPCosmos3VFMNetwork(
                             (language_model): Qwen3VLTextForCausalLM(
                               (model): Qwen3VLTextModel(
                         ...

  File "/share/project/eai_pwm/home/hcr/worktrees/cosmos-framework-pwm-load-balance/cosmos_framework/model/generator/omni_mot_model.py", line 1559, in _training_step_gen
    out_net = self.denoise(
              │    └ <function OmniMoTModel.denoise at 0x7f175741fce0>
              └ OmniMoTModel(
                  (net): FSDPCosmos3VFMNetwork(
                    (language_model): Qwen3VLTextForCausalLM(
                      (model): Qwen3VLTextModel(
                ...

  File "/share/project/eai_pwm/home/hcr/worktrees/cosmos-framework-pwm-load-balance/cosmos_framework/model/generator/omni_mot_model.py", line 5115, in denoise
    out_net = net(
              └ FSDPCosmos3VFMNetwork(
                  (language_model): Qwen3VLTextForCausalLM(
                    (model): Qwen3VLTextModel(
                      (embed_tokens): Embed...

  File "/usr/local/lib/python3.12/dist-packages/torch/nn/modules/module.py", line 1778, in _wrapped_call_impl
    return self._call_impl(*args, **kwargs)
           │    │           │       └ {'packed_seq': PackedSequence(sample_lens=[55530], split_lens=[330, 55200], attn_modes=['causal', 'full'], is_image_batch=Fal...
           │    │           └ ()
           │    └ <function Module._call_impl at 0x7f1a3411ce00>
           └ FSDPCosmos3VFMNetwork(
               (language_model): Qwen3VLTextForCausalLM(
                 (model): Qwen3VLTextModel(
                   (embed_tokens): Embed...

  File "/usr/local/lib/python3.12/dist-packages/torch/nn/modules/module.py", line 1884, in _call_impl
    return inner()
           └ <function Module._call_impl.<locals>.inner at 0x7f15a0eb3d80>

  File "/usr/local/lib/python3.12/dist-packages/torch/nn/modules/module.py", line 1832, in inner
    result = forward_call(*args, **kwargs)
             │             │       └ {'packed_seq': PackedSequence(sample_lens=[55530], split_lens=[330, 55200], attn_modes=['causal', 'full'], is_image_batch=Fal...
             │             └ ()
             └ <bound method Cosmos3VFMNetwork.forward of FSDPCosmos3VFMNetwork(
                 (language_model): Qwen3VLTextForCausalLM(
                   (model): Qw...

  File "/share/project/eai_pwm/home/hcr/worktrees/cosmos-framework-pwm-load-balance/cosmos_framework/model/generator/mot/cosmos3_vfm_network.py", line 1487, in forward
    packed_outputs, lbl_metadata = self.language_model(
                                   └ FSDPCosmos3VFMNetwork(
                                       (language_model): Qwen3VLTextForCausalLM(
                                         (model): Qwen3VLTextModel(
                                           (embed_tokens): Embed...

  File "/usr/local/lib/python3.12/dist-packages/torch/nn/modules/module.py", line 1778, in _wrapped_call_impl
    return self._call_impl(*args, **kwargs)
           │    │           │       └ {'attention_mask': <cosmos_framework.model.generator.mot.attention.SplitInfo object at 0x7f1750c6d3a0>, 'position_ids': tenso...
           │    │           └ ({'sample_offsets': tensor([    0, 55530], device='cuda:4', dtype=torch.int32), 'max_sample_len': 101376, 'max_causal_len': 3...
           │    └ <function Module._call_impl at 0x7f1a3411ce00>
           └ Qwen3VLTextForCausalLM(
               (model): Qwen3VLTextModel(
                 (embed_tokens): Embedding(151936, 4096)
                 (layers): ModuleList(
               ...

  File "/usr/local/lib/python3.12/dist-packages/torch/nn/modules/module.py", line 1789, in _call_impl
    return forward_call(*args, **kwargs)
           │             │       └ {'attention_mask': <cosmos_framework.model.generator.mot.attention.SplitInfo object at 0x7f1750c6d3a0>, 'position_ids': tenso...
           │             └ ({'sample_offsets': tensor([    0, 55530], device='cuda:4', dtype=torch.int32), 'max_sample_len': 101376, 'max_causal_len': 3...
           └ <bound method Qwen3VLTextForCausalLM.forward of Qwen3VLTextForCausalLM(
               (model): Qwen3VLTextModel(
                 (embed_tokens): Embe...

  File "/share/project/eai_pwm/home/hcr/worktrees/cosmos-framework-pwm-load-balance/cosmos_framework/model/generator/mot/unified_mot.py", line 2365, in forward
    outputs = self.model(
              └ Qwen3VLTextForCausalLM(
                  (model): Qwen3VLTextModel(
                    (embed_tokens): Embedding(151936, 4096)
                    (layers): ModuleList(
                  ...

  File "/usr/local/lib/python3.12/dist-packages/torch/nn/modules/module.py", line 1778, in _wrapped_call_impl
    return self._call_impl(*args, **kwargs)
           │    │           │       └ {'pack': {'sample_offsets': tensor([    0, 55530], device='cuda:4', dtype=torch.int32), 'max_sample_len': 101376, 'max_causal...
           │    │           └ ()
           │    └ <function Module._call_impl at 0x7f1a3411ce00>
           └ Qwen3VLTextModel(
               (embed_tokens): Embedding(151936, 4096)
               (layers): ModuleList(
                 (0-35): 36 x FSDPOptimizedModule(
                ...

  File "/usr/local/lib/python3.12/dist-packages/torch/nn/modules/module.py", line 1789, in _call_impl
    return forward_call(*args, **kwargs)
           │             │       └ {'pack': {'sample_offsets': tensor([    0, 55530], device='cuda:4', dtype=torch.int32), 'max_sample_len': 101376, 'max_causal...
           │             └ ()
           └ <bound method Qwen3VLTextModel.forward of Qwen3VLTextModel(
               (embed_tokens): Embedding(151936, 4096)
               (layers): ModuleList(...

  File "/share/project/eai_pwm/home/hcr/worktrees/cosmos-framework-pwm-load-balance/cosmos_framework/model/generator/mot/unified_mot.py", line 1543, in forward
    return _impl_forward(self, *args, **kwargs)
           │             │      │       └ {'pack': {'sample_offsets': tensor([    0, 55530], device='cuda:4', dtype=torch.int32), 'max_sample_len': 101376, 'max_causal...
           │             │      └ ()
           │             └ Qwen3VLTextModel(
           │                 (embed_tokens): Embedding(151936, 4096)
           │                 (layers): ModuleList(
           │                   (0-35): 36 x FSDPOptimizedModule(
           │                  ...
           └ <function _impl_forward at 0x7f17579db6a0>

  File "/share/project/eai_pwm/home/hcr/worktrees/cosmos-framework-pwm-load-balance/cosmos_framework/model/generator/mot/unified_mot.py", line 1084, in _impl_forward
    hidden_states, lbl_metadata_dict, kv_to_store = decoder_layer(
    │                                               └ FSDPOptimizedModule(
    │                                                   (_orig_mod): CheckpointWrapper(
    │                                                     (_checkpoint_wrapped_module): MoTDecoderLayer(
    │                                                       (self_attn): ...
    └ {'sample_offsets': tensor([    0, 55530], device='cuda:4', dtype=torch.int32), 'max_sample_len': 101376, 'max_causal_len': 30...

  File "/usr/local/lib/python3.12/dist-packages/torch/_dynamo/eval_frame.py", line 468, in __call__
    return super().__call__(*args, **kwargs)
                             │       └ {'natten_metadata': None, 'memory_value': None, 'gen_only': False}
                             └ ({'sample_offsets': tensor([    0, 55530], device='cuda:4', dtype=torch.int32), 'max_sample_len': 101376, 'max_causal_len': 3...

  File "/usr/local/lib/python3.12/dist-packages/torch/nn/modules/module.py", line 1778, in _wrapped_call_impl
    return self._call_impl(*args, **kwargs)
           │    │           │       └ {'natten_metadata': None, 'memory_value': None, 'gen_only': False}
           │    │           └ ({'sample_offsets': tensor([    0, 55530], device='cuda:4', dtype=torch.int32), 'max_sample_len': 101376, 'max_causal_len': 3...
           │    └ <function Module._call_impl at 0x7f1a3411ce00>
           └ FSDPOptimizedModule(
               (_orig_mod): CheckpointWrapper(
                 (_checkpoint_wrapped_module): MoTDecoderLayer(
                   (self_attn): ...

  File "/usr/local/lib/python3.12/dist-packages/torch/nn/modules/module.py", line 1884, in _call_impl
    return inner()
           └ <function Module._call_impl.<locals>.inner at 0x7f15a0d4a2a0>

  File "/usr/local/lib/python3.12/dist-packages/torch/nn/modules/module.py", line 1832, in inner
    result = forward_call(*args, **kwargs)
             │             │       └ {'natten_metadata': None, 'memory_value': None, 'gen_only': False}
             │             └ ({'sample_offsets': tensor([    0, 55530], device='cuda:4', dtype=torch.int32), 'max_sample_len': 101376, 'max_causal_len': 3...
             └ <function Module._wrapped_call_impl at 0x7f16e08600e0>

  File "/usr/local/lib/python3.12/dist-packages/torch/_dynamo/eval_frame.py", line 1020, in compile_wrapper
    return fn(*args, **kwargs)
           │   │       └ {'natten_metadata': None, 'memory_value': None, 'gen_only': False}
           │   └ ({'sample_offsets': tensor([    0, 55530], device='cuda:4', dtype=torch.int32), 'max_sample_len': 101376, 'max_causal_len': 3...
           └ <bound method Module._wrapped_call_impl of CheckpointWrapper(
               (_checkpoint_wrapped_module): MoTDecoderLayer(
                 (self_attn...

  File "/usr/local/lib/python3.12/dist-packages/torch/nn/modules/module.py", line 1778, in _wrapped_call_impl
    return self._call_impl(*args, **kwargs)
           │    │           │       └ {'natten_metadata': None, 'memory_value': None, 'gen_only': False}
           │    │           └ ({'sample_offsets': tensor([    0, 55530], device='cuda:4', dtype=torch.int32), 'max_sample_len': 101376, 'max_causal_len': 3...
           │    └ <function Module._call_impl at 0x7f1a3411ce00>
           └ CheckpointWrapper(
               (_checkpoint_wrapped_module): MoTDecoderLayer(
                 (self_attn): PackedAttentionMoT(
                   (q_proj): Line...

  File "/usr/local/lib/python3.12/dist-packages/torch/nn/modules/module.py", line 1789, in _call_impl
    return forward_call(*args, **kwargs)
           │             │       └ {'natten_metadata': None, 'memory_value': None, 'gen_only': False}
           │             └ ({'sample_offsets': tensor([    0, 55530], device='cuda:4', dtype=torch.int32), 'max_sample_len': 101376, 'max_causal_len': 3...
           └ <bound method CheckpointWrapper.forward of CheckpointWrapper(
               (_checkpoint_wrapped_module): MoTDecoderLayer(
                 (self_attn...

  File "/usr/local/lib/python3.12/dist-packages/torch/_dynamo/convert_frame.py", line 2340, in __call__
    result = self._torchdynamo_orig_backend(
             │    └ <torch._dynamo.convert_frame.ConvertFrameAssert object at 0x7f16e09d4fe0>
             └ <torch._dynamo.convert_frame.CatchErrorsWrapper object at 0x7f16e09d4fb0>

  File "/usr/local/lib/python3.12/dist-packages/torch/_dynamo/convert_frame.py", line 727, in __call__
    result = _compile(
             └ <function _compile at 0x7f17657d7920>

  File "/usr/local/lib/python3.12/dist-packages/torch/_dynamo/convert_frame.py", line 2031, in _compile
    should_clear = _is_registered_backend(innermost_backend(compiler_fn))
                   │                      │                 └ <torch._dynamo.repro.after_dynamo.WrapBackendDebug object at 0x7f16e09d50a0>
                   │                      └ <function innermost_backend at 0x7f1a083d9a80>
                   └ <function _is_registered_backend at 0x7f1a0859f420>

  File "/usr/local/lib/python3.12/dist-packages/torch/_dynamo/backends/registry.py", line 189, in _is_registered_backend
    _lazy_import()
    └ <functools._lru_cache_wrapper object at 0x7f1a085cbd70>

  File "/usr/local/lib/python3.12/dist-packages/torch/_dynamo/backends/registry.py", line 167, in _lazy_import
    _discover_entrypoint_backends()
    └ <functools._lru_cache_wrapper object at 0x7f1a085cbe20>

  File "/usr/local/lib/python3.12/dist-packages/torch/_dynamo/backends/registry.py", line 176, in _discover_entrypoint_backends
    eps = entry_points(group=group_name)
          │                  └ 'torch_dynamo_backends'
          └ <function entry_points at 0x7f1af6622de0>

  File "/usr/lib/python3.12/importlib/metadata/__init__.py", line 913, in entry_points
    return EntryPoints(eps).select(**params)
           │           │             └ {'group': 'torch_dynamo_backends'}
           │           └ <itertools.chain object at 0x7f15a0b7f280>
           └ <class 'importlib.metadata.EntryPoints'>
  File "/usr/lib/python3.12/importlib/metadata/__init__.py", line 910, in <genexpr>
    eps = itertools.chain.from_iterable(
          │         │     └ <method 'from_iterable' of 'itertools.chain' objects>
          │         └ <class 'itertools.chain'>
          └ <module 'itertools' (built-in)>
  File "/usr/lib/python3.12/importlib/metadata/_itertools.py", line 15, in unique_everseen
    for element in iterable:
        │          └ <itertools.chain object at 0x7f15a0b7cf70>
        └ <importlib_metadata.PathDistribution object at 0x7f15a0b7e900>
  File "/opt/venv/lib/python3.12/site-packages/importlib_metadata/__init__.py", line 983, in __init__
    def __init__(self, path: SimplePath) -> None:
                 │     │     └ <class 'importlib_metadata._meta.SimplePath'>
                 │     └ PosixPath('/share/project/eai_pwm/home/hcr/worktrees/cosmos-framework-pwm-load-balance/plans/v0.2.3c_kernel_list/env/diffuser...
                 └ <importlib_metadata.PathDistribution object at 0x7f15a0b7e8d0>

  File "/usr/local/lib/python3.12/dist-packages/torch/utils/data/_utils/signal_handling.py", line 73, in handler
    _error_if_any_worker_fails()
    └ <built-in function _error_if_any_worker_fails>

RuntimeError: DataLoader worker (pid 387272) is killed by signal: Terminated. 
2026-09-24 16:21:43.311 | ERROR    | __main__:<module>:320 - An error has been caught in function '<module>', process 'MainProcess' (379273), thread 'MainThread' (139946928894080):
Traceback (most recent call last):

  File "/usr/local/lib/python3.12/dist-packages/torch/_dynamo/symbolic_convert.py", line 1694, in run
    while self.step():
          │    └ <function InstructionTranslatorBase.step at 0x7f4700128f40>
          └ <torch._dynamo.symbolic_convert.InstructionTranslator object at 0x7f4448ff1d30>

  File "/usr/local/lib/python3.12/dist-packages/torch/_dynamo/symbolic_convert.py", line 1360, in step
    self.dispatch_table[inst.opcode](self, inst)
    │    │              │    │       │     └ Instruction(opcode=83, opname='RETURN_VALUE', arg=None, argval=None, offset=214, starts_line=169, is_jump_target=False, posit...
    │    │              │    │       └ <torch._dynamo.symbolic_convert.InstructionTranslator object at 0x7f4448ff1d30>
    │    │              │    └ <member 'opcode' of 'Instruction' objects>
    │    │              └ Instruction(opcode=83, opname='RETURN_VALUE', arg=None, argval=None, offset=214, starts_line=169, is_jump_target=False, posit...
    │    └ [<function InstructionTranslatorBase.CACHE at 0x7f4700141080>, <function InstructionTranslatorBase.POP_TOP at 0x7f47001318a0>...
    └ <torch._dynamo.symbolic_convert.InstructionTranslator object at 0x7f4448ff1d30>

  File "/usr/local/lib/python3.12/dist-packages/torch/_dynamo/symbolic_convert.py", line 4944, in RETURN_VALUE
    self._return(inst)
    │    │       └ Instruction(opcode=83, opname='RETURN_VALUE', arg=None, argval=None, offset=214, starts_line=169, is_jump_target=False, posit...
    │    └ <function InstructionTranslator._return at 0x7f470013b920>
    └ <torch._dynamo.symbolic_convert.InstructionTranslator object at 0x7f4448ff1d30>

  File "/usr/local/lib/python3.12/dist-packages/torch/_dynamo/symbolic_convert.py", line 4926, in _return
    all_stack_locals_metadata = self.output.compile_subgraph(
                                │    │      └ <function OutputGraph.compile_subgraph at 0x7f470010ede0>
                                │    └ <unprintable OutputGraph object>
                                └ <torch._dynamo.symbolic_convert.InstructionTranslator object at 0x7f4448ff1d30>

  File "/usr/local/lib/python3.12/dist-packages/torch/_dynamo/output_graph.py", line 1929, in compile_subgraph
    self.compile_and_call_fx_graph(tx, pass2.graph_output_vars(), root)
    │    │                         │   │     │                    └ FakeRootModule(...)
    │    │                         │   │     └ <function PyCodegen.graph_output_vars at 0x7f47003b1940>
    │    │                         │   └ <torch._dynamo.codegen.PyCodegen object at 0x7f473d48b830>
    │    │                         └ <torch._dynamo.symbolic_convert.InstructionTranslator object at 0x7f4448ff1d30>
    │    └ <function OutputGraph.compile_and_call_fx_graph at 0x7f470010f4c0>
    └ <unprintable OutputGraph object>

  File "/usr/local/lib/python3.12/dist-packages/torch/_dynamo/output_graph.py", line 2503, in compile_and_call_fx_graph
    compiled_fn = self.call_user_compiler(gm, self.example_inputs())
                  │    │                  │   │    └ <function OutputGraph.example_inputs at 0x7f470010f920>
                  │    │                  │   └ <unprintable OutputGraph object>
                  │    │                  └ GraphModule(
                  │    │                      (wrap_body_0): GraphModule(
                  │    │                        (fwd_body_0): GraphModule()
                  │    │                        (bwd_body_0): GraphModule()
                  │    │                        (fwd_body_1): ...
                  │    └ <function OutputGraph.call_user_compiler at 0x7f470010f6a0>
                  └ <unprintable OutputGraph object>

  File "/usr/local/lib/python3.12/dist-packages/torch/_dynamo/output_graph.py", line 2656, in call_user_compiler
    return self._call_user_compiler(gm, example_inputs)
           │    │                   │   └ [s12, tensor([    0, 60323], device='cuda:0', dtype=torch.int32), s39, tensor([  0,   1,   2,   3,   4,   5,   6,   7,   8,  ...
           │    │                   └ GraphModule(
           │    │                       (wrap_body_0): GraphModule(
           │    │                         (fwd_body_0): GraphModule()
           │    │                         (bwd_body_0): GraphModule()
           │    │                         (fwd_body_1): ...
           │    └ <function OutputGraph._call_user_compiler at 0x7f470010f740>
           └ <unprintable OutputGraph object>

  File "/usr/local/lib/python3.12/dist-packages/torch/_dynamo/output_graph.py", line 2739, in _call_user_compiler
    raise BackendCompilerFailed(
          └ <class 'torch._dynamo.exc.BackendCompilerFailed'>

  File "/usr/local/lib/python3.12/dist-packages/torch/_dynamo/output_graph.py", line 2714, in _call_user_compiler
    compiled_fn = compiler_fn(gm, example_inputs)
                  │           │   └ [s12, tensor([    0, 60323], device='cuda:0', dtype=torch.int32), s39, tensor([  0,   1,   2,   3,   4,   5,   6,   7,   8,  ...
                  │           └ GraphModule(
                  │               (wrap_body_0): GraphModule(
                  │                 (fwd_body_0): GraphModule()
                  │                 (bwd_body_0): GraphModule()
                  │                 (fwd_body_1): ...
                  └ <torch._dynamo.repro.after_dynamo.WrapBackendDebug object at 0x7f43d8a02ed0>

  File "/usr/local/lib/python3.12/dist-packages/torch/_dynamo/repro/after_dynamo.py", line 156, in __call__
    compiled_gm = compiler_fn(gm, example_inputs)
                  │           │   └ [s12, tensor([    0, 60323], device='cuda:0', dtype=torch.int32), s39, tensor([  0,   1,   2,   3,   4,   5,   6,   7,   8,  ...
                  │           └ GraphModule(
                  │               (wrap_body_0): GraphModule(
                  │                 (fwd_body_0): GraphModule()
                  │                 (bwd_body_0): GraphModule()
                  │                 (fwd_body_1): ...
                  └ functools.partial(<torch._TorchCompileInductorWrapper object at 0x7f43d8a030b0>)

  File "/usr/local/lib/python3.12/dist-packages/torch/__init__.py", line 2476, in __call__
    return compile_fx(model_, inputs_, config_patches=all_patches)
           │          │       │                       └ {'triton.mix_order_reduction_split_size': 32}
           │          │       └ [s12, tensor([    0, 60323], device='cuda:0', dtype=torch.int32), s39, tensor([  0,   1,   2,   3,   4,   5,   6,   7,   8,  ...
           │          └ GraphModule(
           │              (wrap_body_0): GraphModule(
           │                (fwd_body_0): GraphModule()
           │                (bwd_body_0): GraphModule()
           │                (fwd_body_1): ...
           └ <function compile_fx at 0x7f444ffac0e0>

  File "/usr/local/lib/python3.12/dist-packages/torch/_inductor/compile_fx.py", line 2578, in compile_fx
    return compile_fx(
           └ <function compile_fx at 0x7f444ffac0e0>

  File "/usr/local/lib/python3.12/dist-packages/torch/_inductor/compile_fx.py", line 2629, in compile_fx
    return _maybe_wrap_and_compile_fx_main(
           └ <function _maybe_wrap_and_compile_fx_main at 0x7f444ffac220>

  File "/usr/local/lib/python3.12/dist-packages/torch/_inductor/compile_fx.py", line 2706, in _maybe_wrap_and_compile_fx_main
    return _compile_fx_main(
           └ <function _compile_fx_main at 0x7f444ffac2c0>

  File "/usr/local/lib/python3.12/dist-packages/torch/_inductor/compile_fx.py", line 2902, in _compile_fx_main
    return aot_autograd(
           └ <function aot_autograd at 0x7f445d4cd260>

  File "/usr/local/lib/python3.12/dist-packages/torch/_dynamo/backends/common.py", line 123, in __call__
    cg = aot_module_simplified(gm, example_inputs, **self.kwargs)
         │                     │   │                 │    └ {'fw_compiler': <torch._functorch._aot_autograd.schemas.SerializableAOTDispatchCompiler object at 0x7f428109e060>, 'bw_compil...
         │                     │   │                 └ <torch._dynamo.backends.common.AotAutograd object at 0x7f473d38e9c0>
         │                     │   └ [s12, tensor([    0, 60323], device='cuda:0', dtype=torch.int32), s39, tensor([  0,   1,   2,   3,   4,   5,   6,   7,   8,  ...
         │                     └ GraphModule(
         │                         (wrap_body_0): GraphModule(
         │                           (fwd_body_0): GraphModule()
         │                           (bwd_body_0): GraphModule()
         │                           (fwd_body_1): ...
         └ <function aot_module_simplified at 0x7f445d4bed40>

  File "/usr/local/lib/python3.12/dist-packages/torch/_functorch/aot_autograd.py", line 1103, in aot_module_simplified
    with contextlib.ExitStack() as stack:
         │          │              └ <contextlib.ExitStack object at 0x7f473d38e360>
         │          └ <class 'contextlib.ExitStack'>
         └ <module 'contextlib' from '/usr/lib/python3.12/contextlib.py'>

  File "/usr/lib/python3.12/contextlib.py", line 610, in __exit__
    raise exc_details[1]
          └ (<class 'RuntimeError'>, RuntimeError('DataLoader worker (pid 389486) is killed by signal: Terminated. '), <traceback object ...
  File "/usr/lib/python3.12/contextlib.py", line 595, in __exit__
    if cb(*exc_details):
       │   └ (<class 'RuntimeError'>, RuntimeError('DataLoader worker (pid 389486) is killed by signal: Terminated. '), <traceback object ...
       └ <bound method _GeneratorContextManager.__exit__ of <contextlib._GeneratorContextManager object at 0x7f473d43fcb0>>

  File "/usr/local/lib/python3.12/dist-packages/torch/_decomp/decompositions_for_rng.py", line 134, in __exit__
    PhiloxStateTracker.reset()
    │                  └ <classmethod(<function PhiloxStateTracker.reset at 0x7f470030c4a0>)>
    └ <class 'torch._decomp.decompositions_for_rng.PhiloxStateTracker'>

  File "/usr/local/lib/python3.12/dist-packages/torch/_decomp/decompositions_for_rng.py", line 138, in reset
    cls.running_state = PhiloxState()
    │   │               └ <class 'torch._decomp.decompositions_for_rng.PhiloxState'>
    │   └ <torch._decomp.decompositions_for_rng.PhiloxState object at 0x7f473d5b6ea0>
    └ <class 'torch._decomp.decompositions_for_rng.PhiloxStateTracker'>

  File "/usr/local/lib/python3.12/dist-packages/torch/_decomp/decompositions_for_rng.py", line 75, in __init__
    self.reset()
    │    └ <function PhiloxState.reset at 0x7f47002e3ec0>
    └ <torch._decomp.decompositions_for_rng.PhiloxState object at 0x7f473d38a720>

  File "/usr/local/lib/python3.12/dist-packages/torch/_decomp/decompositions_for_rng.py", line 78, in reset
    self.seed = torch.tensor(())
    │           │     └ <built-in method tensor of type object at 0x7f47e30e5240>
    │           └ <module 'torch' from '/usr/local/lib/python3.12/dist-packages/torch/__init__.py'>
    └ <torch._decomp.decompositions_for_rng.PhiloxState object at 0x7f473d38a720>

  File "/usr/local/lib/python3.12/dist-packages/torch/_library/simple_registry.py", line 86, in find_torch_dispatch_rule
    def find_torch_dispatch_rule(
        └ <function find_torch_dispatch_rule at 0x7f472c347b00>

  File "/usr/local/lib/python3.12/dist-packages/torch/utils/data/_utils/signal_handling.py", line 73, in handler
    _error_if_any_worker_fails()
    └ <built-in function _error_if_any_worker_fails>

torch._dynamo.exc.BackendCompilerFailed: backend='inductor' raised:
RuntimeError: DataLoader worker (pid 389486) is killed by signal: Terminated. 


During handling of the above exception, another exception occurred:


Traceback (most recent call last):

  File "/usr/local/lib/python3.12/dist-packages/torch/_dynamo/convert_frame.py", line 1851, in _compile
    guarded_code, tracer_output = compile_inner(code, one_graph, hooks)
    │                             │             │     │          └ Hooks(guard_export_fn=None, guard_fail_fn=None, guard_filter_fn=None)
    │                             │             │     └ True
    │                             │             └ <code object forward at 0x7f47290268d0, file "/usr/local/lib/python3.12/dist-packages/torch/distributed/algorithms/_checkpoin...
    │                             └ <function _compile.<locals>.compile_inner at 0x7f42989e31a0>
    └ None

  File "/usr/local/lib/python3.12/dist-packages/torch/_utils_internal.py", line 96, in wrapper_function
    return function(*args, **kwargs)
           │         │       └ {}
           │         └ (<code object forward at 0x7f47290268d0, file "/usr/local/lib/python3.12/dist-packages/torch/distributed/algorithms/_checkpoi...
           └ <function _compile.<locals>.compile_inner at 0x7f429884f560>

  File "/usr/local/lib/python3.12/dist-packages/torch/_dynamo/convert_frame.py", line 1495, in compile_inner
    return _compile_inner(code, one_graph, hooks)
           │              │     │          └ Hooks(guard_export_fn=None, guard_fail_fn=None, guard_filter_fn=None)
           │              │     └ True
           │              └ <code object forward at 0x7f47290268d0, file "/usr/local/lib/python3.12/dist-packages/torch/distributed/algorithms/_checkpoin...
           └ <function _compile.<locals>._compile_inner at 0x7f429884f420>

  File "/usr/local/lib/python3.12/dist-packages/torch/_dynamo/convert_frame.py", line 1540, in _compile_inner
    dynamo_output = compile_frame(
                    └ <function compile_frame at 0x7f4700163880>

  File "/usr/local/lib/python3.12/dist-packages/torch/_dynamo/convert_frame.py", line 1403, in compile_frame
    bytecode, tracer_output = transform_code_object(code, transform)
                              │                     │     └ <function compile_frame.<locals>.transform at 0x7f42989e3b00>
                              │                     └ <code object forward at 0x7f47290268d0, file "/usr/local/lib/python3.12/dist-packages/torch/distributed/algorithms/_checkpoin...
                              └ <function transform_code_object at 0x7f4700a28860>

  File "/usr/local/lib/python3.12/dist-packages/torch/_dynamo/bytecode_transformation.py", line 1626, in transform_code_object
    tracer_output = transformations(instructions, code_options)
                    │               │             └ {'co_argcount': 1, 'co_posonlyargcount': 0, 'co_kwonlyargcount': 0, 'co_nlocals': 5, 'co_stacksize': 5, 'co_flags': 15, 'co_c...
                    │               └ [Instruction(opcode=135, opname='MAKE_CELL', arg=0, argval='self', offset=0, starts_line=None, is_jump_target=False, position...
                    └ <function compile_frame.<locals>.transform at 0x7f42989e3b00>

  File "/usr/local/lib/python3.12/dist-packages/torch/_dynamo/convert_frame.py", line 1375, in transform
    tracer_output = trace_frame(
                    └ <function trace_frame at 0x7f4700161e40>

  File "/usr/local/lib/python3.12/dist-packages/torch/_dynamo/convert_frame.py", line 341, in _fn
    return fn(*args, **kwargs)
           │   │       └ {'export': False, 'export_constraints': None, 'frame_state': {'_id': 0}, 'distributed_state': None, 'package': None}
           │   └ (<code object forward at 0x7f47290268d0, file "/usr/local/lib/python3.12/dist-packages/torch/distributed/algorithms/_checkpoi...
           └ <function trace_frame at 0x7f4700161da0>

  File "/usr/local/lib/python3.12/dist-packages/torch/_dynamo/convert_frame.py", line 861, in trace_frame
    run_tracer()
    └ <function trace_frame.<locals>.run_tracer at 0x7f42989ae3e0>

  File "/usr/local/lib/python3.12/dist-packages/torch/_dynamo/convert_frame.py", line 842, in run_tracer
    tracer.run()
    │      └ <function InstructionTranslatorBase.run at 0x7f4700129260>
    └ <torch._dynamo.symbolic_convert.InstructionTranslator object at 0x7f4448ff1d30>

  File "/usr/local/lib/python3.12/dist-packages/torch/_dynamo/symbolic_convert.py", line 1754, in run
    self.output.cleanup()
    │    │      └ <function OutputGraph.cleanup at 0x7f470010fe20>
    │    └ OutputGraph(local_scope={'self': CheckpointWrapper(
    │        (_checkpoint_wrapped_module): MoTDecoderLayer(
    │          (self_attn): PackedA...
    └ <torch._dynamo.symbolic_convert.InstructionTranslator object at 0x7f4448ff1d30>

  File "/usr/local/lib/python3.12/dist-packages/torch/_dynamo/output_graph.py", line 3026, in cleanup
    del node.meta["grapharg"]
        │    └ <member 'meta' of 'torch._C._NodeBase' objects>
        └ s12

  File "/usr/local/lib/python3.12/dist-packages/torch/utils/data/_utils/signal_handling.py", line 73, in handler
    _error_if_any_worker_fails()
    └ <built-in function _error_if_any_worker_fails>

RuntimeError: DataLoader worker (pid 382198) is killed by signal: Terminated. 


During handling of the above exception, another exception occurred:


Traceback (most recent call last):

  File "/usr/local/lib/python3.12/dist-packages/torch/_dynamo/convert_frame.py", line 1879, in _compile
    exception_stack_trace = [traceback.format_exc()]
                             │         └ <function format_exc at 0x7f47ee7b8cc0>
                             └ <module 'traceback' from '/usr/lib/python3.12/traceback.py'>

  File "/usr/lib/python3.12/traceback.py", line 184, in format_exc
    return "".join(format_exception(sys.exception(), limit=limit, chain=chain))
                   │                │   │                  │            └ True
                   │                │   │                  └ None
                   │                │   └ <built-in function exception>
                   │                └ <module 'sys' (built-in)>
                   └ <function format_exception at 0x7f47ee7b89a0>
  File "/usr/lib/python3.12/traceback.py", line 139, in format_exception
    te = TracebackException(type(value), value, tb, limit=limit, compact=True)
         │                       │       │      │         └ None
         │                       │       │      └ <traceback object at 0x7f42988afac0>
         │                       │       └ RuntimeError('DataLoader worker (pid 382198) is killed by signal: Terminated. ')
         │                       └ RuntimeError('DataLoader worker (pid 382198) is killed by signal: Terminated. ')
         └ <class 'traceback.TracebackException'>
  File "/usr/lib/python3.12/traceback.py", line 811, in __init__
    context = TracebackException(
              └ <class 'traceback.TracebackException'>
  File "/usr/lib/python3.12/traceback.py", line 733, in __init__
    self.stack = StackSummary._extract_from_extended_frame_gen(
    │            │            └ <classmethod(<function StackSummary._extract_from_extended_frame_gen at 0x7f47ee7b9940>)>
    │            └ <class 'traceback.StackSummary'>
    └ <traceback.TracebackException object at 0x7f4448ff0fe0>
  File "/usr/lib/python3.12/traceback.py", line 418, in _extract_from_extended_frame_gen
    for f, (lineno, end_lineno, colno, end_colno) in frame_gen:
        │   │       │           │      │             └ <generator object _walk_tb_with_full_positions at 0x7f429886e0a0>
        │   │       │           │      └ 9
        │   │       │           └ 36
        │   │       └ 4933
        │   └ 4926
        └ <frame at 0x7f473d5fd9a0, file '/usr/local/lib/python3.12/dist-packages/torch/_dynamo/symbolic_convert.py', line 4926, code _...
  File "/usr/lib/python3.12/traceback.py", line 355, in _walk_tb_with_full_positions
    positions = _get_code_position(tb.tb_frame.f_code, tb.tb_lasti)
                │                  │  │                │  └ <member 'tb_lasti' of 'traceback' objects>
                │                  │  │                └ <traceback object at 0x7f42987a31c0>
                │                  │  └ <member 'tb_frame' of 'traceback' objects>
                │                  └ <traceback object at 0x7f42987a31c0>
                └ <function _get_code_position at 0x7f47ee7b9760>
  File "/usr/lib/python3.12/traceback.py", line 369, in _get_code_position
    return next(itertools.islice(positions_gen, instruction_index // 2, None))
                │         │      │              └ 4310
                │         │      └ <positions_iterator object at 0x7f4298cca5b0>
                │         └ <class 'itertools.islice'>
                └ <module 'itertools' (built-in)>

  File "/usr/local/lib/python3.12/dist-packages/torch/utils/data/_utils/signal_handling.py", line 73, in handler
    _error_if_any_worker_fails()
    └ <built-in function _error_if_any_worker_fails>

RuntimeError: DataLoader worker (pid 387182) is killed by signal: Terminated. 


During handling of the above exception, another exception occurred:


Traceback (most recent call last):

  File "/share/project/eai_pwm/home/hcr/worktrees/cosmos-framework-pwm-load-balance/plans/v0.2.3c_kernel_list/run_profile.py", line 68, in <module>
    main()
    └ <function main at 0x7f47eec9e700>

  File "/share/project/eai_pwm/home/hcr/worktrees/cosmos-framework-pwm-load-balance/plans/v0.2.3c_kernel_list/run_profile.py", line 62, in main
    runpy.run_module("cosmos_framework.scripts.train", run_name="__main__")
    │     └ <function run_module at 0x7f47ee92ede0>
    └ <module 'runpy' (frozen)>

  File "<frozen runpy>", line 229, in run_module
  File "<frozen runpy>", line 88, in _run_code

> File "/share/project/eai_pwm/home/hcr/worktrees/cosmos-framework-pwm-load-balance/cosmos_framework/scripts/train.py", line 320, in <module>
    launch(config, args)
    │      │       └ Namespace(sft_toml='/share/project/eai_pwm/home/hcr/worktrees/cosmos-framework-pwm-load-balance/examples/toml/sft_config/visi...
    │      └ Config(model={'config': {'tokenizer': {'bucket_name': '', 'object_store_credential_path_pretrained': '', 'vae_path': 'pretrai...
    └ <function launch at 0x7f445d248e00>

  File "/share/project/eai_pwm/home/hcr/worktrees/cosmos-framework-pwm-load-balance/cosmos_framework/utils/training_telemetry/telemetry.py", line 65, in wrapper
    return func(config, *args, **kwargs)
           │    │        │       └ {}
           │    │        └ (Namespace(sft_toml='/share/project/eai_pwm/home/hcr/worktrees/cosmos-framework-pwm-load-balance/examples/toml/sft_config/vis...
           │    └ Config(model={'config': {'tokenizer': {'bucket_name': '', 'object_store_credential_path_pretrained': '', 'vae_path': 'pretrai...
           └ <function launch at 0x7f445d248a40>

  File "/share/project/eai_pwm/home/hcr/worktrees/cosmos-framework-pwm-load-balance/cosmos_framework/scripts/train.py", line 197, in launch
    _run_training(config, args)
    │             │       └ Namespace(sft_toml='/share/project/eai_pwm/home/hcr/worktrees/cosmos-framework-pwm-load-balance/examples/toml/sft_config/visi...
    │             └ Config(model={'config': {'tokenizer': {'bucket_name': '', 'object_store_credential_path_pretrained': '', 'vae_path': 'pretrai...
    └ <function _run_training at 0x7f445d248ea0>

  File "/share/project/eai_pwm/home/hcr/worktrees/cosmos-framework-pwm-load-balance/cosmos_framework/scripts/train.py", line 242, in _run_training
    trainer.train(
    │       └ <function ImaginaireTrainer.train at 0x7f4703e24d60>
    └ <cosmos_framework.trainer.ImaginaireTrainer object at 0x7f4447dcfaa0>

  File "/share/project/eai_pwm/home/hcr/worktrees/cosmos-framework-pwm-load-balance/cosmos_framework/trainer/__init__.py", line 346, in train
    output_batch, loss, grad_accum_iter = self.training_step(
                                          │    └ <function ImaginaireTrainer.training_step at 0x7f4703e24e00>
                                          └ <cosmos_framework.trainer.ImaginaireTrainer object at 0x7f4447dcfaa0>

  File "/share/project/eai_pwm/home/hcr/worktrees/cosmos-framework-pwm-load-balance/cosmos_framework/trainer/__init__.py", line 426, in training_step
    output_batch, loss = model_ddp.training_step(data, iteration)
                         │         │             │     └ 12600
                         │         │             └ {'ai_caption': ['{"scene": "A living room with polished wooden flooring and white walls. A beige and gray sectional sofa with...
                         │         └ <function OmniMoTModel.training_step at 0x7f444f7fdb20>
                         └ OmniMoTModel(
                             (net): FSDPCosmos3VFMNetwork(
                               (language_model): Qwen3VLTextForCausalLM(
                                 (model): Qwen3VLTextModel(
                           ...

  File "/share/project/eai_pwm/home/hcr/worktrees/cosmos-framework-pwm-load-balance/cosmos_framework/model/generator/omni_mot_model.py", line 1303, in training_step
    return self.training_step_for_task(task, data_batch, iteration)
           │    │                      │     │           └ 12600
           │    │                      │     └ {'ai_caption': ['{"scene": "A living room with polished wooden flooring and white walls. A beige and gray sectional sofa with...
           │    │                      └ 'gen'
           │    └ <function OmniMoTModel.training_step_for_task at 0x7f444f7fda80>
           └ OmniMoTModel(
               (net): FSDPCosmos3VFMNetwork(
                 (language_model): Qwen3VLTextForCausalLM(
                   (model): Qwen3VLTextModel(
             ...

  File "/share/project/eai_pwm/home/hcr/worktrees/cosmos-framework-pwm-load-balance/cosmos_framework/model/generator/omni_mot_model.py", line 1274, in training_step_for_task
    output, raw_loss = self._training_step_gen(data_batch, iteration)
                       │    │                  │           └ 12600
                       │    │                  └ {'ai_caption': ['{"scene": "A living room with polished wooden flooring and white walls. A beige and gray sectional sofa with...
                       │    └ <function OmniMoTModel._training_step_gen at 0x7f444f7fdc60>
                       └ OmniMoTModel(
                           (net): FSDPCosmos3VFMNetwork(
                             (language_model): Qwen3VLTextForCausalLM(
                               (model): Qwen3VLTextModel(
                         ...

  File "/share/project/eai_pwm/home/hcr/worktrees/cosmos-framework-pwm-load-balance/cosmos_framework/model/generator/omni_mot_model.py", line 1559, in _training_step_gen
    out_net = self.denoise(
              │    └ <function OmniMoTModel.denoise at 0x7f444f7ffce0>
              └ OmniMoTModel(
                  (net): FSDPCosmos3VFMNetwork(
                    (language_model): Qwen3VLTextForCausalLM(
                      (model): Qwen3VLTextModel(
                ...

  File "/share/project/eai_pwm/home/hcr/worktrees/cosmos-framework-pwm-load-balance/cosmos_framework/model/generator/omni_mot_model.py", line 5115, in denoise
    out_net = net(
              └ FSDPCosmos3VFMNetwork(
                  (language_model): Qwen3VLTextForCausalLM(
                    (model): Qwen3VLTextModel(
                      (embed_tokens): Embed...

  File "/usr/local/lib/python3.12/dist-packages/torch/nn/modules/module.py", line 1778, in _wrapped_call_impl
    return self._call_impl(*args, **kwargs)
           │    │           │       └ {'packed_seq': PackedSequence(sample_lens=[60323], split_lens=[323, 60000], attn_modes=['causal', 'full'], is_image_batch=Fal...
           │    │           └ ()
           │    └ <function Module._call_impl at 0x7f472c40ce00>
           └ FSDPCosmos3VFMNetwork(
               (language_model): Qwen3VLTextForCausalLM(
                 (model): Qwen3VLTextModel(
                   (embed_tokens): Embed...

  File "/usr/local/lib/python3.12/dist-packages/torch/nn/modules/module.py", line 1884, in _call_impl
    return inner()
           └ <function Module._call_impl.<locals>.inner at 0x7f4280e5c180>

  File "/usr/local/lib/python3.12/dist-packages/torch/nn/modules/module.py", line 1832, in inner
    result = forward_call(*args, **kwargs)
             │             │       └ {'packed_seq': PackedSequence(sample_lens=[60323], split_lens=[323, 60000], attn_modes=['causal', 'full'], is_image_batch=Fal...
             │             └ ()
             └ <bound method Cosmos3VFMNetwork.forward of FSDPCosmos3VFMNetwork(
                 (language_model): Qwen3VLTextForCausalLM(
                   (model): Qw...

  File "/share/project/eai_pwm/home/hcr/worktrees/cosmos-framework-pwm-load-balance/cosmos_framework/model/generator/mot/cosmos3_vfm_network.py", line 1487, in forward
    packed_outputs, lbl_metadata = self.language_model(
                                   └ FSDPCosmos3VFMNetwork(
                                       (language_model): Qwen3VLTextForCausalLM(
                                         (model): Qwen3VLTextModel(
                                           (embed_tokens): Embed...

  File "/usr/local/lib/python3.12/dist-packages/torch/nn/modules/module.py", line 1778, in _wrapped_call_impl
    return self._call_impl(*args, **kwargs)
           │    │           │       └ {'attention_mask': <cosmos_framework.model.generator.mot.attention.SplitInfo object at 0x7f43d852a570>, 'position_ids': tenso...
           │    │           └ ({'sample_offsets': tensor([    0, 60323], device='cuda:0', dtype=torch.int32), 'max_sample_len': 101376, 'max_causal_len': 3...
           │    └ <function Module._call_impl at 0x7f472c40ce00>
           └ Qwen3VLTextForCausalLM(
               (model): Qwen3VLTextModel(
                 (embed_tokens): Embedding(151936, 4096)
                 (layers): ModuleList(
               ...

  File "/usr/local/lib/python3.12/dist-packages/torch/nn/modules/module.py", line 1789, in _call_impl
    return forward_call(*args, **kwargs)
           │             │       └ {'attention_mask': <cosmos_framework.model.generator.mot.attention.SplitInfo object at 0x7f43d852a570>, 'position_ids': tenso...
           │             └ ({'sample_offsets': tensor([    0, 60323], device='cuda:0', dtype=torch.int32), 'max_sample_len': 101376, 'max_causal_len': 3...
           └ <bound method Qwen3VLTextForCausalLM.forward of Qwen3VLTextForCausalLM(
               (model): Qwen3VLTextModel(
                 (embed_tokens): Embe...

  File "/share/project/eai_pwm/home/hcr/worktrees/cosmos-framework-pwm-load-balance/cosmos_framework/model/generator/mot/unified_mot.py", line 2365, in forward
    outputs = self.model(
              └ Qwen3VLTextForCausalLM(
                  (model): Qwen3VLTextModel(
                    (embed_tokens): Embedding(151936, 4096)
                    (layers): ModuleList(
                  ...

  File "/usr/local/lib/python3.12/dist-packages/torch/nn/modules/module.py", line 1778, in _wrapped_call_impl
    return self._call_impl(*args, **kwargs)
           │    │           │       └ {'pack': {'sample_offsets': tensor([    0, 60323], device='cuda:0', dtype=torch.int32), 'max_sample_len': 101376, 'max_causal...
           │    │           └ ()
           │    └ <function Module._call_impl at 0x7f472c40ce00>
           └ Qwen3VLTextModel(
               (embed_tokens): Embedding(151936, 4096)
               (layers): ModuleList(
                 (0-35): 36 x FSDPOptimizedModule(
                ...

  File "/usr/local/lib/python3.12/dist-packages/torch/nn/modules/module.py", line 1789, in _call_impl
    return forward_call(*args, **kwargs)
           │             │       └ {'pack': {'sample_offsets': tensor([    0, 60323], device='cuda:0', dtype=torch.int32), 'max_sample_len': 101376, 'max_causal...
           │             └ ()
           └ <bound method Qwen3VLTextModel.forward of Qwen3VLTextModel(
               (embed_tokens): Embedding(151936, 4096)
               (layers): ModuleList(...

  File "/share/project/eai_pwm/home/hcr/worktrees/cosmos-framework-pwm-load-balance/cosmos_framework/model/generator/mot/unified_mot.py", line 1543, in forward
    return _impl_forward(self, *args, **kwargs)
           │             │      │       └ {'pack': {'sample_offsets': tensor([    0, 60323], device='cuda:0', dtype=torch.int32), 'max_sample_len': 101376, 'max_causal...
           │             │      └ ()
           │             └ Qwen3VLTextModel(
           │                 (embed_tokens): Embedding(151936, 4096)
           │                 (layers): ModuleList(
           │                   (0-35): 36 x FSDPOptimizedModule(
           │                  ...
           └ <function _impl_forward at 0x7f444fe2b6a0>

  File "/share/project/eai_pwm/home/hcr/worktrees/cosmos-framework-pwm-load-balance/cosmos_framework/model/generator/mot/unified_mot.py", line 1084, in _impl_forward
    hidden_states, lbl_metadata_dict, kv_to_store = decoder_layer(
    │                                               └ FSDPOptimizedModule(
    │                                                   (_orig_mod): CheckpointWrapper(
    │                                                     (_checkpoint_wrapped_module): MoTDecoderLayer(
    │                                                       (self_attn): ...
    └ {'sample_offsets': tensor([    0, 60323], device='cuda:0', dtype=torch.int32), 'max_sample_len': 101376, 'max_causal_len': 30...

  File "/usr/local/lib/python3.12/dist-packages/torch/_dynamo/eval_frame.py", line 468, in __call__
    return super().__call__(*args, **kwargs)
                             │       └ {'natten_metadata': None, 'memory_value': None, 'gen_only': False}
                             └ ({'sample_offsets': tensor([    0, 60323], device='cuda:0', dtype=torch.int32), 'max_sample_len': 101376, 'max_causal_len': 3...

  File "/usr/local/lib/python3.12/dist-packages/torch/nn/modules/module.py", line 1778, in _wrapped_call_impl
    return self._call_impl(*args, **kwargs)
           │    │           │       └ {'natten_metadata': None, 'memory_value': None, 'gen_only': False}
           │    │           └ ({'sample_offsets': tensor([    0, 60323], device='cuda:0', dtype=torch.int32), 'max_sample_len': 101376, 'max_causal_len': 3...
           │    └ <function Module._call_impl at 0x7f472c40ce00>
           └ FSDPOptimizedModule(
               (_orig_mod): CheckpointWrapper(
                 (_checkpoint_wrapped_module): MoTDecoderLayer(
                   (self_attn): ...

  File "/usr/local/lib/python3.12/dist-packages/torch/nn/modules/module.py", line 1884, in _call_impl
    return inner()
           └ <function Module._call_impl.<locals>.inner at 0x7f429884df80>

  File "/usr/local/lib/python3.12/dist-packages/torch/nn/modules/module.py", line 1832, in inner
    result = forward_call(*args, **kwargs)
             │             │       └ {'natten_metadata': None, 'memory_value': None, 'gen_only': False}
             │             └ ({'sample_offsets': tensor([    0, 60323], device='cuda:0', dtype=torch.int32), 'max_sample_len': 101376, 'max_causal_len': 3...
             └ <function Module._wrapped_call_impl at 0x7f43d89318a0>

  File "/usr/local/lib/python3.12/dist-packages/torch/_dynamo/eval_frame.py", line 1020, in compile_wrapper
    return fn(*args, **kwargs)
           │   │       └ {'natten_metadata': None, 'memory_value': None, 'gen_only': False}
           │   └ ({'sample_offsets': tensor([    0, 60323], device='cuda:0', dtype=torch.int32), 'max_sample_len': 101376, 'max_causal_len': 3...
           └ <bound method Module._wrapped_call_impl of CheckpointWrapper(
               (_checkpoint_wrapped_module): MoTDecoderLayer(
                 (self_attn...

  File "/usr/local/lib/python3.12/dist-packages/torch/nn/modules/module.py", line 1778, in _wrapped_call_impl
    return self._call_impl(*args, **kwargs)
           │    │           │       └ {'natten_metadata': None, 'memory_value': None, 'gen_only': False}
           │    │           └ ({'sample_offsets': tensor([    0, 60323], device='cuda:0', dtype=torch.int32), 'max_sample_len': 101376, 'max_causal_len': 3...
           │    └ <function Module._call_impl at 0x7f472c40ce00>
           └ CheckpointWrapper(
               (_checkpoint_wrapped_module): MoTDecoderLayer(
                 (self_attn): PackedAttentionMoT(
                   (q_proj): Line...

  File "/usr/local/lib/python3.12/dist-packages/torch/nn/modules/module.py", line 1789, in _call_impl
    return forward_call(*args, **kwargs)
           │             │       └ {'natten_metadata': None, 'memory_value': None, 'gen_only': False}
           │             └ ({'sample_offsets': tensor([    0, 60323], device='cuda:0', dtype=torch.int32), 'max_sample_len': 101376, 'max_causal_len': 3...
           └ <bound method CheckpointWrapper.forward of CheckpointWrapper(
               (_checkpoint_wrapped_module): MoTDecoderLayer(
                 (self_attn...

  File "/usr/local/lib/python3.12/dist-packages/torch/_dynamo/convert_frame.py", line 2340, in __call__
    result = self._torchdynamo_orig_backend(
             │    └ <torch._dynamo.convert_frame.ConvertFrameAssert object at 0x7f43d8a02d20>
             └ <torch._dynamo.convert_frame.CatchErrorsWrapper object at 0x7f43d8a03080>

  File "/usr/local/lib/python3.12/dist-packages/torch/_dynamo/convert_frame.py", line 727, in __call__
    result = _compile(
             └ <function _compile at 0x7f4700163920>

  File "/usr/local/lib/python3.12/dist-packages/torch/_dynamo/convert_frame.py", line 2031, in _compile
    should_clear = _is_registered_backend(innermost_backend(compiler_fn))
                   │                      │                 └ <torch._dynamo.repro.after_dynamo.WrapBackendDebug object at 0x7f43d8a02ed0>
                   │                      └ <function innermost_backend at 0x7f47008b9a80>
                   └ <function _is_registered_backend at 0x7f4700883420>

  File "/usr/local/lib/python3.12/dist-packages/torch/_dynamo/backends/registry.py", line 189, in _is_registered_backend
    _lazy_import()
    └ <functools._lru_cache_wrapper object at 0x7f4700aabd70>

  File "/usr/local/lib/python3.12/dist-packages/torch/_dynamo/backends/registry.py", line 161, in _lazy_import
    import_submodule(backends)
    │                └ <module 'torch._dynamo.backends' from '/usr/local/lib/python3.12/dist-packages/torch/_dynamo/backends/__init__.py'>
    └ <function import_submodule at 0x7f4700ba8c20>

  File "/usr/local/lib/python3.12/dist-packages/torch/_dynamo/utils.py", line 4124, in import_submodule
    importlib.import_module(f"{mod.__name__}.{filename[:-3]}")
    │         │                │   │          └ 'distributed.py'
    │         │                │   └ 'torch._dynamo.backends'
    │         │                └ <module 'torch._dynamo.backends' from '/usr/local/lib/python3.12/dist-packages/torch/_dynamo/backends/__init__.py'>
    │         └ <function import_module at 0x7f47eed2db20>
    └ <module 'importlib' from '/usr/lib/python3.12/importlib/__init__.py'>

  File "/usr/lib/python3.12/importlib/__init__.py", line 90, in import_module
    return _bootstrap._gcd_import(name[level:], package, level)
           │          │           │    │        │        └ 0
           │          │           │    │        └ None
           │          │           │    └ 0
           │          │           └ 'torch._dynamo.backends.distributed'
           │          └ <function _gcd_import at 0x7f47eef0c0e0>
           └ <module '_frozen_importlib' (frozen)>
  File "<frozen importlib._bootstrap>", line 1387, in _gcd_import
  File "<frozen importlib._bootstrap>", line 1360, in _find_and_load
  File "<frozen importlib._bootstrap>", line 1322, in _find_and_load_unlocked
  File "<frozen importlib._bootstrap>", line 1262, in _find_spec
  File "<frozen importlib._bootstrap>", line 1130, in find_spec
  File "<frozen importlib._bootstrap>", line 488, in _call_with_frames_removed

  File "/usr/local/lib/python3.12/dist-packages/torch/utils/data/_utils/signal_handling.py", line 73, in handler
    _error_if_any_worker_fails()
    └ <built-in function _error_if_any_worker_fails>

RuntimeError: DataLoader worker (pid 383750) is killed by signal: Terminated. 
[rank4]: Traceback (most recent call last):
[rank4]:   File "/usr/local/lib/python3.12/dist-packages/torch/_dynamo/symbolic_convert.py", line 1694, in run
[rank4]:     while self.step():
[rank4]:           ^^^^^^^^^^^
[rank4]:   File "/usr/local/lib/python3.12/dist-packages/torch/_dynamo/symbolic_convert.py", line 1360, in step
[rank4]:     self.dispatch_table[inst.opcode](self, inst)
[rank4]:   File "/usr/local/lib/python3.12/dist-packages/torch/_dynamo/symbolic_convert.py", line 4944, in RETURN_VALUE
[rank4]:     self._return(inst)
[rank4]:   File "/usr/local/lib/python3.12/dist-packages/torch/_dynamo/symbolic_convert.py", line 4926, in _return
[rank4]:     all_stack_locals_metadata = self.output.compile_subgraph(
[rank4]:                                 ^^^^^^^^^^^^^^^^^^^^^^^^^^^^^
[rank4]:   File "/usr/local/lib/python3.12/dist-packages/torch/_dynamo/output_graph.py", line 1929, in compile_subgraph
[rank4]:     self.compile_and_call_fx_graph(tx, pass2.graph_output_vars(), root)
[rank4]:   File "/usr/local/lib/python3.12/dist-packages/torch/_dynamo/output_graph.py", line 2503, in compile_and_call_fx_graph
[rank4]:     compiled_fn = self.call_user_compiler(gm, self.example_inputs())
[rank4]:                   ^^^^^^^^^^^^^^^^^^^^^^^^^^^^^^^^^^^^^^^^^^^^^^^^^^
[rank4]:   File "/usr/local/lib/python3.12/dist-packages/torch/_dynamo/output_graph.py", line 2656, in call_user_compiler
[rank4]:     return self._call_user_compiler(gm, example_inputs)
[rank4]:            ^^^^^^^^^^^^^^^^^^^^^^^^^^^^^^^^^^^^^^^^^^^^
[rank4]:   File "/usr/local/lib/python3.12/dist-packages/torch/_dynamo/output_graph.py", line 2739, in _call_user_compiler
[rank4]:     raise BackendCompilerFailed(
[rank4]:   File "/usr/local/lib/python3.12/dist-packages/torch/_dynamo/output_graph.py", line 2714, in _call_user_compiler
[rank4]:     compiled_fn = compiler_fn(gm, example_inputs)
[rank4]:                   ^^^^^^^^^^^^^^^^^^^^^^^^^^^^^^^
[rank4]:   File "/usr/local/lib/python3.12/dist-packages/torch/_dynamo/repro/after_dynamo.py", line 156, in __call__
[rank4]:     compiled_gm = compiler_fn(gm, example_inputs)
[rank4]:                   ^^^^^^^^^^^^^^^^^^^^^^^^^^^^^^^
[rank4]:   File "/usr/local/lib/python3.12/dist-packages/torch/__init__.py", line 2476, in __call__
[rank4]:     return compile_fx(model_, inputs_, config_patches=all_patches)
[rank4]:            ^^^^^^^^^^^^^^^^^^^^^^^^^^^^^^^^^^^^^^^^^^^^^^^^^^^^^^^
[rank4]:   File "/usr/local/lib/python3.12/dist-packages/torch/_inductor/compile_fx.py", line 2578, in compile_fx
[rank4]:     return compile_fx(
[rank4]:            ^^^^^^^^^^^
[rank4]:   File "/usr/local/lib/python3.12/dist-packages/torch/_inductor/compile_fx.py", line 2629, in compile_fx
[rank4]:     return _maybe_wrap_and_compile_fx_main(
[rank4]:            ^^^^^^^^^^^^^^^^^^^^^^^^^^^^^^^^
[rank4]:   File "/usr/local/lib/python3.12/dist-packages/torch/_inductor/compile_fx.py", line 2706, in _maybe_wrap_and_compile_fx_main
[rank4]:     return _compile_fx_main(
[rank4]:            ^^^^^^^^^^^^^^^^^
[rank4]:   File "/usr/local/lib/python3.12/dist-packages/torch/_inductor/compile_fx.py", line 2902, in _compile_fx_main
[rank4]:     return aot_autograd(
[rank4]:            ^^^^^^^^^^^^^
[rank4]:   File "/usr/local/lib/python3.12/dist-packages/torch/_dynamo/backends/common.py", line 123, in __call__
[rank4]:     cg = aot_module_simplified(gm, example_inputs, **self.kwargs)
[rank4]:          ^^^^^^^^^^^^^^^^^^^^^^^^^^^^^^^^^^^^^^^^^^^^^^^^^^^^^^^^
[rank4]:   File "/usr/local/lib/python3.12/dist-packages/torch/_functorch/aot_autograd.py", line 1103, in aot_module_simplified
[rank4]:     with contextlib.ExitStack() as stack:
[rank4]:   File "/usr/lib/python3.12/contextlib.py", line 610, in __exit__
[rank4]:     raise exc_details[1]
[rank4]:   File "/usr/lib/python3.12/contextlib.py", line 595, in __exit__
[rank4]:     if cb(*exc_details):
[rank4]:        ^^^^^^^^^^^^^^^^
[rank4]:   File "/usr/local/lib/python3.12/dist-packages/torch/_decomp/decompositions_for_rng.py", line 134, in __exit__
[rank4]:     PhiloxStateTracker.reset()
[rank4]:   File "/usr/local/lib/python3.12/dist-packages/torch/_decomp/decompositions_for_rng.py", line 139, in reset
[rank4]:     cls.fwd_state = PhiloxState()
[rank4]:                     ^^^^^^^^^^^^^
[rank4]:   File "/usr/local/lib/python3.12/dist-packages/torch/_decomp/decompositions_for_rng.py", line 75, in __init__
[rank4]:     self.reset()
[rank4]:   File "/usr/local/lib/python3.12/dist-packages/torch/_decomp/decompositions_for_rng.py", line 78, in reset
[rank4]:     self.seed = torch.tensor(())
[rank4]:                 ^^^^^^^^^^^^^^^^
[rank4]:   File "/usr/local/lib/python3.12/dist-packages/torch/_compile.py", line 54, in inner
[rank4]:     return disable_fn(*args, **kwargs)
[rank4]:            ^^^^^^^^^^^^^^^^^^^^^^^^^^^
[rank4]:   File "/usr/local/lib/python3.12/dist-packages/torch/_dynamo/eval_frame.py", line 1256, in _fn
[rank4]:     return fn(*args, **kwargs)
[rank4]:            ^^^^^^^^^^^^^^^^^^^
[rank4]:   File "/usr/local/lib/python3.12/dist-packages/torch/utils/_stats.py", line 29, in wrapper
[rank4]:     return fn(*args, **kwargs)
[rank4]:            ^^^^^^^^^^^^^^^^^^^
[rank4]:   File "/usr/local/lib/python3.12/dist-packages/torch/_subclasses/fake_tensor.py", line 1430, in __torch_dispatch__
[rank4]:     return self.dispatch(func, types, args, kwargs)
[rank4]:            ^^^^^^^^^^^^^^^^^^^^^^^^^^^^^^^^^^^^^^^^
[rank4]:   File "/usr/local/lib/python3.12/dist-packages/torch/_subclasses/fake_tensor.py", line 2207, in dispatch
[rank4]:     return self._cached_dispatch_impl(func, types, args, kwargs)
[rank4]:            ^^^^^^^^^^^^^^^^^^^^^^^^^^^^^^^^^^^^^^^^^^^^^^^^^^^^^
[rank4]:   File "/usr/local/lib/python3.12/dist-packages/torch/_subclasses/fake_tensor.py", line 1541, in _cached_dispatch_impl
[rank4]:     return self._dispatch_impl(func, types, args, kwargs)
[rank4]:            ^^^^^^^^^^^^^^^^^^^^^^^^^^^^^^^^^^^^^^^^^^^^^^
[rank4]:   File "/usr/local/lib/python3.12/dist-packages/torch/_subclasses/fake_tensor.py", line 2441, in _dispatch_impl
[rank4]:     if self.avoid_device_init:
[rank4]:        ^^^^^^^^^^^^^^^^^^^^^^
[rank4]:   File "/usr/local/lib/python3.12/dist-packages/torch/_subclasses/fake_tensor.py", line 1405, in avoid_device_init
[rank4]:     torch.cuda.is_available()
[rank4]:   File "/usr/local/lib/python3.12/dist-packages/torch/cuda/__init__.py", line 171, in is_available
[rank4]:     if _nvml_based_avail():
[rank4]:        ^^^^^^^^^^^^^^^^^^^
[rank4]:   File "/usr/local/lib/python3.12/dist-packages/torch/cuda/__init__.py", line 158, in _nvml_based_avail
[rank4]:     return os.getenv("PYTORCH_NVML_BASED_CUDA_CHECK") == "1"
[rank4]:            ^^^^^^^^^^^^^^^^^^^^^^^^^^^^^^^^^^^^^^^^^^
[rank4]:   File "/usr/local/lib/python3.12/dist-packages/torch/utils/data/_utils/signal_handling.py", line 73, in handler
[rank4]:     _error_if_any_worker_fails()
[rank4]: torch._dynamo.exc.BackendCompilerFailed: backend='inductor' raised:
[rank4]: RuntimeError: DataLoader worker (pid 387836) is killed by signal: Terminated. 

[rank4]: During handling of the above exception, another exception occurred:

[rank4]: Traceback (most recent call last):
[rank4]:   File "/usr/local/lib/python3.12/dist-packages/torch/_dynamo/symbolic_convert.py", line 1754, in run
[rank4]:     self.output.cleanup()
[rank4]:   File "/usr/local/lib/python3.12/dist-packages/torch/_dynamo/output_graph.py", line 3036, in cleanup
[rank4]:     self.tracing_context.clear()
[rank4]:   File "/usr/local/lib/python3.12/dist-packages/torch/_guards.py", line 990, in clear
[rank4]:     self.inlined_code_cache.clear()
[rank4]:   File "/usr/local/lib/python3.12/dist-packages/torch/utils/data/_utils/signal_handling.py", line 73, in handler
[rank4]:     _error_if_any_worker_fails()
[rank4]: RuntimeError: DataLoader worker (pid 382250) is killed by signal: Terminated. 

[rank4]: During handling of the above exception, another exception occurred:

[rank4]: Traceback (most recent call last):
[rank4]:   File "/usr/local/lib/python3.12/dist-packages/torch/_dynamo/convert_frame.py", line 1851, in _compile
[rank4]:     guarded_code, tracer_output = compile_inner(code, one_graph, hooks)
[rank4]:                                   ^^^^^^^^^^^^^^^^^^^^^^^^^^^^^^^^^^^^^
[rank4]:   File "/usr/local/lib/python3.12/dist-packages/torch/_utils_internal.py", line 96, in wrapper_function
[rank4]:     return function(*args, **kwargs)
[rank4]:            ^^^^^^^^^^^^^^^^^^^^^^^^^
[rank4]:   File "/usr/local/lib/python3.12/dist-packages/torch/_dynamo/convert_frame.py", line 1495, in compile_inner
[rank4]:     return _compile_inner(code, one_graph, hooks)
[rank4]:            ^^^^^^^^^^^^^^^^^^^^^^^^^^^^^^^^^^^^^^
[rank4]:   File "/usr/local/lib/python3.12/dist-packages/torch/_dynamo/convert_frame.py", line 1540, in _compile_inner
[rank4]:     dynamo_output = compile_frame(
[rank4]:                     ^^^^^^^^^^^^^^
[rank4]:   File "/usr/local/lib/python3.12/dist-packages/torch/_dynamo/convert_frame.py", line 1403, in compile_frame
[rank4]:     bytecode, tracer_output = transform_code_object(code, transform)
[rank4]:                               ^^^^^^^^^^^^^^^^^^^^^^^^^^^^^^^^^^^^^^
[rank4]:   File "/usr/local/lib/python3.12/dist-packages/torch/_dynamo/bytecode_transformation.py", line 1626, in transform_code_object
[rank4]:     tracer_output = transformations(instructions, code_options)
[rank4]:                     ^^^^^^^^^^^^^^^^^^^^^^^^^^^^^^^^^^^^^^^^^^^
[rank4]:   File "/usr/local/lib/python3.12/dist-packages/torch/_dynamo/convert_frame.py", line 1375, in transform
[rank4]:     tracer_output = trace_frame(
[rank4]:                     ^^^^^^^^^^^^
[rank4]:   File "/usr/local/lib/python3.12/dist-packages/torch/_dynamo/convert_frame.py", line 341, in _fn
[rank4]:     return fn(*args, **kwargs)
[rank4]:            ^^^^^^^^^^^^^^^^^^^
[rank4]:   File "/usr/local/lib/python3.12/dist-packages/torch/_dynamo/convert_frame.py", line 861, in trace_frame
[rank4]:     run_tracer()
[rank4]:   File "/usr/local/lib/python3.12/dist-packages/torch/_dynamo/convert_frame.py", line 842, in run_tracer
[rank4]:     tracer.run()
[rank4]:   File "/usr/local/lib/python3.12/dist-packages/torch/_dynamo/symbolic_convert.py", line 1688, in run
[rank4]:     with self.run_ctx_mgr():
[rank4]:   File "/usr/lib/python3.12/contextlib.py", line 141, in __exit__
[rank4]:     def __exit__(self, typ, value, traceback):

[rank4]:   File "/usr/local/lib/python3.12/dist-packages/torch/utils/data/_utils/signal_handling.py", line 73, in handler
[rank4]:     _error_if_any_worker_fails()
[rank4]: RuntimeError: DataLoader worker (pid 384698) is killed by signal: Terminated. 

[rank4]: During handling of the above exception, another exception occurred:

[rank4]: Traceback (most recent call last):
[rank4]:   File "/usr/local/lib/python3.12/dist-packages/torch/_dynamo/convert_frame.py", line 1879, in _compile
[rank4]:     exception_stack_trace = [traceback.format_exc()]
[rank4]:                              ^^^^^^^^^^^^^^^^^^^^^^
[rank4]:   File "/usr/lib/python3.12/traceback.py", line 184, in format_exc
[rank4]:     return "".join(format_exception(sys.exception(), limit=limit, chain=chain))
[rank4]:                    ^^^^^^^^^^^^^^^^^^^^^^^^^^^^^^^^^^^^^^^^^^^^^^^^^^^^^^^^^^^
[rank4]:   File "/usr/lib/python3.12/traceback.py", line 139, in format_exception
[rank4]:     te = TracebackException(type(value), value, tb, limit=limit, compact=True)
[rank4]:          ^^^^^^^^^^^^^^^^^^^^^^^^^^^^^^^^^^^^^^^^^^^^^^^^^^^^^^^^^^^^^^^^^^^^^
[rank4]:   File "/usr/lib/python3.12/traceback.py", line 811, in __init__
[rank4]:     context = TracebackException(
[rank4]:               ^^^^^^^^^^^^^^^^^^^
[rank4]:   File "/usr/lib/python3.12/traceback.py", line 733, in __init__
[rank4]:     self.stack = StackSummary._extract_from_extended_frame_gen(
[rank4]:                  ^^^^^^^^^^^^^^^^^^^^^^^^^^^^^^^^^^^^^^^^^^^^^^
[rank4]:   File "/usr/lib/python3.12/traceback.py", line 418, in _extract_from_extended_frame_gen
[rank4]:     for f, (lineno, end_lineno, colno, end_colno) in frame_gen:
[rank4]:   File "/usr/lib/python3.12/traceback.py", line 355, in _walk_tb_with_full_positions
[rank4]:     positions = _get_code_position(tb.tb_frame.f_code, tb.tb_lasti)
[rank4]:                 ^^^^^^^^^^^^^^^^^^^^^^^^^^^^^^^^^^^^^^^^^^^^^^^^^^^
[rank4]:   File "/usr/lib/python3.12/traceback.py", line 369, in _get_code_position
[rank4]:     return next(itertools.islice(positions_gen, instruction_index // 2, None))
[rank4]:            ^^^^^^^^^^^^^^^^^^^^^^^^^^^^^^^^^^^^^^^^^^^^^^^^^^^^^^^^^^^^^^^^^^^
[rank4]:   File "/usr/local/lib/python3.12/dist-packages/torch/utils/data/_utils/signal_handling.py", line 73, in handler
[rank4]:     _error_if_any_worker_fails()
[rank4]: RuntimeError: DataLoader worker (pid 382171) is killed by signal: Terminated. 

[rank4]: During handling of the above exception, another exception occurred:

[rank4]: Traceback (most recent call last):
[rank4]:   File "/share/project/eai_pwm/home/hcr/worktrees/cosmos-framework-pwm-load-balance/plans/v0.2.3c_kernel_list/run_profile.py", line 68, in <module>
[rank4]:     main()
[rank4]:   File "/share/project/eai_pwm/home/hcr/worktrees/cosmos-framework-pwm-load-balance/plans/v0.2.3c_kernel_list/run_profile.py", line 62, in main
[rank4]:     runpy.run_module("cosmos_framework.scripts.train", run_name="__main__")
[rank4]:   File "<frozen runpy>", line 229, in run_module
[rank4]:   File "<frozen runpy>", line 88, in _run_code
[rank4]:   File "/share/project/eai_pwm/home/hcr/worktrees/cosmos-framework-pwm-load-balance/cosmos_framework/scripts/train.py", line 320, in <module>
[rank4]:     launch(config, args)
[rank4]:   File "/opt/venv/lib/python3.12/site-packages/loguru/_logger.py", line 1297, in catch_wrapper
[rank4]:     return function(*args, **kwargs)
[rank4]:            ^^^^^^^^^^^^^^^^^^^^^^^^^
[rank4]:   File "/share/project/eai_pwm/home/hcr/worktrees/cosmos-framework-pwm-load-balance/cosmos_framework/utils/training_telemetry/telemetry.py", line 65, in wrapper
[rank4]:     return func(config, *args, **kwargs)
[rank4]:            ^^^^^^^^^^^^^^^^^^^^^^^^^^^^^
[rank4]:   File "/share/project/eai_pwm/home/hcr/worktrees/cosmos-framework-pwm-load-balance/cosmos_framework/scripts/train.py", line 197, in launch
[rank4]:     _run_training(config, args)
[rank4]:   File "/share/project/eai_pwm/home/hcr/worktrees/cosmos-framework-pwm-load-balance/cosmos_framework/scripts/train.py", line 242, in _run_training
[rank4]:     trainer.train(
[rank4]:   File "/share/project/eai_pwm/home/hcr/worktrees/cosmos-framework-pwm-load-balance/cosmos_framework/trainer/__init__.py", line 346, in train
[rank4]:     output_batch, loss, grad_accum_iter = self.training_step(
[rank4]:                                           ^^^^^^^^^^^^^^^^^^^
[rank4]:   File "/share/project/eai_pwm/home/hcr/worktrees/cosmos-framework-pwm-load-balance/cosmos_framework/trainer/__init__.py", line 426, in training_step
[rank4]:     output_batch, loss = model_ddp.training_step(data, iteration)
[rank4]:                          ^^^^^^^^^^^^^^^^^^^^^^^^^^^^^^^^^^^^^^^^
[rank4]:   File "/share/project/eai_pwm/home/hcr/worktrees/cosmos-framework-pwm-load-balance/cosmos_framework/model/generator/omni_mot_model.py", line 1303, in training_step
[rank4]:     return self.training_step_for_task(task, data_batch, iteration)
[rank4]:            ^^^^^^^^^^^^^^^^^^^^^^^^^^^^^^^^^^^^^^^^^^^^^^^^^^^^^^^^
[rank4]:   File "/share/project/eai_pwm/home/hcr/worktrees/cosmos-framework-pwm-load-balance/cosmos_framework/model/generator/omni_mot_model.py", line 1274, in training_step_for_task
[rank4]:     output, raw_loss = self._training_step_gen(data_batch, iteration)
[rank4]:                        ^^^^^^^^^^^^^^^^^^^^^^^^^^^^^^^^^^^^^^^^^^^^^^
[rank4]:   File "/share/project/eai_pwm/home/hcr/worktrees/cosmos-framework-pwm-load-balance/cosmos_framework/model/generator/omni_mot_model.py", line 1559, in _training_step_gen
[rank4]:     out_net = self.denoise(
[rank4]:               ^^^^^^^^^^^^^
[rank4]:   File "/share/project/eai_pwm/home/hcr/worktrees/cosmos-framework-pwm-load-balance/cosmos_framework/model/generator/omni_mot_model.py", line 5115, in denoise
[rank4]:     out_net = net(
[rank4]:               ^^^^
[rank4]:   File "/usr/local/lib/python3.12/dist-packages/torch/nn/modules/module.py", line 1778, in _wrapped_call_impl
[rank4]:     return self._call_impl(*args, **kwargs)
[rank4]:            ^^^^^^^^^^^^^^^^^^^^^^^^^^^^^^^^
[rank4]:   File "/usr/local/lib/python3.12/dist-packages/torch/nn/modules/module.py", line 1884, in _call_impl
[rank4]:     return inner()
[rank4]:            ^^^^^^^
[rank4]:   File "/usr/local/lib/python3.12/dist-packages/torch/nn/modules/module.py", line 1832, in inner
[rank4]:     result = forward_call(*args, **kwargs)
[rank4]:              ^^^^^^^^^^^^^^^^^^^^^^^^^^^^^
[rank4]:   File "/share/project/eai_pwm/home/hcr/worktrees/cosmos-framework-pwm-load-balance/cosmos_framework/model/generator/mot/cosmos3_vfm_network.py", line 1487, in forward
[rank4]:     packed_outputs, lbl_metadata = self.language_model(
[rank4]:                                    ^^^^^^^^^^^^^^^^^^^^
[rank4]:   File "/usr/local/lib/python3.12/dist-packages/torch/nn/modules/module.py", line 1778, in _wrapped_call_impl
[rank4]:     return self._call_impl(*args, **kwargs)
[rank4]:            ^^^^^^^^^^^^^^^^^^^^^^^^^^^^^^^^
[rank4]:   File "/usr/local/lib/python3.12/dist-packages/torch/nn/modules/module.py", line 1789, in _call_impl
[rank4]:     return forward_call(*args, **kwargs)
[rank4]:            ^^^^^^^^^^^^^^^^^^^^^^^^^^^^^
[rank4]:   File "/share/project/eai_pwm/home/hcr/worktrees/cosmos-framework-pwm-load-balance/cosmos_framework/model/generator/mot/unified_mot.py", line 2365, in forward
[rank4]:     outputs = self.model(
[rank4]:               ^^^^^^^^^^^
[rank4]:   File "/usr/local/lib/python3.12/dist-packages/torch/nn/modules/module.py", line 1778, in _wrapped_call_impl
[rank4]:     return self._call_impl(*args, **kwargs)
[rank4]:            ^^^^^^^^^^^^^^^^^^^^^^^^^^^^^^^^
[rank4]:   File "/usr/local/lib/python3.12/dist-packages/torch/nn/modules/module.py", line 1789, in _call_impl
[rank4]:     return forward_call(*args, **kwargs)
[rank4]:            ^^^^^^^^^^^^^^^^^^^^^^^^^^^^^
[rank4]:   File "/share/project/eai_pwm/home/hcr/worktrees/cosmos-framework-pwm-load-balance/cosmos_framework/model/generator/mot/unified_mot.py", line 1543, in forward
[rank4]:     return _impl_forward(self, *args, **kwargs)
[rank4]:            ^^^^^^^^^^^^^^^^^^^^^^^^^^^^^^^^^^^^
[rank4]:   File "/share/project/eai_pwm/home/hcr/worktrees/cosmos-framework-pwm-load-balance/cosmos_framework/model/generator/mot/unified_mot.py", line 1084, in _impl_forward
[rank4]:     hidden_states, lbl_metadata_dict, kv_to_store = decoder_layer(
[rank4]:                                                     ^^^^^^^^^^^^^^
[rank4]:   File "/usr/local/lib/python3.12/dist-packages/torch/_dynamo/eval_frame.py", line 468, in __call__
[rank4]:     return super().__call__(*args, **kwargs)
[rank4]:            ^^^^^^^^^^^^^^^^^^^^^^^^^^^^^^^^^
[rank4]:   File "/usr/local/lib/python3.12/dist-packages/torch/nn/modules/module.py", line 1778, in _wrapped_call_impl
[rank4]:     return self._call_impl(*args, **kwargs)
[rank4]:            ^^^^^^^^^^^^^^^^^^^^^^^^^^^^^^^^
[rank4]:   File "/usr/local/lib/python3.12/dist-packages/torch/nn/modules/module.py", line 1884, in _call_impl
[rank4]:     return inner()
[rank4]:            ^^^^^^^
[rank4]:   File "/usr/local/lib/python3.12/dist-packages/torch/nn/modules/module.py", line 1832, in inner
[rank4]:     result = forward_call(*args, **kwargs)
[rank4]:              ^^^^^^^^^^^^^^^^^^^^^^^^^^^^^
[rank4]:   File "/usr/local/lib/python3.12/dist-packages/torch/_dynamo/eval_frame.py", line 1020, in compile_wrapper
[rank4]:     return fn(*args, **kwargs)
[rank4]:            ^^^^^^^^^^^^^^^^^^^
[rank4]:   File "/usr/local/lib/python3.12/dist-packages/torch/nn/modules/module.py", line 1778, in _wrapped_call_impl
[rank4]:     return self._call_impl(*args, **kwargs)
[rank4]:            ^^^^^^^^^^^^^^^^^^^^^^^^^^^^^^^^
[rank4]:   File "/usr/local/lib/python3.12/dist-packages/torch/nn/modules/module.py", line 1789, in _call_impl
[rank4]:     return forward_call(*args, **kwargs)
[rank4]:            ^^^^^^^^^^^^^^^^^^^^^^^^^^^^^
[rank4]:   File "/usr/local/lib/python3.12/dist-packages/torch/_dynamo/convert_frame.py", line 2340, in __call__
[rank4]:     result = self._torchdynamo_orig_backend(
[rank4]:              ^^^^^^^^^^^^^^^^^^^^^^^^^^^^^^^
[rank4]:   File "/usr/local/lib/python3.12/dist-packages/torch/_dynamo/convert_frame.py", line 727, in __call__
[rank4]:     result = _compile(
[rank4]:              ^^^^^^^^^
[rank4]:   File "/usr/local/lib/python3.12/dist-packages/torch/_dynamo/convert_frame.py", line 2031, in _compile
[rank4]:     should_clear = _is_registered_backend(innermost_backend(compiler_fn))
[rank4]:                    ^^^^^^^^^^^^^^^^^^^^^^^^^^^^^^^^^^^^^^^^^^^^^^^^^^^^^^
[rank4]:   File "/usr/local/lib/python3.12/dist-packages/torch/_dynamo/backends/registry.py", line 189, in _is_registered_backend
[rank4]:     _lazy_import()
[rank4]:   File "/usr/local/lib/python3.12/dist-packages/torch/_dynamo/backends/registry.py", line 167, in _lazy_import
[rank4]:     _discover_entrypoint_backends()
[rank4]:   File "/usr/local/lib/python3.12/dist-packages/torch/_dynamo/backends/registry.py", line 176, in _discover_entrypoint_backends
[rank4]:     eps = entry_points(group=group_name)
[rank4]:           ^^^^^^^^^^^^^^^^^^^^^^^^^^^^^^
[rank4]:   File "/usr/lib/python3.12/importlib/metadata/__init__.py", line 913, in entry_points
[rank4]:     return EntryPoints(eps).select(**params)
[rank4]:            ^^^^^^^^^^^^^^^^
[rank4]:   File "/usr/lib/python3.12/importlib/metadata/__init__.py", line 910, in <genexpr>
[rank4]:     eps = itertools.chain.from_iterable(
[rank4]:                                        ^
[rank4]:   File "/usr/lib/python3.12/importlib/metadata/_itertools.py", line 15, in unique_everseen
[rank4]:     for element in iterable:
[rank4]:   File "/opt/venv/lib/python3.12/site-packages/importlib_metadata/__init__.py", line 983, in __init__
[rank4]:     def __init__(self, path: SimplePath) -> None:

[rank4]:   File "/usr/local/lib/python3.12/dist-packages/torch/utils/data/_utils/signal_handling.py", line 73, in handler
[rank4]:     _error_if_any_worker_fails()
[rank4]: RuntimeError: DataLoader worker (pid 387272) is killed by signal: Terminated. 
[rank0]: Traceback (most recent call last):
[rank0]:   File "/usr/local/lib/python3.12/dist-packages/torch/_dynamo/symbolic_convert.py", line 1694, in run
[rank0]:     while self.step():
[rank0]:           ^^^^^^^^^^^
[rank0]:   File "/usr/local/lib/python3.12/dist-packages/torch/_dynamo/symbolic_convert.py", line 1360, in step
[rank0]:     self.dispatch_table[inst.opcode](self, inst)
[rank0]:   File "/usr/local/lib/python3.12/dist-packages/torch/_dynamo/symbolic_convert.py", line 4944, in RETURN_VALUE
[rank0]:     self._return(inst)
[rank0]:   File "/usr/local/lib/python3.12/dist-packages/torch/_dynamo/symbolic_convert.py", line 4926, in _return
[rank0]:     all_stack_locals_metadata = self.output.compile_subgraph(
[rank0]:                                 ^^^^^^^^^^^^^^^^^^^^^^^^^^^^^
[rank0]:   File "/usr/local/lib/python3.12/dist-packages/torch/_dynamo/output_graph.py", line 1929, in compile_subgraph
[rank0]:     self.compile_and_call_fx_graph(tx, pass2.graph_output_vars(), root)
[rank0]:   File "/usr/local/lib/python3.12/dist-packages/torch/_dynamo/output_graph.py", line 2503, in compile_and_call_fx_graph
[rank0]:     compiled_fn = self.call_user_compiler(gm, self.example_inputs())
[rank0]:                   ^^^^^^^^^^^^^^^^^^^^^^^^^^^^^^^^^^^^^^^^^^^^^^^^^^
[rank0]:   File "/usr/local/lib/python3.12/dist-packages/torch/_dynamo/output_graph.py", line 2656, in call_user_compiler
[rank0]:     return self._call_user_compiler(gm, example_inputs)
[rank0]:            ^^^^^^^^^^^^^^^^^^^^^^^^^^^^^^^^^^^^^^^^^^^^
[rank0]:   File "/usr/local/lib/python3.12/dist-packages/torch/_dynamo/output_graph.py", line 2739, in _call_user_compiler
[rank0]:     raise BackendCompilerFailed(
[rank0]:   File "/usr/local/lib/python3.12/dist-packages/torch/_dynamo/output_graph.py", line 2714, in _call_user_compiler
[rank0]:     compiled_fn = compiler_fn(gm, example_inputs)
[rank0]:                   ^^^^^^^^^^^^^^^^^^^^^^^^^^^^^^^
[rank0]:   File "/usr/local/lib/python3.12/dist-packages/torch/_dynamo/repro/after_dynamo.py", line 156, in __call__
[rank0]:     compiled_gm = compiler_fn(gm, example_inputs)
[rank0]:                   ^^^^^^^^^^^^^^^^^^^^^^^^^^^^^^^
[rank0]:   File "/usr/local/lib/python3.12/dist-packages/torch/__init__.py", line 2476, in __call__
[rank0]:     return compile_fx(model_, inputs_, config_patches=all_patches)
[rank0]:            ^^^^^^^^^^^^^^^^^^^^^^^^^^^^^^^^^^^^^^^^^^^^^^^^^^^^^^^
[rank0]:   File "/usr/local/lib/python3.12/dist-packages/torch/_inductor/compile_fx.py", line 2578, in compile_fx
[rank0]:     return compile_fx(
[rank0]:            ^^^^^^^^^^^
[rank0]:   File "/usr/local/lib/python3.12/dist-packages/torch/_inductor/compile_fx.py", line 2629, in compile_fx
[rank0]:     return _maybe_wrap_and_compile_fx_main(
[rank0]:            ^^^^^^^^^^^^^^^^^^^^^^^^^^^^^^^^
[rank0]:   File "/usr/local/lib/python3.12/dist-packages/torch/_inductor/compile_fx.py", line 2706, in _maybe_wrap_and_compile_fx_main
[rank0]:     return _compile_fx_main(
[rank0]:            ^^^^^^^^^^^^^^^^^
[rank0]:   File "/usr/local/lib/python3.12/dist-packages/torch/_inductor/compile_fx.py", line 2902, in _compile_fx_main
[rank0]:     return aot_autograd(
[rank0]:            ^^^^^^^^^^^^^
[rank0]:   File "/usr/local/lib/python3.12/dist-packages/torch/_dynamo/backends/common.py", line 123, in __call__
[rank0]:     cg = aot_module_simplified(gm, example_inputs, **self.kwargs)
[rank0]:          ^^^^^^^^^^^^^^^^^^^^^^^^^^^^^^^^^^^^^^^^^^^^^^^^^^^^^^^^
[rank0]:   File "/usr/local/lib/python3.12/dist-packages/torch/_functorch/aot_autograd.py", line 1103, in aot_module_simplified
[rank0]:     with contextlib.ExitStack() as stack:
[rank0]:   File "/usr/lib/python3.12/contextlib.py", line 610, in __exit__
[rank0]:     raise exc_details[1]
[rank0]:   File "/usr/lib/python3.12/contextlib.py", line 595, in __exit__
[rank0]:     if cb(*exc_details):
[rank0]:        ^^^^^^^^^^^^^^^^
[rank0]:   File "/usr/local/lib/python3.12/dist-packages/torch/_decomp/decompositions_for_rng.py", line 134, in __exit__
[rank0]:     PhiloxStateTracker.reset()
[rank0]:   File "/usr/local/lib/python3.12/dist-packages/torch/_decomp/decompositions_for_rng.py", line 138, in reset
[rank0]:     cls.running_state = PhiloxState()
[rank0]:                         ^^^^^^^^^^^^^
[rank0]:   File "/usr/local/lib/python3.12/dist-packages/torch/_decomp/decompositions_for_rng.py", line 75, in __init__
[rank0]:     self.reset()
[rank0]:   File "/usr/local/lib/python3.12/dist-packages/torch/_decomp/decompositions_for_rng.py", line 78, in reset
[rank0]:     self.seed = torch.tensor(())
[rank0]:                 ^^^^^^^^^^^^^^^^
[rank0]:   File "/usr/local/lib/python3.12/dist-packages/torch/_library/simple_registry.py", line 86, in find_torch_dispatch_rule
[rank0]:     def find_torch_dispatch_rule(
[rank0]:     
[rank0]:   File "/usr/local/lib/python3.12/dist-packages/torch/utils/data/_utils/signal_handling.py", line 73, in handler
[rank0]:     _error_if_any_worker_fails()
[rank0]: torch._dynamo.exc.BackendCompilerFailed: backend='inductor' raised:
[rank0]: RuntimeError: DataLoader worker (pid 389486) is killed by signal: Terminated. 

[rank0]: During handling of the above exception, another exception occurred:

[rank0]: Traceback (most recent call last):
[rank0]:   File "/usr/local/lib/python3.12/dist-packages/torch/_dynamo/convert_frame.py", line 1851, in _compile
[rank0]:     guarded_code, tracer_output = compile_inner(code, one_graph, hooks)
[rank0]:                                   ^^^^^^^^^^^^^^^^^^^^^^^^^^^^^^^^^^^^^
[rank0]:   File "/usr/local/lib/python3.12/dist-packages/torch/_utils_internal.py", line 96, in wrapper_function
[rank0]:     return function(*args, **kwargs)
[rank0]:            ^^^^^^^^^^^^^^^^^^^^^^^^^
[rank0]:   File "/usr/local/lib/python3.12/dist-packages/torch/_dynamo/convert_frame.py", line 1495, in compile_inner
[rank0]:     return _compile_inner(code, one_graph, hooks)
[rank0]:            ^^^^^^^^^^^^^^^^^^^^^^^^^^^^^^^^^^^^^^
[rank0]:   File "/usr/local/lib/python3.12/dist-packages/torch/_dynamo/convert_frame.py", line 1540, in _compile_inner
[rank0]:     dynamo_output = compile_frame(
[rank0]:                     ^^^^^^^^^^^^^^
[rank0]:   File "/usr/local/lib/python3.12/dist-packages/torch/_dynamo/convert_frame.py", line 1403, in compile_frame
[rank0]:     bytecode, tracer_output = transform_code_object(code, transform)
[rank0]:                               ^^^^^^^^^^^^^^^^^^^^^^^^^^^^^^^^^^^^^^
[rank0]:   File "/usr/local/lib/python3.12/dist-packages/torch/_dynamo/bytecode_transformation.py", line 1626, in transform_code_object
[rank0]:     tracer_output = transformations(instructions, code_options)
[rank0]:                     ^^^^^^^^^^^^^^^^^^^^^^^^^^^^^^^^^^^^^^^^^^^
[rank0]:   File "/usr/local/lib/python3.12/dist-packages/torch/_dynamo/convert_frame.py", line 1375, in transform
[rank0]:     tracer_output = trace_frame(
[rank0]:                     ^^^^^^^^^^^^
[rank0]:   File "/usr/local/lib/python3.12/dist-packages/torch/_dynamo/convert_frame.py", line 341, in _fn
[rank0]:     return fn(*args, **kwargs)
[rank0]:            ^^^^^^^^^^^^^^^^^^^
[rank0]:   File "/usr/local/lib/python3.12/dist-packages/torch/_dynamo/convert_frame.py", line 861, in trace_frame
[rank0]:     run_tracer()
[rank0]:   File "/usr/local/lib/python3.12/dist-packages/torch/_dynamo/convert_frame.py", line 842, in run_tracer
[rank0]:     tracer.run()
[rank0]:   File "/usr/local/lib/python3.12/dist-packages/torch/_dynamo/symbolic_convert.py", line 1754, in run
[rank0]:     self.output.cleanup()
[rank0]:   File "/usr/local/lib/python3.12/dist-packages/torch/_dynamo/output_graph.py", line 3026, in cleanup
[rank0]:     del node.meta["grapharg"]
[rank0]:         ~~~~~~~~~^^^^^^^^^^^^
[rank0]:   File "/usr/local/lib/python3.12/dist-packages/torch/utils/data/_utils/signal_handling.py", line 73, in handler
[rank0]:     _error_if_any_worker_fails()
[rank0]: RuntimeError: DataLoader worker (pid 382198) is killed by signal: Terminated. 

[rank0]: During handling of the above exception, another exception occurred:

[rank0]: Traceback (most recent call last):
[rank0]:   File "/usr/local/lib/python3.12/dist-packages/torch/_dynamo/convert_frame.py", line 1879, in _compile
[rank0]:     exception_stack_trace = [traceback.format_exc()]
[rank0]:                              ^^^^^^^^^^^^^^^^^^^^^^
[rank0]:   File "/usr/lib/python3.12/traceback.py", line 184, in format_exc
[rank0]:     return "".join(format_exception(sys.exception(), limit=limit, chain=chain))
[rank0]:                    ^^^^^^^^^^^^^^^^^^^^^^^^^^^^^^^^^^^^^^^^^^^^^^^^^^^^^^^^^^^
[rank0]:   File "/usr/lib/python3.12/traceback.py", line 139, in format_exception
[rank0]:     te = TracebackException(type(value), value, tb, limit=limit, compact=True)
[rank0]:          ^^^^^^^^^^^^^^^^^^^^^^^^^^^^^^^^^^^^^^^^^^^^^^^^^^^^^^^^^^^^^^^^^^^^^
[rank0]:   File "/usr/lib/python3.12/traceback.py", line 811, in __init__
[rank0]:     context = TracebackException(
[rank0]:               ^^^^^^^^^^^^^^^^^^^
[rank0]:   File "/usr/lib/python3.12/traceback.py", line 733, in __init__
[rank0]:     self.stack = StackSummary._extract_from_extended_frame_gen(
[rank0]:                  ^^^^^^^^^^^^^^^^^^^^^^^^^^^^^^^^^^^^^^^^^^^^^^
[rank0]:   File "/usr/lib/python3.12/traceback.py", line 418, in _extract_from_extended_frame_gen
[rank0]:     for f, (lineno, end_lineno, colno, end_colno) in frame_gen:
[rank0]:   File "/usr/lib/python3.12/traceback.py", line 355, in _walk_tb_with_full_positions
[rank0]:     positions = _get_code_position(tb.tb_frame.f_code, tb.tb_lasti)
[rank0]:                 ^^^^^^^^^^^^^^^^^^^^^^^^^^^^^^^^^^^^^^^^^^^^^^^^^^^
[rank0]:   File "/usr/lib/python3.12/traceback.py", line 369, in _get_code_position
[rank0]:     return next(itertools.islice(positions_gen, instruction_index // 2, None))
[rank0]:            ^^^^^^^^^^^^^^^^^^^^^^^^^^^^^^^^^^^^^^^^^^^^^^^^^^^^^^^^^^^^^^^^^^^
[rank0]:   File "/usr/local/lib/python3.12/dist-packages/torch/utils/data/_utils/signal_handling.py", line 73, in handler
[rank0]:     _error_if_any_worker_fails()
[rank0]: RuntimeError: DataLoader worker (pid 387182) is killed by signal: Terminated. 

[rank0]: During handling of the above exception, another exception occurred:

[rank0]: Traceback (most recent call last):
[rank0]:   File "/share/project/eai_pwm/home/hcr/worktrees/cosmos-framework-pwm-load-balance/plans/v0.2.3c_kernel_list/run_profile.py", line 68, in <module>
[rank0]:     main()
[rank0]:   File "/share/project/eai_pwm/home/hcr/worktrees/cosmos-framework-pwm-load-balance/plans/v0.2.3c_kernel_list/run_profile.py", line 62, in main
[rank0]:     runpy.run_module("cosmos_framework.scripts.train", run_name="__main__")
[rank0]:   File "<frozen runpy>", line 229, in run_module
[rank0]:   File "<frozen runpy>", line 88, in _run_code
[rank0]:   File "/share/project/eai_pwm/home/hcr/worktrees/cosmos-framework-pwm-load-balance/cosmos_framework/scripts/train.py", line 320, in <module>
[rank0]:     launch(config, args)
[rank0]:   File "/opt/venv/lib/python3.12/site-packages/loguru/_logger.py", line 1297, in catch_wrapper
[rank0]:     return function(*args, **kwargs)
[rank0]:            ^^^^^^^^^^^^^^^^^^^^^^^^^
[rank0]:   File "/share/project/eai_pwm/home/hcr/worktrees/cosmos-framework-pwm-load-balance/cosmos_framework/utils/training_telemetry/telemetry.py", line 65, in wrapper
[rank0]:     return func(config, *args, **kwargs)
[rank0]:            ^^^^^^^^^^^^^^^^^^^^^^^^^^^^^
[rank0]:   File "/share/project/eai_pwm/home/hcr/worktrees/cosmos-framework-pwm-load-balance/cosmos_framework/scripts/train.py", line 197, in launch
[rank0]:     _run_training(config, args)
[rank0]:   File "/share/project/eai_pwm/home/hcr/worktrees/cosmos-framework-pwm-load-balance/cosmos_framework/scripts/train.py", line 242, in _run_training
[rank0]:     trainer.train(
[rank0]:   File "/share/project/eai_pwm/home/hcr/worktrees/cosmos-framework-pwm-load-balance/cosmos_framework/trainer/__init__.py", line 346, in train
[rank0]:     output_batch, loss, grad_accum_iter = self.training_step(
[rank0]:                                           ^^^^^^^^^^^^^^^^^^^
[rank0]:   File "/share/project/eai_pwm/home/hcr/worktrees/cosmos-framework-pwm-load-balance/cosmos_framework/trainer/__init__.py", line 426, in training_step
[rank0]:     output_batch, loss = model_ddp.training_step(data, iteration)
[rank0]:                          ^^^^^^^^^^^^^^^^^^^^^^^^^^^^^^^^^^^^^^^^
[rank0]:   File "/share/project/eai_pwm/home/hcr/worktrees/cosmos-framework-pwm-load-balance/cosmos_framework/model/generator/omni_mot_model.py", line 1303, in training_step
[rank0]:     return self.training_step_for_task(task, data_batch, iteration)
[rank0]:            ^^^^^^^^^^^^^^^^^^^^^^^^^^^^^^^^^^^^^^^^^^^^^^^^^^^^^^^^
[rank0]:   File "/share/project/eai_pwm/home/hcr/worktrees/cosmos-framework-pwm-load-balance/cosmos_framework/model/generator/omni_mot_model.py", line 1274, in training_step_for_task
[rank0]:     output, raw_loss = self._training_step_gen(data_batch, iteration)
[rank0]:                        ^^^^^^^^^^^^^^^^^^^^^^^^^^^^^^^^^^^^^^^^^^^^^^
[rank0]:   File "/share/project/eai_pwm/home/hcr/worktrees/cosmos-framework-pwm-load-balance/cosmos_framework/model/generator/omni_mot_model.py", line 1559, in _training_step_gen
[rank0]:     out_net = self.denoise(
[rank0]:               ^^^^^^^^^^^^^
[rank0]:   File "/share/project/eai_pwm/home/hcr/worktrees/cosmos-framework-pwm-load-balance/cosmos_framework/model/generator/omni_mot_model.py", line 5115, in denoise
[rank0]:     out_net = net(
[rank0]:               ^^^^
[rank0]:   File "/usr/local/lib/python3.12/dist-packages/torch/nn/modules/module.py", line 1778, in _wrapped_call_impl
[rank0]:     return self._call_impl(*args, **kwargs)
[rank0]:            ^^^^^^^^^^^^^^^^^^^^^^^^^^^^^^^^
[rank0]:   File "/usr/local/lib/python3.12/dist-packages/torch/nn/modules/module.py", line 1884, in _call_impl
[rank0]:     return inner()
[rank0]:            ^^^^^^^
[rank0]:   File "/usr/local/lib/python3.12/dist-packages/torch/nn/modules/module.py", line 1832, in inner
[rank0]:     result = forward_call(*args, **kwargs)
[rank0]:              ^^^^^^^^^^^^^^^^^^^^^^^^^^^^^
[rank0]:   File "/share/project/eai_pwm/home/hcr/worktrees/cosmos-framework-pwm-load-balance/cosmos_framework/model/generator/mot/cosmos3_vfm_network.py", line 1487, in forward
[rank0]:     packed_outputs, lbl_metadata = self.language_model(
[rank0]:                                    ^^^^^^^^^^^^^^^^^^^^
[rank0]:   File "/usr/local/lib/python3.12/dist-packages/torch/nn/modules/module.py", line 1778, in _wrapped_call_impl
[rank0]:     return self._call_impl(*args, **kwargs)
[rank0]:            ^^^^^^^^^^^^^^^^^^^^^^^^^^^^^^^^
[rank0]:   File "/usr/local/lib/python3.12/dist-packages/torch/nn/modules/module.py", line 1789, in _call_impl
[rank0]:     return forward_call(*args, **kwargs)
[rank0]:            ^^^^^^^^^^^^^^^^^^^^^^^^^^^^^
[rank0]:   File "/share/project/eai_pwm/home/hcr/worktrees/cosmos-framework-pwm-load-balance/cosmos_framework/model/generator/mot/unified_mot.py", line 2365, in forward
[rank0]:     outputs = self.model(
[rank0]:               ^^^^^^^^^^^
[rank0]:   File "/usr/local/lib/python3.12/dist-packages/torch/nn/modules/module.py", line 1778, in _wrapped_call_impl
[rank0]:     return self._call_impl(*args, **kwargs)
[rank0]:            ^^^^^^^^^^^^^^^^^^^^^^^^^^^^^^^^
[rank0]:   File "/usr/local/lib/python3.12/dist-packages/torch/nn/modules/module.py", line 1789, in _call_impl
[rank0]:     return forward_call(*args, **kwargs)
[rank0]:            ^^^^^^^^^^^^^^^^^^^^^^^^^^^^^
[rank0]:   File "/share/project/eai_pwm/home/hcr/worktrees/cosmos-framework-pwm-load-balance/cosmos_framework/model/generator/mot/unified_mot.py", line 1543, in forward
[rank0]:     return _impl_forward(self, *args, **kwargs)
[rank0]:            ^^^^^^^^^^^^^^^^^^^^^^^^^^^^^^^^^^^^
[rank0]:   File "/share/project/eai_pwm/home/hcr/worktrees/cosmos-framework-pwm-load-balance/cosmos_framework/model/generator/mot/unified_mot.py", line 1084, in _impl_forward
[rank0]:     hidden_states, lbl_metadata_dict, kv_to_store = decoder_layer(
[rank0]:                                                     ^^^^^^^^^^^^^^
[rank0]:   File "/usr/local/lib/python3.12/dist-packages/torch/_dynamo/eval_frame.py", line 468, in __call__
[rank0]:     return super().__call__(*args, **kwargs)
[rank0]:            ^^^^^^^^^^^^^^^^^^^^^^^^^^^^^^^^^
[rank0]:   File "/usr/local/lib/python3.12/dist-packages/torch/nn/modules/module.py", line 1778, in _wrapped_call_impl
[rank0]:     return self._call_impl(*args, **kwargs)
[rank0]:            ^^^^^^^^^^^^^^^^^^^^^^^^^^^^^^^^
[rank0]:   File "/usr/local/lib/python3.12/dist-packages/torch/nn/modules/module.py", line 1884, in _call_impl
[rank0]:     return inner()
[rank0]:            ^^^^^^^
[rank0]:   File "/usr/local/lib/python3.12/dist-packages/torch/nn/modules/module.py", line 1832, in inner
[rank0]:     result = forward_call(*args, **kwargs)
[rank0]:              ^^^^^^^^^^^^^^^^^^^^^^^^^^^^^
[rank0]:   File "/usr/local/lib/python3.12/dist-packages/torch/_dynamo/eval_frame.py", line 1020, in compile_wrapper
[rank0]:     return fn(*args, **kwargs)
[rank0]:            ^^^^^^^^^^^^^^^^^^^
[rank0]:   File "/usr/local/lib/python3.12/dist-packages/torch/nn/modules/module.py", line 1778, in _wrapped_call_impl
[rank0]:     return self._call_impl(*args, **kwargs)
[rank0]:            ^^^^^^^^^^^^^^^^^^^^^^^^^^^^^^^^
[rank0]:   File "/usr/local/lib/python3.12/dist-packages/torch/nn/modules/module.py", line 1789, in _call_impl
[rank0]:     return forward_call(*args, **kwargs)
[rank0]:            ^^^^^^^^^^^^^^^^^^^^^^^^^^^^^
[rank0]:   File "/usr/local/lib/python3.12/dist-packages/torch/_dynamo/convert_frame.py", line 2340, in __call__
[rank0]:     result = self._torchdynamo_orig_backend(
[rank0]:              ^^^^^^^^^^^^^^^^^^^^^^^^^^^^^^^
[rank0]:   File "/usr/local/lib/python3.12/dist-packages/torch/_dynamo/convert_frame.py", line 727, in __call__
[rank0]:     result = _compile(
[rank0]:              ^^^^^^^^^
[rank0]:   File "/usr/local/lib/python3.12/dist-packages/torch/_dynamo/convert_frame.py", line 2031, in _compile
[rank0]:     should_clear = _is_registered_backend(innermost_backend(compiler_fn))
[rank0]:                    ^^^^^^^^^^^^^^^^^^^^^^^^^^^^^^^^^^^^^^^^^^^^^^^^^^^^^^
[rank0]:   File "/usr/local/lib/python3.12/dist-packages/torch/_dynamo/backends/registry.py", line 189, in _is_registered_backend
[rank0]:     _lazy_import()
[rank0]:   File "/usr/local/lib/python3.12/dist-packages/torch/_dynamo/backends/registry.py", line 161, in _lazy_import
[rank0]:     import_submodule(backends)
[rank0]:   File "/usr/local/lib/python3.12/dist-packages/torch/_dynamo/utils.py", line 4124, in import_submodule
[rank0]:     importlib.import_module(f"{mod.__name__}.{filename[:-3]}")
[rank0]:   File "/usr/lib/python3.12/importlib/__init__.py", line 90, in import_module
[rank0]:     return _bootstrap._gcd_import(name[level:], package, level)
[rank0]:            ^^^^^^^^^^^^^^^^^^^^^^^^^^^^^^^^^^^^^^^^^^^^^^^^^^^^
[rank0]:   File "<frozen importlib._bootstrap>", line 1387, in _gcd_import
[rank0]:   File "<frozen importlib._bootstrap>", line 1360, in _find_and_load
[rank0]:   File "<frozen importlib._bootstrap>", line 1322, in _find_and_load_unlocked
[rank0]:   File "<frozen importlib._bootstrap>", line 1262, in _find_spec
[rank0]:   File "<frozen importlib._bootstrap>", line 1130, in find_spec
[rank0]:   File "<frozen importlib._bootstrap>", line 488, in _call_with_frames_removed
[rank0]:   File "/usr/local/lib/python3.12/dist-packages/torch/utils/data/_utils/signal_handling.py", line 73, in handler
[rank0]:     _error_if_any_worker_fails()
[rank0]: RuntimeError: DataLoader worker (pid 383750) is killed by signal: Terminated. 
Traceback (most recent call last):
  File "<frozen runpy>", line 198, in _run_module_as_main
  File "<frozen runpy>", line 88, in _run_code
  File "/usr/local/lib/python3.12/dist-packages/torch/distributed/run.py", line 1020, in <module>
    main()
  File "/usr/local/lib/python3.12/dist-packages/torch/distributed/elastic/multiprocessing/errors/__init__.py", line 367, in wrapper
    return f(*args, **kwargs)
           ^^^^^^^^^^^^^^^^^^
  File "/usr/local/lib/python3.12/dist-packages/torch/distributed/run.py", line 1016, in main
    run(args)
  File "/usr/local/lib/python3.12/dist-packages/torch/distributed/run.py", line 1007, in run
    elastic_launch(
  File "/usr/local/lib/python3.12/dist-packages/torch/distributed/launcher/api.py", line 184, in __call__
    return launch_agent(self._config, self._entrypoint, list(args))
           ^^^^^^^^^^^^^^^^^^^^^^^^^^^^^^^^^^^^^^^^^^^^^^^^^^^^^^^^
  File "/usr/local/lib/python3.12/dist-packages/torch/distributed/launcher/api.py", line 323, in launch_agent
    result = agent.run()
             ^^^^^^^^^^^
  File "/usr/local/lib/python3.12/dist-packages/torch/distributed/elastic/metrics/api.py", line 134, in wrapper
    result = f(*args, **kwargs)
             ^^^^^^^^^^^^^^^^^^
  File "/usr/local/lib/python3.12/dist-packages/torch/distributed/elastic/agent/server/api.py", line 744, in run
    result = self._invoke_run(role)
             ^^^^^^^^^^^^^^^^^^^^^^
  File "/usr/local/lib/python3.12/dist-packages/torch/distributed/elastic/agent/server/api.py", line 922, in _invoke_run
    time.sleep(monitor_interval)
  File "/usr/local/lib/python3.12/dist-packages/torch/distributed/elastic/multiprocessing/api.py", line 86, in _terminate_process_handler
    raise SignalException(f"Process {os.getpid()} got signal: {sigval}", sigval=sigval)
torch.distributed.elastic.multiprocessing.api.SignalException: Process 379132 got signal: 15
