2026-09-24 15:55:39.440 | DEBUG    | cosmos_framework.utils.config:_load_py_config:596 - get_config_module: took 0.08ms
2026-09-24 15:55:39.480 | DEBUG    | cosmos_framework.utils.config:_load_py_config:596 - get_config_module: took 0.08ms
2026-09-24 15:55:39.518 | DEBUG    | cosmos_framework.utils.config:_load_py_config:596 - get_config_module: took 0.07ms
2026-09-24 15:55:39.561 | DEBUG    | cosmos_framework.utils.config:_load_py_config:596 - get_config_module: took 0.08ms
2026-09-24 15:55:39.561 | DEBUG    | cosmos_framework.utils.config:_load_py_config:596 - get_config_module: took 0.08ms
2026-09-24 15:55:39.576 | DEBUG    | cosmos_framework.utils.config:_load_py_config:596 - get_config_module: took 0.07ms
2026-09-24 15:55:39.684 | DEBUG    | cosmos_framework.utils.config:_load_py_config:596 - get_config_module: took 0.09ms
2026-09-24 15:55:39.721 | DEBUG    | cosmos_framework.utils.config:_load_py_config:596 - get_config_module: took 0.09ms
Unable to import `torchao` Tensor objects. This may affect loading checkpoints serialized with `torchao`
Unable to import `torchao` Tensor objects. This may affect loading checkpoints serialized with `torchao`
Unable to import `torchao` Tensor objects. This may affect loading checkpoints serialized with `torchao`
Unable to import `torchao` Tensor objects. This may affect loading checkpoints serialized with `torchao`
Unable to import `torchao` Tensor objects. This may affect loading checkpoints serialized with `torchao`
Unable to import `torchao` Tensor objects. This may affect loading checkpoints serialized with `torchao`
Unable to import `torchao` Tensor objects. This may affect loading checkpoints serialized with `torchao`
Unable to import `torchao` Tensor objects. This may affect loading checkpoints serialized with `torchao`
2026-09-24 15:55:51.721 | DEBUG    | cosmos_framework.utils.config:_load_py_config:601 - importlib.import_module: took 12203.26ms
2026-09-24 15:55:51.748 | DEBUG    | cosmos_framework.utils.config:_load_py_config:601 - importlib.import_module: took 12186.46ms
2026-09-24 15:55:51.753 | DEBUG    | cosmos_framework.utils.config:_load_py_config:601 - importlib.import_module: took 12191.42ms
2026-09-24 15:55:51.759 | DEBUG    | cosmos_framework.utils.config:_load_py_config:601 - importlib.import_module: took 12318.70ms
2026-09-24 15:55:51.764 | DEBUG    | cosmos_framework.utils.config:_load_py_config:601 - importlib.import_module: took 12283.77ms
2026-09-24 15:55:51.780 | DEBUG    | cosmos_framework.utils.config:_load_py_config:601 - importlib.import_module: took 12058.77ms
2026-09-24 15:55:51.784 | DEBUG    | cosmos_framework.utils.config:_load_py_config:601 - importlib.import_module: took 12207.58ms
2026-09-24 15:55:51.805 | DEBUG    | cosmos_framework.utils.config:_load_py_config:601 - importlib.import_module: took 12120.04ms
2026-09-24 15:55:52.186 | DEBUG    | cosmos_framework.utils.config:_load_py_config:606 - override: took 465.21ms
2026-09-24 15:55:52.187 | DEBUG    | cosmos_framework.utils.config:load_config:585 - total time to load config: 12731.20ms
2026-09-24 15:55:52.234 | DEBUG    | cosmos_framework.utils.config:_load_py_config:606 - override: took 485.79ms
2026-09-24 15:55:52.234 | DEBUG    | cosmos_framework.utils.config:load_config:585 - total time to load config: 12734.38ms
2026-09-24 15:55:52.239 | DEBUG    | cosmos_framework.utils.config:_load_py_config:606 - override: took 486.44ms
2026-09-24 15:55:52.239 | DEBUG    | cosmos_framework.utils.config:load_config:585 - total time to load config: 12746.11ms
2026-09-24 15:55:52.246 | DEBUG    | cosmos_framework.utils.config:_load_py_config:606 - override: took 486.15ms
2026-09-24 15:55:52.246 | DEBUG    | cosmos_framework.utils.config:load_config:585 - total time to load config: 12867.12ms
2026-09-24 15:55:52.247 | DEBUG    | cosmos_framework.utils.config:_load_py_config:606 - override: took 482.51ms
2026-09-24 15:55:52.247 | DEBUG    | cosmos_framework.utils.config:load_config:585 - total time to load config: 12830.51ms
2026-09-24 15:55:52.276 | DEBUG    | cosmos_framework.utils.config:_load_py_config:606 - override: took 491.81ms
2026-09-24 15:55:52.276 | DEBUG    | cosmos_framework.utils.config:load_config:585 - total time to load config: 12762.53ms
2026-09-24 15:55:52.287 | DEBUG    | cosmos_framework.utils.config:_load_py_config:606 - override: took 481.87ms
2026-09-24 15:55:52.287 | DEBUG    | cosmos_framework.utils.config:load_config:585 - total time to load config: 12667.47ms
2026-09-24 15:55:52.297 | DEBUG    | cosmos_framework.utils.config:_load_py_config:606 - override: took 516.63ms
2026-09-24 15:55:52.297 | DEBUG    | cosmos_framework.utils.config:load_config:585 - total time to load config: 12640.17ms
[09-24 15:55:52|INFO] Heimdall telemetry is disabled, if using Heimdall,consider setting ENABLE_TELEMETRY=true to enable it
[09-24 15:55:54|INFO] [RANK 6] Set default NCCL subgroup timeout to 1800 seconds
[09-24 15:55:54|CRITICAL] [RANK 6] Initialized distributed training with local rank 6 using nccl with timeout 1800
[09-24 15:55:54|INFO] [RANK 2] Set default NCCL subgroup timeout to 1800 seconds
[09-24 15:55:54|CRITICAL] [RANK 2] Initialized distributed training with local rank 2 using nccl with timeout 1800
[09-24 15:55:54|INFO] [RANK 4] Set default NCCL subgroup timeout to 1800 seconds
[09-24 15:55:54|CRITICAL] [RANK 4] Initialized distributed training with local rank 4 using nccl with timeout 1800
[09-24 15:55:54|INFO] [RANK 5] Set default NCCL subgroup timeout to 1800 seconds
[09-24 15:55:54|CRITICAL] [RANK 5] Initialized distributed training with local rank 5 using nccl with timeout 1800
[09-24 15:55:54|INFO] [RANK 7] Set default NCCL subgroup timeout to 1800 seconds
[09-24 15:55:54|CRITICAL] [RANK 7] Initialized distributed training with local rank 7 using nccl with timeout 1800
[09-24 15:55:54|INFO] [RANK 1] Set default NCCL subgroup timeout to 1800 seconds
[09-24 15:55:54|CRITICAL] [RANK 1] Initialized distributed training with local rank 1 using nccl with timeout 1800
[09-24 15:55:54|INFO] [RANK 3] Set default NCCL subgroup timeout to 1800 seconds
[09-24 15:55:54|CRITICAL] [RANK 3] Initialized distributed training with local rank 3 using nccl with timeout 1800
[09-24 15:55:54|INFO] [RANK 0] Set default NCCL subgroup timeout to 1800 seconds
[09-24 15:55:54|CRITICAL] [RANK 0] Initialized distributed training with local rank 0 using nccl with timeout 1800
[09-24 15:55:54|INFO] Training with 8 GPUs.
[09-24 15:55:54|INFO] Time spent on init_distributed: 1.61 s
NCCL version 2.29.7+cuda13.2
[09-24 15:55:58|INFO] [RANK 6] PyTorch compile cache directory: /share/project/eai_pwm/home/hcr/worktrees/cosmos-framework-pwm-load-balance/plans/v0.2.3c_kernel_list/runs/usr_capture002/cache/inductor/rank6
[09-24 15:55:58|INFO] [RANK 0] PyTorch compile cache directory: /share/project/eai_pwm/home/hcr/worktrees/cosmos-framework-pwm-load-balance/plans/v0.2.3c_kernel_list/runs/usr_capture002/cache/inductor/rank0
[09-24 15:55:58|INFO] Time spent on init_distributed: 0.00 s
[09-24 15:55:58|INFO] [RANK 5] PyTorch compile cache directory: /share/project/eai_pwm/home/hcr/worktrees/cosmos-framework-pwm-load-balance/plans/v0.2.3c_kernel_list/runs/usr_capture002/cache/inductor/rank5
[09-24 15:55:58|INFO] [RANK 4] PyTorch compile cache directory: /share/project/eai_pwm/home/hcr/worktrees/cosmos-framework-pwm-load-balance/plans/v0.2.3c_kernel_list/runs/usr_capture002/cache/inductor/rank4
[09-24 15:55:58|INFO] [RANK 3] PyTorch compile cache directory: /share/project/eai_pwm/home/hcr/worktrees/cosmos-framework-pwm-load-balance/plans/v0.2.3c_kernel_list/runs/usr_capture002/cache/inductor/rank3
[09-24 15:55:58|INFO] [RANK 1] PyTorch compile cache directory: /share/project/eai_pwm/home/hcr/worktrees/cosmos-framework-pwm-load-balance/plans/v0.2.3c_kernel_list/runs/usr_capture002/cache/inductor/rank1
[09-24 15:55:58|INFO] [RANK 2] PyTorch compile cache directory: /share/project/eai_pwm/home/hcr/worktrees/cosmos-framework-pwm-load-balance/plans/v0.2.3c_kernel_list/runs/usr_capture002/cache/inductor/rank2
[09-24 15:55:58|INFO] [RANK 7] PyTorch compile cache directory: /share/project/eai_pwm/home/hcr/worktrees/cosmos-framework-pwm-load-balance/plans/v0.2.3c_kernel_list/runs/usr_capture002/cache/inductor/rank7
Config is saved using pickle at /share/project/eai_pwm/home/hcr/worktrees/cosmos-framework-pwm-load-balance/plans/v0.2.3c_kernel_list/runs/usr_capture002/job/kernel-list/v0.2.3c/profile/config.pkl.
Config is saved using omegaconf at /share/project/eai_pwm/home/hcr/worktrees/cosmos-framework-pwm-load-balance/plans/v0.2.3c_kernel_list/runs/usr_capture002/job/kernel-list/v0.2.3c/profile/config.yaml.
/usr/local/lib/python3.12/dist-packages/torch/distributed/c10d_logger.py:83: UserWarning: barrier(): using the device under current context. You can specify `device_id` in `init_process_group` to mute this warning.
  return func(*args, **kwargs)
[09-24 15:55:58|INFO] Environment variable HF_HOME: /share/project/eai_pwm/home/hcr/worktrees/cosmos-framework-pwm-load-balance/plans/v0.2.3c_kernel_list/runs/usr_capture002/cache/huggingface
[09-24 15:55:58|INFO] Environment variable IMAGINAIRE_OUTPUT_ROOT: /share/project/eai_pwm/home/hcr/worktrees/cosmos-framework-pwm-load-balance/plans/v0.2.3c_kernel_list/runs/usr_capture002/job
[09-24 15:55:58|INFO] Using random seed 42.
[09-24 15:55:58|CRITICAL] Instantiating callback iter_speed: {'hit_thres': 50, 'save_s3': False, 'save_s3_every_log_n': 500, 'every_n': 1, '_target_': <class 'cosmos_framework.callbacks.iter_speed.IterSpeed'>}
[09-24 15:55:58|CRITICAL] Instantiating callback manual_gc: {'warm_up': 1, 'gc_level': 1, 'every_n': 5, '_target_': <class 'cosmos_framework.callbacks.manual_gc.ManualGarbageCollection'>}
[09-24 15:55:58|CRITICAL] Instantiating callback wandb: {'config': None, 'trainer': None, '_target_': <class 'cosmos_framework.utils.callback.WandBCallback'>}
[09-24 15:55:58|CRITICAL] Instantiating callback wandb_2x: {'logging_iter_multipler': 2, 'save_logging_iter_multipler': 1, 'save_s3': False, '_target_': <class 'cosmos_framework.callbacks.wandb_log.WandbCallback'>}
[09-24 15:55:58|CRITICAL] Instantiating callback param_count: {'save_s3': False, '_target_': <class 'cosmos_framework.callbacks.param_count.ParamCount'>}
[09-24 15:55:58|CRITICAL] Instantiating callback wandb_val: {'save_s3': False, '_target_': <class 'cosmos_framework.callbacks.wandb_log_eval.WandbCallback'>}
[09-24 15:55:58|CRITICAL] Instantiating callback moe_stability: {'every_n': 250, '_target_': <class 'cosmos_framework.callbacks.moe_stability_callback.MoEStabilityCallback'>}
[09-24 15:55:58|CRITICAL] Instantiating callback moe_specialization: {'every_n': 250, '_target_': <class 'cosmos_framework.callbacks.moe_specialization_callback.MoESpecializationCallback'>}
[09-24 15:55:58|CRITICAL] Instantiating callback moe_router_geometry: {'every_n': 250, '_target_': <class 'cosmos_framework.callbacks.moe_specialization_callback.MoERouterGeometryCallback'>}
[09-24 15:55:58|CRITICAL] Instantiating callback parameter_geometry: {'every_n': 250, '_target_': <class 'cosmos_framework.callbacks.parameter_geometry_callback.ParameterGeometryCallback'>}
[09-24 15:55:58|CRITICAL] Instantiating callback expert_heatmap: {'every_n': 1000, '_target_': <class 'cosmos_framework.callbacks.expert_heatmap.ExpertHeatmap'>}
[09-24 15:55:58|CRITICAL] Instantiating callback load_pretrained: {'config': None, 'trainer': None, '_target_': <class 'cosmos_framework.callbacks.load_pretrained.LoadPretrained'>}
[09-24 15:55:58|CRITICAL] Instantiating callback norm_monitor: {'every_n': 100, 'step_size': 1, 'layer_norm_only': False, 'model_key': None, 'log_stat_wandb': True, 'save_s3': False, 'track_activations': True, '_target_': <class 'cosmos_framework.callbacks.norm_monitor.NormMonitor'>}
[09-24 15:55:58|CRITICAL] Instantiating callback sigma_loss_analysis: {'every_n': 500, 'every_n_viz': 500, 'save_s3': False, '_target_': <class 'cosmos_framework.callbacks.sigma_loss_analysis.SigmaLossAnalysis'>}
[09-24 15:55:58|CRITICAL] Instantiating callback sequence_packing_padding: {'every_n': 50, '_target_': <class 'cosmos_framework.callbacks.sequence_packing_padding.SequencePackingPadding'>}
[09-24 15:55:58|CRITICAL] Instantiating callback sampled_media: {'enabled': False, 'output_uri': '/share/project/eai_pwm/home/hcr/worktrees/cosmos-framework-pwm-load-balance/plans/v0.2.3c_kernel_list/runs/usr_capture002/job/kernel-list/v0.2.3c/profile/sampled_media.lance', 'creds_path': None, 'flush_every_n_batches': 100, 'record_caption': False, '_target_': <class 'cosmos_framework.callbacks.sampled_media_recorder.SampledMediaRecorder'>}
[09-24 15:55:58|CRITICAL] Instantiating callback load_balance_trace: {'enabled': False, 'output_dir': '/share/project/eai_pwm/home/hcr/worktrees/cosmos-framework-pwm-load-balance/plans/v0.2.3c_kernel_list/runs/usr_capture002/job/kernel-list/v0.2.3c/profile/load_balance_trace', 'flush_every_n_batches': 100, 'record_cuda_timing': True, 'max_samples_per_record': 64, '_target_': <class 'cosmos_framework.callbacks.load_balance_trace.LoadBalanceTrace'>}
[09-24 15:55:58|CRITICAL] Instantiating callback mfu: {'backwardpass_ratio': 2.0, 'hit_thres': 5, 'include_vae_encoder': True, 'include_padding': True, 'grad_accum_iter': 2, 'every_n': 1, '_target_': <class 'cosmos_framework.callbacks.mfu.MFUCallback'>}
[09-24 15:55:58|CRITICAL] Instantiating callback ofu: {'hit_thres': 5, 'every_n': 1, '_target_': <class 'cosmos_framework.callbacks.ofu.OFUCallback'>}
[09-24 15:55:58|CRITICAL] Instantiating callback skip_nan_step: {'max_consecutive_nan': 100, '_target_': <class 'cosmos_framework.callbacks.skip_nan_step.SkipNaNStep'>}
[09-24 15:55:58|CRITICAL] Instantiating callback grad_clip: {'clip_norm': 0.1, 'force_finite': True, 'track_per_modality': True, 'error_if_nonfinite': False, '_target_': <class 'cosmos_framework.callbacks.grad_clip.GradClip'>}
[09-24 15:55:58|CRITICAL] Instantiating callback low_precision: {'update_iter': 1, 'config': None, 'trainer': None, '_target_': <class 'cosmos_framework.utils.callback.LowPrecisionCallback'>}
[09-24 15:55:58|CRITICAL] Instantiating callback heart_beat: {'step_size': 1, 'update_interval_in_minute': 20, 'save_s3': False, 'every_n': 200, '_target_': <class 'cosmos_framework.callbacks.heart_beat.HeartBeat'>}
[09-24 15:55:58|CRITICAL] Instantiating callback device_monitor: {'every_n': 200, 'step_size': 1, 'save_s3': False, 'upload_every_n_mul': 5, 'log_memory_detail': True, '_target_': <class 'cosmos_framework.callbacks.device_monitor.DeviceMonitor'>}
[09-24 15:55:58|CRITICAL] Instantiating callback termination_signal_checkpoint: {'min_save_fraction': 0.3333333333333333, '_target_': <class 'cosmos_framework.callbacks.termination_signal_checkpoint.TerminationSignalCheckpoint'>}
[09-24 15:55:58|CRITICAL] Callback dataloader_speed is missing the '_target_' field. 
 SKip {'every_n': 100, 'save_s3': False, 'step_size': 1}
[09-24 15:55:58|CRITICAL] Callback training_stats is missing the '_target_' field. 
 SKip {'log_freq': 100}
[09-24 15:55:58|CRITICAL] Instantiating callback kernel_phases: {'_target_': 'phase_audit.PhaseAudit'}
[09-24 15:55:58|CRITICAL] Instantiating callback kernel_batches: {'_target_': 'cosmos_framework.callbacks.load_balance_trace.LoadBalanceTrace', 'enabled': True, 'output_dir': '/share/project/eai_pwm/home/hcr/worktrees/cosmos-framework-pwm-load-balance/plans/v0.2.3c_kernel_list/runs/usr_capture002/batches', 'record_cuda_timing': False, 'flush_every_n_batches': 1}
[09-24 15:55:58|CRITICAL] Instantiating callback dataloader_state: {'outer_loader': None, '_target_': <class 'cosmos_framework.callbacks.cosmos_dataloader_state.JointCosmosDataLoaderStateCallback'>}
[09-24 15:55:58|WARNING] S3 credentials not found. Skipping easy_io S3 setup.
[09-24 15:55:58|WARNING] Job path: kernel-list/v0.2.3c/profile
[09-24 15:55:58|CRITICAL] Job local path: /share/project/eai_pwm/home/hcr/worktrees/cosmos-framework-pwm-load-balance/plans/v0.2.3c_kernel_list/runs/usr_capture002/job/kernel-list/v0.2.3c/profile
[09-24 15:55:58|INFO] OmniMoTModel: config {'tokenizer': {'bucket_name': '', 'object_store_credential_path_pretrained': '', 'vae_path': 'pretrained/tokenizers/video/wan2pt2/Wan2.2_VAE.pth', 'chunk_duration': 93, 'keep_decoder_cache': False, 'use_streaming_encode': False, 'encode_chunk_frames': {'256': 68, '480': 24, '720': 8, '768': 8}, 'encode_exact_durations': None, 'spatial_compression_factor': 16, 'temporal_compression_factor': 4, 'temporal_window': None, 'encode_bucket_multiple': None, 'causal': True, '_target_': <class 'cosmos_framework.model.generator.tokenizers.wan2pt2_vae_4x16x16.Wan2pt2VAEInterface'>}, 'load_vision_tokenizer': False, 'vision_vae_mode': 'offline', 'net': None, 'ema': {'enabled': False, 'rate': 0.1, 'iteration_shift': 0}, 'parallelism': {'data_parallel_shard_degree': 8, 'data_parallel_replicate_degree': 1, 'context_parallel_shard_degree': 1, 'cfg_parallel_shard_degree': 1, 'enable_inference_mode': False, 'fsdp_master_dtype': 'float32', 'fsdp_reduce_dtype': None}, 'attention_io_layout': 'sequence_sharded', 'compile': {'enabled': True, 'compiled_region': 'language', 'compile_dynamic': False, 'use_cuda_graphs': False, 'ar_post_saturation_mode': 'default', 'max_autotune_pointwise': False, 'coordinate_descent_tuning': False, 'mix_order_reduction_split_size': 32}, 'fixed_sequence_length': {'enabled': True, 'understanding_tokens': 0, 'und_tokens': 3072, 'gen_tokens': 98304, 'action_tokens': 0}, 'quantization': {'method': None, 'fp8_granularity': 'per_row', 'include_regex': [], 'exclude_regex': [], 'modelopt_fp8_checkpoint_path': None, 'modelopt_fp8_target_fqns': []}, 'activation_checkpointing': {'mode': 'full', 'save_ops_regex': ['fmha'], 'preserve_rng_state': True, 'determinism_check': 'default'}, 'precision': 'bfloat16', 'lora_enabled': False, 'lora_rank': 16, 'lora_alpha': 32, 'lora_target_modules': 'q_proj_moe_gen,k_proj_moe_gen,v_proj_moe_gen,o_proj_moe_gen', 'rectified_flow_training_config': {'shift': {'256': 3, '480': 5, '720': 10}, 'shift_image': None, 'use_dynamic_shift': False, 'train_time_image_distribution': 'logitnormal', 'train_time_video_distribution': 'waver', 'train_time_action_distribution': 'logitnormal', 'train_time_sound_distribution': 'logitnormal', 'train_time_weight': 'uniform', 'loss_scale': 1.0, 'image_loss_scale': 1.0, 'sound_loss_scale': None, 'use_discrete_rf': False, 'action_loss_weight': 10.0, 'independent_action_schedule': False, 'shift_action': None, 'independent_sound_schedule': False, 'shift_sound': None, 'normalize_loss_by_active': False, 'sample_level_loss_averaging': False}, 'rectified_flow_inference_config': {'scheduler_type': 'unipc', 'num_train_timesteps': 1000, 'shift': 1, 'use_dynamic_shifting': False}, 'fixed_step_sampler_config': None, 'vlm_config': {'model_name': 'Qwen/Qwen3-VL-8B-Instruct', 'safetensors_path': '', 'pretrained_weights': {'enabled': False, 'backbone_path': 's3://bucket0/cosmos3/pretrained/huggingface/Qwen/Qwen3-VL-8B-Instruct/', 'credentials_path': '', 'enable_gcs_patch_in_boto3': True, 'checkpoint_format': None}, 'model_instance': {'config': {'base_config': {'json_file': 'cosmos_framework/model/generator/reasoner/qwen3_vl/configs/Qwen3-VL-8B-Instruct.json', '_target_': <bound method _MoTConfigBase.from_json_file of <class 'cosmos_framework.model.generator.mot.unified_mot.Qwen3VLMoTConfig'>>}, 'freeze_und': False, 'layer_module': 'MoTDecoderLayer', 'qk_norm_for_text': True, 'tie_word_embeddings': True, '_target_': <function create_vlm_config at 0x7fda770b5260>}, '_target_': <class 'cosmos_framework.model.generator.mot.unified_mot.Qwen3VLTextForCausalLM'>}, 'tokenizer': {'config_variant': 'hf', 'pretrained_model_name': '/share/project/eai_pwm/models/Qwen3-VL-8B-Instruct', '_target_': <function create_qwen2_tokenizer_with_download at 0x7fd7d1ef16c0>}, 'layer_module': 'Qwen2MoTDecoderLayer', 'qk_norm': False, 'tie_word_embeddings': False, 'use_system_prompt': False}, 'diffusion_expert_config': {'timestep_range': 1.0, 'load_weights_from_pretrained': True, 'enable_vision_modality_embeddings': False, 'enable_media_modality_embedding': False, 'patch_spatial': 2, 'max_vae_latent_side_after_patchify': 20, 'enable_fps_modulation': True, 'base_fps': 24, 'sound_base_temporal_compression_factor': None, 'vision_temporal_position_mode': 'latent_index', 'unified_3d_mrope_reset_spatial_ids': True, 'unified_3d_mrope_temporal_modality_margin': 15000}, 'input_video_key': 'video', 'input_video_latent_key': 'video_latent', 'input_image_key': 'images', 'input_caption_key': 'ai_caption', 'gen_loss_scale': 1.0, 'und_loss_scale': 1.0, 'load_vlm_visual': False, 'train_vlm_visual': False, 'state_ch': 48, 'state_t': 300, 'latent_downsample_factor': 16, 'resolution': '480', 'max_num_tokens_after_packing': 101376, 'tower_structure': 'two_tower', 'action_tower_preset': 'full', 'action_tower_init': 'checkpoint', 'action_tower_execution': 'native', 'action_tower_attention_backend': 'auto', 'action_tower_und_short_tokens': 0, 'action_tower_projection_mode': 'routed', 'joint_attn_implementation': 'two_way', 'flex_attention': {'enabled': False, 'backend': 'auto', 'mask': {'noisy_attention_scope': 'all_views'}}, 'natten_parameter_list': None, 'video_temporal_causal': False, 'causal_training_strategy': 'none', 'lbl': {'method': 'local', 'coeff_und': None, 'coeff_gen': None}, 'vision_gen': True, 'predict_text_tokens': False, 'text_loss_weight': 1.0, 'action_gen': False, 'max_action_dim': 64, 'num_embodiment_domains': 32, 'sound_gen': False, 'sound_tokenizer': None, 'sound_dim': None, 'sound_latent_fps': 25, 'enable_input_bias': True, 'log_enc_time_every_n': 100, 'exclude_reasoner_weights_from_checkpoint': False}
[09-24 15:55:58|WARNING] OmniMoTModel: precision torch.bfloat16
[09-24 15:55:58|INFO] Vision tokenizer initialization skipped
[09-24 15:55:58|INFO] Time spent on OmniMoTModel: set_up_tokenizers: 0.20 s
[09-24 15:55:58|INFO] dp_replicate is set to -1, will be automatically determined based on world_size 8 // dp_shard 8.
[09-24 15:55:58|INFO] dp_replicate is set to 1.
[09-24 15:55:58|INFO] Building 2-D device mesh with ['dp_replicate', 'dp_shard'], [1, 8]
[rank1]:W0924 15:55:59.877000 286634 torch/distributed/tensor/_random.py:214] DTensor is synchronizing RNG states of every rank with the state from rank 0. This behavior is deprecated. Please call `torch.manual_seed()` on every rank that participates in SPMD DTensor Operations with the same seed. If using Pipeline Parallelism, each pipeling state would use a different seed, but all ranks belonging to one pipeline stage would use the same seed.
[rank2]:W0924 15:55:59.891000 286635 torch/distributed/tensor/_random.py:214] DTensor is synchronizing RNG states of every rank with the state from rank 0. This behavior is deprecated. Please call `torch.manual_seed()` on every rank that participates in SPMD DTensor Operations with the same seed. If using Pipeline Parallelism, each pipeling state would use a different seed, but all ranks belonging to one pipeline stage would use the same seed.
[rank3]:W0924 15:55:59.893000 286636 torch/distributed/tensor/_random.py:214] DTensor is synchronizing RNG states of every rank with the state from rank 0. This behavior is deprecated. Please call `torch.manual_seed()` on every rank that participates in SPMD DTensor Operations with the same seed. If using Pipeline Parallelism, each pipeling state would use a different seed, but all ranks belonging to one pipeline stage would use the same seed.
[rank4]:W0924 15:55:59.894000 286637 torch/distributed/tensor/_random.py:214] DTensor is synchronizing RNG states of every rank with the state from rank 0. This behavior is deprecated. Please call `torch.manual_seed()` on every rank that participates in SPMD DTensor Operations with the same seed. If using Pipeline Parallelism, each pipeling state would use a different seed, but all ranks belonging to one pipeline stage would use the same seed.
[rank5]:W0924 15:55:59.894000 286638 torch/distributed/tensor/_random.py:214] DTensor is synchronizing RNG states of every rank with the state from rank 0. This behavior is deprecated. Please call `torch.manual_seed()` on every rank that participates in SPMD DTensor Operations with the same seed. If using Pipeline Parallelism, each pipeling state would use a different seed, but all ranks belonging to one pipeline stage would use the same seed.
[rank7]:W0924 15:55:59.894000 286640 torch/distributed/tensor/_random.py:214] DTensor is synchronizing RNG states of every rank with the state from rank 0. This behavior is deprecated. Please call `torch.manual_seed()` on every rank that participates in SPMD DTensor Operations with the same seed. If using Pipeline Parallelism, each pipeling state would use a different seed, but all ranks belonging to one pipeline stage would use the same seed.
[rank6]:W0924 15:55:59.896000 286639 torch/distributed/tensor/_random.py:214] DTensor is synchronizing RNG states of every rank with the state from rank 0. This behavior is deprecated. Please call `torch.manual_seed()` on every rank that participates in SPMD DTensor Operations with the same seed. If using Pipeline Parallelism, each pipeling state would use a different seed, but all ranks belonging to one pipeline stage would use the same seed.
[09-24 15:56:00|INFO] Time spent on meta to cuda and broadcast model states: 0.62 s
[09-24 15:56:00|INFO] Time spent on Creating PyTorch model and ema if enabled: 1.28 s
[09-24 15:56:00|INFO] Time spent on OmniMoTModel: set_up_model: 1.28 s
[09-24 15:56:00|INFO] Time spent on init_model: 1.49 s
[09-24 15:56:00|INFO] Successfully loaded processor from local cache
[09-24 15:56:01|INFO] CosmosDataLoader: using global rank for DP sharding. For FSDP+TP/PP pass parallel_dims= for the correct DP rank.
[09-24 15:56:01|INFO] CosmosDataLoader: using global rank for DP sharding. For FSDP+TP/PP pass parallel_dims= for the correct DP rank.
[09-24 15:56:01|INFO] CosmosDataLoader: using global rank for DP sharding. For FSDP+TP/PP pass parallel_dims= for the correct DP rank.
[09-24 15:56:01|INFO] CosmosDataLoader: using global rank for DP sharding. For FSDP+TP/PP pass parallel_dims= for the correct DP rank.
[09-24 15:56:01|INFO] CosmosDataLoader: using global rank for DP sharding. For FSDP+TP/PP pass parallel_dims= for the correct DP rank.
[09-24 15:56:02|INFO] CosmosDataLoader: using global rank for DP sharding. For FSDP+TP/PP pass parallel_dims= for the correct DP rank.
[09-24 15:56:02|INFO] CosmosDataLoader: using global rank for DP sharding. For FSDP+TP/PP pass parallel_dims= for the correct DP rank.
[09-24 15:56:02|INFO] CosmosDataLoader: using global rank for DP sharding. For FSDP+TP/PP pass parallel_dims= for the correct DP rank.
[09-24 15:56:02|INFO] CosmosDataLoader: using global rank for DP sharding. For FSDP+TP/PP pass parallel_dims= for the correct DP rank.
[09-24 15:56:03|INFO] CosmosDataLoader: using global rank for DP sharding. For FSDP+TP/PP pass parallel_dims= for the correct DP rank.
[09-24 15:56:03|INFO] CosmosDataLoader: using global rank for DP sharding. For FSDP+TP/PP pass parallel_dims= for the correct DP rank.
[09-24 15:56:03|INFO] CosmosDataLoader: using global rank for DP sharding. For FSDP+TP/PP pass parallel_dims= for the correct DP rank.
[09-24 15:56:04|INFO] CosmosDataLoader: using global rank for DP sharding. For FSDP+TP/PP pass parallel_dims= for the correct DP rank.
[09-24 15:56:04|INFO] CosmosDataLoader: using global rank for DP sharding. For FSDP+TP/PP pass parallel_dims= for the correct DP rank.
[09-24 15:56:04|INFO] CosmosDataLoader: using global rank for DP sharding. For FSDP+TP/PP pass parallel_dims= for the correct DP rank.
[09-24 15:56:04|INFO] CosmosDataLoader: using global rank for DP sharding. For FSDP+TP/PP pass parallel_dims= for the correct DP rank.
[09-24 15:56:04|INFO] CosmosDataLoader: using global rank for DP sharding. For FSDP+TP/PP pass parallel_dims= for the correct DP rank.
[09-24 15:56:05|INFO] CosmosDataLoader: using global rank for DP sharding. For FSDP+TP/PP pass parallel_dims= for the correct DP rank.
[09-24 15:56:05|INFO] CosmosDataLoader: using global rank for DP sharding. For FSDP+TP/PP pass parallel_dims= for the correct DP rank.
[09-24 15:56:05|INFO] CosmosDataLoader: using global rank for DP sharding. For FSDP+TP/PP pass parallel_dims= for the correct DP rank.
[09-24 15:56:05|INFO] CosmosDataLoader: using global rank for DP sharding. For FSDP+TP/PP pass parallel_dims= for the correct DP rank.
[09-24 15:56:06|INFO] CosmosDataLoader: using global rank for DP sharding. For FSDP+TP/PP pass parallel_dims= for the correct DP rank.
[09-24 15:56:06|INFO] CosmosDataLoader: using global rank for DP sharding. For FSDP+TP/PP pass parallel_dims= for the correct DP rank.
[09-24 15:56:06|INFO] CosmosDataLoader: using global rank for DP sharding. For FSDP+TP/PP pass parallel_dims= for the correct DP rank.
[09-24 15:56:06|INFO] CosmosDataLoader: using global rank for DP sharding. For FSDP+TP/PP pass parallel_dims= for the correct DP rank.
[09-24 15:56:06|INFO] CosmosDataLoader: using global rank for DP sharding. For FSDP+TP/PP pass parallel_dims= for the correct DP rank.
[09-24 15:56:06|INFO] CosmosDataLoader: using global rank for DP sharding. For FSDP+TP/PP pass parallel_dims= for the correct DP rank.
[09-24 15:56:07|INFO] CosmosDataLoader: using global rank for DP sharding. For FSDP+TP/PP pass parallel_dims= for the correct DP rank.
[09-24 15:56:07|INFO] CosmosDataLoader: using global rank for DP sharding. For FSDP+TP/PP pass parallel_dims= for the correct DP rank.
[09-24 15:56:07|INFO] JointCosmosDataLoader: 29 streams
  agibot-world:0: ratio=4.835e+05 (11.4%)
  agibot-world_lw2030:1: ratio=6.14e+04 (1.4%)
  ego-exo4d:2: ratio=2.146e+04 (0.5%)
  egocentric-10k:3: ratio=2.458e+05 (5.8%)
  egocentric-10k_lw2030:4: ratio=1.362e+04 (0.3%)
  egodex:5: ratio=6.934e+04 (1.6%)
  egodex_lw2030:6: ratio=1.556e+04 (0.4%)
  egolive:7: ratio=3.427e+05 (8.1%)
  egolive_lw2030:8: ratio=7.156e+04 (1.7%)
  egopro:9: ratio=6.607e+04 (1.6%)
  egopro_lw2030:10: ratio=4.671e+04 (1.1%)
  egostandard:11: ratio=6.303e+05 (14.8%)
  egostandard_lw2030:12: ratio=3.471e+05 (8.2%)
  epic-kitchens-55:13: ratio=4326 (0.1%)
  galbot:14: ratio=1.37e+05 (3.2%)
  galbot_lw2030:15: ratio=1.809e+04 (0.4%)
  holoassist:16: ratio=1.697e+04 (0.4%)
  lightwheel:17: ratio=8.396e+05 (19.8%)
  lightwheel_lw2030:18: ratio=2.196e+05 (5.2%)
  openaoe-2000h:19: ratio=1.592e+05 (3.7%)
  openaoe-2000h_lw2030:20: ratio=3.942e+04 (0.9%)
  robocoin:21: ratio=1.07e+05 (2.5%)
  robocoin_lw2030:22: ratio=2.95e+04 (0.7%)
  robomind1:23: ratio=2.272e+04 (0.5%)
  robomind1_lw2030:24: ratio=572 (0.0%)
  robomind2:25: ratio=1.861e+05 (4.4%)
  robomind2_lw2030:26: ratio=2840 (0.1%)
  stereo-550:27: ratio=3.483e+04 (0.8%)
  stereo-550_lw2030:28: ratio=1.353e+04 (0.3%)
[09-24 15:56:07|INFO] Time spent on init_data_loader: 7.49 s
[09-24 15:56:08|INFO] Total tensors: 804, trainable tensors: 804, selected tensors: 405
[09-24 15:56:08|INFO] Building optimizer for mesh 'dp_shard'
[09-24 15:56:08|INFO] Param group (lr=0.0001, WD=True): 405 tensors, 6,965,486,784 elements
[09-24 15:56:08|INFO] Created 1 optimizers
[09-24 15:56:08|INFO] Created 1 schedulers
[09-24 15:56:08|CRITICAL] Resuming ckpt /share/project/eai_pwm/models/Cosmos3-Nano-USR-v2-iter12600-R7-1056-Resume-DCP (warm-start, local) with keys: ['dataloader', 'model', 'optim', 'scheduler', 'trainer']
[09-24 15:56:08|CRITICAL] Start loading checkpoint from /share/project/eai_pwm/models/Cosmos3-Nano-USR-v2-iter12600-R7-1056-Resume-DCP/dataloader
[09-24 15:56:08|INFO] [RANK 0] Checkpoint /share/project/eai_pwm/models/Cosmos3-Nano-USR-v2-iter12600-R7-1056-Resume-DCP/dataloader does not exist, skip loading dataloader.
[09-24 15:56:08|INFO] [RANK 1] Checkpoint /share/project/eai_pwm/models/Cosmos3-Nano-USR-v2-iter12600-R7-1056-Resume-DCP/dataloader does not exist, skip loading dataloader.
[09-24 15:56:08|INFO] [RANK 2] Checkpoint /share/project/eai_pwm/models/Cosmos3-Nano-USR-v2-iter12600-R7-1056-Resume-DCP/dataloader does not exist, skip loading dataloader.
[09-24 15:56:08|INFO] [RANK 6] Checkpoint /share/project/eai_pwm/models/Cosmos3-Nano-USR-v2-iter12600-R7-1056-Resume-DCP/dataloader does not exist, skip loading dataloader.
[09-24 15:56:08|INFO] [RANK 4] Checkpoint /share/project/eai_pwm/models/Cosmos3-Nano-USR-v2-iter12600-R7-1056-Resume-DCP/dataloader does not exist, skip loading dataloader.
[09-24 15:56:08|INFO] [RANK 5] Checkpoint /share/project/eai_pwm/models/Cosmos3-Nano-USR-v2-iter12600-R7-1056-Resume-DCP/dataloader does not exist, skip loading dataloader.
[09-24 15:56:08|INFO] [RANK 3] Checkpoint /share/project/eai_pwm/models/Cosmos3-Nano-USR-v2-iter12600-R7-1056-Resume-DCP/dataloader does not exist, skip loading dataloader.
[09-24 15:56:08|INFO] [RANK 7] Checkpoint /share/project/eai_pwm/models/Cosmos3-Nano-USR-v2-iter12600-R7-1056-Resume-DCP/dataloader does not exist, skip loading dataloader.
[09-24 15:56:08|CRITICAL] Start loading checkpoint from /share/project/eai_pwm/models/Cosmos3-Nano-USR-v2-iter12600-R7-1056-Resume-DCP/model
[09-24 15:56:08|INFO] Skipping loading of keys that match the following patterns: ['net_ema.']
[09-24 15:56:08|INFO] - Loading the model...
/usr/local/lib/python3.12/dist-packages/torch/distributed/checkpoint/utils.py:483: UserWarning: torch.distributed is disabled, unavailable or uninitialized, assuming the intent is to load in a single process.
  return func(*args, **kwargs)
/usr/local/lib/python3.12/dist-packages/torch/distributed/checkpoint/utils.py:483: UserWarning: torch.distributed is disabled, unavailable or uninitialized, assuming the intent is to load in a single process.
  return func(*args, **kwargs)
/usr/local/lib/python3.12/dist-packages/torch/distributed/checkpoint/utils.py:483: UserWarning: torch.distributed is disabled, unavailable or uninitialized, assuming the intent is to load in a single process.
  return func(*args, **kwargs)
/usr/local/lib/python3.12/dist-packages/torch/distributed/checkpoint/utils.py:483: UserWarning: torch.distributed is disabled, unavailable or uninitialized, assuming the intent is to load in a single process.
  return func(*args, **kwargs)
/usr/local/lib/python3.12/dist-packages/torch/distributed/checkpoint/utils.py:483: UserWarning: torch.distributed is disabled, unavailable or uninitialized, assuming the intent is to load in a single process.
  return func(*args, **kwargs)
/usr/local/lib/python3.12/dist-packages/torch/distributed/checkpoint/utils.py:483: UserWarning: torch.distributed is disabled, unavailable or uninitialized, assuming the intent is to load in a single process.
  return func(*args, **kwargs)
/usr/local/lib/python3.12/dist-packages/torch/distributed/checkpoint/utils.py:483: UserWarning: torch.distributed is disabled, unavailable or uninitialized, assuming the intent is to load in a single process.
  return func(*args, **kwargs)
/usr/local/lib/python3.12/dist-packages/torch/distributed/checkpoint/utils.py:483: UserWarning: torch.distributed is disabled, unavailable or uninitialized, assuming the intent is to load in a single process.
  return func(*args, **kwargs)
[09-24 15:56:08|INFO] [RANK 0] [DCP-LOAD-SKIP-KEYS] kept_keys=804 dropped_keys=0
[09-24 15:56:08|INFO] [RANK 0] [DCP-LOAD-DEDUP] kept_read_items=804 dropped_read_items=0
[09-24 15:56:08|INFO] [RANK 4] [DCP-LOAD-SKIP-KEYS] kept_keys=804 dropped_keys=0
[09-24 15:56:08|INFO] [RANK 6] [DCP-LOAD-SKIP-KEYS] kept_keys=804 dropped_keys=0
[09-24 15:56:08|INFO] [RANK 4] [DCP-LOAD-DEDUP] kept_read_items=804 dropped_read_items=0
[09-24 15:56:08|INFO] [RANK 6] [DCP-LOAD-DEDUP] kept_read_items=804 dropped_read_items=0
[09-24 15:56:08|INFO] [RANK 5] [DCP-LOAD-SKIP-KEYS] kept_keys=804 dropped_keys=0
[09-24 15:56:08|INFO] [RANK 5] [DCP-LOAD-DEDUP] kept_read_items=804 dropped_read_items=0
[09-24 15:56:09|INFO] [RANK 7] [DCP-LOAD-SKIP-KEYS] kept_keys=804 dropped_keys=0
[09-24 15:56:09|INFO] [RANK 1] [DCP-LOAD-SKIP-KEYS] kept_keys=804 dropped_keys=0
[09-24 15:56:09|INFO] [RANK 2] [DCP-LOAD-SKIP-KEYS] kept_keys=804 dropped_keys=0
[09-24 15:56:09|INFO] [RANK 3] [DCP-LOAD-SKIP-KEYS] kept_keys=804 dropped_keys=0
[09-24 15:56:09|INFO] [RANK 7] [DCP-LOAD-DEDUP] kept_read_items=804 dropped_read_items=0
[09-24 15:56:09|INFO] [RANK 1] [DCP-LOAD-DEDUP] kept_read_items=804 dropped_read_items=0
[09-24 15:56:09|INFO] [RANK 2] [DCP-LOAD-DEDUP] kept_read_items=804 dropped_read_items=0
[09-24 15:56:09|INFO] [RANK 3] [DCP-LOAD-DEDUP] kept_read_items=804 dropped_read_items=0
[09-24 15:56:33|INFO] [RANK 0] [DCP-LOAD-TIMING] broadcast: tensors=0.0s, objects=0.0s, rebuild=0.0s
[09-24 15:56:33|INFO] [RANK 2] [DCP-LOAD-TIMING] broadcast: tensors=0.0s, objects=0.0s, rebuild=0.0s
[09-24 15:56:33|INFO] [RANK 1] [DCP-LOAD-TIMING] broadcast: tensors=0.0s, objects=0.0s, rebuild=0.0s
[09-24 15:56:33|INFO] [RANK 3] [DCP-LOAD-TIMING] broadcast: tensors=0.0s, objects=0.0s, rebuild=0.0s
[09-24 15:56:33|INFO] [RANK 4] [DCP-LOAD-TIMING] broadcast: tensors=0.0s, objects=0.0s, rebuild=0.0s
[09-24 15:56:33|INFO] [RANK 6] [DCP-LOAD-TIMING] broadcast: tensors=0.0s, objects=0.3s, rebuild=0.0s
[09-24 15:56:33|INFO] [RANK 5] [DCP-LOAD-TIMING] broadcast: tensors=0.0s, objects=0.0s, rebuild=0.0s
[09-24 15:56:33|INFO] [RANK 7] [DCP-LOAD-TIMING] broadcast: tensors=0.0s, objects=0.0s, rebuild=0.0s
[09-24 15:56:33|CRITICAL] Start loading checkpoint from /share/project/eai_pwm/models/Cosmos3-Nano-USR-v2-iter12600-R7-1056-Resume-DCP/optim
[09-24 15:56:33|INFO] Skipping loading of keys that match the following patterns: ['net_ema.']
[09-24 15:56:33|INFO] - Loading the optimizer...
[09-24 15:56:34|INFO] [RANK 4] [DCP-LOAD-SKIP-KEYS] kept_keys=6075 dropped_keys=0
[09-24 15:56:34|INFO] [RANK 6] [DCP-LOAD-SKIP-KEYS] kept_keys=6075 dropped_keys=0
[09-24 15:56:34|INFO] [RANK 0] [DCP-LOAD-SKIP-KEYS] kept_keys=6075 dropped_keys=0
[09-24 15:56:34|INFO] [RANK 1] [DCP-LOAD-SKIP-KEYS] kept_keys=6075 dropped_keys=0
[09-24 15:56:34|INFO] [RANK 3] [DCP-LOAD-SKIP-KEYS] kept_keys=6075 dropped_keys=0
[09-24 15:56:34|INFO] [RANK 4] [DCP-LOAD-DEDUP] kept_read_items=1620 dropped_read_items=5265
[09-24 15:56:34|INFO] [RANK 5] [DCP-LOAD-SKIP-KEYS] kept_keys=6075 dropped_keys=0
[09-24 15:56:34|INFO] [RANK 0] [DCP-LOAD-DEDUP] kept_read_items=6885 dropped_read_items=0
[09-24 15:56:34|INFO] [RANK 6] [DCP-LOAD-DEDUP] kept_read_items=1620 dropped_read_items=5265
[09-24 15:56:34|INFO] [RANK 2] [DCP-LOAD-SKIP-KEYS] kept_keys=6075 dropped_keys=0
[09-24 15:56:34|INFO] [RANK 7] [DCP-LOAD-SKIP-KEYS] kept_keys=6075 dropped_keys=0
[09-24 15:56:34|INFO] [RANK 1] [DCP-LOAD-DEDUP] kept_read_items=1620 dropped_read_items=5265
[09-24 15:56:34|INFO] [RANK 3] [DCP-LOAD-DEDUP] kept_read_items=1620 dropped_read_items=5265
[09-24 15:56:34|INFO] [RANK 5] [DCP-LOAD-DEDUP] kept_read_items=1620 dropped_read_items=5265
[09-24 15:56:34|INFO] [RANK 2] [DCP-LOAD-DEDUP] kept_read_items=1620 dropped_read_items=5265
[09-24 15:56:34|INFO] [RANK 7] [DCP-LOAD-DEDUP] kept_read_items=1620 dropped_read_items=5265
[09-24 15:56:41|INFO] [RANK 0] [DCP-LOAD-TIMING] broadcast: tensors=0.0s, objects=0.0s, rebuild=0.0s
[09-24 15:56:41|INFO] [RANK 4] [DCP-LOAD-TIMING] broadcast: tensors=0.0s, objects=1.2s, rebuild=0.0s
[09-24 15:56:41|INFO] [RANK 1] [DCP-LOAD-TIMING] broadcast: tensors=0.0s, objects=0.9s, rebuild=0.0s
[09-24 15:56:41|INFO] [RANK 7] [DCP-LOAD-TIMING] broadcast: tensors=0.0s, objects=1.0s, rebuild=0.0s
[09-24 15:56:41|INFO] [RANK 6] [DCP-LOAD-TIMING] broadcast: tensors=0.0s, objects=0.9s, rebuild=0.0s
[09-24 15:56:41|INFO] [RANK 3] [DCP-LOAD-TIMING] broadcast: tensors=0.0s, objects=0.8s, rebuild=0.0s
[09-24 15:56:41|INFO] [RANK 2] [DCP-LOAD-TIMING] broadcast: tensors=0.0s, objects=0.8s, rebuild=0.0s
[09-24 15:56:41|INFO] [RANK 5] [DCP-LOAD-TIMING] broadcast: tensors=0.0s, objects=0.9s, rebuild=0.0s
[09-24 15:56:41|CRITICAL] Start loading checkpoint from /share/project/eai_pwm/models/Cosmos3-Nano-USR-v2-iter12600-R7-1056-Resume-DCP/scheduler
[09-24 15:56:41|INFO] - Loading the scheduler...
[09-24 15:56:41|CRITICAL] Start loading checkpoint from /share/project/eai_pwm/models/Cosmos3-Nano-USR-v2-iter12600-R7-1056-Resume-DCP/trainer
[09-24 15:56:41|INFO] - Loading the trainer...
[09-24 15:56:41|INFO] Loaded checkpoint from /share/project/eai_pwm/models/Cosmos3-Nano-USR-v2-iter12600-R7-1056-Resume-DCP (warm-start, local) in iteration 12600
[09-24 15:56:41|INFO] Time spent on checkpoint loading: 33.00 s
[09-24 15:56:41|CRITICAL] Distributed parallelism mode: fsdp
[09-24 15:56:41|INFO] Starting training...
[09-24 15:56:41|INFO] Generating new wandb ID: k1f4wmlz
Config is saved using omegaconf at /share/project/eai_pwm/home/hcr/worktrees/cosmos-framework-pwm-load-balance/plans/v0.2.3c_kernel_list/runs/usr_capture002/job/kernel-list/v0.2.3c/profile/config.yaml.
[09-24 15:56:41|INFO] [RANK 0] Total number of parameters on current rank: 6965486784
[09-24 15:56:41|INFO] NormMonitor callback: local_dir: /share/project/eai_pwm/home/hcr/worktrees/cosmos-framework-pwm-load-balance/plans/v0.2.3c_kernel_list/runs/usr_capture002/job/kernel-list/v0.2.3c/profile/norm_monitor
[09-24 15:56:41|INFO] NormMonitor: Registered activation hooks on 36 transformer blocks
[09-24 15:56:41|INFO] OFUCallback: launched nvidia-smi dmon --gpm-metrics 5
[09-24 15:56:41|INFO] DeviceMonitor callback: local_dir: /share/project/eai_pwm/home/hcr/worktrees/cosmos-framework-pwm-load-balance/plans/v0.2.3c_kernel_list/runs/usr_capture002/job/kernel-list/v0.2.3c/profile/DeviceMonitor
[09-24 15:56:41|INFO] [TerminationSignalCheckpoint] Installed SIGTERM handler.
[09-24 15:56:41|WARNING] OFUCallback: column(s) ['mmaact'] not found in nvidia-smi dmon header: ['gpu', 'pwr', 'gtemp', 'mtemp', 'sm', 'mem', 'enc', 'dec', 'jpg', 'ofa', 'mclk', 'pclk', 'id=5']. OFU metrics will not be available.
Traceback (most recent call last):
  File "/usr/lib/python3.12/multiprocessing/queues.py", line 264, in _feed
    obj = _ForkingPickler.dumps(obj)
          ^^^^^^^^^^^^^^^^^^^^^^^^^^
  File "/usr/lib/python3.12/multiprocessing/reduction.py", line 51, in dumps
    cls(buf, protocol).dump(obj)
  File "/usr/local/lib/python3.12/dist-packages/torch/multiprocessing/reductions.py", line 616, in reduce_storage
    df = multiprocessing.reduction.DupFd(fd)
         ^^^^^^^^^^^^^^^^^^^^^^^^^^^^^^^^^^^
  File "/usr/lib/python3.12/multiprocessing/reduction.py", line 198, in DupFd
    return resource_sharer.DupFd(fd)
           ^^^^^^^^^^^^^^^^^^^^^^^^^
  File "/usr/lib/python3.12/multiprocessing/resource_sharer.py", line 53, in __init__
    self._id = _resource_sharer.register(send, close)
               ^^^^^^^^^^^^^^^^^^^^^^^^^^^^^^^^^^^^^^
  File "/usr/lib/python3.12/multiprocessing/resource_sharer.py", line 76, in register
    self._start()
  File "/usr/lib/python3.12/multiprocessing/resource_sharer.py", line 126, in _start
    self._listener = Listener(authkey=process.current_process().authkey, backlog=128)
                     ^^^^^^^^^^^^^^^^^^^^^^^^^^^^^^^^^^^^^^^^^^^^^^^^^^^^^^^^^^^^^^^^
  File "/usr/lib/python3.12/multiprocessing/connection.py", line 464, in __init__
    self._listener = SocketListener(address, family, backlog)
                     ^^^^^^^^^^^^^^^^^^^^^^^^^^^^^^^^^^^^^^^^
  File "/usr/lib/python3.12/multiprocessing/connection.py", line 608, in __init__
    self._socket.bind(address)
OSError: AF_UNIX path too long
Traceback (most recent call last):
  File "/usr/lib/python3.12/multiprocessing/queues.py", line 264, in _feed
    obj = _ForkingPickler.dumps(obj)
          ^^^^^^^^^^^^^^^^^^^^^^^^^^
  File "/usr/lib/python3.12/multiprocessing/reduction.py", line 51, in dumps
    cls(buf, protocol).dump(obj)
  File "/usr/local/lib/python3.12/dist-packages/torch/multiprocessing/reductions.py", line 616, in reduce_storage
    df = multiprocessing.reduction.DupFd(fd)
         ^^^^^^^^^^^^^^^^^^^^^^^^^^^^^^^^^^^
  File "/usr/lib/python3.12/multiprocessing/reduction.py", line 198, in DupFd
    return resource_sharer.DupFd(fd)
           ^^^^^^^^^^^^^^^^^^^^^^^^^
  File "/usr/lib/python3.12/multiprocessing/resource_sharer.py", line 53, in __init__
    self._id = _resource_sharer.register(send, close)
               ^^^^^^^^^^^^^^^^^^^^^^^^^^^^^^^^^^^^^^
  File "/usr/lib/python3.12/multiprocessing/resource_sharer.py", line 76, in register
    self._start()
  File "/usr/lib/python3.12/multiprocessing/resource_sharer.py", line 126, in _start
    self._listener = Listener(authkey=process.current_process().authkey, backlog=128)
                     ^^^^^^^^^^^^^^^^^^^^^^^^^^^^^^^^^^^^^^^^^^^^^^^^^^^^^^^^^^^^^^^^
  File "/usr/lib/python3.12/multiprocessing/connection.py", line 464, in __init__
    self._listener = SocketListener(address, family, backlog)
                     ^^^^^^^^^^^^^^^^^^^^^^^^^^^^^^^^^^^^^^^^
  File "/usr/lib/python3.12/multiprocessing/connection.py", line 608, in __init__
    self._socket.bind(address)
OSError: AF_UNIX path too long
Traceback (most recent call last):
  File "/usr/lib/python3.12/multiprocessing/queues.py", line 264, in _feed
    obj = _ForkingPickler.dumps(obj)
          ^^^^^^^^^^^^^^^^^^^^^^^^^^
  File "/usr/lib/python3.12/multiprocessing/reduction.py", line 51, in dumps
    cls(buf, protocol).dump(obj)
  File "/usr/local/lib/python3.12/dist-packages/torch/multiprocessing/reductions.py", line 616, in reduce_storage
    df = multiprocessing.reduction.DupFd(fd)
         ^^^^^^^^^^^^^^^^^^^^^^^^^^^^^^^^^^^
  File "/usr/lib/python3.12/multiprocessing/reduction.py", line 198, in DupFd
    return resource_sharer.DupFd(fd)
           ^^^^^^^^^^^^^^^^^^^^^^^^^
  File "/usr/lib/python3.12/multiprocessing/resource_sharer.py", line 53, in __init__
    self._id = _resource_sharer.register(send, close)
               ^^^^^^^^^^^^^^^^^^^^^^^^^^^^^^^^^^^^^^
  File "/usr/lib/python3.12/multiprocessing/resource_sharer.py", line 76, in register
    self._start()
  File "/usr/lib/python3.12/multiprocessing/resource_sharer.py", line 126, in _start
    self._listener = Listener(authkey=process.current_process().authkey, backlog=128)
                     ^^^^^^^^^^^^^^^^^^^^^^^^^^^^^^^^^^^^^^^^^^^^^^^^^^^^^^^^^^^^^^^^
  File "/usr/lib/python3.12/multiprocessing/connection.py", line 464, in __init__
    self._listener = SocketListener(address, family, backlog)
                     ^^^^^^^^^^^^^^^^^^^^^^^^^^^^^^^^^^^^^^^^
  File "/usr/lib/python3.12/multiprocessing/connection.py", line 608, in __init__
    self._socket.bind(address)
OSError: AF_UNIX path too long
Traceback (most recent call last):
  File "/usr/lib/python3.12/multiprocessing/queues.py", line 264, in _feed
    obj = _ForkingPickler.dumps(obj)
          ^^^^^^^^^^^^^^^^^^^^^^^^^^
  File "/usr/lib/python3.12/multiprocessing/reduction.py", line 51, in dumps
    cls(buf, protocol).dump(obj)
  File "/usr/local/lib/python3.12/dist-packages/torch/multiprocessing/reductions.py", line 616, in reduce_storage
    df = multiprocessing.reduction.DupFd(fd)
         ^^^^^^^^^^^^^^^^^^^^^^^^^^^^^^^^^^^
  File "/usr/lib/python3.12/multiprocessing/reduction.py", line 198, in DupFd
    return resource_sharer.DupFd(fd)
           ^^^^^^^^^^^^^^^^^^^^^^^^^
  File "/usr/lib/python3.12/multiprocessing/resource_sharer.py", line 53, in __init__
    self._id = _resource_sharer.register(send, close)
               ^^^^^^^^^^^^^^^^^^^^^^^^^^^^^^^^^^^^^^
  File "/usr/lib/python3.12/multiprocessing/resource_sharer.py", line 76, in register
    self._start()
  File "/usr/lib/python3.12/multiprocessing/resource_sharer.py", line 126, in _start
    self._listener = Listener(authkey=process.current_process().authkey, backlog=128)
                     ^^^^^^^^^^^^^^^^^^^^^^^^^^^^^^^^^^^^^^^^^^^^^^^^^^^^^^^^^^^^^^^^
  File "/usr/lib/python3.12/multiprocessing/connection.py", line 464, in __init__
    self._listener = SocketListener(address, family, backlog)
                     ^^^^^^^^^^^^^^^^^^^^^^^^^^^^^^^^^^^^^^^^
  File "/usr/lib/python3.12/multiprocessing/connection.py", line 608, in __init__
    self._socket.bind(address)
OSError: AF_UNIX path too long
Traceback (most recent call last):
  File "/usr/lib/python3.12/multiprocessing/queues.py", line 264, in _feed
    obj = _ForkingPickler.dumps(obj)
          ^^^^^^^^^^^^^^^^^^^^^^^^^^
  File "/usr/lib/python3.12/multiprocessing/reduction.py", line 51, in dumps
    cls(buf, protocol).dump(obj)
  File "/usr/local/lib/python3.12/dist-packages/torch/multiprocessing/reductions.py", line 616, in reduce_storage
    df = multiprocessing.reduction.DupFd(fd)
         ^^^^^^^^^^^^^^^^^^^^^^^^^^^^^^^^^^^
  File "/usr/lib/python3.12/multiprocessing/reduction.py", line 198, in DupFd
    return resource_sharer.DupFd(fd)
           ^^^^^^^^^^^^^^^^^^^^^^^^^
  File "/usr/lib/python3.12/multiprocessing/resource_sharer.py", line 53, in __init__
    self._id = _resource_sharer.register(send, close)
               ^^^^^^^^^^^^^^^^^^^^^^^^^^^^^^^^^^^^^^
  File "/usr/lib/python3.12/multiprocessing/resource_sharer.py", line 76, in register
    self._start()
Traceback (most recent call last):
  File "/usr/lib/python3.12/multiprocessing/resource_sharer.py", line 126, in _start
    self._listener = Listener(authkey=process.current_process().authkey, backlog=128)
                     ^^^^^^^^^^^^^^^^^^^^^^^^^^^^^^^^^^^^^^^^^^^^^^^^^^^^^^^^^^^^^^^^
  File "/usr/lib/python3.12/multiprocessing/connection.py", line 464, in __init__
    self._listener = SocketListener(address, family, backlog)
                     ^^^^^^^^^^^^^^^^^^^^^^^^^^^^^^^^^^^^^^^^
  File "/usr/lib/python3.12/multiprocessing/connection.py", line 608, in __init__
    self._socket.bind(address)
OSError: AF_UNIX path too long
Traceback (most recent call last):
  File "/usr/lib/python3.12/multiprocessing/queues.py", line 264, in _feed
    obj = _ForkingPickler.dumps(obj)
          ^^^^^^^^^^^^^^^^^^^^^^^^^^
  File "/usr/lib/python3.12/multiprocessing/reduction.py", line 51, in dumps
    cls(buf, protocol).dump(obj)
  File "/usr/local/lib/python3.12/dist-packages/torch/multiprocessing/reductions.py", line 616, in reduce_storage
    df = multiprocessing.reduction.DupFd(fd)
         ^^^^^^^^^^^^^^^^^^^^^^^^^^^^^^^^^^^
  File "/usr/lib/python3.12/multiprocessing/reduction.py", line 198, in DupFd
    return resource_sharer.DupFd(fd)
           ^^^^^^^^^^^^^^^^^^^^^^^^^
  File "/usr/lib/python3.12/multiprocessing/resource_sharer.py", line 53, in __init__
    self._id = _resource_sharer.register(send, close)
               ^^^^^^^^^^^^^^^^^^^^^^^^^^^^^^^^^^^^^^
  File "/usr/lib/python3.12/multiprocessing/resource_sharer.py", line 76, in register
    self._start()
  File "/usr/lib/python3.12/multiprocessing/resource_sharer.py", line 126, in _start
    self._listener = Listener(authkey=process.current_process().authkey, backlog=128)
                     ^^^^^^^^^^^^^^^^^^^^^^^^^^^^^^^^^^^^^^^^^^^^^^^^^^^^^^^^^^^^^^^^
  File "/usr/lib/python3.12/multiprocessing/connection.py", line 464, in __init__
    self._listener = SocketListener(address, family, backlog)
                     ^^^^^^^^^^^^^^^^^^^^^^^^^^^^^^^^^^^^^^^^
  File "/usr/lib/python3.12/multiprocessing/connection.py", line 608, in __init__
    self._socket.bind(address)
OSError: AF_UNIX path too long
Traceback (most recent call last):
  File "/usr/lib/python3.12/multiprocessing/queues.py", line 264, in _feed
    obj = _ForkingPickler.dumps(obj)
          ^^^^^^^^^^^^^^^^^^^^^^^^^^
  File "/usr/lib/python3.12/multiprocessing/reduction.py", line 51, in dumps
    cls(buf, protocol).dump(obj)
  File "/usr/local/lib/python3.12/dist-packages/torch/multiprocessing/reductions.py", line 616, in reduce_storage
    df = multiprocessing.reduction.DupFd(fd)
         ^^^^^^^^^^^^^^^^^^^^^^^^^^^^^^^^^^^
Traceback (most recent call last):
Traceback (most recent call last):
  File "/usr/lib/python3.12/multiprocessing/queues.py", line 264, in _feed
    obj = _ForkingPickler.dumps(obj)
          ^^^^^^^^^^^^^^^^^^^^^^^^^^
  File "/usr/lib/python3.12/multiprocessing/reduction.py", line 51, in dumps
    cls(buf, protocol).dump(obj)
  File "/usr/local/lib/python3.12/dist-packages/torch/multiprocessing/reductions.py", line 616, in reduce_storage
    df = multiprocessing.reduction.DupFd(fd)
         ^^^^^^^^^^^^^^^^^^^^^^^^^^^^^^^^^^^
  File "/usr/lib/python3.12/multiprocessing/reduction.py", line 198, in DupFd
    return resource_sharer.DupFd(fd)
           ^^^^^^^^^^^^^^^^^^^^^^^^^
  File "/usr/lib/python3.12/multiprocessing/resource_sharer.py", line 53, in __init__
    self._id = _resource_sharer.register(send, close)
               ^^^^^^^^^^^^^^^^^^^^^^^^^^^^^^^^^^^^^^
  File "/usr/lib/python3.12/multiprocessing/resource_sharer.py", line 76, in register
    self._start()
  File "/usr/lib/python3.12/multiprocessing/resource_sharer.py", line 126, in _start
    self._listener = Listener(authkey=process.current_process().authkey, backlog=128)
                     ^^^^^^^^^^^^^^^^^^^^^^^^^^^^^^^^^^^^^^^^^^^^^^^^^^^^^^^^^^^^^^^^
  File "/usr/lib/python3.12/multiprocessing/connection.py", line 464, in __init__
    self._listener = SocketListener(address, family, backlog)
                     ^^^^^^^^^^^^^^^^^^^^^^^^^^^^^^^^^^^^^^^^
  File "/usr/lib/python3.12/multiprocessing/connection.py", line 608, in __init__
    self._socket.bind(address)
OSError: AF_UNIX path too long
  File "/usr/lib/python3.12/multiprocessing/queues.py", line 264, in _feed
    obj = _ForkingPickler.dumps(obj)
          ^^^^^^^^^^^^^^^^^^^^^^^^^^
  File "/usr/lib/python3.12/multiprocessing/reduction.py", line 51, in dumps
    cls(buf, protocol).dump(obj)
  File "/usr/local/lib/python3.12/dist-packages/torch/multiprocessing/reductions.py", line 616, in reduce_storage
    df = multiprocessing.reduction.DupFd(fd)
         ^^^^^^^^^^^^^^^^^^^^^^^^^^^^^^^^^^^
  File "/usr/lib/python3.12/multiprocessing/reduction.py", line 198, in DupFd
    return resource_sharer.DupFd(fd)
           ^^^^^^^^^^^^^^^^^^^^^^^^^
  File "/usr/lib/python3.12/multiprocessing/resource_sharer.py", line 53, in __init__
    self._id = _resource_sharer.register(send, close)
               ^^^^^^^^^^^^^^^^^^^^^^^^^^^^^^^^^^^^^^
  File "/usr/lib/python3.12/multiprocessing/resource_sharer.py", line 76, in register
    self._start()
  File "/usr/lib/python3.12/multiprocessing/resource_sharer.py", line 126, in _start
    self._listener = Listener(authkey=process.current_process().authkey, backlog=128)
                     ^^^^^^^^^^^^^^^^^^^^^^^^^^^^^^^^^^^^^^^^^^^^^^^^^^^^^^^^^^^^^^^^
  File "/usr/lib/python3.12/multiprocessing/connection.py", line 464, in __init__
    self._listener = SocketListener(address, family, backlog)
                     ^^^^^^^^^^^^^^^^^^^^^^^^^^^^^^^^^^^^^^^^
  File "/usr/lib/python3.12/multiprocessing/connection.py", line 608, in __init__
    self._socket.bind(address)
OSError: AF_UNIX path too long
  File "/usr/lib/python3.12/multiprocessing/reduction.py", line 198, in DupFd
    return resource_sharer.DupFd(fd)
           ^^^^^^^^^^^^^^^^^^^^^^^^^
Traceback (most recent call last):
  File "/usr/lib/python3.12/multiprocessing/queues.py", line 264, in _feed
    obj = _ForkingPickler.dumps(obj)
          ^^^^^^^^^^^^^^^^^^^^^^^^^^
  File "/usr/lib/python3.12/multiprocessing/reduction.py", line 51, in dumps
    cls(buf, protocol).dump(obj)
  File "/usr/local/lib/python3.12/dist-packages/torch/multiprocessing/reductions.py", line 616, in reduce_storage
    df = multiprocessing.reduction.DupFd(fd)
         ^^^^^^^^^^^^^^^^^^^^^^^^^^^^^^^^^^^
  File "/usr/lib/python3.12/multiprocessing/reduction.py", line 198, in DupFd
    return resource_sharer.DupFd(fd)
           ^^^^^^^^^^^^^^^^^^^^^^^^^
  File "/usr/lib/python3.12/multiprocessing/resource_sharer.py", line 53, in __init__
    self._id = _resource_sharer.register(send, close)
               ^^^^^^^^^^^^^^^^^^^^^^^^^^^^^^^^^^^^^^
  File "/usr/lib/python3.12/multiprocessing/resource_sharer.py", line 76, in register
    self._start()
  File "/usr/lib/python3.12/multiprocessing/resource_sharer.py", line 126, in _start
    self._listener = Listener(authkey=process.current_process().authkey, backlog=128)
                     ^^^^^^^^^^^^^^^^^^^^^^^^^^^^^^^^^^^^^^^^^^^^^^^^^^^^^^^^^^^^^^^^
  File "/usr/lib/python3.12/multiprocessing/connection.py", line 464, in __init__
    self._listener = SocketListener(address, family, backlog)
                     ^^^^^^^^^^^^^^^^^^^^^^^^^^^^^^^^^^^^^^^^
  File "/usr/lib/python3.12/multiprocessing/connection.py", line 608, in __init__
    self._socket.bind(address)
OSError: AF_UNIX path too long
Traceback (most recent call last):
  File "/usr/lib/python3.12/multiprocessing/queues.py", line 264, in _feed
    obj = _ForkingPickler.dumps(obj)
          ^^^^^^^^^^^^^^^^^^^^^^^^^^
  File "/usr/lib/python3.12/multiprocessing/reduction.py", line 51, in dumps
    cls(buf, protocol).dump(obj)
  File "/usr/local/lib/python3.12/dist-packages/torch/multiprocessing/reductions.py", line 616, in reduce_storage
    df = multiprocessing.reduction.DupFd(fd)
         ^^^^^^^^^^^^^^^^^^^^^^^^^^^^^^^^^^^
  File "/usr/lib/python3.12/multiprocessing/reduction.py", line 198, in DupFd
    return resource_sharer.DupFd(fd)
           ^^^^^^^^^^^^^^^^^^^^^^^^^
  File "/usr/lib/python3.12/multiprocessing/resource_sharer.py", line 53, in __init__
    self._id = _resource_sharer.register(send, close)
               ^^^^^^^^^^^^^^^^^^^^^^^^^^^^^^^^^^^^^^
  File "/usr/lib/python3.12/multiprocessing/resource_sharer.py", line 76, in register
    self._start()
  File "/usr/lib/python3.12/multiprocessing/resource_sharer.py", line 126, in _start
    self._listener = Listener(authkey=process.current_process().authkey, backlog=128)
                     ^^^^^^^^^^^^^^^^^^^^^^^^^^^^^^^^^^^^^^^^^^^^^^^^^^^^^^^^^^^^^^^^
  File "/usr/lib/python3.12/multiprocessing/connection.py", line 464, in __init__
    self._listener = SocketListener(address, family, backlog)
                     ^^^^^^^^^^^^^^^^^^^^^^^^^^^^^^^^^^^^^^^^
  File "/usr/lib/python3.12/multiprocessing/connection.py", line 608, in __init__
    self._socket.bind(address)
OSError: AF_UNIX path too long
Traceback (most recent call last):
  File "/usr/lib/python3.12/multiprocessing/queues.py", line 264, in _feed
    obj = _ForkingPickler.dumps(obj)
          ^^^^^^^^^^^^^^^^^^^^^^^^^^
Traceback (most recent call last):
  File "/usr/lib/python3.12/multiprocessing/reduction.py", line 51, in dumps
    cls(buf, protocol).dump(obj)
  File "/usr/local/lib/python3.12/dist-packages/torch/multiprocessing/reductions.py", line 616, in reduce_storage
    df = multiprocessing.reduction.DupFd(fd)
         ^^^^^^^^^^^^^^^^^^^^^^^^^^^^^^^^^^^
  File "/usr/lib/python3.12/multiprocessing/reduction.py", line 198, in DupFd
    return resource_sharer.DupFd(fd)
           ^^^^^^^^^^^^^^^^^^^^^^^^^
  File "/usr/lib/python3.12/multiprocessing/resource_sharer.py", line 53, in __init__
    self._id = _resource_sharer.register(send, close)
               ^^^^^^^^^^^^^^^^^^^^^^^^^^^^^^^^^^^^^^
  File "/usr/lib/python3.12/multiprocessing/resource_sharer.py", line 76, in register
    self._start()
  File "/usr/lib/python3.12/multiprocessing/resource_sharer.py", line 126, in _start
    self._listener = Listener(authkey=process.current_process().authkey, backlog=128)
                     ^^^^^^^^^^^^^^^^^^^^^^^^^^^^^^^^^^^^^^^^^^^^^^^^^^^^^^^^^^^^^^^^
  File "/usr/lib/python3.12/multiprocessing/queues.py", line 264, in _feed
    obj = _ForkingPickler.dumps(obj)
          ^^^^^^^^^^^^^^^^^^^^^^^^^^
Traceback (most recent call last):
  File "/usr/lib/python3.12/multiprocessing/connection.py", line 464, in __init__
    self._listener = SocketListener(address, family, backlog)
                     ^^^^^^^^^^^^^^^^^^^^^^^^^^^^^^^^^^^^^^^^
  File "/usr/lib/python3.12/multiprocessing/reduction.py", line 51, in dumps
    cls(buf, protocol).dump(obj)
  File "/usr/lib/python3.12/multiprocessing/queues.py", line 264, in _feed
    obj = _ForkingPickler.dumps(obj)
          ^^^^^^^^^^^^^^^^^^^^^^^^^^
  File "/usr/lib/python3.12/multiprocessing/connection.py", line 608, in __init__
    self._socket.bind(address)
  File "/usr/local/lib/python3.12/dist-packages/torch/multiprocessing/reductions.py", line 616, in reduce_storage
    df = multiprocessing.reduction.DupFd(fd)
         ^^^^^^^^^^^^^^^^^^^^^^^^^^^^^^^^^^^
OSError: AF_UNIX path too long
  File "/usr/lib/python3.12/multiprocessing/reduction.py", line 198, in DupFd
    return resource_sharer.DupFd(fd)
           ^^^^^^^^^^^^^^^^^^^^^^^^^
  File "/usr/lib/python3.12/multiprocessing/resource_sharer.py", line 53, in __init__
    self._id = _resource_sharer.register(send, close)
               ^^^^^^^^^^^^^^^^^^^^^^^^^^^^^^^^^^^^^^
  File "/usr/lib/python3.12/multiprocessing/resource_sharer.py", line 76, in register
    self._start()
  File "/usr/lib/python3.12/multiprocessing/queues.py", line 264, in _feed
    obj = _ForkingPickler.dumps(obj)
          ^^^^^^^^^^^^^^^^^^^^^^^^^^
  File "/usr/lib/python3.12/multiprocessing/reduction.py", line 51, in dumps
    cls(buf, protocol).dump(obj)
  File "/usr/lib/python3.12/multiprocessing/resource_sharer.py", line 126, in _start
    self._listener = Listener(authkey=process.current_process().authkey, backlog=128)
                     ^^^^^^^^^^^^^^^^^^^^^^^^^^^^^^^^^^^^^^^^^^^^^^^^^^^^^^^^^^^^^^^^
  File "/usr/lib/python3.12/multiprocessing/reduction.py", line 51, in dumps
    cls(buf, protocol).dump(obj)
  File "/usr/lib/python3.12/multiprocessing/connection.py", line 464, in __init__
    self._listener = SocketListener(address, family, backlog)
                     ^^^^^^^^^^^^^^^^^^^^^^^^^^^^^^^^^^^^^^^^
  File "/usr/local/lib/python3.12/dist-packages/torch/multiprocessing/reductions.py", line 616, in reduce_storage
    df = multiprocessing.reduction.DupFd(fd)
         ^^^^^^^^^^^^^^^^^^^^^^^^^^^^^^^^^^^
  File "/usr/lib/python3.12/multiprocessing/connection.py", line 608, in __init__
    self._socket.bind(address)
OSError: AF_UNIX path too long
  File "/usr/local/lib/python3.12/dist-packages/torch/multiprocessing/reductions.py", line 616, in reduce_storage
    df = multiprocessing.reduction.DupFd(fd)
         ^^^^^^^^^^^^^^^^^^^^^^^^^^^^^^^^^^^
  File "/usr/lib/python3.12/multiprocessing/reduction.py", line 198, in DupFd
    return resource_sharer.DupFd(fd)
           ^^^^^^^^^^^^^^^^^^^^^^^^^
  File "/usr/lib/python3.12/multiprocessing/resource_sharer.py", line 53, in __init__
    self._id = _resource_sharer.register(send, close)
               ^^^^^^^^^^^^^^^^^^^^^^^^^^^^^^^^^^^^^^
  File "/usr/lib/python3.12/multiprocessing/reduction.py", line 198, in DupFd
    return resource_sharer.DupFd(fd)
           ^^^^^^^^^^^^^^^^^^^^^^^^^
  File "/usr/lib/python3.12/multiprocessing/resource_sharer.py", line 76, in register
    self._start()
  File "/usr/lib/python3.12/multiprocessing/resource_sharer.py", line 126, in _start
    self._listener = Listener(authkey=process.current_process().authkey, backlog=128)
                     ^^^^^^^^^^^^^^^^^^^^^^^^^^^^^^^^^^^^^^^^^^^^^^^^^^^^^^^^^^^^^^^^
  File "/usr/lib/python3.12/multiprocessing/resource_sharer.py", line 53, in __init__
    self._id = _resource_sharer.register(send, close)
               ^^^^^^^^^^^^^^^^^^^^^^^^^^^^^^^^^^^^^^
  File "/usr/lib/python3.12/multiprocessing/connection.py", line 464, in __init__
    self._listener = SocketListener(address, family, backlog)
                     ^^^^^^^^^^^^^^^^^^^^^^^^^^^^^^^^^^^^^^^^
  File "/usr/lib/python3.12/multiprocessing/connection.py", line 608, in __init__
    self._socket.bind(address)
  File "/usr/lib/python3.12/multiprocessing/resource_sharer.py", line 76, in register
    self._start()
  File "/usr/lib/python3.12/multiprocessing/resource_sharer.py", line 126, in _start
    self._listener = Listener(authkey=process.current_process().authkey, backlog=128)
                     ^^^^^^^^^^^^^^^^^^^^^^^^^^^^^^^^^^^^^^^^^^^^^^^^^^^^^^^^^^^^^^^^
OSError: AF_UNIX path too long
  File "/usr/lib/python3.12/multiprocessing/connection.py", line 464, in __init__
    self._listener = SocketListener(address, family, backlog)
                     ^^^^^^^^^^^^^^^^^^^^^^^^^^^^^^^^^^^^^^^^
  File "/usr/lib/python3.12/multiprocessing/connection.py", line 608, in __init__
    self._socket.bind(address)
OSError: AF_UNIX path too long
  File "/usr/lib/python3.12/multiprocessing/resource_sharer.py", line 53, in __init__
    self._id = _resource_sharer.register(send, close)
               ^^^^^^^^^^^^^^^^^^^^^^^^^^^^^^^^^^^^^^
  File "/usr/lib/python3.12/multiprocessing/resource_sharer.py", line 76, in register
    self._start()
  File "/usr/lib/python3.12/multiprocessing/resource_sharer.py", line 126, in _start
    self._listener = Listener(authkey=process.current_process().authkey, backlog=128)
                     ^^^^^^^^^^^^^^^^^^^^^^^^^^^^^^^^^^^^^^^^^^^^^^^^^^^^^^^^^^^^^^^^
Traceback (most recent call last):
  File "/usr/lib/python3.12/multiprocessing/connection.py", line 464, in __init__
    self._listener = SocketListener(address, family, backlog)
                     ^^^^^^^^^^^^^^^^^^^^^^^^^^^^^^^^^^^^^^^^
  File "/usr/lib/python3.12/multiprocessing/connection.py", line 608, in __init__
    self._socket.bind(address)
OSError: AF_UNIX path too long
  File "/usr/lib/python3.12/multiprocessing/queues.py", line 264, in _feed
    obj = _ForkingPickler.dumps(obj)
          ^^^^^^^^^^^^^^^^^^^^^^^^^^
  File "/usr/lib/python3.12/multiprocessing/reduction.py", line 51, in dumps
    cls(buf, protocol).dump(obj)
  File "/usr/local/lib/python3.12/dist-packages/torch/multiprocessing/reductions.py", line 616, in reduce_storage
    df = multiprocessing.reduction.DupFd(fd)
         ^^^^^^^^^^^^^^^^^^^^^^^^^^^^^^^^^^^
  File "/usr/lib/python3.12/multiprocessing/reduction.py", line 198, in DupFd
    return resource_sharer.DupFd(fd)
           ^^^^^^^^^^^^^^^^^^^^^^^^^
  File "/usr/lib/python3.12/multiprocessing/resource_sharer.py", line 53, in __init__
    self._id = _resource_sharer.register(send, close)
               ^^^^^^^^^^^^^^^^^^^^^^^^^^^^^^^^^^^^^^
  File "/usr/lib/python3.12/multiprocessing/resource_sharer.py", line 76, in register
    self._start()
  File "/usr/lib/python3.12/multiprocessing/resource_sharer.py", line 126, in _start
    self._listener = Listener(authkey=process.current_process().authkey, backlog=128)
                     ^^^^^^^^^^^^^^^^^^^^^^^^^^^^^^^^^^^^^^^^^^^^^^^^^^^^^^^^^^^^^^^^
  File "/usr/lib/python3.12/multiprocessing/connection.py", line 464, in __init__
    self._listener = SocketListener(address, family, backlog)
                     ^^^^^^^^^^^^^^^^^^^^^^^^^^^^^^^^^^^^^^^^
  File "/usr/lib/python3.12/multiprocessing/connection.py", line 608, in __init__
    self._socket.bind(address)
OSError: AF_UNIX path too long
Traceback (most recent call last):
  File "/usr/lib/python3.12/multiprocessing/queues.py", line 264, in _feed
    obj = _ForkingPickler.dumps(obj)
          ^^^^^^^^^^^^^^^^^^^^^^^^^^
  File "/usr/lib/python3.12/multiprocessing/reduction.py", line 51, in dumps
    cls(buf, protocol).dump(obj)
  File "/usr/local/lib/python3.12/dist-packages/torch/multiprocessing/reductions.py", line 616, in reduce_storage
    df = multiprocessing.reduction.DupFd(fd)
         ^^^^^^^^^^^^^^^^^^^^^^^^^^^^^^^^^^^
  File "/usr/lib/python3.12/multiprocessing/reduction.py", line 198, in DupFd
    return resource_sharer.DupFd(fd)
           ^^^^^^^^^^^^^^^^^^^^^^^^^
  File "/usr/lib/python3.12/multiprocessing/resource_sharer.py", line 53, in __init__
    self._id = _resource_sharer.register(send, close)
               ^^^^^^^^^^^^^^^^^^^^^^^^^^^^^^^^^^^^^^
  File "/usr/lib/python3.12/multiprocessing/resource_sharer.py", line 76, in register
    self._start()
  File "/usr/lib/python3.12/multiprocessing/resource_sharer.py", line 126, in _start
    self._listener = Listener(authkey=process.current_process().authkey, backlog=128)
                     ^^^^^^^^^^^^^^^^^^^^^^^^^^^^^^^^^^^^^^^^^^^^^^^^^^^^^^^^^^^^^^^^
  File "/usr/lib/python3.12/multiprocessing/connection.py", line 464, in __init__
    self._listener = SocketListener(address, family, backlog)
                     ^^^^^^^^^^^^^^^^^^^^^^^^^^^^^^^^^^^^^^^^
  File "/usr/lib/python3.12/multiprocessing/connection.py", line 608, in __init__
    self._socket.bind(address)
OSError: AF_UNIX path too long
Traceback (most recent call last):
  File "/usr/lib/python3.12/multiprocessing/queues.py", line 264, in _feed
    obj = _ForkingPickler.dumps(obj)
          ^^^^^^^^^^^^^^^^^^^^^^^^^^
  File "/usr/lib/python3.12/multiprocessing/reduction.py", line 51, in dumps
    cls(buf, protocol).dump(obj)
  File "/usr/local/lib/python3.12/dist-packages/torch/multiprocessing/reductions.py", line 616, in reduce_storage
    df = multiprocessing.reduction.DupFd(fd)
         ^^^^^^^^^^^^^^^^^^^^^^^^^^^^^^^^^^^
  File "/usr/lib/python3.12/multiprocessing/reduction.py", line 198, in DupFd
    return resource_sharer.DupFd(fd)
           ^^^^^^^^^^^^^^^^^^^^^^^^^
  File "/usr/lib/python3.12/multiprocessing/resource_sharer.py", line 53, in __init__
    self._id = _resource_sharer.register(send, close)
               ^^^^^^^^^^^^^^^^^^^^^^^^^^^^^^^^^^^^^^
  File "/usr/lib/python3.12/multiprocessing/resource_sharer.py", line 76, in register
    self._start()
  File "/usr/lib/python3.12/multiprocessing/resource_sharer.py", line 126, in _start
    self._listener = Listener(authkey=process.current_process().authkey, backlog=128)
                     ^^^^^^^^^^^^^^^^^^^^^^^^^^^^^^^^^^^^^^^^^^^^^^^^^^^^^^^^^^^^^^^^
  File "/usr/lib/python3.12/multiprocessing/connection.py", line 464, in __init__
    self._listener = SocketListener(address, family, backlog)
                     ^^^^^^^^^^^^^^^^^^^^^^^^^^^^^^^^^^^^^^^^
  File "/usr/lib/python3.12/multiprocessing/connection.py", line 608, in __init__
    self._socket.bind(address)
OSError: AF_UNIX path too long
Traceback (most recent call last):
  File "/usr/lib/python3.12/multiprocessing/queues.py", line 264, in _feed
    obj = _ForkingPickler.dumps(obj)
          ^^^^^^^^^^^^^^^^^^^^^^^^^^
  File "/usr/lib/python3.12/multiprocessing/reduction.py", line 51, in dumps
    cls(buf, protocol).dump(obj)
  File "/usr/local/lib/python3.12/dist-packages/torch/multiprocessing/reductions.py", line 616, in reduce_storage
    df = multiprocessing.reduction.DupFd(fd)
         ^^^^^^^^^^^^^^^^^^^^^^^^^^^^^^^^^^^
  File "/usr/lib/python3.12/multiprocessing/reduction.py", line 198, in DupFd
    return resource_sharer.DupFd(fd)
           ^^^^^^^^^^^^^^^^^^^^^^^^^
  File "/usr/lib/python3.12/multiprocessing/resource_sharer.py", line 53, in __init__
    self._id = _resource_sharer.register(send, close)
               ^^^^^^^^^^^^^^^^^^^^^^^^^^^^^^^^^^^^^^
  File "/usr/lib/python3.12/multiprocessing/resource_sharer.py", line 76, in register
    self._start()
  File "/usr/lib/python3.12/multiprocessing/resource_sharer.py", line 126, in _start
    self._listener = Listener(authkey=process.current_process().authkey, backlog=128)
                     ^^^^^^^^^^^^^^^^^^^^^^^^^^^^^^^^^^^^^^^^^^^^^^^^^^^^^^^^^^^^^^^^
  File "/usr/lib/python3.12/multiprocessing/connection.py", line 464, in __init__
    self._listener = SocketListener(address, family, backlog)
                     ^^^^^^^^^^^^^^^^^^^^^^^^^^^^^^^^^^^^^^^^
  File "/usr/lib/python3.12/multiprocessing/connection.py", line 608, in __init__
    self._socket.bind(address)
OSError: AF_UNIX path too long
Traceback (most recent call last):
  File "/usr/lib/python3.12/multiprocessing/queues.py", line 264, in _feed
    obj = _ForkingPickler.dumps(obj)
          ^^^^^^^^^^^^^^^^^^^^^^^^^^
  File "/usr/lib/python3.12/multiprocessing/reduction.py", line 51, in dumps
    cls(buf, protocol).dump(obj)
  File "/usr/local/lib/python3.12/dist-packages/torch/multiprocessing/reductions.py", line 616, in reduce_storage
    df = multiprocessing.reduction.DupFd(fd)
         ^^^^^^^^^^^^^^^^^^^^^^^^^^^^^^^^^^^
  File "/usr/lib/python3.12/multiprocessing/reduction.py", line 198, in DupFd
    return resource_sharer.DupFd(fd)
           ^^^^^^^^^^^^^^^^^^^^^^^^^
  File "/usr/lib/python3.12/multiprocessing/resource_sharer.py", line 53, in __init__
    self._id = _resource_sharer.register(send, close)
               ^^^^^^^^^^^^^^^^^^^^^^^^^^^^^^^^^^^^^^
  File "/usr/lib/python3.12/multiprocessing/resource_sharer.py", line 76, in register
    self._start()
  File "/usr/lib/python3.12/multiprocessing/resource_sharer.py", line 126, in _start
    self._listener = Listener(authkey=process.current_process().authkey, backlog=128)
                     ^^^^^^^^^^^^^^^^^^^^^^^^^^^^^^^^^^^^^^^^^^^^^^^^^^^^^^^^^^^^^^^^
  File "/usr/lib/python3.12/multiprocessing/connection.py", line 464, in __init__
    self._listener = SocketListener(address, family, backlog)
                     ^^^^^^^^^^^^^^^^^^^^^^^^^^^^^^^^^^^^^^^^
  File "/usr/lib/python3.12/multiprocessing/connection.py", line 608, in __init__
    self._socket.bind(address)
Traceback (most recent call last):
OSError: AF_UNIX path too long
  File "/usr/lib/python3.12/multiprocessing/queues.py", line 264, in _feed
    obj = _ForkingPickler.dumps(obj)
          ^^^^^^^^^^^^^^^^^^^^^^^^^^
  File "/usr/lib/python3.12/multiprocessing/reduction.py", line 51, in dumps
    cls(buf, protocol).dump(obj)
Traceback (most recent call last):
  File "/usr/lib/python3.12/multiprocessing/queues.py", line 264, in _feed
    obj = _ForkingPickler.dumps(obj)
          ^^^^^^^^^^^^^^^^^^^^^^^^^^
  File "/usr/lib/python3.12/multiprocessing/reduction.py", line 51, in dumps
    cls(buf, protocol).dump(obj)
  File "/usr/local/lib/python3.12/dist-packages/torch/multiprocessing/reductions.py", line 616, in reduce_storage
    df = multiprocessing.reduction.DupFd(fd)
         ^^^^^^^^^^^^^^^^^^^^^^^^^^^^^^^^^^^
  File "/usr/lib/python3.12/multiprocessing/reduction.py", line 198, in DupFd
    return resource_sharer.DupFd(fd)
           ^^^^^^^^^^^^^^^^^^^^^^^^^
  File "/usr/lib/python3.12/multiprocessing/resource_sharer.py", line 53, in __init__
    self._id = _resource_sharer.register(send, close)
               ^^^^^^^^^^^^^^^^^^^^^^^^^^^^^^^^^^^^^^
  File "/usr/lib/python3.12/multiprocessing/resource_sharer.py", line 76, in register
    self._start()
  File "/usr/lib/python3.12/multiprocessing/resource_sharer.py", line 126, in _start
    self._listener = Listener(authkey=process.current_process().authkey, backlog=128)
                     ^^^^^^^^^^^^^^^^^^^^^^^^^^^^^^^^^^^^^^^^^^^^^^^^^^^^^^^^^^^^^^^^
  File "/usr/lib/python3.12/multiprocessing/connection.py", line 464, in __init__
    self._listener = SocketListener(address, family, backlog)
                     ^^^^^^^^^^^^^^^^^^^^^^^^^^^^^^^^^^^^^^^^
  File "/usr/lib/python3.12/multiprocessing/connection.py", line 608, in __init__
    self._socket.bind(address)
OSError: AF_UNIX path too long
Traceback (most recent call last):
  File "/usr/lib/python3.12/multiprocessing/queues.py", line 264, in _feed
    obj = _ForkingPickler.dumps(obj)
          ^^^^^^^^^^^^^^^^^^^^^^^^^^
  File "/usr/lib/python3.12/multiprocessing/reduction.py", line 51, in dumps
    cls(buf, protocol).dump(obj)
  File "/usr/local/lib/python3.12/dist-packages/torch/multiprocessing/reductions.py", line 616, in reduce_storage
    df = multiprocessing.reduction.DupFd(fd)
         ^^^^^^^^^^^^^^^^^^^^^^^^^^^^^^^^^^^
  File "/usr/lib/python3.12/multiprocessing/reduction.py", line 198, in DupFd
    return resource_sharer.DupFd(fd)
           ^^^^^^^^^^^^^^^^^^^^^^^^^
  File "/usr/lib/python3.12/multiprocessing/resource_sharer.py", line 53, in __init__
    self._id = _resource_sharer.register(send, close)
               ^^^^^^^^^^^^^^^^^^^^^^^^^^^^^^^^^^^^^^
  File "/usr/lib/python3.12/multiprocessing/resource_sharer.py", line 76, in register
    self._start()
  File "/usr/lib/python3.12/multiprocessing/resource_sharer.py", line 126, in _start
    self._listener = Listener(authkey=process.current_process().authkey, backlog=128)
                     ^^^^^^^^^^^^^^^^^^^^^^^^^^^^^^^^^^^^^^^^^^^^^^^^^^^^^^^^^^^^^^^^
  File "/usr/lib/python3.12/multiprocessing/connection.py", line 464, in __init__
    self._listener = SocketListener(address, family, backlog)
                     ^^^^^^^^^^^^^^^^^^^^^^^^^^^^^^^^^^^^^^^^
  File "/usr/lib/python3.12/multiprocessing/connection.py", line 608, in __init__
    self._socket.bind(address)
OSError: AF_UNIX path too long
Traceback (most recent call last):
  File "/usr/lib/python3.12/multiprocessing/queues.py", line 264, in _feed
    obj = _ForkingPickler.dumps(obj)
          ^^^^^^^^^^^^^^^^^^^^^^^^^^
  File "/usr/lib/python3.12/multiprocessing/reduction.py", line 51, in dumps
    cls(buf, protocol).dump(obj)
  File "/usr/local/lib/python3.12/dist-packages/torch/multiprocessing/reductions.py", line 616, in reduce_storage
    df = multiprocessing.reduction.DupFd(fd)
         ^^^^^^^^^^^^^^^^^^^^^^^^^^^^^^^^^^^
  File "/usr/lib/python3.12/multiprocessing/reduction.py", line 198, in DupFd
    return resource_sharer.DupFd(fd)
           ^^^^^^^^^^^^^^^^^^^^^^^^^
  File "/usr/lib/python3.12/multiprocessing/resource_sharer.py", line 53, in __init__
    self._id = _resource_sharer.register(send, close)
               ^^^^^^^^^^^^^^^^^^^^^^^^^^^^^^^^^^^^^^
  File "/usr/lib/python3.12/multiprocessing/resource_sharer.py", line 76, in register
    self._start()
  File "/usr/lib/python3.12/multiprocessing/resource_sharer.py", line 126, in _start
    self._listener = Listener(authkey=process.current_process().authkey, backlog=128)
                     ^^^^^^^^^^^^^^^^^^^^^^^^^^^^^^^^^^^^^^^^^^^^^^^^^^^^^^^^^^^^^^^^
  File "/usr/lib/python3.12/multiprocessing/connection.py", line 464, in __init__
    self._listener = SocketListener(address, family, backlog)
                     ^^^^^^^^^^^^^^^^^^^^^^^^^^^^^^^^^^^^^^^^
  File "/usr/lib/python3.12/multiprocessing/connection.py", line 608, in __init__
    self._socket.bind(address)
OSError: AF_UNIX path too long
  File "/usr/local/lib/python3.12/dist-packages/torch/multiprocessing/reductions.py", line 616, in reduce_storage
    df = multiprocessing.reduction.DupFd(fd)
         ^^^^^^^^^^^^^^^^^^^^^^^^^^^^^^^^^^^
  File "/usr/lib/python3.12/multiprocessing/reduction.py", line 198, in DupFd
    return resource_sharer.DupFd(fd)
           ^^^^^^^^^^^^^^^^^^^^^^^^^
  File "/usr/lib/python3.12/multiprocessing/resource_sharer.py", line 53, in __init__
    self._id = _resource_sharer.register(send, close)
               ^^^^^^^^^^^^^^^^^^^^^^^^^^^^^^^^^^^^^^
  File "/usr/lib/python3.12/multiprocessing/resource_sharer.py", line 76, in register
    self._start()
  File "/usr/lib/python3.12/multiprocessing/resource_sharer.py", line 126, in _start
    self._listener = Listener(authkey=process.current_process().authkey, backlog=128)
                     ^^^^^^^^^^^^^^^^^^^^^^^^^^^^^^^^^^^^^^^^^^^^^^^^^^^^^^^^^^^^^^^^
  File "/usr/lib/python3.12/multiprocessing/connection.py", line 464, in __init__
    self._listener = SocketListener(address, family, backlog)
                     ^^^^^^^^^^^^^^^^^^^^^^^^^^^^^^^^^^^^^^^^
  File "/usr/lib/python3.12/multiprocessing/connection.py", line 608, in __init__
    self._socket.bind(address)
OSError: AF_UNIX path too long
Traceback (most recent call last):
  File "/usr/lib/python3.12/multiprocessing/queues.py", line 264, in _feed
    obj = _ForkingPickler.dumps(obj)
          ^^^^^^^^^^^^^^^^^^^^^^^^^^
  File "/usr/lib/python3.12/multiprocessing/reduction.py", line 51, in dumps
    cls(buf, protocol).dump(obj)
  File "/usr/local/lib/python3.12/dist-packages/torch/multiprocessing/reductions.py", line 616, in reduce_storage
    df = multiprocessing.reduction.DupFd(fd)
         ^^^^^^^^^^^^^^^^^^^^^^^^^^^^^^^^^^^
  File "/usr/lib/python3.12/multiprocessing/reduction.py", line 198, in DupFd
    return resource_sharer.DupFd(fd)
           ^^^^^^^^^^^^^^^^^^^^^^^^^
  File "/usr/lib/python3.12/multiprocessing/resource_sharer.py", line 53, in __init__
    self._id = _resource_sharer.register(send, close)
               ^^^^^^^^^^^^^^^^^^^^^^^^^^^^^^^^^^^^^^
  File "/usr/lib/python3.12/multiprocessing/resource_sharer.py", line 76, in register
    self._start()
  File "/usr/lib/python3.12/multiprocessing/resource_sharer.py", line 126, in _start
    self._listener = Listener(authkey=process.current_process().authkey, backlog=128)
                     ^^^^^^^^^^^^^^^^^^^^^^^^^^^^^^^^^^^^^^^^^^^^^^^^^^^^^^^^^^^^^^^^
  File "/usr/lib/python3.12/multiprocessing/connection.py", line 464, in __init__
    self._listener = SocketListener(address, family, backlog)
                     ^^^^^^^^^^^^^^^^^^^^^^^^^^^^^^^^^^^^^^^^
  File "/usr/lib/python3.12/multiprocessing/connection.py", line 608, in __init__
    self._socket.bind(address)
OSError: AF_UNIX path too long
Traceback (most recent call last):
  File "/usr/lib/python3.12/multiprocessing/queues.py", line 264, in _feed
    obj = _ForkingPickler.dumps(obj)
          ^^^^^^^^^^^^^^^^^^^^^^^^^^
  File "/usr/lib/python3.12/multiprocessing/reduction.py", line 51, in dumps
    cls(buf, protocol).dump(obj)
  File "/usr/local/lib/python3.12/dist-packages/torch/multiprocessing/reductions.py", line 616, in reduce_storage
    df = multiprocessing.reduction.DupFd(fd)
         ^^^^^^^^^^^^^^^^^^^^^^^^^^^^^^^^^^^
  File "/usr/lib/python3.12/multiprocessing/reduction.py", line 198, in DupFd
    return resource_sharer.DupFd(fd)
           ^^^^^^^^^^^^^^^^^^^^^^^^^
  File "/usr/lib/python3.12/multiprocessing/resource_sharer.py", line 53, in __init__
    self._id = _resource_sharer.register(send, close)
               ^^^^^^^^^^^^^^^^^^^^^^^^^^^^^^^^^^^^^^
  File "/usr/lib/python3.12/multiprocessing/resource_sharer.py", line 76, in register
    self._start()
  File "/usr/lib/python3.12/multiprocessing/resource_sharer.py", line 126, in _start
    self._listener = Listener(authkey=process.current_process().authkey, backlog=128)
                     ^^^^^^^^^^^^^^^^^^^^^^^^^^^^^^^^^^^^^^^^^^^^^^^^^^^^^^^^^^^^^^^^
  File "/usr/lib/python3.12/multiprocessing/connection.py", line 464, in __init__
    self._listener = SocketListener(address, family, backlog)
                     ^^^^^^^^^^^^^^^^^^^^^^^^^^^^^^^^^^^^^^^^
  File "/usr/lib/python3.12/multiprocessing/connection.py", line 608, in __init__
    self._socket.bind(address)
OSError: AF_UNIX path too long
Traceback (most recent call last):
  File "/usr/lib/python3.12/multiprocessing/queues.py", line 264, in _feed
    obj = _ForkingPickler.dumps(obj)
          ^^^^^^^^^^^^^^^^^^^^^^^^^^
  File "/usr/lib/python3.12/multiprocessing/reduction.py", line 51, in dumps
    cls(buf, protocol).dump(obj)
  File "/usr/local/lib/python3.12/dist-packages/torch/multiprocessing/reductions.py", line 616, in reduce_storage
    df = multiprocessing.reduction.DupFd(fd)
         ^^^^^^^^^^^^^^^^^^^^^^^^^^^^^^^^^^^
  File "/usr/lib/python3.12/multiprocessing/reduction.py", line 198, in DupFd
    return resource_sharer.DupFd(fd)
           ^^^^^^^^^^^^^^^^^^^^^^^^^
  File "/usr/lib/python3.12/multiprocessing/resource_sharer.py", line 53, in __init__
    self._id = _resource_sharer.register(send, close)
               ^^^^^^^^^^^^^^^^^^^^^^^^^^^^^^^^^^^^^^
  File "/usr/lib/python3.12/multiprocessing/resource_sharer.py", line 76, in register
    self._start()
  File "/usr/lib/python3.12/multiprocessing/resource_sharer.py", line 126, in _start
    self._listener = Listener(authkey=process.current_process().authkey, backlog=128)
                     ^^^^^^^^^^^^^^^^^^^^^^^^^^^^^^^^^^^^^^^^^^^^^^^^^^^^^^^^^^^^^^^^
  File "/usr/lib/python3.12/multiprocessing/connection.py", line 464, in __init__
    self._listener = SocketListener(address, family, backlog)
                     ^^^^^^^^^^^^^^^^^^^^^^^^^^^^^^^^^^^^^^^^
  File "/usr/lib/python3.12/multiprocessing/connection.py", line 608, in __init__
    self._socket.bind(address)
OSError: AF_UNIX path too long
Traceback (most recent call last):
  File "/usr/lib/python3.12/multiprocessing/queues.py", line 264, in _feed
    obj = _ForkingPickler.dumps(obj)
          ^^^^^^^^^^^^^^^^^^^^^^^^^^
Traceback (most recent call last):
  File "/usr/lib/python3.12/multiprocessing/reduction.py", line 51, in dumps
    cls(buf, protocol).dump(obj)
  File "/usr/local/lib/python3.12/dist-packages/torch/multiprocessing/reductions.py", line 616, in reduce_storage
    df = multiprocessing.reduction.DupFd(fd)
         ^^^^^^^^^^^^^^^^^^^^^^^^^^^^^^^^^^^
  File "/usr/lib/python3.12/multiprocessing/queues.py", line 264, in _feed
    obj = _ForkingPickler.dumps(obj)
          ^^^^^^^^^^^^^^^^^^^^^^^^^^
  File "/usr/lib/python3.12/multiprocessing/reduction.py", line 51, in dumps
    cls(buf, protocol).dump(obj)
  File "/usr/local/lib/python3.12/dist-packages/torch/multiprocessing/reductions.py", line 616, in reduce_storage
    df = multiprocessing.reduction.DupFd(fd)
         ^^^^^^^^^^^^^^^^^^^^^^^^^^^^^^^^^^^
  File "/usr/lib/python3.12/multiprocessing/reduction.py", line 198, in DupFd
    return resource_sharer.DupFd(fd)
           ^^^^^^^^^^^^^^^^^^^^^^^^^
  File "/usr/lib/python3.12/multiprocessing/resource_sharer.py", line 53, in __init__
    self._id = _resource_sharer.register(send, close)
               ^^^^^^^^^^^^^^^^^^^^^^^^^^^^^^^^^^^^^^
  File "/usr/lib/python3.12/multiprocessing/resource_sharer.py", line 76, in register
    self._start()
  File "/usr/lib/python3.12/multiprocessing/resource_sharer.py", line 126, in _start
    self._listener = Listener(authkey=process.current_process().authkey, backlog=128)
                     ^^^^^^^^^^^^^^^^^^^^^^^^^^^^^^^^^^^^^^^^^^^^^^^^^^^^^^^^^^^^^^^^
  File "/usr/lib/python3.12/multiprocessing/connection.py", line 464, in __init__
    self._listener = SocketListener(address, family, backlog)
                     ^^^^^^^^^^^^^^^^^^^^^^^^^^^^^^^^^^^^^^^^
  File "/usr/lib/python3.12/multiprocessing/connection.py", line 608, in __init__
    self._socket.bind(address)
OSError: AF_UNIX path too long
  File "/usr/lib/python3.12/multiprocessing/reduction.py", line 198, in DupFd
    return resource_sharer.DupFd(fd)
           ^^^^^^^^^^^^^^^^^^^^^^^^^
Traceback (most recent call last):
  File "/usr/lib/python3.12/multiprocessing/resource_sharer.py", line 53, in __init__
    self._id = _resource_sharer.register(send, close)
               ^^^^^^^^^^^^^^^^^^^^^^^^^^^^^^^^^^^^^^
  File "/usr/lib/python3.12/multiprocessing/resource_sharer.py", line 76, in register
    self._start()
  File "/usr/lib/python3.12/multiprocessing/resource_sharer.py", line 126, in _start
    self._listener = Listener(authkey=process.current_process().authkey, backlog=128)
                     ^^^^^^^^^^^^^^^^^^^^^^^^^^^^^^^^^^^^^^^^^^^^^^^^^^^^^^^^^^^^^^^^
  File "/usr/lib/python3.12/multiprocessing/connection.py", line 464, in __init__
    self._listener = SocketListener(address, family, backlog)
                     ^^^^^^^^^^^^^^^^^^^^^^^^^^^^^^^^^^^^^^^^
  File "/usr/lib/python3.12/multiprocessing/connection.py", line 608, in __init__
    self._socket.bind(address)
OSError: AF_UNIX path too long
  File "/usr/lib/python3.12/multiprocessing/queues.py", line 264, in _feed
    obj = _ForkingPickler.dumps(obj)
          ^^^^^^^^^^^^^^^^^^^^^^^^^^
  File "/usr/lib/python3.12/multiprocessing/reduction.py", line 51, in dumps
    cls(buf, protocol).dump(obj)
  File "/usr/local/lib/python3.12/dist-packages/torch/multiprocessing/reductions.py", line 616, in reduce_storage
    df = multiprocessing.reduction.DupFd(fd)
         ^^^^^^^^^^^^^^^^^^^^^^^^^^^^^^^^^^^
  File "/usr/lib/python3.12/multiprocessing/reduction.py", line 198, in DupFd
    return resource_sharer.DupFd(fd)
           ^^^^^^^^^^^^^^^^^^^^^^^^^
  File "/usr/lib/python3.12/multiprocessing/resource_sharer.py", line 53, in __init__
    self._id = _resource_sharer.register(send, close)
               ^^^^^^^^^^^^^^^^^^^^^^^^^^^^^^^^^^^^^^
  File "/usr/lib/python3.12/multiprocessing/resource_sharer.py", line 76, in register
    self._start()
  File "/usr/lib/python3.12/multiprocessing/resource_sharer.py", line 126, in _start
    self._listener = Listener(authkey=process.current_process().authkey, backlog=128)
                     ^^^^^^^^^^^^^^^^^^^^^^^^^^^^^^^^^^^^^^^^^^^^^^^^^^^^^^^^^^^^^^^^
  File "/usr/lib/python3.12/multiprocessing/connection.py", line 464, in __init__
    self._listener = SocketListener(address, family, backlog)
                     ^^^^^^^^^^^^^^^^^^^^^^^^^^^^^^^^^^^^^^^^
  File "/usr/lib/python3.12/multiprocessing/connection.py", line 608, in __init__
    self._socket.bind(address)
OSError: AF_UNIX path too long
Traceback (most recent call last):
  File "/usr/lib/python3.12/multiprocessing/queues.py", line 264, in _feed
    obj = _ForkingPickler.dumps(obj)
          ^^^^^^^^^^^^^^^^^^^^^^^^^^
  File "/usr/lib/python3.12/multiprocessing/reduction.py", line 51, in dumps
    cls(buf, protocol).dump(obj)
  File "/usr/local/lib/python3.12/dist-packages/torch/multiprocessing/reductions.py", line 616, in reduce_storage
    df = multiprocessing.reduction.DupFd(fd)
         ^^^^^^^^^^^^^^^^^^^^^^^^^^^^^^^^^^^
  File "/usr/lib/python3.12/multiprocessing/reduction.py", line 198, in DupFd
    return resource_sharer.DupFd(fd)
           ^^^^^^^^^^^^^^^^^^^^^^^^^
  File "/usr/lib/python3.12/multiprocessing/resource_sharer.py", line 53, in __init__
    self._id = _resource_sharer.register(send, close)
               ^^^^^^^^^^^^^^^^^^^^^^^^^^^^^^^^^^^^^^
  File "/usr/lib/python3.12/multiprocessing/resource_sharer.py", line 76, in register
    self._start()
  File "/usr/lib/python3.12/multiprocessing/resource_sharer.py", line 126, in _start
    self._listener = Listener(authkey=process.current_process().authkey, backlog=128)
                     ^^^^^^^^^^^^^^^^^^^^^^^^^^^^^^^^^^^^^^^^^^^^^^^^^^^^^^^^^^^^^^^^
  File "/usr/lib/python3.12/multiprocessing/connection.py", line 464, in __init__
    self._listener = SocketListener(address, family, backlog)
                     ^^^^^^^^^^^^^^^^^^^^^^^^^^^^^^^^^^^^^^^^
  File "/usr/lib/python3.12/multiprocessing/connection.py", line 608, in __init__
    self._socket.bind(address)
OSError: AF_UNIX path too long
Traceback (most recent call last):
Traceback (most recent call last):
  File "/usr/lib/python3.12/multiprocessing/queues.py", line 264, in _feed
    obj = _ForkingPickler.dumps(obj)
          ^^^^^^^^^^^^^^^^^^^^^^^^^^
  File "/usr/lib/python3.12/multiprocessing/reduction.py", line 51, in dumps
    cls(buf, protocol).dump(obj)
  File "/usr/local/lib/python3.12/dist-packages/torch/multiprocessing/reductions.py", line 616, in reduce_storage
    df = multiprocessing.reduction.DupFd(fd)
         ^^^^^^^^^^^^^^^^^^^^^^^^^^^^^^^^^^^
  File "/usr/lib/python3.12/multiprocessing/queues.py", line 264, in _feed
    obj = _ForkingPickler.dumps(obj)
          ^^^^^^^^^^^^^^^^^^^^^^^^^^
  File "/usr/lib/python3.12/multiprocessing/reduction.py", line 51, in dumps
    cls(buf, protocol).dump(obj)
  File "/usr/local/lib/python3.12/dist-packages/torch/multiprocessing/reductions.py", line 616, in reduce_storage
    df = multiprocessing.reduction.DupFd(fd)
         ^^^^^^^^^^^^^^^^^^^^^^^^^^^^^^^^^^^
  File "/usr/lib/python3.12/multiprocessing/reduction.py", line 198, in DupFd
    return resource_sharer.DupFd(fd)
           ^^^^^^^^^^^^^^^^^^^^^^^^^
  File "/usr/lib/python3.12/multiprocessing/resource_sharer.py", line 53, in __init__
    self._id = _resource_sharer.register(send, close)
               ^^^^^^^^^^^^^^^^^^^^^^^^^^^^^^^^^^^^^^
  File "/usr/lib/python3.12/multiprocessing/resource_sharer.py", line 76, in register
    self._start()
  File "/usr/lib/python3.12/multiprocessing/resource_sharer.py", line 126, in _start
    self._listener = Listener(authkey=process.current_process().authkey, backlog=128)
                     ^^^^^^^^^^^^^^^^^^^^^^^^^^^^^^^^^^^^^^^^^^^^^^^^^^^^^^^^^^^^^^^^
  File "/usr/lib/python3.12/multiprocessing/connection.py", line 464, in __init__
    self._listener = SocketListener(address, family, backlog)
                     ^^^^^^^^^^^^^^^^^^^^^^^^^^^^^^^^^^^^^^^^
  File "/usr/lib/python3.12/multiprocessing/connection.py", line 608, in __init__
    self._socket.bind(address)
OSError: AF_UNIX path too long
Traceback (most recent call last):
  File "/usr/lib/python3.12/multiprocessing/queues.py", line 264, in _feed
    obj = _ForkingPickler.dumps(obj)
          ^^^^^^^^^^^^^^^^^^^^^^^^^^
  File "/usr/lib/python3.12/multiprocessing/reduction.py", line 51, in dumps
    cls(buf, protocol).dump(obj)
  File "/usr/local/lib/python3.12/dist-packages/torch/multiprocessing/reductions.py", line 616, in reduce_storage
    df = multiprocessing.reduction.DupFd(fd)
         ^^^^^^^^^^^^^^^^^^^^^^^^^^^^^^^^^^^
  File "/usr/lib/python3.12/multiprocessing/reduction.py", line 198, in DupFd
    return resource_sharer.DupFd(fd)
           ^^^^^^^^^^^^^^^^^^^^^^^^^
  File "/usr/lib/python3.12/multiprocessing/resource_sharer.py", line 53, in __init__
    self._id = _resource_sharer.register(send, close)
               ^^^^^^^^^^^^^^^^^^^^^^^^^^^^^^^^^^^^^^
  File "/usr/lib/python3.12/multiprocessing/resource_sharer.py", line 76, in register
    self._start()
  File "/usr/lib/python3.12/multiprocessing/resource_sharer.py", line 126, in _start
    self._listener = Listener(authkey=process.current_process().authkey, backlog=128)
                     ^^^^^^^^^^^^^^^^^^^^^^^^^^^^^^^^^^^^^^^^^^^^^^^^^^^^^^^^^^^^^^^^
  File "/usr/lib/python3.12/multiprocessing/connection.py", line 464, in __init__
    self._listener = SocketListener(address, family, backlog)
                     ^^^^^^^^^^^^^^^^^^^^^^^^^^^^^^^^^^^^^^^^
  File "/usr/lib/python3.12/multiprocessing/connection.py", line 608, in __init__
    self._socket.bind(address)
OSError: AF_UNIX path too long
  File "/usr/lib/python3.12/multiprocessing/reduction.py", line 198, in DupFd
    return resource_sharer.DupFd(fd)
           ^^^^^^^^^^^^^^^^^^^^^^^^^
  File "/usr/lib/python3.12/multiprocessing/resource_sharer.py", line 53, in __init__
    self._id = _resource_sharer.register(send, close)
               ^^^^^^^^^^^^^^^^^^^^^^^^^^^^^^^^^^^^^^
  File "/usr/lib/python3.12/multiprocessing/resource_sharer.py", line 76, in register
    self._start()
  File "/usr/lib/python3.12/multiprocessing/resource_sharer.py", line 126, in _start
    self._listener = Listener(authkey=process.current_process().authkey, backlog=128)
                     ^^^^^^^^^^^^^^^^^^^^^^^^^^^^^^^^^^^^^^^^^^^^^^^^^^^^^^^^^^^^^^^^
  File "/usr/lib/python3.12/multiprocessing/connection.py", line 464, in __init__
    self._listener = SocketListener(address, family, backlog)
                     ^^^^^^^^^^^^^^^^^^^^^^^^^^^^^^^^^^^^^^^^
  File "/usr/lib/python3.12/multiprocessing/connection.py", line 608, in __init__
    self._socket.bind(address)
Traceback (most recent call last):
OSError: AF_UNIX path too long
  File "/usr/lib/python3.12/multiprocessing/queues.py", line 264, in _feed
    obj = _ForkingPickler.dumps(obj)
          ^^^^^^^^^^^^^^^^^^^^^^^^^^
  File "/usr/lib/python3.12/multiprocessing/reduction.py", line 51, in dumps
    cls(buf, protocol).dump(obj)
  File "/usr/local/lib/python3.12/dist-packages/torch/multiprocessing/reductions.py", line 616, in reduce_storage
    df = multiprocessing.reduction.DupFd(fd)
         ^^^^^^^^^^^^^^^^^^^^^^^^^^^^^^^^^^^
  File "/usr/lib/python3.12/multiprocessing/reduction.py", line 198, in DupFd
    return resource_sharer.DupFd(fd)
           ^^^^^^^^^^^^^^^^^^^^^^^^^
  File "/usr/lib/python3.12/multiprocessing/resource_sharer.py", line 53, in __init__
    self._id = _resource_sharer.register(send, close)
               ^^^^^^^^^^^^^^^^^^^^^^^^^^^^^^^^^^^^^^
  File "/usr/lib/python3.12/multiprocessing/resource_sharer.py", line 76, in register
    self._start()
  File "/usr/lib/python3.12/multiprocessing/resource_sharer.py", line 126, in _start
    self._listener = Listener(authkey=process.current_process().authkey, backlog=128)
                     ^^^^^^^^^^^^^^^^^^^^^^^^^^^^^^^^^^^^^^^^^^^^^^^^^^^^^^^^^^^^^^^^
  File "/usr/lib/python3.12/multiprocessing/connection.py", line 464, in __init__
    self._listener = SocketListener(address, family, backlog)
                     ^^^^^^^^^^^^^^^^^^^^^^^^^^^^^^^^^^^^^^^^
  File "/usr/lib/python3.12/multiprocessing/connection.py", line 608, in __init__
    self._socket.bind(address)
OSError: AF_UNIX path too long
Traceback (most recent call last):
  File "/usr/lib/python3.12/multiprocessing/queues.py", line 264, in _feed
    obj = _ForkingPickler.dumps(obj)
          ^^^^^^^^^^^^^^^^^^^^^^^^^^
  File "/usr/lib/python3.12/multiprocessing/reduction.py", line 51, in dumps
    cls(buf, protocol).dump(obj)
  File "/usr/local/lib/python3.12/dist-packages/torch/multiprocessing/reductions.py", line 616, in reduce_storage
    df = multiprocessing.reduction.DupFd(fd)
         ^^^^^^^^^^^^^^^^^^^^^^^^^^^^^^^^^^^
  File "/usr/lib/python3.12/multiprocessing/reduction.py", line 198, in DupFd
    return resource_sharer.DupFd(fd)
           ^^^^^^^^^^^^^^^^^^^^^^^^^
  File "/usr/lib/python3.12/multiprocessing/resource_sharer.py", line 53, in __init__
    self._id = _resource_sharer.register(send, close)
               ^^^^^^^^^^^^^^^^^^^^^^^^^^^^^^^^^^^^^^
Traceback (most recent call last):
  File "/usr/lib/python3.12/multiprocessing/resource_sharer.py", line 76, in register
    self._start()
  File "/usr/lib/python3.12/multiprocessing/resource_sharer.py", line 126, in _start
    self._listener = Listener(authkey=process.current_process().authkey, backlog=128)
                     ^^^^^^^^^^^^^^^^^^^^^^^^^^^^^^^^^^^^^^^^^^^^^^^^^^^^^^^^^^^^^^^^
  File "/usr/lib/python3.12/multiprocessing/connection.py", line 464, in __init__
    self._listener = SocketListener(address, family, backlog)
                     ^^^^^^^^^^^^^^^^^^^^^^^^^^^^^^^^^^^^^^^^
  File "/usr/lib/python3.12/multiprocessing/connection.py", line 608, in __init__
    self._socket.bind(address)
OSError: AF_UNIX path too long
  File "/usr/lib/python3.12/multiprocessing/queues.py", line 264, in _feed
    obj = _ForkingPickler.dumps(obj)
          ^^^^^^^^^^^^^^^^^^^^^^^^^^
  File "/usr/lib/python3.12/multiprocessing/reduction.py", line 51, in dumps
    cls(buf, protocol).dump(obj)
  File "/usr/local/lib/python3.12/dist-packages/torch/multiprocessing/reductions.py", line 616, in reduce_storage
    df = multiprocessing.reduction.DupFd(fd)
         ^^^^^^^^^^^^^^^^^^^^^^^^^^^^^^^^^^^
  File "/usr/lib/python3.12/multiprocessing/reduction.py", line 198, in DupFd
    return resource_sharer.DupFd(fd)
           ^^^^^^^^^^^^^^^^^^^^^^^^^
  File "/usr/lib/python3.12/multiprocessing/resource_sharer.py", line 53, in __init__
    self._id = _resource_sharer.register(send, close)
               ^^^^^^^^^^^^^^^^^^^^^^^^^^^^^^^^^^^^^^
  File "/usr/lib/python3.12/multiprocessing/resource_sharer.py", line 76, in register
    self._start()
  File "/usr/lib/python3.12/multiprocessing/resource_sharer.py", line 126, in _start
    self._listener = Listener(authkey=process.current_process().authkey, backlog=128)
                     ^^^^^^^^^^^^^^^^^^^^^^^^^^^^^^^^^^^^^^^^^^^^^^^^^^^^^^^^^^^^^^^^
  File "/usr/lib/python3.12/multiprocessing/connection.py", line 464, in __init__
    self._listener = SocketListener(address, family, backlog)
                     ^^^^^^^^^^^^^^^^^^^^^^^^^^^^^^^^^^^^^^^^
  File "/usr/lib/python3.12/multiprocessing/connection.py", line 608, in __init__
    self._socket.bind(address)
OSError: AF_UNIX path too long
Traceback (most recent call last):
  File "/usr/lib/python3.12/multiprocessing/queues.py", line 264, in _feed
    obj = _ForkingPickler.dumps(obj)
          ^^^^^^^^^^^^^^^^^^^^^^^^^^
  File "/usr/lib/python3.12/multiprocessing/reduction.py", line 51, in dumps
    cls(buf, protocol).dump(obj)
  File "/usr/local/lib/python3.12/dist-packages/torch/multiprocessing/reductions.py", line 616, in reduce_storage
    df = multiprocessing.reduction.DupFd(fd)
         ^^^^^^^^^^^^^^^^^^^^^^^^^^^^^^^^^^^
  File "/usr/lib/python3.12/multiprocessing/reduction.py", line 198, in DupFd
    return resource_sharer.DupFd(fd)
           ^^^^^^^^^^^^^^^^^^^^^^^^^
  File "/usr/lib/python3.12/multiprocessing/resource_sharer.py", line 53, in __init__
    self._id = _resource_sharer.register(send, close)
               ^^^^^^^^^^^^^^^^^^^^^^^^^^^^^^^^^^^^^^
  File "/usr/lib/python3.12/multiprocessing/resource_sharer.py", line 76, in register
    self._start()
  File "/usr/lib/python3.12/multiprocessing/resource_sharer.py", line 126, in _start
    self._listener = Listener(authkey=process.current_process().authkey, backlog=128)
                     ^^^^^^^^^^^^^^^^^^^^^^^^^^^^^^^^^^^^^^^^^^^^^^^^^^^^^^^^^^^^^^^^
  File "/usr/lib/python3.12/multiprocessing/connection.py", line 464, in __init__
    self._listener = SocketListener(address, family, backlog)
                     ^^^^^^^^^^^^^^^^^^^^^^^^^^^^^^^^^^^^^^^^
Traceback (most recent call last):
  File "/usr/lib/python3.12/multiprocessing/connection.py", line 608, in __init__
    self._socket.bind(address)
OSError: AF_UNIX path too long
  File "/usr/lib/python3.12/multiprocessing/queues.py", line 264, in _feed
    obj = _ForkingPickler.dumps(obj)
          ^^^^^^^^^^^^^^^^^^^^^^^^^^
  File "/usr/lib/python3.12/multiprocessing/reduction.py", line 51, in dumps
    cls(buf, protocol).dump(obj)
  File "/usr/local/lib/python3.12/dist-packages/torch/multiprocessing/reductions.py", line 616, in reduce_storage
    df = multiprocessing.reduction.DupFd(fd)
         ^^^^^^^^^^^^^^^^^^^^^^^^^^^^^^^^^^^
  File "/usr/lib/python3.12/multiprocessing/reduction.py", line 198, in DupFd
    return resource_sharer.DupFd(fd)
           ^^^^^^^^^^^^^^^^^^^^^^^^^
  File "/usr/lib/python3.12/multiprocessing/resource_sharer.py", line 53, in __init__
    self._id = _resource_sharer.register(send, close)
               ^^^^^^^^^^^^^^^^^^^^^^^^^^^^^^^^^^^^^^
  File "/usr/lib/python3.12/multiprocessing/resource_sharer.py", line 76, in register
    self._start()
  File "/usr/lib/python3.12/multiprocessing/resource_sharer.py", line 126, in _start
    self._listener = Listener(authkey=process.current_process().authkey, backlog=128)
                     ^^^^^^^^^^^^^^^^^^^^^^^^^^^^^^^^^^^^^^^^^^^^^^^^^^^^^^^^^^^^^^^^
  File "/usr/lib/python3.12/multiprocessing/connection.py", line 464, in __init__
    self._listener = SocketListener(address, family, backlog)
                     ^^^^^^^^^^^^^^^^^^^^^^^^^^^^^^^^^^^^^^^^
  File "/usr/lib/python3.12/multiprocessing/connection.py", line 608, in __init__
    self._socket.bind(address)
OSError: AF_UNIX path too long
Traceback (most recent call last):
  File "/usr/lib/python3.12/multiprocessing/queues.py", line 264, in _feed
    obj = _ForkingPickler.dumps(obj)
          ^^^^^^^^^^^^^^^^^^^^^^^^^^
  File "/usr/lib/python3.12/multiprocessing/reduction.py", line 51, in dumps
    cls(buf, protocol).dump(obj)
  File "/usr/local/lib/python3.12/dist-packages/torch/multiprocessing/reductions.py", line 616, in reduce_storage
    df = multiprocessing.reduction.DupFd(fd)
         ^^^^^^^^^^^^^^^^^^^^^^^^^^^^^^^^^^^
  File "/usr/lib/python3.12/multiprocessing/reduction.py", line 198, in DupFd
    return resource_sharer.DupFd(fd)
           ^^^^^^^^^^^^^^^^^^^^^^^^^
  File "/usr/lib/python3.12/multiprocessing/resource_sharer.py", line 53, in __init__
    self._id = _resource_sharer.register(send, close)
               ^^^^^^^^^^^^^^^^^^^^^^^^^^^^^^^^^^^^^^
  File "/usr/lib/python3.12/multiprocessing/resource_sharer.py", line 76, in register
    self._start()
  File "/usr/lib/python3.12/multiprocessing/resource_sharer.py", line 126, in _start
    self._listener = Listener(authkey=process.current_process().authkey, backlog=128)
                     ^^^^^^^^^^^^^^^^^^^^^^^^^^^^^^^^^^^^^^^^^^^^^^^^^^^^^^^^^^^^^^^^
  File "/usr/lib/python3.12/multiprocessing/connection.py", line 464, in __init__
    self._listener = SocketListener(address, family, backlog)
                     ^^^^^^^^^^^^^^^^^^^^^^^^^^^^^^^^^^^^^^^^
  File "/usr/lib/python3.12/multiprocessing/connection.py", line 608, in __init__
    self._socket.bind(address)
OSError: AF_UNIX path too long
Traceback (most recent call last):
  File "/usr/lib/python3.12/multiprocessing/queues.py", line 264, in _feed
    obj = _ForkingPickler.dumps(obj)
          ^^^^^^^^^^^^^^^^^^^^^^^^^^
  File "/usr/lib/python3.12/multiprocessing/reduction.py", line 51, in dumps
    cls(buf, protocol).dump(obj)
  File "/usr/local/lib/python3.12/dist-packages/torch/multiprocessing/reductions.py", line 616, in reduce_storage
    df = multiprocessing.reduction.DupFd(fd)
         ^^^^^^^^^^^^^^^^^^^^^^^^^^^^^^^^^^^
  File "/usr/lib/python3.12/multiprocessing/reduction.py", line 198, in DupFd
    return resource_sharer.DupFd(fd)
           ^^^^^^^^^^^^^^^^^^^^^^^^^
  File "/usr/lib/python3.12/multiprocessing/resource_sharer.py", line 53, in __init__
    self._id = _resource_sharer.register(send, close)
               ^^^^^^^^^^^^^^^^^^^^^^^^^^^^^^^^^^^^^^
  File "/usr/lib/python3.12/multiprocessing/resource_sharer.py", line 76, in register
    self._start()
  File "/usr/lib/python3.12/multiprocessing/resource_sharer.py", line 126, in _start
    self._listener = Listener(authkey=process.current_process().authkey, backlog=128)
                     ^^^^^^^^^^^^^^^^^^^^^^^^^^^^^^^^^^^^^^^^^^^^^^^^^^^^^^^^^^^^^^^^
  File "/usr/lib/python3.12/multiprocessing/connection.py", line 464, in __init__
    self._listener = SocketListener(address, family, backlog)
                     ^^^^^^^^^^^^^^^^^^^^^^^^^^^^^^^^^^^^^^^^
  File "/usr/lib/python3.12/multiprocessing/connection.py", line 608, in __init__
    self._socket.bind(address)
OSError: AF_UNIX path too long
Traceback (most recent call last):
  File "/usr/lib/python3.12/multiprocessing/queues.py", line 264, in _feed
    obj = _ForkingPickler.dumps(obj)
          ^^^^^^^^^^^^^^^^^^^^^^^^^^
  File "/usr/lib/python3.12/multiprocessing/reduction.py", line 51, in dumps
    cls(buf, protocol).dump(obj)
  File "/usr/local/lib/python3.12/dist-packages/torch/multiprocessing/reductions.py", line 616, in reduce_storage
    df = multiprocessing.reduction.DupFd(fd)
         ^^^^^^^^^^^^^^^^^^^^^^^^^^^^^^^^^^^
  File "/usr/lib/python3.12/multiprocessing/reduction.py", line 198, in DupFd
    return resource_sharer.DupFd(fd)
           ^^^^^^^^^^^^^^^^^^^^^^^^^
  File "/usr/lib/python3.12/multiprocessing/resource_sharer.py", line 53, in __init__
    self._id = _resource_sharer.register(send, close)
               ^^^^^^^^^^^^^^^^^^^^^^^^^^^^^^^^^^^^^^
  File "/usr/lib/python3.12/multiprocessing/resource_sharer.py", line 76, in register
    self._start()
  File "/usr/lib/python3.12/multiprocessing/resource_sharer.py", line 126, in _start
    self._listener = Listener(authkey=process.current_process().authkey, backlog=128)
                     ^^^^^^^^^^^^^^^^^^^^^^^^^^^^^^^^^^^^^^^^^^^^^^^^^^^^^^^^^^^^^^^^
  File "/usr/lib/python3.12/multiprocessing/connection.py", line 464, in __init__
    self._listener = SocketListener(address, family, backlog)
                     ^^^^^^^^^^^^^^^^^^^^^^^^^^^^^^^^^^^^^^^^
  File "/usr/lib/python3.12/multiprocessing/connection.py", line 608, in __init__
    self._socket.bind(address)
OSError: AF_UNIX path too long
Traceback (most recent call last):
  File "/usr/lib/python3.12/multiprocessing/queues.py", line 264, in _feed
    obj = _ForkingPickler.dumps(obj)
          ^^^^^^^^^^^^^^^^^^^^^^^^^^
  File "/usr/lib/python3.12/multiprocessing/reduction.py", line 51, in dumps
    cls(buf, protocol).dump(obj)
  File "/usr/local/lib/python3.12/dist-packages/torch/multiprocessing/reductions.py", line 616, in reduce_storage
    df = multiprocessing.reduction.DupFd(fd)
         ^^^^^^^^^^^^^^^^^^^^^^^^^^^^^^^^^^^
  File "/usr/lib/python3.12/multiprocessing/reduction.py", line 198, in DupFd
    return resource_sharer.DupFd(fd)
           ^^^^^^^^^^^^^^^^^^^^^^^^^
  File "/usr/lib/python3.12/multiprocessing/resource_sharer.py", line 53, in __init__
    self._id = _resource_sharer.register(send, close)
               ^^^^^^^^^^^^^^^^^^^^^^^^^^^^^^^^^^^^^^
  File "/usr/lib/python3.12/multiprocessing/resource_sharer.py", line 76, in register
    self._start()
  File "/usr/lib/python3.12/multiprocessing/resource_sharer.py", line 126, in _start
    self._listener = Listener(authkey=process.current_process().authkey, backlog=128)
                     ^^^^^^^^^^^^^^^^^^^^^^^^^^^^^^^^^^^^^^^^^^^^^^^^^^^^^^^^^^^^^^^^
  File "/usr/lib/python3.12/multiprocessing/connection.py", line 464, in __init__
    self._listener = SocketListener(address, family, backlog)
                     ^^^^^^^^^^^^^^^^^^^^^^^^^^^^^^^^^^^^^^^^
  File "/usr/lib/python3.12/multiprocessing/connection.py", line 608, in __init__
    self._socket.bind(address)
OSError: AF_UNIX path too long
Traceback (most recent call last):
Traceback (most recent call last):
  File "/usr/lib/python3.12/multiprocessing/queues.py", line 264, in _feed
    obj = _ForkingPickler.dumps(obj)
          ^^^^^^^^^^^^^^^^^^^^^^^^^^
  File "/usr/lib/python3.12/multiprocessing/reduction.py", line 51, in dumps
    cls(buf, protocol).dump(obj)
  File "/usr/local/lib/python3.12/dist-packages/torch/multiprocessing/reductions.py", line 616, in reduce_storage
    df = multiprocessing.reduction.DupFd(fd)
         ^^^^^^^^^^^^^^^^^^^^^^^^^^^^^^^^^^^
  File "/usr/lib/python3.12/multiprocessing/reduction.py", line 198, in DupFd
    return resource_sharer.DupFd(fd)
           ^^^^^^^^^^^^^^^^^^^^^^^^^
  File "/usr/lib/python3.12/multiprocessing/resource_sharer.py", line 53, in __init__
    self._id = _resource_sharer.register(send, close)
               ^^^^^^^^^^^^^^^^^^^^^^^^^^^^^^^^^^^^^^
  File "/usr/lib/python3.12/multiprocessing/resource_sharer.py", line 76, in register
    self._start()
  File "/usr/lib/python3.12/multiprocessing/resource_sharer.py", line 126, in _start
    self._listener = Listener(authkey=process.current_process().authkey, backlog=128)
                     ^^^^^^^^^^^^^^^^^^^^^^^^^^^^^^^^^^^^^^^^^^^^^^^^^^^^^^^^^^^^^^^^
  File "/usr/lib/python3.12/multiprocessing/connection.py", line 464, in __init__
    self._listener = SocketListener(address, family, backlog)
                     ^^^^^^^^^^^^^^^^^^^^^^^^^^^^^^^^^^^^^^^^
  File "/usr/lib/python3.12/multiprocessing/connection.py", line 608, in __init__
    self._socket.bind(address)
  File "/usr/lib/python3.12/multiprocessing/queues.py", line 264, in _feed
    obj = _ForkingPickler.dumps(obj)
          ^^^^^^^^^^^^^^^^^^^^^^^^^^
OSError: AF_UNIX path too long
  File "/usr/lib/python3.12/multiprocessing/reduction.py", line 51, in dumps
    cls(buf, protocol).dump(obj)
  File "/usr/local/lib/python3.12/dist-packages/torch/multiprocessing/reductions.py", line 616, in reduce_storage
    df = multiprocessing.reduction.DupFd(fd)
         ^^^^^^^^^^^^^^^^^^^^^^^^^^^^^^^^^^^
  File "/usr/lib/python3.12/multiprocessing/reduction.py", line 198, in DupFd
    return resource_sharer.DupFd(fd)
           ^^^^^^^^^^^^^^^^^^^^^^^^^
  File "/usr/lib/python3.12/multiprocessing/resource_sharer.py", line 53, in __init__
    self._id = _resource_sharer.register(send, close)
               ^^^^^^^^^^^^^^^^^^^^^^^^^^^^^^^^^^^^^^
  File "/usr/lib/python3.12/multiprocessing/resource_sharer.py", line 76, in register
    self._start()
  File "/usr/lib/python3.12/multiprocessing/resource_sharer.py", line 126, in _start
    self._listener = Listener(authkey=process.current_process().authkey, backlog=128)
                     ^^^^^^^^^^^^^^^^^^^^^^^^^^^^^^^^^^^^^^^^^^^^^^^^^^^^^^^^^^^^^^^^
  File "/usr/lib/python3.12/multiprocessing/connection.py", line 464, in __init__
    self._listener = SocketListener(address, family, backlog)
                     ^^^^^^^^^^^^^^^^^^^^^^^^^^^^^^^^^^^^^^^^
  File "/usr/lib/python3.12/multiprocessing/connection.py", line 608, in __init__
    self._socket.bind(address)
OSError: AF_UNIX path too long
Traceback (most recent call last):
  File "/usr/lib/python3.12/multiprocessing/queues.py", line 264, in _feed
    obj = _ForkingPickler.dumps(obj)
          ^^^^^^^^^^^^^^^^^^^^^^^^^^
  File "/usr/lib/python3.12/multiprocessing/reduction.py", line 51, in dumps
    cls(buf, protocol).dump(obj)
  File "/usr/local/lib/python3.12/dist-packages/torch/multiprocessing/reductions.py", line 616, in reduce_storage
    df = multiprocessing.reduction.DupFd(fd)
         ^^^^^^^^^^^^^^^^^^^^^^^^^^^^^^^^^^^
  File "/usr/lib/python3.12/multiprocessing/reduction.py", line 198, in DupFd
    return resource_sharer.DupFd(fd)
           ^^^^^^^^^^^^^^^^^^^^^^^^^
  File "/usr/lib/python3.12/multiprocessing/resource_sharer.py", line 53, in __init__
    self._id = _resource_sharer.register(send, close)
               ^^^^^^^^^^^^^^^^^^^^^^^^^^^^^^^^^^^^^^
  File "/usr/lib/python3.12/multiprocessing/resource_sharer.py", line 76, in register
    self._start()
Traceback (most recent call last):
  File "/usr/lib/python3.12/multiprocessing/resource_sharer.py", line 126, in _start
    self._listener = Listener(authkey=process.current_process().authkey, backlog=128)
                     ^^^^^^^^^^^^^^^^^^^^^^^^^^^^^^^^^^^^^^^^^^^^^^^^^^^^^^^^^^^^^^^^
  File "/usr/lib/python3.12/multiprocessing/connection.py", line 464, in __init__
    self._listener = SocketListener(address, family, backlog)
                     ^^^^^^^^^^^^^^^^^^^^^^^^^^^^^^^^^^^^^^^^
  File "/usr/lib/python3.12/multiprocessing/connection.py", line 608, in __init__
    self._socket.bind(address)
OSError: AF_UNIX path too long
  File "/usr/lib/python3.12/multiprocessing/queues.py", line 264, in _feed
    obj = _ForkingPickler.dumps(obj)
          ^^^^^^^^^^^^^^^^^^^^^^^^^^
  File "/usr/lib/python3.12/multiprocessing/reduction.py", line 51, in dumps
    cls(buf, protocol).dump(obj)
  File "/usr/local/lib/python3.12/dist-packages/torch/multiprocessing/reductions.py", line 616, in reduce_storage
    df = multiprocessing.reduction.DupFd(fd)
         ^^^^^^^^^^^^^^^^^^^^^^^^^^^^^^^^^^^
  File "/usr/lib/python3.12/multiprocessing/reduction.py", line 198, in DupFd
    return resource_sharer.DupFd(fd)
           ^^^^^^^^^^^^^^^^^^^^^^^^^
  File "/usr/lib/python3.12/multiprocessing/resource_sharer.py", line 53, in __init__
    self._id = _resource_sharer.register(send, close)
               ^^^^^^^^^^^^^^^^^^^^^^^^^^^^^^^^^^^^^^
  File "/usr/lib/python3.12/multiprocessing/resource_sharer.py", line 76, in register
    self._start()
  File "/usr/lib/python3.12/multiprocessing/resource_sharer.py", line 126, in _start
    self._listener = Listener(authkey=process.current_process().authkey, backlog=128)
                     ^^^^^^^^^^^^^^^^^^^^^^^^^^^^^^^^^^^^^^^^^^^^^^^^^^^^^^^^^^^^^^^^
  File "/usr/lib/python3.12/multiprocessing/connection.py", line 464, in __init__
    self._listener = SocketListener(address, family, backlog)
                     ^^^^^^^^^^^^^^^^^^^^^^^^^^^^^^^^^^^^^^^^
  File "/usr/lib/python3.12/multiprocessing/connection.py", line 608, in __init__
    self._socket.bind(address)
OSError: AF_UNIX path too long
Traceback (most recent call last):
  File "/usr/lib/python3.12/multiprocessing/queues.py", line 264, in _feed
    obj = _ForkingPickler.dumps(obj)
          ^^^^^^^^^^^^^^^^^^^^^^^^^^
  File "/usr/lib/python3.12/multiprocessing/reduction.py", line 51, in dumps
    cls(buf, protocol).dump(obj)
  File "/usr/local/lib/python3.12/dist-packages/torch/multiprocessing/reductions.py", line 616, in reduce_storage
    df = multiprocessing.reduction.DupFd(fd)
         ^^^^^^^^^^^^^^^^^^^^^^^^^^^^^^^^^^^
  File "/usr/lib/python3.12/multiprocessing/reduction.py", line 198, in DupFd
    return resource_sharer.DupFd(fd)
           ^^^^^^^^^^^^^^^^^^^^^^^^^
  File "/usr/lib/python3.12/multiprocessing/resource_sharer.py", line 53, in __init__
    self._id = _resource_sharer.register(send, close)
               ^^^^^^^^^^^^^^^^^^^^^^^^^^^^^^^^^^^^^^
  File "/usr/lib/python3.12/multiprocessing/resource_sharer.py", line 76, in register
    self._start()
  File "/usr/lib/python3.12/multiprocessing/resource_sharer.py", line 126, in _start
    self._listener = Listener(authkey=process.current_process().authkey, backlog=128)
                     ^^^^^^^^^^^^^^^^^^^^^^^^^^^^^^^^^^^^^^^^^^^^^^^^^^^^^^^^^^^^^^^^
  File "/usr/lib/python3.12/multiprocessing/connection.py", line 464, in __init__
    self._listener = SocketListener(address, family, backlog)
                     ^^^^^^^^^^^^^^^^^^^^^^^^^^^^^^^^^^^^^^^^
  File "/usr/lib/python3.12/multiprocessing/connection.py", line 608, in __init__
    self._socket.bind(address)
OSError: AF_UNIX path too long
Traceback (most recent call last):
  File "/usr/lib/python3.12/multiprocessing/queues.py", line 264, in _feed
    obj = _ForkingPickler.dumps(obj)
          ^^^^^^^^^^^^^^^^^^^^^^^^^^
  File "/usr/lib/python3.12/multiprocessing/reduction.py", line 51, in dumps
    cls(buf, protocol).dump(obj)
  File "/usr/local/lib/python3.12/dist-packages/torch/multiprocessing/reductions.py", line 616, in reduce_storage
    df = multiprocessing.reduction.DupFd(fd)
         ^^^^^^^^^^^^^^^^^^^^^^^^^^^^^^^^^^^
  File "/usr/lib/python3.12/multiprocessing/reduction.py", line 198, in DupFd
    return resource_sharer.DupFd(fd)
           ^^^^^^^^^^^^^^^^^^^^^^^^^
  File "/usr/lib/python3.12/multiprocessing/resource_sharer.py", line 53, in __init__
    self._id = _resource_sharer.register(send, close)
               ^^^^^^^^^^^^^^^^^^^^^^^^^^^^^^^^^^^^^^
  File "/usr/lib/python3.12/multiprocessing/resource_sharer.py", line 76, in register
    self._start()
  File "/usr/lib/python3.12/multiprocessing/resource_sharer.py", line 126, in _start
    self._listener = Listener(authkey=process.current_process().authkey, backlog=128)
                     ^^^^^^^^^^^^^^^^^^^^^^^^^^^^^^^^^^^^^^^^^^^^^^^^^^^^^^^^^^^^^^^^
  File "/usr/lib/python3.12/multiprocessing/connection.py", line 464, in __init__
    self._listener = SocketListener(address, family, backlog)
                     ^^^^^^^^^^^^^^^^^^^^^^^^^^^^^^^^^^^^^^^^
  File "/usr/lib/python3.12/multiprocessing/connection.py", line 608, in __init__
    self._socket.bind(address)
OSError: AF_UNIX path too long
Traceback (most recent call last):
Traceback (most recent call last):
  File "/usr/lib/python3.12/multiprocessing/queues.py", line 264, in _feed
    obj = _ForkingPickler.dumps(obj)
          ^^^^^^^^^^^^^^^^^^^^^^^^^^
  File "/usr/lib/python3.12/multiprocessing/reduction.py", line 51, in dumps
    cls(buf, protocol).dump(obj)
  File "/usr/lib/python3.12/multiprocessing/queues.py", line 264, in _feed
    obj = _ForkingPickler.dumps(obj)
          ^^^^^^^^^^^^^^^^^^^^^^^^^^
  File "/usr/local/lib/python3.12/dist-packages/torch/multiprocessing/reductions.py", line 616, in reduce_storage
    df = multiprocessing.reduction.DupFd(fd)
         ^^^^^^^^^^^^^^^^^^^^^^^^^^^^^^^^^^^
  File "/usr/lib/python3.12/multiprocessing/reduction.py", line 51, in dumps
    cls(buf, protocol).dump(obj)
  File "/usr/local/lib/python3.12/dist-packages/torch/multiprocessing/reductions.py", line 616, in reduce_storage
    df = multiprocessing.reduction.DupFd(fd)
         ^^^^^^^^^^^^^^^^^^^^^^^^^^^^^^^^^^^
  File "/usr/lib/python3.12/multiprocessing/reduction.py", line 198, in DupFd
    return resource_sharer.DupFd(fd)
           ^^^^^^^^^^^^^^^^^^^^^^^^^
  File "/usr/lib/python3.12/multiprocessing/resource_sharer.py", line 53, in __init__
    self._id = _resource_sharer.register(send, close)
               ^^^^^^^^^^^^^^^^^^^^^^^^^^^^^^^^^^^^^^
  File "/usr/lib/python3.12/multiprocessing/reduction.py", line 198, in DupFd
    return resource_sharer.DupFd(fd)
           ^^^^^^^^^^^^^^^^^^^^^^^^^
  File "/usr/lib/python3.12/multiprocessing/resource_sharer.py", line 76, in register
    self._start()
  File "/usr/lib/python3.12/multiprocessing/resource_sharer.py", line 126, in _start
    self._listener = Listener(authkey=process.current_process().authkey, backlog=128)
                     ^^^^^^^^^^^^^^^^^^^^^^^^^^^^^^^^^^^^^^^^^^^^^^^^^^^^^^^^^^^^^^^^
  File "/usr/lib/python3.12/multiprocessing/resource_sharer.py", line 53, in __init__
    self._id = _resource_sharer.register(send, close)
               ^^^^^^^^^^^^^^^^^^^^^^^^^^^^^^^^^^^^^^
  File "/usr/lib/python3.12/multiprocessing/connection.py", line 464, in __init__
    self._listener = SocketListener(address, family, backlog)
                     ^^^^^^^^^^^^^^^^^^^^^^^^^^^^^^^^^^^^^^^^
  File "/usr/lib/python3.12/multiprocessing/connection.py", line 608, in __init__
    self._socket.bind(address)
  File "/usr/lib/python3.12/multiprocessing/resource_sharer.py", line 76, in register
    self._start()
OSError: AF_UNIX path too long
  File "/usr/lib/python3.12/multiprocessing/resource_sharer.py", line 126, in _start
    self._listener = Listener(authkey=process.current_process().authkey, backlog=128)
                     ^^^^^^^^^^^^^^^^^^^^^^^^^^^^^^^^^^^^^^^^^^^^^^^^^^^^^^^^^^^^^^^^
  File "/usr/lib/python3.12/multiprocessing/connection.py", line 464, in __init__
    self._listener = SocketListener(address, family, backlog)
                     ^^^^^^^^^^^^^^^^^^^^^^^^^^^^^^^^^^^^^^^^
  File "/usr/lib/python3.12/multiprocessing/connection.py", line 608, in __init__
    self._socket.bind(address)
OSError: AF_UNIX path too long
Traceback (most recent call last):
  File "/usr/lib/python3.12/multiprocessing/queues.py", line 264, in _feed
    obj = _ForkingPickler.dumps(obj)
          ^^^^^^^^^^^^^^^^^^^^^^^^^^
  File "/usr/lib/python3.12/multiprocessing/reduction.py", line 51, in dumps
    cls(buf, protocol).dump(obj)
  File "/usr/local/lib/python3.12/dist-packages/torch/multiprocessing/reductions.py", line 616, in reduce_storage
    df = multiprocessing.reduction.DupFd(fd)
         ^^^^^^^^^^^^^^^^^^^^^^^^^^^^^^^^^^^
Traceback (most recent call last):
  File "/usr/lib/python3.12/multiprocessing/queues.py", line 264, in _feed
    obj = _ForkingPickler.dumps(obj)
          ^^^^^^^^^^^^^^^^^^^^^^^^^^
  File "/usr/lib/python3.12/multiprocessing/reduction.py", line 51, in dumps
    cls(buf, protocol).dump(obj)
  File "/usr/local/lib/python3.12/dist-packages/torch/multiprocessing/reductions.py", line 616, in reduce_storage
    df = multiprocessing.reduction.DupFd(fd)
         ^^^^^^^^^^^^^^^^^^^^^^^^^^^^^^^^^^^
  File "/usr/lib/python3.12/multiprocessing/reduction.py", line 198, in DupFd
    return resource_sharer.DupFd(fd)
           ^^^^^^^^^^^^^^^^^^^^^^^^^
  File "/usr/lib/python3.12/multiprocessing/resource_sharer.py", line 53, in __init__
    self._id = _resource_sharer.register(send, close)
               ^^^^^^^^^^^^^^^^^^^^^^^^^^^^^^^^^^^^^^
  File "/usr/lib/python3.12/multiprocessing/resource_sharer.py", line 76, in register
    self._start()
  File "/usr/lib/python3.12/multiprocessing/resource_sharer.py", line 126, in _start
    self._listener = Listener(authkey=process.current_process().authkey, backlog=128)
                     ^^^^^^^^^^^^^^^^^^^^^^^^^^^^^^^^^^^^^^^^^^^^^^^^^^^^^^^^^^^^^^^^
  File "/usr/lib/python3.12/multiprocessing/reduction.py", line 198, in DupFd
    return resource_sharer.DupFd(fd)
           ^^^^^^^^^^^^^^^^^^^^^^^^^
  File "/usr/lib/python3.12/multiprocessing/resource_sharer.py", line 53, in __init__
    self._id = _resource_sharer.register(send, close)
               ^^^^^^^^^^^^^^^^^^^^^^^^^^^^^^^^^^^^^^
  File "/usr/lib/python3.12/multiprocessing/resource_sharer.py", line 76, in register
    self._start()
  File "/usr/lib/python3.12/multiprocessing/resource_sharer.py", line 126, in _start
    self._listener = Listener(authkey=process.current_process().authkey, backlog=128)
                     ^^^^^^^^^^^^^^^^^^^^^^^^^^^^^^^^^^^^^^^^^^^^^^^^^^^^^^^^^^^^^^^^
  File "/usr/lib/python3.12/multiprocessing/connection.py", line 464, in __init__
    self._listener = SocketListener(address, family, backlog)
                     ^^^^^^^^^^^^^^^^^^^^^^^^^^^^^^^^^^^^^^^^
  File "/usr/lib/python3.12/multiprocessing/connection.py", line 608, in __init__
    self._socket.bind(address)
OSError: AF_UNIX path too long
  File "/usr/lib/python3.12/multiprocessing/connection.py", line 464, in __init__
    self._listener = SocketListener(address, family, backlog)
                     ^^^^^^^^^^^^^^^^^^^^^^^^^^^^^^^^^^^^^^^^
  File "/usr/lib/python3.12/multiprocessing/connection.py", line 608, in __init__
    self._socket.bind(address)
OSError: AF_UNIX path too long
Traceback (most recent call last):
  File "/usr/lib/python3.12/multiprocessing/queues.py", line 264, in _feed
    obj = _ForkingPickler.dumps(obj)
          ^^^^^^^^^^^^^^^^^^^^^^^^^^
  File "/usr/lib/python3.12/multiprocessing/reduction.py", line 51, in dumps
    cls(buf, protocol).dump(obj)
  File "/usr/local/lib/python3.12/dist-packages/torch/multiprocessing/reductions.py", line 616, in reduce_storage
    df = multiprocessing.reduction.DupFd(fd)
         ^^^^^^^^^^^^^^^^^^^^^^^^^^^^^^^^^^^
  File "/usr/lib/python3.12/multiprocessing/reduction.py", line 198, in DupFd
    return resource_sharer.DupFd(fd)
           ^^^^^^^^^^^^^^^^^^^^^^^^^
  File "/usr/lib/python3.12/multiprocessing/resource_sharer.py", line 53, in __init__
    self._id = _resource_sharer.register(send, close)
               ^^^^^^^^^^^^^^^^^^^^^^^^^^^^^^^^^^^^^^
  File "/usr/lib/python3.12/multiprocessing/resource_sharer.py", line 76, in register
    self._start()
  File "/usr/lib/python3.12/multiprocessing/resource_sharer.py", line 126, in _start
    self._listener = Listener(authkey=process.current_process().authkey, backlog=128)
                     ^^^^^^^^^^^^^^^^^^^^^^^^^^^^^^^^^^^^^^^^^^^^^^^^^^^^^^^^^^^^^^^^
  File "/usr/lib/python3.12/multiprocessing/connection.py", line 464, in __init__
    self._listener = SocketListener(address, family, backlog)
                     ^^^^^^^^^^^^^^^^^^^^^^^^^^^^^^^^^^^^^^^^
  File "/usr/lib/python3.12/multiprocessing/connection.py", line 608, in __init__
    self._socket.bind(address)
OSError: AF_UNIX path too long
Traceback (most recent call last):
  File "/usr/lib/python3.12/multiprocessing/queues.py", line 264, in _feed
    obj = _ForkingPickler.dumps(obj)
          ^^^^^^^^^^^^^^^^^^^^^^^^^^
  File "/usr/lib/python3.12/multiprocessing/reduction.py", line 51, in dumps
    cls(buf, protocol).dump(obj)
  File "/usr/local/lib/python3.12/dist-packages/torch/multiprocessing/reductions.py", line 616, in reduce_storage
    df = multiprocessing.reduction.DupFd(fd)
         ^^^^^^^^^^^^^^^^^^^^^^^^^^^^^^^^^^^
  File "/usr/lib/python3.12/multiprocessing/reduction.py", line 198, in DupFd
    return resource_sharer.DupFd(fd)
           ^^^^^^^^^^^^^^^^^^^^^^^^^
  File "/usr/lib/python3.12/multiprocessing/resource_sharer.py", line 53, in __init__
    self._id = _resource_sharer.register(send, close)
               ^^^^^^^^^^^^^^^^^^^^^^^^^^^^^^^^^^^^^^
  File "/usr/lib/python3.12/multiprocessing/resource_sharer.py", line 76, in register
    self._start()
  File "/usr/lib/python3.12/multiprocessing/resource_sharer.py", line 126, in _start
    self._listener = Listener(authkey=process.current_process().authkey, backlog=128)
                     ^^^^^^^^^^^^^^^^^^^^^^^^^^^^^^^^^^^^^^^^^^^^^^^^^^^^^^^^^^^^^^^^
  File "/usr/lib/python3.12/multiprocessing/connection.py", line 464, in __init__
    self._listener = SocketListener(address, family, backlog)
                     ^^^^^^^^^^^^^^^^^^^^^^^^^^^^^^^^^^^^^^^^
  File "/usr/lib/python3.12/multiprocessing/connection.py", line 608, in __init__
    self._socket.bind(address)
OSError: AF_UNIX path too long
Traceback (most recent call last):
  File "/usr/lib/python3.12/multiprocessing/queues.py", line 264, in _feed
    obj = _ForkingPickler.dumps(obj)
          ^^^^^^^^^^^^^^^^^^^^^^^^^^
  File "/usr/lib/python3.12/multiprocessing/reduction.py", line 51, in dumps
    cls(buf, protocol).dump(obj)
  File "/usr/local/lib/python3.12/dist-packages/torch/multiprocessing/reductions.py", line 616, in reduce_storage
    df = multiprocessing.reduction.DupFd(fd)
         ^^^^^^^^^^^^^^^^^^^^^^^^^^^^^^^^^^^
  File "/usr/lib/python3.12/multiprocessing/reduction.py", line 198, in DupFd
    return resource_sharer.DupFd(fd)
           ^^^^^^^^^^^^^^^^^^^^^^^^^
  File "/usr/lib/python3.12/multiprocessing/resource_sharer.py", line 53, in __init__
    self._id = _resource_sharer.register(send, close)
               ^^^^^^^^^^^^^^^^^^^^^^^^^^^^^^^^^^^^^^
  File "/usr/lib/python3.12/multiprocessing/resource_sharer.py", line 76, in register
    self._start()
  File "/usr/lib/python3.12/multiprocessing/resource_sharer.py", line 126, in _start
    self._listener = Listener(authkey=process.current_process().authkey, backlog=128)
                     ^^^^^^^^^^^^^^^^^^^^^^^^^^^^^^^^^^^^^^^^^^^^^^^^^^^^^^^^^^^^^^^^
  File "/usr/lib/python3.12/multiprocessing/connection.py", line 464, in __init__
    self._listener = SocketListener(address, family, backlog)
                     ^^^^^^^^^^^^^^^^^^^^^^^^^^^^^^^^^^^^^^^^
  File "/usr/lib/python3.12/multiprocessing/connection.py", line 608, in __init__
    self._socket.bind(address)
OSError: AF_UNIX path too long
Traceback (most recent call last):
  File "/usr/lib/python3.12/multiprocessing/queues.py", line 264, in _feed
    obj = _ForkingPickler.dumps(obj)
          ^^^^^^^^^^^^^^^^^^^^^^^^^^
  File "/usr/lib/python3.12/multiprocessing/reduction.py", line 51, in dumps
    cls(buf, protocol).dump(obj)
  File "/usr/local/lib/python3.12/dist-packages/torch/multiprocessing/reductions.py", line 616, in reduce_storage
    df = multiprocessing.reduction.DupFd(fd)
         ^^^^^^^^^^^^^^^^^^^^^^^^^^^^^^^^^^^
  File "/usr/lib/python3.12/multiprocessing/reduction.py", line 198, in DupFd
    return resource_sharer.DupFd(fd)
           ^^^^^^^^^^^^^^^^^^^^^^^^^
  File "/usr/lib/python3.12/multiprocessing/resource_sharer.py", line 53, in __init__
    self._id = _resource_sharer.register(send, close)
               ^^^^^^^^^^^^^^^^^^^^^^^^^^^^^^^^^^^^^^
  File "/usr/lib/python3.12/multiprocessing/resource_sharer.py", line 76, in register
    self._start()
  File "/usr/lib/python3.12/multiprocessing/resource_sharer.py", line 126, in _start
    self._listener = Listener(authkey=process.current_process().authkey, backlog=128)
                     ^^^^^^^^^^^^^^^^^^^^^^^^^^^^^^^^^^^^^^^^^^^^^^^^^^^^^^^^^^^^^^^^
  File "/usr/lib/python3.12/multiprocessing/connection.py", line 464, in __init__
    self._listener = SocketListener(address, family, backlog)
                     ^^^^^^^^^^^^^^^^^^^^^^^^^^^^^^^^^^^^^^^^
  File "/usr/lib/python3.12/multiprocessing/connection.py", line 608, in __init__
    self._socket.bind(address)
OSError: AF_UNIX path too long
Traceback (most recent call last):
Traceback (most recent call last):
  File "/usr/lib/python3.12/multiprocessing/queues.py", line 264, in _feed
    obj = _ForkingPickler.dumps(obj)
          ^^^^^^^^^^^^^^^^^^^^^^^^^^
  File "/usr/lib/python3.12/multiprocessing/queues.py", line 264, in _feed
    obj = _ForkingPickler.dumps(obj)
          ^^^^^^^^^^^^^^^^^^^^^^^^^^
  File "/usr/lib/python3.12/multiprocessing/reduction.py", line 51, in dumps
    cls(buf, protocol).dump(obj)
  File "/usr/local/lib/python3.12/dist-packages/torch/multiprocessing/reductions.py", line 616, in reduce_storage
    df = multiprocessing.reduction.DupFd(fd)
         ^^^^^^^^^^^^^^^^^^^^^^^^^^^^^^^^^^^
  File "/usr/lib/python3.12/multiprocessing/reduction.py", line 198, in DupFd
    return resource_sharer.DupFd(fd)
           ^^^^^^^^^^^^^^^^^^^^^^^^^
  File "/usr/lib/python3.12/multiprocessing/reduction.py", line 51, in dumps
    cls(buf, protocol).dump(obj)
  File "/usr/lib/python3.12/multiprocessing/resource_sharer.py", line 53, in __init__
    self._id = _resource_sharer.register(send, close)
               ^^^^^^^^^^^^^^^^^^^^^^^^^^^^^^^^^^^^^^
  File "/usr/lib/python3.12/multiprocessing/resource_sharer.py", line 76, in register
    self._start()
  File "/usr/lib/python3.12/multiprocessing/resource_sharer.py", line 126, in _start
    self._listener = Listener(authkey=process.current_process().authkey, backlog=128)
                     ^^^^^^^^^^^^^^^^^^^^^^^^^^^^^^^^^^^^^^^^^^^^^^^^^^^^^^^^^^^^^^^^
  File "/usr/lib/python3.12/multiprocessing/connection.py", line 464, in __init__
    self._listener = SocketListener(address, family, backlog)
                     ^^^^^^^^^^^^^^^^^^^^^^^^^^^^^^^^^^^^^^^^
  File "/usr/lib/python3.12/multiprocessing/connection.py", line 608, in __init__
    self._socket.bind(address)
OSError: AF_UNIX path too long
  File "/usr/local/lib/python3.12/dist-packages/torch/multiprocessing/reductions.py", line 616, in reduce_storage
    df = multiprocessing.reduction.DupFd(fd)
         ^^^^^^^^^^^^^^^^^^^^^^^^^^^^^^^^^^^
  File "/usr/lib/python3.12/multiprocessing/reduction.py", line 198, in DupFd
    return resource_sharer.DupFd(fd)
           ^^^^^^^^^^^^^^^^^^^^^^^^^
  File "/usr/lib/python3.12/multiprocessing/resource_sharer.py", line 53, in __init__
    self._id = _resource_sharer.register(send, close)
               ^^^^^^^^^^^^^^^^^^^^^^^^^^^^^^^^^^^^^^
  File "/usr/lib/python3.12/multiprocessing/resource_sharer.py", line 76, in register
    self._start()
  File "/usr/lib/python3.12/multiprocessing/resource_sharer.py", line 126, in _start
    self._listener = Listener(authkey=process.current_process().authkey, backlog=128)
                     ^^^^^^^^^^^^^^^^^^^^^^^^^^^^^^^^^^^^^^^^^^^^^^^^^^^^^^^^^^^^^^^^
  File "/usr/lib/python3.12/multiprocessing/connection.py", line 464, in __init__
    self._listener = SocketListener(address, family, backlog)
                     ^^^^^^^^^^^^^^^^^^^^^^^^^^^^^^^^^^^^^^^^
  File "/usr/lib/python3.12/multiprocessing/connection.py", line 608, in __init__
    self._socket.bind(address)
OSError: AF_UNIX path too long
Traceback (most recent call last):
  File "/usr/lib/python3.12/multiprocessing/queues.py", line 264, in _feed
    obj = _ForkingPickler.dumps(obj)
          ^^^^^^^^^^^^^^^^^^^^^^^^^^
  File "/usr/lib/python3.12/multiprocessing/reduction.py", line 51, in dumps
    cls(buf, protocol).dump(obj)
  File "/usr/local/lib/python3.12/dist-packages/torch/multiprocessing/reductions.py", line 616, in reduce_storage
    df = multiprocessing.reduction.DupFd(fd)
         ^^^^^^^^^^^^^^^^^^^^^^^^^^^^^^^^^^^
  File "/usr/lib/python3.12/multiprocessing/reduction.py", line 198, in DupFd
    return resource_sharer.DupFd(fd)
           ^^^^^^^^^^^^^^^^^^^^^^^^^
  File "/usr/lib/python3.12/multiprocessing/resource_sharer.py", line 53, in __init__
    self._id = _resource_sharer.register(send, close)
               ^^^^^^^^^^^^^^^^^^^^^^^^^^^^^^^^^^^^^^
  File "/usr/lib/python3.12/multiprocessing/resource_sharer.py", line 76, in register
    self._start()
  File "/usr/lib/python3.12/multiprocessing/resource_sharer.py", line 126, in _start
    self._listener = Listener(authkey=process.current_process().authkey, backlog=128)
                     ^^^^^^^^^^^^^^^^^^^^^^^^^^^^^^^^^^^^^^^^^^^^^^^^^^^^^^^^^^^^^^^^
  File "/usr/lib/python3.12/multiprocessing/connection.py", line 464, in __init__
    self._listener = SocketListener(address, family, backlog)
                     ^^^^^^^^^^^^^^^^^^^^^^^^^^^^^^^^^^^^^^^^
  File "/usr/lib/python3.12/multiprocessing/connection.py", line 608, in __init__
    self._socket.bind(address)
OSError: AF_UNIX path too long
Traceback (most recent call last):
  File "/usr/lib/python3.12/multiprocessing/queues.py", line 264, in _feed
    obj = _ForkingPickler.dumps(obj)
          ^^^^^^^^^^^^^^^^^^^^^^^^^^
  File "/usr/lib/python3.12/multiprocessing/reduction.py", line 51, in dumps
    cls(buf, protocol).dump(obj)
  File "/usr/local/lib/python3.12/dist-packages/torch/multiprocessing/reductions.py", line 616, in reduce_storage
    df = multiprocessing.reduction.DupFd(fd)
         ^^^^^^^^^^^^^^^^^^^^^^^^^^^^^^^^^^^
  File "/usr/lib/python3.12/multiprocessing/reduction.py", line 198, in DupFd
    return resource_sharer.DupFd(fd)
           ^^^^^^^^^^^^^^^^^^^^^^^^^
  File "/usr/lib/python3.12/multiprocessing/resource_sharer.py", line 53, in __init__
    self._id = _resource_sharer.register(send, close)
               ^^^^^^^^^^^^^^^^^^^^^^^^^^^^^^^^^^^^^^
  File "/usr/lib/python3.12/multiprocessing/resource_sharer.py", line 76, in register
    self._start()
  File "/usr/lib/python3.12/multiprocessing/resource_sharer.py", line 126, in _start
    self._listener = Listener(authkey=process.current_process().authkey, backlog=128)
                     ^^^^^^^^^^^^^^^^^^^^^^^^^^^^^^^^^^^^^^^^^^^^^^^^^^^^^^^^^^^^^^^^
  File "/usr/lib/python3.12/multiprocessing/connection.py", line 464, in __init__
    self._listener = SocketListener(address, family, backlog)
                     ^^^^^^^^^^^^^^^^^^^^^^^^^^^^^^^^^^^^^^^^
  File "/usr/lib/python3.12/multiprocessing/connection.py", line 608, in __init__
    self._socket.bind(address)
OSError: AF_UNIX path too long
Traceback (most recent call last):
  File "/usr/lib/python3.12/multiprocessing/queues.py", line 264, in _feed
    obj = _ForkingPickler.dumps(obj)
          ^^^^^^^^^^^^^^^^^^^^^^^^^^
  File "/usr/lib/python3.12/multiprocessing/reduction.py", line 51, in dumps
    cls(buf, protocol).dump(obj)
  File "/usr/local/lib/python3.12/dist-packages/torch/multiprocessing/reductions.py", line 616, in reduce_storage
    df = multiprocessing.reduction.DupFd(fd)
         ^^^^^^^^^^^^^^^^^^^^^^^^^^^^^^^^^^^
  File "/usr/lib/python3.12/multiprocessing/reduction.py", line 198, in DupFd
    return resource_sharer.DupFd(fd)
           ^^^^^^^^^^^^^^^^^^^^^^^^^
  File "/usr/lib/python3.12/multiprocessing/resource_sharer.py", line 53, in __init__
    self._id = _resource_sharer.register(send, close)
               ^^^^^^^^^^^^^^^^^^^^^^^^^^^^^^^^^^^^^^
  File "/usr/lib/python3.12/multiprocessing/resource_sharer.py", line 76, in register
    self._start()
  File "/usr/lib/python3.12/multiprocessing/resource_sharer.py", line 126, in _start
    self._listener = Listener(authkey=process.current_process().authkey, backlog=128)
                     ^^^^^^^^^^^^^^^^^^^^^^^^^^^^^^^^^^^^^^^^^^^^^^^^^^^^^^^^^^^^^^^^
  File "/usr/lib/python3.12/multiprocessing/connection.py", line 464, in __init__
    self._listener = SocketListener(address, family, backlog)
                     ^^^^^^^^^^^^^^^^^^^^^^^^^^^^^^^^^^^^^^^^
  File "/usr/lib/python3.12/multiprocessing/connection.py", line 608, in __init__
    self._socket.bind(address)
OSError: AF_UNIX path too long
Traceback (most recent call last):
  File "/usr/lib/python3.12/multiprocessing/queues.py", line 264, in _feed
    obj = _ForkingPickler.dumps(obj)
          ^^^^^^^^^^^^^^^^^^^^^^^^^^
  File "/usr/lib/python3.12/multiprocessing/reduction.py", line 51, in dumps
    cls(buf, protocol).dump(obj)
  File "/usr/local/lib/python3.12/dist-packages/torch/multiprocessing/reductions.py", line 616, in reduce_storage
    df = multiprocessing.reduction.DupFd(fd)
         ^^^^^^^^^^^^^^^^^^^^^^^^^^^^^^^^^^^
  File "/usr/lib/python3.12/multiprocessing/reduction.py", line 198, in DupFd
    return resource_sharer.DupFd(fd)
           ^^^^^^^^^^^^^^^^^^^^^^^^^
  File "/usr/lib/python3.12/multiprocessing/resource_sharer.py", line 53, in __init__
    self._id = _resource_sharer.register(send, close)
               ^^^^^^^^^^^^^^^^^^^^^^^^^^^^^^^^^^^^^^
  File "/usr/lib/python3.12/multiprocessing/resource_sharer.py", line 76, in register
    self._start()
  File "/usr/lib/python3.12/multiprocessing/resource_sharer.py", line 126, in _start
    self._listener = Listener(authkey=process.current_process().authkey, backlog=128)
                     ^^^^^^^^^^^^^^^^^^^^^^^^^^^^^^^^^^^^^^^^^^^^^^^^^^^^^^^^^^^^^^^^
  File "/usr/lib/python3.12/multiprocessing/connection.py", line 464, in __init__
    self._listener = SocketListener(address, family, backlog)
                     ^^^^^^^^^^^^^^^^^^^^^^^^^^^^^^^^^^^^^^^^
  File "/usr/lib/python3.12/multiprocessing/connection.py", line 608, in __init__
    self._socket.bind(address)
OSError: AF_UNIX path too long
Traceback (most recent call last):
  File "/usr/lib/python3.12/multiprocessing/queues.py", line 264, in _feed
    obj = _ForkingPickler.dumps(obj)
          ^^^^^^^^^^^^^^^^^^^^^^^^^^
  File "/usr/lib/python3.12/multiprocessing/reduction.py", line 51, in dumps
    cls(buf, protocol).dump(obj)
  File "/usr/local/lib/python3.12/dist-packages/torch/multiprocessing/reductions.py", line 616, in reduce_storage
    df = multiprocessing.reduction.DupFd(fd)
         ^^^^^^^^^^^^^^^^^^^^^^^^^^^^^^^^^^^
  File "/usr/lib/python3.12/multiprocessing/reduction.py", line 198, in DupFd
    return resource_sharer.DupFd(fd)
           ^^^^^^^^^^^^^^^^^^^^^^^^^
  File "/usr/lib/python3.12/multiprocessing/resource_sharer.py", line 53, in __init__
    self._id = _resource_sharer.register(send, close)
               ^^^^^^^^^^^^^^^^^^^^^^^^^^^^^^^^^^^^^^
Traceback (most recent call last):
  File "/usr/lib/python3.12/multiprocessing/resource_sharer.py", line 76, in register
    self._start()
  File "/usr/lib/python3.12/multiprocessing/resource_sharer.py", line 126, in _start
    self._listener = Listener(authkey=process.current_process().authkey, backlog=128)
                     ^^^^^^^^^^^^^^^^^^^^^^^^^^^^^^^^^^^^^^^^^^^^^^^^^^^^^^^^^^^^^^^^
  File "/usr/lib/python3.12/multiprocessing/connection.py", line 464, in __init__
    self._listener = SocketListener(address, family, backlog)
                     ^^^^^^^^^^^^^^^^^^^^^^^^^^^^^^^^^^^^^^^^
  File "/usr/lib/python3.12/multiprocessing/connection.py", line 608, in __init__
    self._socket.bind(address)
OSError: AF_UNIX path too long
  File "/usr/lib/python3.12/multiprocessing/queues.py", line 264, in _feed
    obj = _ForkingPickler.dumps(obj)
          ^^^^^^^^^^^^^^^^^^^^^^^^^^
  File "/usr/lib/python3.12/multiprocessing/reduction.py", line 51, in dumps
    cls(buf, protocol).dump(obj)
  File "/usr/local/lib/python3.12/dist-packages/torch/multiprocessing/reductions.py", line 616, in reduce_storage
    df = multiprocessing.reduction.DupFd(fd)
         ^^^^^^^^^^^^^^^^^^^^^^^^^^^^^^^^^^^
  File "/usr/lib/python3.12/multiprocessing/reduction.py", line 198, in DupFd
    return resource_sharer.DupFd(fd)
           ^^^^^^^^^^^^^^^^^^^^^^^^^
  File "/usr/lib/python3.12/multiprocessing/resource_sharer.py", line 53, in __init__
    self._id = _resource_sharer.register(send, close)
               ^^^^^^^^^^^^^^^^^^^^^^^^^^^^^^^^^^^^^^
  File "/usr/lib/python3.12/multiprocessing/resource_sharer.py", line 76, in register
    self._start()
  File "/usr/lib/python3.12/multiprocessing/resource_sharer.py", line 126, in _start
    self._listener = Listener(authkey=process.current_process().authkey, backlog=128)
                     ^^^^^^^^^^^^^^^^^^^^^^^^^^^^^^^^^^^^^^^^^^^^^^^^^^^^^^^^^^^^^^^^
  File "/usr/lib/python3.12/multiprocessing/connection.py", line 464, in __init__
    self._listener = SocketListener(address, family, backlog)
                     ^^^^^^^^^^^^^^^^^^^^^^^^^^^^^^^^^^^^^^^^
  File "/usr/lib/python3.12/multiprocessing/connection.py", line 608, in __init__
    self._socket.bind(address)
OSError: AF_UNIX path too long
Traceback (most recent call last):
Traceback (most recent call last):
  File "/usr/lib/python3.12/multiprocessing/queues.py", line 264, in _feed
    obj = _ForkingPickler.dumps(obj)
          ^^^^^^^^^^^^^^^^^^^^^^^^^^
  File "/usr/lib/python3.12/multiprocessing/reduction.py", line 51, in dumps
    cls(buf, protocol).dump(obj)
  File "/usr/local/lib/python3.12/dist-packages/torch/multiprocessing/reductions.py", line 616, in reduce_storage
    df = multiprocessing.reduction.DupFd(fd)
         ^^^^^^^^^^^^^^^^^^^^^^^^^^^^^^^^^^^
  File "/usr/lib/python3.12/multiprocessing/reduction.py", line 198, in DupFd
    return resource_sharer.DupFd(fd)
           ^^^^^^^^^^^^^^^^^^^^^^^^^
  File "/usr/lib/python3.12/multiprocessing/resource_sharer.py", line 53, in __init__
    self._id = _resource_sharer.register(send, close)
               ^^^^^^^^^^^^^^^^^^^^^^^^^^^^^^^^^^^^^^
  File "/usr/lib/python3.12/multiprocessing/queues.py", line 264, in _feed
    obj = _ForkingPickler.dumps(obj)
          ^^^^^^^^^^^^^^^^^^^^^^^^^^
  File "/usr/lib/python3.12/multiprocessing/resource_sharer.py", line 76, in register
    self._start()
  File "/usr/lib/python3.12/multiprocessing/resource_sharer.py", line 126, in _start
    self._listener = Listener(authkey=process.current_process().authkey, backlog=128)
                     ^^^^^^^^^^^^^^^^^^^^^^^^^^^^^^^^^^^^^^^^^^^^^^^^^^^^^^^^^^^^^^^^
  File "/usr/lib/python3.12/multiprocessing/connection.py", line 464, in __init__
    self._listener = SocketListener(address, family, backlog)
                     ^^^^^^^^^^^^^^^^^^^^^^^^^^^^^^^^^^^^^^^^
  File "/usr/lib/python3.12/multiprocessing/connection.py", line 608, in __init__
    self._socket.bind(address)
OSError: AF_UNIX path too long
Traceback (most recent call last):
  File "/usr/lib/python3.12/multiprocessing/reduction.py", line 51, in dumps
    cls(buf, protocol).dump(obj)
  File "/usr/local/lib/python3.12/dist-packages/torch/multiprocessing/reductions.py", line 616, in reduce_storage
    df = multiprocessing.reduction.DupFd(fd)
         ^^^^^^^^^^^^^^^^^^^^^^^^^^^^^^^^^^^
  File "/usr/lib/python3.12/multiprocessing/reduction.py", line 198, in DupFd
    return resource_sharer.DupFd(fd)
           ^^^^^^^^^^^^^^^^^^^^^^^^^
  File "/usr/lib/python3.12/multiprocessing/resource_sharer.py", line 53, in __init__
    self._id = _resource_sharer.register(send, close)
               ^^^^^^^^^^^^^^^^^^^^^^^^^^^^^^^^^^^^^^
  File "/usr/lib/python3.12/multiprocessing/resource_sharer.py", line 76, in register
    self._start()
  File "/usr/lib/python3.12/multiprocessing/queues.py", line 264, in _feed
    obj = _ForkingPickler.dumps(obj)
          ^^^^^^^^^^^^^^^^^^^^^^^^^^
  File "/usr/lib/python3.12/multiprocessing/resource_sharer.py", line 126, in _start
    self._listener = Listener(authkey=process.current_process().authkey, backlog=128)
                     ^^^^^^^^^^^^^^^^^^^^^^^^^^^^^^^^^^^^^^^^^^^^^^^^^^^^^^^^^^^^^^^^
  File "/usr/lib/python3.12/multiprocessing/reduction.py", line 51, in dumps
    cls(buf, protocol).dump(obj)
  File "/usr/lib/python3.12/multiprocessing/connection.py", line 464, in __init__
    self._listener = SocketListener(address, family, backlog)
                     ^^^^^^^^^^^^^^^^^^^^^^^^^^^^^^^^^^^^^^^^
  File "/usr/local/lib/python3.12/dist-packages/torch/multiprocessing/reductions.py", line 616, in reduce_storage
    df = multiprocessing.reduction.DupFd(fd)
         ^^^^^^^^^^^^^^^^^^^^^^^^^^^^^^^^^^^
  File "/usr/lib/python3.12/multiprocessing/reduction.py", line 198, in DupFd
    return resource_sharer.DupFd(fd)
           ^^^^^^^^^^^^^^^^^^^^^^^^^
  File "/usr/lib/python3.12/multiprocessing/resource_sharer.py", line 53, in __init__
    self._id = _resource_sharer.register(send, close)
               ^^^^^^^^^^^^^^^^^^^^^^^^^^^^^^^^^^^^^^
  File "/usr/lib/python3.12/multiprocessing/resource_sharer.py", line 76, in register
    self._start()
  File "/usr/lib/python3.12/multiprocessing/resource_sharer.py", line 126, in _start
    self._listener = Listener(authkey=process.current_process().authkey, backlog=128)
                     ^^^^^^^^^^^^^^^^^^^^^^^^^^^^^^^^^^^^^^^^^^^^^^^^^^^^^^^^^^^^^^^^
  File "/usr/lib/python3.12/multiprocessing/connection.py", line 464, in __init__
    self._listener = SocketListener(address, family, backlog)
                     ^^^^^^^^^^^^^^^^^^^^^^^^^^^^^^^^^^^^^^^^
  File "/usr/lib/python3.12/multiprocessing/connection.py", line 608, in __init__
    self._socket.bind(address)
OSError: AF_UNIX path too long
  File "/usr/lib/python3.12/multiprocessing/connection.py", line 608, in __init__
    self._socket.bind(address)
OSError: AF_UNIX path too long
Traceback (most recent call last):
  File "/usr/lib/python3.12/multiprocessing/queues.py", line 264, in _feed
    obj = _ForkingPickler.dumps(obj)
          ^^^^^^^^^^^^^^^^^^^^^^^^^^
  File "/usr/lib/python3.12/multiprocessing/reduction.py", line 51, in dumps
    cls(buf, protocol).dump(obj)
  File "/usr/local/lib/python3.12/dist-packages/torch/multiprocessing/reductions.py", line 616, in reduce_storage
    df = multiprocessing.reduction.DupFd(fd)
         ^^^^^^^^^^^^^^^^^^^^^^^^^^^^^^^^^^^
  File "/usr/lib/python3.12/multiprocessing/reduction.py", line 198, in DupFd
    return resource_sharer.DupFd(fd)
           ^^^^^^^^^^^^^^^^^^^^^^^^^
  File "/usr/lib/python3.12/multiprocessing/resource_sharer.py", line 53, in __init__
    self._id = _resource_sharer.register(send, close)
               ^^^^^^^^^^^^^^^^^^^^^^^^^^^^^^^^^^^^^^
  File "/usr/lib/python3.12/multiprocessing/resource_sharer.py", line 76, in register
    self._start()
  File "/usr/lib/python3.12/multiprocessing/resource_sharer.py", line 126, in _start
    self._listener = Listener(authkey=process.current_process().authkey, backlog=128)
                     ^^^^^^^^^^^^^^^^^^^^^^^^^^^^^^^^^^^^^^^^^^^^^^^^^^^^^^^^^^^^^^^^
  File "/usr/lib/python3.12/multiprocessing/connection.py", line 464, in __init__
    self._listener = SocketListener(address, family, backlog)
                     ^^^^^^^^^^^^^^^^^^^^^^^^^^^^^^^^^^^^^^^^
  File "/usr/lib/python3.12/multiprocessing/connection.py", line 608, in __init__
    self._socket.bind(address)
OSError: AF_UNIX path too long
Traceback (most recent call last):
  File "/usr/lib/python3.12/multiprocessing/queues.py", line 264, in _feed
    obj = _ForkingPickler.dumps(obj)
          ^^^^^^^^^^^^^^^^^^^^^^^^^^
  File "/usr/lib/python3.12/multiprocessing/reduction.py", line 51, in dumps
    cls(buf, protocol).dump(obj)
  File "/usr/local/lib/python3.12/dist-packages/torch/multiprocessing/reductions.py", line 616, in reduce_storage
    df = multiprocessing.reduction.DupFd(fd)
         ^^^^^^^^^^^^^^^^^^^^^^^^^^^^^^^^^^^
  File "/usr/lib/python3.12/multiprocessing/reduction.py", line 198, in DupFd
    return resource_sharer.DupFd(fd)
           ^^^^^^^^^^^^^^^^^^^^^^^^^
  File "/usr/lib/python3.12/multiprocessing/resource_sharer.py", line 53, in __init__
    self._id = _resource_sharer.register(send, close)
               ^^^^^^^^^^^^^^^^^^^^^^^^^^^^^^^^^^^^^^
  File "/usr/lib/python3.12/multiprocessing/resource_sharer.py", line 76, in register
    self._start()
  File "/usr/lib/python3.12/multiprocessing/resource_sharer.py", line 126, in _start
    self._listener = Listener(authkey=process.current_process().authkey, backlog=128)
                     ^^^^^^^^^^^^^^^^^^^^^^^^^^^^^^^^^^^^^^^^^^^^^^^^^^^^^^^^^^^^^^^^
  File "/usr/lib/python3.12/multiprocessing/connection.py", line 464, in __init__
    self._listener = SocketListener(address, family, backlog)
                     ^^^^^^^^^^^^^^^^^^^^^^^^^^^^^^^^^^^^^^^^
  File "/usr/lib/python3.12/multiprocessing/connection.py", line 608, in __init__
    self._socket.bind(address)
OSError: AF_UNIX path too long
Traceback (most recent call last):
  File "/usr/lib/python3.12/multiprocessing/queues.py", line 264, in _feed
    obj = _ForkingPickler.dumps(obj)
          ^^^^^^^^^^^^^^^^^^^^^^^^^^
  File "/usr/lib/python3.12/multiprocessing/reduction.py", line 51, in dumps
    cls(buf, protocol).dump(obj)
  File "/usr/local/lib/python3.12/dist-packages/torch/multiprocessing/reductions.py", line 616, in reduce_storage
    df = multiprocessing.reduction.DupFd(fd)
         ^^^^^^^^^^^^^^^^^^^^^^^^^^^^^^^^^^^
Traceback (most recent call last):
  File "/usr/lib/python3.12/multiprocessing/reduction.py", line 198, in DupFd
    return resource_sharer.DupFd(fd)
           ^^^^^^^^^^^^^^^^^^^^^^^^^
  File "/usr/lib/python3.12/multiprocessing/resource_sharer.py", line 53, in __init__
    self._id = _resource_sharer.register(send, close)
               ^^^^^^^^^^^^^^^^^^^^^^^^^^^^^^^^^^^^^^
Traceback (most recent call last):
  File "/usr/lib/python3.12/multiprocessing/resource_sharer.py", line 76, in register
    self._start()
  File "/usr/lib/python3.12/multiprocessing/resource_sharer.py", line 126, in _start
    self._listener = Listener(authkey=process.current_process().authkey, backlog=128)
                     ^^^^^^^^^^^^^^^^^^^^^^^^^^^^^^^^^^^^^^^^^^^^^^^^^^^^^^^^^^^^^^^^
  File "/usr/lib/python3.12/multiprocessing/connection.py", line 464, in __init__
    self._listener = SocketListener(address, family, backlog)
                     ^^^^^^^^^^^^^^^^^^^^^^^^^^^^^^^^^^^^^^^^
  File "/usr/lib/python3.12/multiprocessing/connection.py", line 608, in __init__
    self._socket.bind(address)
OSError: AF_UNIX path too long
  File "/usr/lib/python3.12/multiprocessing/queues.py", line 264, in _feed
    obj = _ForkingPickler.dumps(obj)
          ^^^^^^^^^^^^^^^^^^^^^^^^^^
  File "/usr/lib/python3.12/multiprocessing/queues.py", line 264, in _feed
    obj = _ForkingPickler.dumps(obj)
          ^^^^^^^^^^^^^^^^^^^^^^^^^^
  File "/usr/lib/python3.12/multiprocessing/reduction.py", line 51, in dumps
    cls(buf, protocol).dump(obj)
  File "/usr/local/lib/python3.12/dist-packages/torch/multiprocessing/reductions.py", line 616, in reduce_storage
    df = multiprocessing.reduction.DupFd(fd)
         ^^^^^^^^^^^^^^^^^^^^^^^^^^^^^^^^^^^
  File "/usr/lib/python3.12/multiprocessing/reduction.py", line 198, in DupFd
    return resource_sharer.DupFd(fd)
           ^^^^^^^^^^^^^^^^^^^^^^^^^
  File "/usr/lib/python3.12/multiprocessing/resource_sharer.py", line 53, in __init__
    self._id = _resource_sharer.register(send, close)
               ^^^^^^^^^^^^^^^^^^^^^^^^^^^^^^^^^^^^^^
  File "/usr/lib/python3.12/multiprocessing/resource_sharer.py", line 76, in register
    self._start()
  File "/usr/lib/python3.12/multiprocessing/resource_sharer.py", line 126, in _start
    self._listener = Listener(authkey=process.current_process().authkey, backlog=128)
                     ^^^^^^^^^^^^^^^^^^^^^^^^^^^^^^^^^^^^^^^^^^^^^^^^^^^^^^^^^^^^^^^^
  File "/usr/lib/python3.12/multiprocessing/connection.py", line 464, in __init__
    self._listener = SocketListener(address, family, backlog)
                     ^^^^^^^^^^^^^^^^^^^^^^^^^^^^^^^^^^^^^^^^
  File "/usr/lib/python3.12/multiprocessing/connection.py", line 608, in __init__
    self._socket.bind(address)
OSError: AF_UNIX path too long
Traceback (most recent call last):
  File "/usr/lib/python3.12/multiprocessing/queues.py", line 264, in _feed
    obj = _ForkingPickler.dumps(obj)
          ^^^^^^^^^^^^^^^^^^^^^^^^^^
  File "/usr/lib/python3.12/multiprocessing/reduction.py", line 51, in dumps
    cls(buf, protocol).dump(obj)
  File "/usr/local/lib/python3.12/dist-packages/torch/multiprocessing/reductions.py", line 616, in reduce_storage
    df = multiprocessing.reduction.DupFd(fd)
         ^^^^^^^^^^^^^^^^^^^^^^^^^^^^^^^^^^^
  File "/usr/lib/python3.12/multiprocessing/reduction.py", line 198, in DupFd
    return resource_sharer.DupFd(fd)
           ^^^^^^^^^^^^^^^^^^^^^^^^^
  File "/usr/lib/python3.12/multiprocessing/resource_sharer.py", line 53, in __init__
    self._id = _resource_sharer.register(send, close)
               ^^^^^^^^^^^^^^^^^^^^^^^^^^^^^^^^^^^^^^
  File "/usr/lib/python3.12/multiprocessing/resource_sharer.py", line 76, in register
    self._start()
  File "/usr/lib/python3.12/multiprocessing/resource_sharer.py", line 126, in _start
    self._listener = Listener(authkey=process.current_process().authkey, backlog=128)
                     ^^^^^^^^^^^^^^^^^^^^^^^^^^^^^^^^^^^^^^^^^^^^^^^^^^^^^^^^^^^^^^^^
  File "/usr/lib/python3.12/multiprocessing/connection.py", line 464, in __init__
    self._listener = SocketListener(address, family, backlog)
                     ^^^^^^^^^^^^^^^^^^^^^^^^^^^^^^^^^^^^^^^^
  File "/usr/lib/python3.12/multiprocessing/connection.py", line 608, in __init__
    self._socket.bind(address)
OSError: AF_UNIX path too long
Traceback (most recent call last):
Traceback (most recent call last):
  File "/usr/lib/python3.12/multiprocessing/reduction.py", line 51, in dumps
    cls(buf, protocol).dump(obj)
  File "/usr/local/lib/python3.12/dist-packages/torch/multiprocessing/reductions.py", line 616, in reduce_storage
    df = multiprocessing.reduction.DupFd(fd)
         ^^^^^^^^^^^^^^^^^^^^^^^^^^^^^^^^^^^
  File "/usr/lib/python3.12/multiprocessing/reduction.py", line 198, in DupFd
    return resource_sharer.DupFd(fd)
           ^^^^^^^^^^^^^^^^^^^^^^^^^
  File "/usr/lib/python3.12/multiprocessing/resource_sharer.py", line 53, in __init__
    self._id = _resource_sharer.register(send, close)
               ^^^^^^^^^^^^^^^^^^^^^^^^^^^^^^^^^^^^^^
  File "/usr/lib/python3.12/multiprocessing/resource_sharer.py", line 76, in register
    self._start()
  File "/usr/lib/python3.12/multiprocessing/resource_sharer.py", line 126, in _start
    self._listener = Listener(authkey=process.current_process().authkey, backlog=128)
                     ^^^^^^^^^^^^^^^^^^^^^^^^^^^^^^^^^^^^^^^^^^^^^^^^^^^^^^^^^^^^^^^^
  File "/usr/lib/python3.12/multiprocessing/connection.py", line 464, in __init__
    self._listener = SocketListener(address, family, backlog)
                     ^^^^^^^^^^^^^^^^^^^^^^^^^^^^^^^^^^^^^^^^
  File "/usr/lib/python3.12/multiprocessing/connection.py", line 608, in __init__
    self._socket.bind(address)
  File "/usr/lib/python3.12/multiprocessing/queues.py", line 264, in _feed
    obj = _ForkingPickler.dumps(obj)
          ^^^^^^^^^^^^^^^^^^^^^^^^^^
OSError: AF_UNIX path too long
  File "/usr/lib/python3.12/multiprocessing/reduction.py", line 51, in dumps
    cls(buf, protocol).dump(obj)
  File "/usr/local/lib/python3.12/dist-packages/torch/multiprocessing/reductions.py", line 616, in reduce_storage
    df = multiprocessing.reduction.DupFd(fd)
         ^^^^^^^^^^^^^^^^^^^^^^^^^^^^^^^^^^^
  File "/usr/lib/python3.12/multiprocessing/reduction.py", line 198, in DupFd
    return resource_sharer.DupFd(fd)
           ^^^^^^^^^^^^^^^^^^^^^^^^^
  File "/usr/lib/python3.12/multiprocessing/queues.py", line 264, in _feed
    obj = _ForkingPickler.dumps(obj)
          ^^^^^^^^^^^^^^^^^^^^^^^^^^
  File "/usr/lib/python3.12/multiprocessing/reduction.py", line 51, in dumps
    cls(buf, protocol).dump(obj)
  File "/usr/local/lib/python3.12/dist-packages/torch/multiprocessing/reductions.py", line 616, in reduce_storage
    df = multiprocessing.reduction.DupFd(fd)
         ^^^^^^^^^^^^^^^^^^^^^^^^^^^^^^^^^^^
  File "/usr/lib/python3.12/multiprocessing/reduction.py", line 198, in DupFd
    return resource_sharer.DupFd(fd)
           ^^^^^^^^^^^^^^^^^^^^^^^^^
  File "/usr/lib/python3.12/multiprocessing/resource_sharer.py", line 53, in __init__
    self._id = _resource_sharer.register(send, close)
               ^^^^^^^^^^^^^^^^^^^^^^^^^^^^^^^^^^^^^^
  File "/usr/lib/python3.12/multiprocessing/resource_sharer.py", line 76, in register
    self._start()
  File "/usr/lib/python3.12/multiprocessing/resource_sharer.py", line 126, in _start
    self._listener = Listener(authkey=process.current_process().authkey, backlog=128)
                     ^^^^^^^^^^^^^^^^^^^^^^^^^^^^^^^^^^^^^^^^^^^^^^^^^^^^^^^^^^^^^^^^
  File "/usr/lib/python3.12/multiprocessing/connection.py", line 464, in __init__
    self._listener = SocketListener(address, family, backlog)
                     ^^^^^^^^^^^^^^^^^^^^^^^^^^^^^^^^^^^^^^^^
  File "/usr/lib/python3.12/multiprocessing/connection.py", line 608, in __init__
    self._socket.bind(address)
OSError: AF_UNIX path too long
  File "/usr/lib/python3.12/multiprocessing/resource_sharer.py", line 53, in __init__
    self._id = _resource_sharer.register(send, close)
               ^^^^^^^^^^^^^^^^^^^^^^^^^^^^^^^^^^^^^^
  File "/usr/lib/python3.12/multiprocessing/resource_sharer.py", line 76, in register
    self._start()
  File "/usr/lib/python3.12/multiprocessing/resource_sharer.py", line 126, in _start
    self._listener = Listener(authkey=process.current_process().authkey, backlog=128)
                     ^^^^^^^^^^^^^^^^^^^^^^^^^^^^^^^^^^^^^^^^^^^^^^^^^^^^^^^^^^^^^^^^
  File "/usr/lib/python3.12/multiprocessing/connection.py", line 464, in __init__
    self._listener = SocketListener(address, family, backlog)
                     ^^^^^^^^^^^^^^^^^^^^^^^^^^^^^^^^^^^^^^^^
  File "/usr/lib/python3.12/multiprocessing/connection.py", line 608, in __init__
    self._socket.bind(address)
OSError: AF_UNIX path too long
Traceback (most recent call last):
  File "/usr/lib/python3.12/multiprocessing/queues.py", line 264, in _feed
    obj = _ForkingPickler.dumps(obj)
          ^^^^^^^^^^^^^^^^^^^^^^^^^^
  File "/usr/lib/python3.12/multiprocessing/reduction.py", line 51, in dumps
    cls(buf, protocol).dump(obj)
Traceback (most recent call last):
  File "/usr/local/lib/python3.12/dist-packages/torch/multiprocessing/reductions.py", line 616, in reduce_storage
    df = multiprocessing.reduction.DupFd(fd)
         ^^^^^^^^^^^^^^^^^^^^^^^^^^^^^^^^^^^
  File "/usr/lib/python3.12/multiprocessing/reduction.py", line 198, in DupFd
    return resource_sharer.DupFd(fd)
           ^^^^^^^^^^^^^^^^^^^^^^^^^
  File "/usr/lib/python3.12/multiprocessing/resource_sharer.py", line 53, in __init__
    self._id = _resource_sharer.register(send, close)
               ^^^^^^^^^^^^^^^^^^^^^^^^^^^^^^^^^^^^^^
  File "/usr/lib/python3.12/multiprocessing/resource_sharer.py", line 76, in register
    self._start()
  File "/usr/lib/python3.12/multiprocessing/resource_sharer.py", line 126, in _start
    self._listener = Listener(authkey=process.current_process().authkey, backlog=128)
                     ^^^^^^^^^^^^^^^^^^^^^^^^^^^^^^^^^^^^^^^^^^^^^^^^^^^^^^^^^^^^^^^^
  File "/usr/lib/python3.12/multiprocessing/connection.py", line 464, in __init__
    self._listener = SocketListener(address, family, backlog)
                     ^^^^^^^^^^^^^^^^^^^^^^^^^^^^^^^^^^^^^^^^
  File "/usr/lib/python3.12/multiprocessing/connection.py", line 608, in __init__
    self._socket.bind(address)
OSError: AF_UNIX path too long
  File "/usr/lib/python3.12/multiprocessing/queues.py", line 264, in _feed
    obj = _ForkingPickler.dumps(obj)
          ^^^^^^^^^^^^^^^^^^^^^^^^^^
  File "/usr/lib/python3.12/multiprocessing/reduction.py", line 51, in dumps
    cls(buf, protocol).dump(obj)
  File "/usr/local/lib/python3.12/dist-packages/torch/multiprocessing/reductions.py", line 616, in reduce_storage
    df = multiprocessing.reduction.DupFd(fd)
         ^^^^^^^^^^^^^^^^^^^^^^^^^^^^^^^^^^^
  File "/usr/lib/python3.12/multiprocessing/reduction.py", line 198, in DupFd
    return resource_sharer.DupFd(fd)
           ^^^^^^^^^^^^^^^^^^^^^^^^^
  File "/usr/lib/python3.12/multiprocessing/resource_sharer.py", line 53, in __init__
    self._id = _resource_sharer.register(send, close)
               ^^^^^^^^^^^^^^^^^^^^^^^^^^^^^^^^^^^^^^
  File "/usr/lib/python3.12/multiprocessing/resource_sharer.py", line 76, in register
    self._start()
  File "/usr/lib/python3.12/multiprocessing/resource_sharer.py", line 126, in _start
    self._listener = Listener(authkey=process.current_process().authkey, backlog=128)
                     ^^^^^^^^^^^^^^^^^^^^^^^^^^^^^^^^^^^^^^^^^^^^^^^^^^^^^^^^^^^^^^^^
  File "/usr/lib/python3.12/multiprocessing/connection.py", line 464, in __init__
    self._listener = SocketListener(address, family, backlog)
                     ^^^^^^^^^^^^^^^^^^^^^^^^^^^^^^^^^^^^^^^^
  File "/usr/lib/python3.12/multiprocessing/connection.py", line 608, in __init__
    self._socket.bind(address)
OSError: AF_UNIX path too long
Traceback (most recent call last):
  File "/usr/lib/python3.12/multiprocessing/queues.py", line 264, in _feed
    obj = _ForkingPickler.dumps(obj)
          ^^^^^^^^^^^^^^^^^^^^^^^^^^
  File "/usr/lib/python3.12/multiprocessing/reduction.py", line 51, in dumps
    cls(buf, protocol).dump(obj)
  File "/usr/local/lib/python3.12/dist-packages/torch/multiprocessing/reductions.py", line 616, in reduce_storage
    df = multiprocessing.reduction.DupFd(fd)
         ^^^^^^^^^^^^^^^^^^^^^^^^^^^^^^^^^^^
  File "/usr/lib/python3.12/multiprocessing/reduction.py", line 198, in DupFd
    return resource_sharer.DupFd(fd)
           ^^^^^^^^^^^^^^^^^^^^^^^^^
  File "/usr/lib/python3.12/multiprocessing/resource_sharer.py", line 53, in __init__
    self._id = _resource_sharer.register(send, close)
               ^^^^^^^^^^^^^^^^^^^^^^^^^^^^^^^^^^^^^^
  File "/usr/lib/python3.12/multiprocessing/resource_sharer.py", line 76, in register
    self._start()
  File "/usr/lib/python3.12/multiprocessing/resource_sharer.py", line 126, in _start
    self._listener = Listener(authkey=process.current_process().authkey, backlog=128)
                     ^^^^^^^^^^^^^^^^^^^^^^^^^^^^^^^^^^^^^^^^^^^^^^^^^^^^^^^^^^^^^^^^
  File "/usr/lib/python3.12/multiprocessing/connection.py", line 464, in __init__
    self._listener = SocketListener(address, family, backlog)
                     ^^^^^^^^^^^^^^^^^^^^^^^^^^^^^^^^^^^^^^^^
  File "/usr/lib/python3.12/multiprocessing/connection.py", line 608, in __init__
    self._socket.bind(address)
OSError: AF_UNIX path too long
Traceback (most recent call last):
  File "/usr/lib/python3.12/multiprocessing/queues.py", line 264, in _feed
    obj = _ForkingPickler.dumps(obj)
          ^^^^^^^^^^^^^^^^^^^^^^^^^^
  File "/usr/lib/python3.12/multiprocessing/reduction.py", line 51, in dumps
    cls(buf, protocol).dump(obj)
  File "/usr/local/lib/python3.12/dist-packages/torch/multiprocessing/reductions.py", line 616, in reduce_storage
    df = multiprocessing.reduction.DupFd(fd)
         ^^^^^^^^^^^^^^^^^^^^^^^^^^^^^^^^^^^
  File "/usr/lib/python3.12/multiprocessing/reduction.py", line 198, in DupFd
    return resource_sharer.DupFd(fd)
           ^^^^^^^^^^^^^^^^^^^^^^^^^
  File "/usr/lib/python3.12/multiprocessing/resource_sharer.py", line 53, in __init__
    self._id = _resource_sharer.register(send, close)
               ^^^^^^^^^^^^^^^^^^^^^^^^^^^^^^^^^^^^^^
  File "/usr/lib/python3.12/multiprocessing/resource_sharer.py", line 76, in register
    self._start()
  File "/usr/lib/python3.12/multiprocessing/resource_sharer.py", line 126, in _start
    self._listener = Listener(authkey=process.current_process().authkey, backlog=128)
                     ^^^^^^^^^^^^^^^^^^^^^^^^^^^^^^^^^^^^^^^^^^^^^^^^^^^^^^^^^^^^^^^^
  File "/usr/lib/python3.12/multiprocessing/connection.py", line 464, in __init__
    self._listener = SocketListener(address, family, backlog)
                     ^^^^^^^^^^^^^^^^^^^^^^^^^^^^^^^^^^^^^^^^
  File "/usr/lib/python3.12/multiprocessing/connection.py", line 608, in __init__
    self._socket.bind(address)
OSError: AF_UNIX path too long
Traceback (most recent call last):
  File "/usr/lib/python3.12/multiprocessing/queues.py", line 264, in _feed
    obj = _ForkingPickler.dumps(obj)
          ^^^^^^^^^^^^^^^^^^^^^^^^^^
  File "/usr/lib/python3.12/multiprocessing/reduction.py", line 51, in dumps
    cls(buf, protocol).dump(obj)
Traceback (most recent call last):
  File "/usr/local/lib/python3.12/dist-packages/torch/multiprocessing/reductions.py", line 616, in reduce_storage
    df = multiprocessing.reduction.DupFd(fd)
         ^^^^^^^^^^^^^^^^^^^^^^^^^^^^^^^^^^^
  File "/usr/lib/python3.12/multiprocessing/reduction.py", line 198, in DupFd
    return resource_sharer.DupFd(fd)
           ^^^^^^^^^^^^^^^^^^^^^^^^^
  File "/usr/lib/python3.12/multiprocessing/queues.py", line 264, in _feed
    obj = _ForkingPickler.dumps(obj)
          ^^^^^^^^^^^^^^^^^^^^^^^^^^
  File "/usr/lib/python3.12/multiprocessing/reduction.py", line 51, in dumps
    cls(buf, protocol).dump(obj)
  File "/usr/local/lib/python3.12/dist-packages/torch/multiprocessing/reductions.py", line 616, in reduce_storage
    df = multiprocessing.reduction.DupFd(fd)
         ^^^^^^^^^^^^^^^^^^^^^^^^^^^^^^^^^^^
  File "/usr/lib/python3.12/multiprocessing/reduction.py", line 198, in DupFd
    return resource_sharer.DupFd(fd)
           ^^^^^^^^^^^^^^^^^^^^^^^^^
  File "/usr/lib/python3.12/multiprocessing/resource_sharer.py", line 53, in __init__
    self._id = _resource_sharer.register(send, close)
               ^^^^^^^^^^^^^^^^^^^^^^^^^^^^^^^^^^^^^^
  File "/usr/lib/python3.12/multiprocessing/resource_sharer.py", line 76, in register
    self._start()
  File "/usr/lib/python3.12/multiprocessing/resource_sharer.py", line 126, in _start
    self._listener = Listener(authkey=process.current_process().authkey, backlog=128)
                     ^^^^^^^^^^^^^^^^^^^^^^^^^^^^^^^^^^^^^^^^^^^^^^^^^^^^^^^^^^^^^^^^
  File "/usr/lib/python3.12/multiprocessing/connection.py", line 464, in __init__
    self._listener = SocketListener(address, family, backlog)
                     ^^^^^^^^^^^^^^^^^^^^^^^^^^^^^^^^^^^^^^^^
  File "/usr/lib/python3.12/multiprocessing/connection.py", line 608, in __init__
    self._socket.bind(address)
OSError: AF_UNIX path too long
Traceback (most recent call last):
  File "/usr/lib/python3.12/multiprocessing/resource_sharer.py", line 53, in __init__
    self._id = _resource_sharer.register(send, close)
               ^^^^^^^^^^^^^^^^^^^^^^^^^^^^^^^^^^^^^^
  File "/usr/lib/python3.12/multiprocessing/resource_sharer.py", line 76, in register
    self._start()
  File "/usr/lib/python3.12/multiprocessing/resource_sharer.py", line 126, in _start
    self._listener = Listener(authkey=process.current_process().authkey, backlog=128)
                     ^^^^^^^^^^^^^^^^^^^^^^^^^^^^^^^^^^^^^^^^^^^^^^^^^^^^^^^^^^^^^^^^
  File "/usr/lib/python3.12/multiprocessing/connection.py", line 464, in __init__
    self._listener = SocketListener(address, family, backlog)
                     ^^^^^^^^^^^^^^^^^^^^^^^^^^^^^^^^^^^^^^^^
  File "/usr/lib/python3.12/multiprocessing/connection.py", line 608, in __init__
    self._socket.bind(address)
OSError: AF_UNIX path too long
  File "/usr/lib/python3.12/multiprocessing/queues.py", line 264, in _feed
    obj = _ForkingPickler.dumps(obj)
          ^^^^^^^^^^^^^^^^^^^^^^^^^^
  File "/usr/lib/python3.12/multiprocessing/reduction.py", line 51, in dumps
    cls(buf, protocol).dump(obj)
  File "/usr/local/lib/python3.12/dist-packages/torch/multiprocessing/reductions.py", line 616, in reduce_storage
    df = multiprocessing.reduction.DupFd(fd)
         ^^^^^^^^^^^^^^^^^^^^^^^^^^^^^^^^^^^
  File "/usr/lib/python3.12/multiprocessing/reduction.py", line 198, in DupFd
    return resource_sharer.DupFd(fd)
           ^^^^^^^^^^^^^^^^^^^^^^^^^
  File "/usr/lib/python3.12/multiprocessing/resource_sharer.py", line 53, in __init__
    self._id = _resource_sharer.register(send, close)
               ^^^^^^^^^^^^^^^^^^^^^^^^^^^^^^^^^^^^^^
  File "/usr/lib/python3.12/multiprocessing/resource_sharer.py", line 76, in register
    self._start()
  File "/usr/lib/python3.12/multiprocessing/resource_sharer.py", line 126, in _start
    self._listener = Listener(authkey=process.current_process().authkey, backlog=128)
                     ^^^^^^^^^^^^^^^^^^^^^^^^^^^^^^^^^^^^^^^^^^^^^^^^^^^^^^^^^^^^^^^^
  File "/usr/lib/python3.12/multiprocessing/connection.py", line 464, in __init__
    self._listener = SocketListener(address, family, backlog)
                     ^^^^^^^^^^^^^^^^^^^^^^^^^^^^^^^^^^^^^^^^
  File "/usr/lib/python3.12/multiprocessing/connection.py", line 608, in __init__
    self._socket.bind(address)
OSError: AF_UNIX path too long
Traceback (most recent call last):
  File "/usr/lib/python3.12/multiprocessing/queues.py", line 264, in _feed
    obj = _ForkingPickler.dumps(obj)
          ^^^^^^^^^^^^^^^^^^^^^^^^^^
  File "/usr/lib/python3.12/multiprocessing/reduction.py", line 51, in dumps
    cls(buf, protocol).dump(obj)
  File "/usr/local/lib/python3.12/dist-packages/torch/multiprocessing/reductions.py", line 616, in reduce_storage
    df = multiprocessing.reduction.DupFd(fd)
         ^^^^^^^^^^^^^^^^^^^^^^^^^^^^^^^^^^^
  File "/usr/lib/python3.12/multiprocessing/reduction.py", line 198, in DupFd
    return resource_sharer.DupFd(fd)
           ^^^^^^^^^^^^^^^^^^^^^^^^^
  File "/usr/lib/python3.12/multiprocessing/resource_sharer.py", line 53, in __init__
    self._id = _resource_sharer.register(send, close)
               ^^^^^^^^^^^^^^^^^^^^^^^^^^^^^^^^^^^^^^
  File "/usr/lib/python3.12/multiprocessing/resource_sharer.py", line 76, in register
    self._start()
  File "/usr/lib/python3.12/multiprocessing/resource_sharer.py", line 126, in _start
    self._listener = Listener(authkey=process.current_process().authkey, backlog=128)
                     ^^^^^^^^^^^^^^^^^^^^^^^^^^^^^^^^^^^^^^^^^^^^^^^^^^^^^^^^^^^^^^^^
  File "/usr/lib/python3.12/multiprocessing/connection.py", line 464, in __init__
    self._listener = SocketListener(address, family, backlog)
                     ^^^^^^^^^^^^^^^^^^^^^^^^^^^^^^^^^^^^^^^^
Traceback (most recent call last):
Traceback (most recent call last):
  File "/usr/lib/python3.12/multiprocessing/queues.py", line 264, in _feed
    obj = _ForkingPickler.dumps(obj)
          ^^^^^^^^^^^^^^^^^^^^^^^^^^
  File "/usr/lib/python3.12/multiprocessing/reduction.py", line 51, in dumps
    cls(buf, protocol).dump(obj)
  File "/usr/local/lib/python3.12/dist-packages/torch/multiprocessing/reductions.py", line 616, in reduce_storage
    df = multiprocessing.reduction.DupFd(fd)
         ^^^^^^^^^^^^^^^^^^^^^^^^^^^^^^^^^^^
  File "/usr/lib/python3.12/multiprocessing/reduction.py", line 198, in DupFd
    return resource_sharer.DupFd(fd)
           ^^^^^^^^^^^^^^^^^^^^^^^^^
  File "/usr/lib/python3.12/multiprocessing/resource_sharer.py", line 53, in __init__
    self._id = _resource_sharer.register(send, close)
               ^^^^^^^^^^^^^^^^^^^^^^^^^^^^^^^^^^^^^^
  File "/usr/lib/python3.12/multiprocessing/resource_sharer.py", line 76, in register
    self._start()
  File "/usr/lib/python3.12/multiprocessing/queues.py", line 264, in _feed
    obj = _ForkingPickler.dumps(obj)
          ^^^^^^^^^^^^^^^^^^^^^^^^^^
  File "/usr/lib/python3.12/multiprocessing/resource_sharer.py", line 126, in _start
    self._listener = Listener(authkey=process.current_process().authkey, backlog=128)
                     ^^^^^^^^^^^^^^^^^^^^^^^^^^^^^^^^^^^^^^^^^^^^^^^^^^^^^^^^^^^^^^^^
  File "/usr/lib/python3.12/multiprocessing/connection.py", line 464, in __init__
    self._listener = SocketListener(address, family, backlog)
                     ^^^^^^^^^^^^^^^^^^^^^^^^^^^^^^^^^^^^^^^^
  File "/usr/lib/python3.12/multiprocessing/reduction.py", line 51, in dumps
    cls(buf, protocol).dump(obj)
  File "/usr/lib/python3.12/multiprocessing/connection.py", line 608, in __init__
    self._socket.bind(address)
  File "/usr/local/lib/python3.12/dist-packages/torch/multiprocessing/reductions.py", line 616, in reduce_storage
    df = multiprocessing.reduction.DupFd(fd)
         ^^^^^^^^^^^^^^^^^^^^^^^^^^^^^^^^^^^
OSError: AF_UNIX path too long
  File "/usr/lib/python3.12/multiprocessing/reduction.py", line 198, in DupFd
    return resource_sharer.DupFd(fd)
           ^^^^^^^^^^^^^^^^^^^^^^^^^
  File "/usr/lib/python3.12/multiprocessing/resource_sharer.py", line 53, in __init__
    self._id = _resource_sharer.register(send, close)
               ^^^^^^^^^^^^^^^^^^^^^^^^^^^^^^^^^^^^^^
  File "/usr/lib/python3.12/multiprocessing/resource_sharer.py", line 76, in register
    self._start()
  File "/usr/lib/python3.12/multiprocessing/resource_sharer.py", line 126, in _start
    self._listener = Listener(authkey=process.current_process().authkey, backlog=128)
                     ^^^^^^^^^^^^^^^^^^^^^^^^^^^^^^^^^^^^^^^^^^^^^^^^^^^^^^^^^^^^^^^^
  File "/usr/lib/python3.12/multiprocessing/connection.py", line 464, in __init__
    self._listener = SocketListener(address, family, backlog)
                     ^^^^^^^^^^^^^^^^^^^^^^^^^^^^^^^^^^^^^^^^
  File "/usr/lib/python3.12/multiprocessing/connection.py", line 608, in __init__
    self._socket.bind(address)
OSError: AF_UNIX path too long
Traceback (most recent call last):
  File "/usr/lib/python3.12/multiprocessing/queues.py", line 264, in _feed
    obj = _ForkingPickler.dumps(obj)
          ^^^^^^^^^^^^^^^^^^^^^^^^^^
  File "/usr/lib/python3.12/multiprocessing/reduction.py", line 51, in dumps
    cls(buf, protocol).dump(obj)
  File "/usr/local/lib/python3.12/dist-packages/torch/multiprocessing/reductions.py", line 616, in reduce_storage
    df = multiprocessing.reduction.DupFd(fd)
         ^^^^^^^^^^^^^^^^^^^^^^^^^^^^^^^^^^^
  File "/usr/lib/python3.12/multiprocessing/reduction.py", line 198, in DupFd
    return resource_sharer.DupFd(fd)
           ^^^^^^^^^^^^^^^^^^^^^^^^^
  File "/usr/lib/python3.12/multiprocessing/resource_sharer.py", line 53, in __init__
    self._id = _resource_sharer.register(send, close)
               ^^^^^^^^^^^^^^^^^^^^^^^^^^^^^^^^^^^^^^
  File "/usr/lib/python3.12/multiprocessing/resource_sharer.py", line 76, in register
    self._start()
  File "/usr/lib/python3.12/multiprocessing/resource_sharer.py", line 126, in _start
    self._listener = Listener(authkey=process.current_process().authkey, backlog=128)
                     ^^^^^^^^^^^^^^^^^^^^^^^^^^^^^^^^^^^^^^^^^^^^^^^^^^^^^^^^^^^^^^^^
  File "/usr/lib/python3.12/multiprocessing/connection.py", line 464, in __init__
    self._listener = SocketListener(address, family, backlog)
                     ^^^^^^^^^^^^^^^^^^^^^^^^^^^^^^^^^^^^^^^^
  File "/usr/lib/python3.12/multiprocessing/connection.py", line 608, in __init__
    self._socket.bind(address)
OSError: AF_UNIX path too long
Traceback (most recent call last):
  File "/usr/lib/python3.12/multiprocessing/queues.py", line 264, in _feed
    obj = _ForkingPickler.dumps(obj)
          ^^^^^^^^^^^^^^^^^^^^^^^^^^
  File "/usr/lib/python3.12/multiprocessing/reduction.py", line 51, in dumps
    cls(buf, protocol).dump(obj)
  File "/usr/local/lib/python3.12/dist-packages/torch/multiprocessing/reductions.py", line 616, in reduce_storage
    df = multiprocessing.reduction.DupFd(fd)
         ^^^^^^^^^^^^^^^^^^^^^^^^^^^^^^^^^^^
  File "/usr/lib/python3.12/multiprocessing/reduction.py", line 198, in DupFd
    return resource_sharer.DupFd(fd)
           ^^^^^^^^^^^^^^^^^^^^^^^^^
  File "/usr/lib/python3.12/multiprocessing/resource_sharer.py", line 53, in __init__
    self._id = _resource_sharer.register(send, close)
               ^^^^^^^^^^^^^^^^^^^^^^^^^^^^^^^^^^^^^^
  File "/usr/lib/python3.12/multiprocessing/resource_sharer.py", line 76, in register
    self._start()
  File "/usr/lib/python3.12/multiprocessing/resource_sharer.py", line 126, in _start
    self._listener = Listener(authkey=process.current_process().authkey, backlog=128)
                     ^^^^^^^^^^^^^^^^^^^^^^^^^^^^^^^^^^^^^^^^^^^^^^^^^^^^^^^^^^^^^^^^
  File "/usr/lib/python3.12/multiprocessing/connection.py", line 464, in __init__
    self._listener = SocketListener(address, family, backlog)
                     ^^^^^^^^^^^^^^^^^^^^^^^^^^^^^^^^^^^^^^^^
  File "/usr/lib/python3.12/multiprocessing/connection.py", line 608, in __init__
    self._socket.bind(address)
OSError: AF_UNIX path too long
  File "/usr/lib/python3.12/multiprocessing/connection.py", line 608, in __init__
    self._socket.bind(address)
Traceback (most recent call last):
Traceback (most recent call last):
  File "/usr/lib/python3.12/multiprocessing/queues.py", line 264, in _feed
    obj = _ForkingPickler.dumps(obj)
          ^^^^^^^^^^^^^^^^^^^^^^^^^^
  File "/usr/lib/python3.12/multiprocessing/reduction.py", line 51, in dumps
    cls(buf, protocol).dump(obj)
Traceback (most recent call last):
  File "/usr/local/lib/python3.12/dist-packages/torch/multiprocessing/reductions.py", line 616, in reduce_storage
    df = multiprocessing.reduction.DupFd(fd)
         ^^^^^^^^^^^^^^^^^^^^^^^^^^^^^^^^^^^
  File "/usr/lib/python3.12/multiprocessing/queues.py", line 264, in _feed
    obj = _ForkingPickler.dumps(obj)
          ^^^^^^^^^^^^^^^^^^^^^^^^^^
  File "/usr/lib/python3.12/multiprocessing/reduction.py", line 51, in dumps
    cls(buf, protocol).dump(obj)
  File "/usr/local/lib/python3.12/dist-packages/torch/multiprocessing/reductions.py", line 616, in reduce_storage
    df = multiprocessing.reduction.DupFd(fd)
         ^^^^^^^^^^^^^^^^^^^^^^^^^^^^^^^^^^^
  File "/usr/lib/python3.12/multiprocessing/reduction.py", line 198, in DupFd
    return resource_sharer.DupFd(fd)
           ^^^^^^^^^^^^^^^^^^^^^^^^^
  File "/usr/lib/python3.12/multiprocessing/reduction.py", line 198, in DupFd
    return resource_sharer.DupFd(fd)
           ^^^^^^^^^^^^^^^^^^^^^^^^^
  File "/usr/lib/python3.12/multiprocessing/resource_sharer.py", line 53, in __init__
    self._id = _resource_sharer.register(send, close)
               ^^^^^^^^^^^^^^^^^^^^^^^^^^^^^^^^^^^^^^
  File "/usr/lib/python3.12/multiprocessing/resource_sharer.py", line 53, in __init__
    self._id = _resource_sharer.register(send, close)
               ^^^^^^^^^^^^^^^^^^^^^^^^^^^^^^^^^^^^^^
  File "/usr/lib/python3.12/multiprocessing/resource_sharer.py", line 76, in register
    self._start()
  File "/usr/lib/python3.12/multiprocessing/resource_sharer.py", line 76, in register
    self._start()
  File "/usr/lib/python3.12/multiprocessing/resource_sharer.py", line 126, in _start
    self._listener = Listener(authkey=process.current_process().authkey, backlog=128)
                     ^^^^^^^^^^^^^^^^^^^^^^^^^^^^^^^^^^^^^^^^^^^^^^^^^^^^^^^^^^^^^^^^
  File "/usr/lib/python3.12/multiprocessing/resource_sharer.py", line 126, in _start
    self._listener = Listener(authkey=process.current_process().authkey, backlog=128)
                     ^^^^^^^^^^^^^^^^^^^^^^^^^^^^^^^^^^^^^^^^^^^^^^^^^^^^^^^^^^^^^^^^
  File "/usr/lib/python3.12/multiprocessing/connection.py", line 464, in __init__
    self._listener = SocketListener(address, family, backlog)
                     ^^^^^^^^^^^^^^^^^^^^^^^^^^^^^^^^^^^^^^^^
  File "/usr/lib/python3.12/multiprocessing/connection.py", line 464, in __init__
    self._listener = SocketListener(address, family, backlog)
                     ^^^^^^^^^^^^^^^^^^^^^^^^^^^^^^^^^^^^^^^^
  File "/usr/lib/python3.12/multiprocessing/connection.py", line 608, in __init__
    self._socket.bind(address)
  File "/usr/lib/python3.12/multiprocessing/connection.py", line 608, in __init__
    self._socket.bind(address)
OSError: AF_UNIX path too long
OSError: AF_UNIX path too long
  File "/usr/lib/python3.12/multiprocessing/queues.py", line 264, in _feed
    obj = _ForkingPickler.dumps(obj)
          ^^^^^^^^^^^^^^^^^^^^^^^^^^
  File "/usr/lib/python3.12/multiprocessing/reduction.py", line 51, in dumps
    cls(buf, protocol).dump(obj)
  File "/usr/local/lib/python3.12/dist-packages/torch/multiprocessing/reductions.py", line 616, in reduce_storage
    df = multiprocessing.reduction.DupFd(fd)
         ^^^^^^^^^^^^^^^^^^^^^^^^^^^^^^^^^^^
  File "/usr/lib/python3.12/multiprocessing/reduction.py", line 198, in DupFd
    return resource_sharer.DupFd(fd)
           ^^^^^^^^^^^^^^^^^^^^^^^^^
  File "/usr/lib/python3.12/multiprocessing/resource_sharer.py", line 53, in __init__
    self._id = _resource_sharer.register(send, close)
               ^^^^^^^^^^^^^^^^^^^^^^^^^^^^^^^^^^^^^^
Traceback (most recent call last):
  File "/usr/lib/python3.12/multiprocessing/resource_sharer.py", line 76, in register
    self._start()
  File "/usr/lib/python3.12/multiprocessing/resource_sharer.py", line 126, in _start
    self._listener = Listener(authkey=process.current_process().authkey, backlog=128)
                     ^^^^^^^^^^^^^^^^^^^^^^^^^^^^^^^^^^^^^^^^^^^^^^^^^^^^^^^^^^^^^^^^
  File "/usr/lib/python3.12/multiprocessing/connection.py", line 464, in __init__
    self._listener = SocketListener(address, family, backlog)
                     ^^^^^^^^^^^^^^^^^^^^^^^^^^^^^^^^^^^^^^^^
  File "/usr/lib/python3.12/multiprocessing/connection.py", line 608, in __init__
    self._socket.bind(address)
OSError: AF_UNIX path too long
OSError: AF_UNIX path too long
  File "/usr/lib/python3.12/multiprocessing/queues.py", line 264, in _feed
    obj = _ForkingPickler.dumps(obj)
          ^^^^^^^^^^^^^^^^^^^^^^^^^^
  File "/usr/lib/python3.12/multiprocessing/reduction.py", line 51, in dumps
    cls(buf, protocol).dump(obj)
  File "/usr/local/lib/python3.12/dist-packages/torch/multiprocessing/reductions.py", line 616, in reduce_storage
    df = multiprocessing.reduction.DupFd(fd)
         ^^^^^^^^^^^^^^^^^^^^^^^^^^^^^^^^^^^
  File "/usr/lib/python3.12/multiprocessing/reduction.py", line 198, in DupFd
    return resource_sharer.DupFd(fd)
           ^^^^^^^^^^^^^^^^^^^^^^^^^
  File "/usr/lib/python3.12/multiprocessing/resource_sharer.py", line 53, in __init__
    self._id = _resource_sharer.register(send, close)
               ^^^^^^^^^^^^^^^^^^^^^^^^^^^^^^^^^^^^^^
  File "/usr/lib/python3.12/multiprocessing/resource_sharer.py", line 76, in register
    self._start()
  File "/usr/lib/python3.12/multiprocessing/resource_sharer.py", line 126, in _start
    self._listener = Listener(authkey=process.current_process().authkey, backlog=128)
                     ^^^^^^^^^^^^^^^^^^^^^^^^^^^^^^^^^^^^^^^^^^^^^^^^^^^^^^^^^^^^^^^^
  File "/usr/lib/python3.12/multiprocessing/connection.py", line 464, in __init__
    self._listener = SocketListener(address, family, backlog)
                     ^^^^^^^^^^^^^^^^^^^^^^^^^^^^^^^^^^^^^^^^
  File "/usr/lib/python3.12/multiprocessing/connection.py", line 608, in __init__
    self._socket.bind(address)
OSError: AF_UNIX path too long
Traceback (most recent call last):
  File "/usr/lib/python3.12/multiprocessing/queues.py", line 264, in _feed
    obj = _ForkingPickler.dumps(obj)
          ^^^^^^^^^^^^^^^^^^^^^^^^^^
  File "/usr/lib/python3.12/multiprocessing/reduction.py", line 51, in dumps
    cls(buf, protocol).dump(obj)
Traceback (most recent call last):
Traceback (most recent call last):
  File "/usr/local/lib/python3.12/dist-packages/torch/multiprocessing/reductions.py", line 616, in reduce_storage
    df = multiprocessing.reduction.DupFd(fd)
         ^^^^^^^^^^^^^^^^^^^^^^^^^^^^^^^^^^^
Traceback (most recent call last):
  File "/usr/lib/python3.12/multiprocessing/reduction.py", line 198, in DupFd
    return resource_sharer.DupFd(fd)
           ^^^^^^^^^^^^^^^^^^^^^^^^^
  File "/usr/lib/python3.12/multiprocessing/resource_sharer.py", line 53, in __init__
    self._id = _resource_sharer.register(send, close)
               ^^^^^^^^^^^^^^^^^^^^^^^^^^^^^^^^^^^^^^
  File "/usr/lib/python3.12/multiprocessing/queues.py", line 264, in _feed
    obj = _ForkingPickler.dumps(obj)
          ^^^^^^^^^^^^^^^^^^^^^^^^^^
  File "/usr/lib/python3.12/multiprocessing/resource_sharer.py", line 76, in register
    self._start()
  File "/usr/lib/python3.12/multiprocessing/queues.py", line 264, in _feed
    obj = _ForkingPickler.dumps(obj)
          ^^^^^^^^^^^^^^^^^^^^^^^^^^
  File "/usr/lib/python3.12/multiprocessing/reduction.py", line 51, in dumps
    cls(buf, protocol).dump(obj)
  File "/usr/lib/python3.12/multiprocessing/resource_sharer.py", line 126, in _start
    self._listener = Listener(authkey=process.current_process().authkey, backlog=128)
                     ^^^^^^^^^^^^^^^^^^^^^^^^^^^^^^^^^^^^^^^^^^^^^^^^^^^^^^^^^^^^^^^^
  File "/usr/local/lib/python3.12/dist-packages/torch/multiprocessing/reductions.py", line 616, in reduce_storage
    df = multiprocessing.reduction.DupFd(fd)
         ^^^^^^^^^^^^^^^^^^^^^^^^^^^^^^^^^^^
  File "/usr/lib/python3.12/multiprocessing/connection.py", line 464, in __init__
    self._listener = SocketListener(address, family, backlog)
                     ^^^^^^^^^^^^^^^^^^^^^^^^^^^^^^^^^^^^^^^^
  File "/usr/lib/python3.12/multiprocessing/reduction.py", line 198, in DupFd
    return resource_sharer.DupFd(fd)
           ^^^^^^^^^^^^^^^^^^^^^^^^^
  File "/usr/lib/python3.12/multiprocessing/resource_sharer.py", line 53, in __init__
    self._id = _resource_sharer.register(send, close)
               ^^^^^^^^^^^^^^^^^^^^^^^^^^^^^^^^^^^^^^
  File "/usr/lib/python3.12/multiprocessing/resource_sharer.py", line 76, in register
    self._start()
  File "/usr/lib/python3.12/multiprocessing/reduction.py", line 51, in dumps
    cls(buf, protocol).dump(obj)
  File "/usr/lib/python3.12/multiprocessing/resource_sharer.py", line 126, in _start
    self._listener = Listener(authkey=process.current_process().authkey, backlog=128)
                     ^^^^^^^^^^^^^^^^^^^^^^^^^^^^^^^^^^^^^^^^^^^^^^^^^^^^^^^^^^^^^^^^
  File "/usr/lib/python3.12/multiprocessing/connection.py", line 464, in __init__
    self._listener = SocketListener(address, family, backlog)
                     ^^^^^^^^^^^^^^^^^^^^^^^^^^^^^^^^^^^^^^^^
  File "/usr/local/lib/python3.12/dist-packages/torch/multiprocessing/reductions.py", line 616, in reduce_storage
    df = multiprocessing.reduction.DupFd(fd)
         ^^^^^^^^^^^^^^^^^^^^^^^^^^^^^^^^^^^
  File "/usr/lib/python3.12/multiprocessing/connection.py", line 608, in __init__
    self._socket.bind(address)
OSError: AF_UNIX path too long
  File "/usr/lib/python3.12/multiprocessing/reduction.py", line 198, in DupFd
    return resource_sharer.DupFd(fd)
           ^^^^^^^^^^^^^^^^^^^^^^^^^
  File "/usr/lib/python3.12/multiprocessing/connection.py", line 608, in __init__
    self._socket.bind(address)
OSError: AF_UNIX path too long
  File "/usr/lib/python3.12/multiprocessing/resource_sharer.py", line 53, in __init__
    self._id = _resource_sharer.register(send, close)
               ^^^^^^^^^^^^^^^^^^^^^^^^^^^^^^^^^^^^^^
  File "/usr/lib/python3.12/multiprocessing/resource_sharer.py", line 76, in register
    self._start()
  File "/usr/lib/python3.12/multiprocessing/queues.py", line 264, in _feed
    obj = _ForkingPickler.dumps(obj)
          ^^^^^^^^^^^^^^^^^^^^^^^^^^
  File "/usr/lib/python3.12/multiprocessing/resource_sharer.py", line 126, in _start
    self._listener = Listener(authkey=process.current_process().authkey, backlog=128)
                     ^^^^^^^^^^^^^^^^^^^^^^^^^^^^^^^^^^^^^^^^^^^^^^^^^^^^^^^^^^^^^^^^
  File "/usr/lib/python3.12/multiprocessing/reduction.py", line 51, in dumps
    cls(buf, protocol).dump(obj)
  File "/usr/lib/python3.12/multiprocessing/connection.py", line 464, in __init__
    self._listener = SocketListener(address, family, backlog)
                     ^^^^^^^^^^^^^^^^^^^^^^^^^^^^^^^^^^^^^^^^
  File "/usr/local/lib/python3.12/dist-packages/torch/multiprocessing/reductions.py", line 616, in reduce_storage
    df = multiprocessing.reduction.DupFd(fd)
         ^^^^^^^^^^^^^^^^^^^^^^^^^^^^^^^^^^^
  File "/usr/lib/python3.12/multiprocessing/connection.py", line 608, in __init__
    self._socket.bind(address)
  File "/usr/lib/python3.12/multiprocessing/reduction.py", line 198, in DupFd
    return resource_sharer.DupFd(fd)
           ^^^^^^^^^^^^^^^^^^^^^^^^^
  File "/usr/lib/python3.12/multiprocessing/resource_sharer.py", line 53, in __init__
    self._id = _resource_sharer.register(send, close)
               ^^^^^^^^^^^^^^^^^^^^^^^^^^^^^^^^^^^^^^
OSError: AF_UNIX path too long
  File "/usr/lib/python3.12/multiprocessing/resource_sharer.py", line 76, in register
    self._start()
  File "/usr/lib/python3.12/multiprocessing/resource_sharer.py", line 126, in _start
    self._listener = Listener(authkey=process.current_process().authkey, backlog=128)
                     ^^^^^^^^^^^^^^^^^^^^^^^^^^^^^^^^^^^^^^^^^^^^^^^^^^^^^^^^^^^^^^^^
  File "/usr/lib/python3.12/multiprocessing/connection.py", line 464, in __init__
    self._listener = SocketListener(address, family, backlog)
                     ^^^^^^^^^^^^^^^^^^^^^^^^^^^^^^^^^^^^^^^^
  File "/usr/lib/python3.12/multiprocessing/connection.py", line 608, in __init__
    self._socket.bind(address)
OSError: AF_UNIX path too long
Traceback (most recent call last):
  File "/usr/lib/python3.12/multiprocessing/queues.py", line 264, in _feed
    obj = _ForkingPickler.dumps(obj)
          ^^^^^^^^^^^^^^^^^^^^^^^^^^
  File "/usr/lib/python3.12/multiprocessing/reduction.py", line 51, in dumps
    cls(buf, protocol).dump(obj)
  File "/usr/local/lib/python3.12/dist-packages/torch/multiprocessing/reductions.py", line 616, in reduce_storage
    df = multiprocessing.reduction.DupFd(fd)
         ^^^^^^^^^^^^^^^^^^^^^^^^^^^^^^^^^^^
  File "/usr/lib/python3.12/multiprocessing/reduction.py", line 198, in DupFd
    return resource_sharer.DupFd(fd)
           ^^^^^^^^^^^^^^^^^^^^^^^^^
  File "/usr/lib/python3.12/multiprocessing/resource_sharer.py", line 53, in __init__
    self._id = _resource_sharer.register(send, close)
               ^^^^^^^^^^^^^^^^^^^^^^^^^^^^^^^^^^^^^^
  File "/usr/lib/python3.12/multiprocessing/resource_sharer.py", line 76, in register
    self._start()
  File "/usr/lib/python3.12/multiprocessing/resource_sharer.py", line 126, in _start
    self._listener = Listener(authkey=process.current_process().authkey, backlog=128)
                     ^^^^^^^^^^^^^^^^^^^^^^^^^^^^^^^^^^^^^^^^^^^^^^^^^^^^^^^^^^^^^^^^
  File "/usr/lib/python3.12/multiprocessing/connection.py", line 464, in __init__
    self._listener = SocketListener(address, family, backlog)
                     ^^^^^^^^^^^^^^^^^^^^^^^^^^^^^^^^^^^^^^^^
  File "/usr/lib/python3.12/multiprocessing/connection.py", line 608, in __init__
    self._socket.bind(address)
OSError: AF_UNIX path too long
Traceback (most recent call last):
  File "/usr/lib/python3.12/multiprocessing/queues.py", line 264, in _feed
    obj = _ForkingPickler.dumps(obj)
          ^^^^^^^^^^^^^^^^^^^^^^^^^^
  File "/usr/lib/python3.12/multiprocessing/reduction.py", line 51, in dumps
    cls(buf, protocol).dump(obj)
  File "/usr/local/lib/python3.12/dist-packages/torch/multiprocessing/reductions.py", line 616, in reduce_storage
    df = multiprocessing.reduction.DupFd(fd)
         ^^^^^^^^^^^^^^^^^^^^^^^^^^^^^^^^^^^
  File "/usr/lib/python3.12/multiprocessing/reduction.py", line 198, in DupFd
    return resource_sharer.DupFd(fd)
           ^^^^^^^^^^^^^^^^^^^^^^^^^
  File "/usr/lib/python3.12/multiprocessing/resource_sharer.py", line 53, in __init__
    self._id = _resource_sharer.register(send, close)
               ^^^^^^^^^^^^^^^^^^^^^^^^^^^^^^^^^^^^^^
  File "/usr/lib/python3.12/multiprocessing/resource_sharer.py", line 76, in register
    self._start()
  File "/usr/lib/python3.12/multiprocessing/resource_sharer.py", line 126, in _start
    self._listener = Listener(authkey=process.current_process().authkey, backlog=128)
                     ^^^^^^^^^^^^^^^^^^^^^^^^^^^^^^^^^^^^^^^^^^^^^^^^^^^^^^^^^^^^^^^^
  File "/usr/lib/python3.12/multiprocessing/connection.py", line 464, in __init__
    self._listener = SocketListener(address, family, backlog)
                     ^^^^^^^^^^^^^^^^^^^^^^^^^^^^^^^^^^^^^^^^
  File "/usr/lib/python3.12/multiprocessing/connection.py", line 608, in __init__
    self._socket.bind(address)
OSError: AF_UNIX path too long
Traceback (most recent call last):
  File "/usr/lib/python3.12/multiprocessing/queues.py", line 264, in _feed
    obj = _ForkingPickler.dumps(obj)
          ^^^^^^^^^^^^^^^^^^^^^^^^^^
  File "/usr/lib/python3.12/multiprocessing/reduction.py", line 51, in dumps
    cls(buf, protocol).dump(obj)
  File "/usr/local/lib/python3.12/dist-packages/torch/multiprocessing/reductions.py", line 616, in reduce_storage
    df = multiprocessing.reduction.DupFd(fd)
         ^^^^^^^^^^^^^^^^^^^^^^^^^^^^^^^^^^^
  File "/usr/lib/python3.12/multiprocessing/reduction.py", line 198, in DupFd
    return resource_sharer.DupFd(fd)
           ^^^^^^^^^^^^^^^^^^^^^^^^^
  File "/usr/lib/python3.12/multiprocessing/resource_sharer.py", line 53, in __init__
    self._id = _resource_sharer.register(send, close)
               ^^^^^^^^^^^^^^^^^^^^^^^^^^^^^^^^^^^^^^
  File "/usr/lib/python3.12/multiprocessing/resource_sharer.py", line 76, in register
    self._start()
  File "/usr/lib/python3.12/multiprocessing/resource_sharer.py", line 126, in _start
    self._listener = Listener(authkey=process.current_process().authkey, backlog=128)
                     ^^^^^^^^^^^^^^^^^^^^^^^^^^^^^^^^^^^^^^^^^^^^^^^^^^^^^^^^^^^^^^^^
  File "/usr/lib/python3.12/multiprocessing/connection.py", line 464, in __init__
    self._listener = SocketListener(address, family, backlog)
                     ^^^^^^^^^^^^^^^^^^^^^^^^^^^^^^^^^^^^^^^^
  File "/usr/lib/python3.12/multiprocessing/connection.py", line 608, in __init__
    self._socket.bind(address)
OSError: AF_UNIX path too long
Traceback (most recent call last):
  File "/usr/lib/python3.12/multiprocessing/queues.py", line 264, in _feed
    obj = _ForkingPickler.dumps(obj)
          ^^^^^^^^^^^^^^^^^^^^^^^^^^
  File "/usr/lib/python3.12/multiprocessing/reduction.py", line 51, in dumps
    cls(buf, protocol).dump(obj)
  File "/usr/local/lib/python3.12/dist-packages/torch/multiprocessing/reductions.py", line 616, in reduce_storage
    df = multiprocessing.reduction.DupFd(fd)
         ^^^^^^^^^^^^^^^^^^^^^^^^^^^^^^^^^^^
  File "/usr/lib/python3.12/multiprocessing/reduction.py", line 198, in DupFd
    return resource_sharer.DupFd(fd)
           ^^^^^^^^^^^^^^^^^^^^^^^^^
  File "/usr/lib/python3.12/multiprocessing/resource_sharer.py", line 53, in __init__
    self._id = _resource_sharer.register(send, close)
               ^^^^^^^^^^^^^^^^^^^^^^^^^^^^^^^^^^^^^^
  File "/usr/lib/python3.12/multiprocessing/resource_sharer.py", line 76, in register
    self._start()
  File "/usr/lib/python3.12/multiprocessing/resource_sharer.py", line 126, in _start
    self._listener = Listener(authkey=process.current_process().authkey, backlog=128)
                     ^^^^^^^^^^^^^^^^^^^^^^^^^^^^^^^^^^^^^^^^^^^^^^^^^^^^^^^^^^^^^^^^
  File "/usr/lib/python3.12/multiprocessing/connection.py", line 464, in __init__
    self._listener = SocketListener(address, family, backlog)
                     ^^^^^^^^^^^^^^^^^^^^^^^^^^^^^^^^^^^^^^^^
  File "/usr/lib/python3.12/multiprocessing/connection.py", line 608, in __init__
    self._socket.bind(address)
OSError: AF_UNIX path too long
Traceback (most recent call last):
  File "/usr/lib/python3.12/multiprocessing/queues.py", line 264, in _feed
    obj = _ForkingPickler.dumps(obj)
          ^^^^^^^^^^^^^^^^^^^^^^^^^^
  File "/usr/lib/python3.12/multiprocessing/reduction.py", line 51, in dumps
    cls(buf, protocol).dump(obj)
  File "/usr/local/lib/python3.12/dist-packages/torch/multiprocessing/reductions.py", line 616, in reduce_storage
    df = multiprocessing.reduction.DupFd(fd)
         ^^^^^^^^^^^^^^^^^^^^^^^^^^^^^^^^^^^
  File "/usr/lib/python3.12/multiprocessing/reduction.py", line 198, in DupFd
    return resource_sharer.DupFd(fd)
           ^^^^^^^^^^^^^^^^^^^^^^^^^
  File "/usr/lib/python3.12/multiprocessing/resource_sharer.py", line 53, in __init__
    self._id = _resource_sharer.register(send, close)
               ^^^^^^^^^^^^^^^^^^^^^^^^^^^^^^^^^^^^^^
  File "/usr/lib/python3.12/multiprocessing/resource_sharer.py", line 76, in register
    self._start()
  File "/usr/lib/python3.12/multiprocessing/resource_sharer.py", line 126, in _start
    self._listener = Listener(authkey=process.current_process().authkey, backlog=128)
                     ^^^^^^^^^^^^^^^^^^^^^^^^^^^^^^^^^^^^^^^^^^^^^^^^^^^^^^^^^^^^^^^^
  File "/usr/lib/python3.12/multiprocessing/connection.py", line 464, in __init__
    self._listener = SocketListener(address, family, backlog)
                     ^^^^^^^^^^^^^^^^^^^^^^^^^^^^^^^^^^^^^^^^
  File "/usr/lib/python3.12/multiprocessing/connection.py", line 608, in __init__
    self._socket.bind(address)
OSError: AF_UNIX path too long
Traceback (most recent call last):
  File "/usr/lib/python3.12/multiprocessing/queues.py", line 264, in _feed
    obj = _ForkingPickler.dumps(obj)
          ^^^^^^^^^^^^^^^^^^^^^^^^^^
  File "/usr/lib/python3.12/multiprocessing/reduction.py", line 51, in dumps
    cls(buf, protocol).dump(obj)
  File "/usr/local/lib/python3.12/dist-packages/torch/multiprocessing/reductions.py", line 616, in reduce_storage
    df = multiprocessing.reduction.DupFd(fd)
         ^^^^^^^^^^^^^^^^^^^^^^^^^^^^^^^^^^^
  File "/usr/lib/python3.12/multiprocessing/reduction.py", line 198, in DupFd
    return resource_sharer.DupFd(fd)
           ^^^^^^^^^^^^^^^^^^^^^^^^^
  File "/usr/lib/python3.12/multiprocessing/resource_sharer.py", line 53, in __init__
    self._id = _resource_sharer.register(send, close)
               ^^^^^^^^^^^^^^^^^^^^^^^^^^^^^^^^^^^^^^
  File "/usr/lib/python3.12/multiprocessing/resource_sharer.py", line 76, in register
    self._start()
  File "/usr/lib/python3.12/multiprocessing/resource_sharer.py", line 126, in _start
    self._listener = Listener(authkey=process.current_process().authkey, backlog=128)
                     ^^^^^^^^^^^^^^^^^^^^^^^^^^^^^^^^^^^^^^^^^^^^^^^^^^^^^^^^^^^^^^^^
  File "/usr/lib/python3.12/multiprocessing/connection.py", line 464, in __init__
    self._listener = SocketListener(address, family, backlog)
                     ^^^^^^^^^^^^^^^^^^^^^^^^^^^^^^^^^^^^^^^^
  File "/usr/lib/python3.12/multiprocessing/connection.py", line 608, in __init__
    self._socket.bind(address)
OSError: AF_UNIX path too long
Traceback (most recent call last):
Traceback (most recent call last):
  File "/usr/lib/python3.12/multiprocessing/queues.py", line 264, in _feed
    obj = _ForkingPickler.dumps(obj)
          ^^^^^^^^^^^^^^^^^^^^^^^^^^
  File "/usr/lib/python3.12/multiprocessing/queues.py", line 264, in _feed
    obj = _ForkingPickler.dumps(obj)
          ^^^^^^^^^^^^^^^^^^^^^^^^^^
  File "/usr/lib/python3.12/multiprocessing/reduction.py", line 51, in dumps
    cls(buf, protocol).dump(obj)
  File "/usr/local/lib/python3.12/dist-packages/torch/multiprocessing/reductions.py", line 616, in reduce_storage
    df = multiprocessing.reduction.DupFd(fd)
         ^^^^^^^^^^^^^^^^^^^^^^^^^^^^^^^^^^^
  File "/usr/lib/python3.12/multiprocessing/reduction.py", line 198, in DupFd
    return resource_sharer.DupFd(fd)
           ^^^^^^^^^^^^^^^^^^^^^^^^^
  File "/usr/lib/python3.12/multiprocessing/resource_sharer.py", line 53, in __init__
    self._id = _resource_sharer.register(send, close)
               ^^^^^^^^^^^^^^^^^^^^^^^^^^^^^^^^^^^^^^
  File "/usr/lib/python3.12/multiprocessing/resource_sharer.py", line 76, in register
    self._start()
  File "/usr/lib/python3.12/multiprocessing/resource_sharer.py", line 126, in _start
    self._listener = Listener(authkey=process.current_process().authkey, backlog=128)
                     ^^^^^^^^^^^^^^^^^^^^^^^^^^^^^^^^^^^^^^^^^^^^^^^^^^^^^^^^^^^^^^^^
  File "/usr/lib/python3.12/multiprocessing/connection.py", line 464, in __init__
    self._listener = SocketListener(address, family, backlog)
                     ^^^^^^^^^^^^^^^^^^^^^^^^^^^^^^^^^^^^^^^^
  File "/usr/lib/python3.12/multiprocessing/connection.py", line 608, in __init__
    self._socket.bind(address)
OSError: AF_UNIX path too long
  File "/usr/lib/python3.12/multiprocessing/reduction.py", line 51, in dumps
    cls(buf, protocol).dump(obj)
  File "/usr/local/lib/python3.12/dist-packages/torch/multiprocessing/reductions.py", line 616, in reduce_storage
    df = multiprocessing.reduction.DupFd(fd)
         ^^^^^^^^^^^^^^^^^^^^^^^^^^^^^^^^^^^
  File "/usr/lib/python3.12/multiprocessing/reduction.py", line 198, in DupFd
    return resource_sharer.DupFd(fd)
           ^^^^^^^^^^^^^^^^^^^^^^^^^
  File "/usr/lib/python3.12/multiprocessing/resource_sharer.py", line 53, in __init__
    self._id = _resource_sharer.register(send, close)
               ^^^^^^^^^^^^^^^^^^^^^^^^^^^^^^^^^^^^^^
  File "/usr/lib/python3.12/multiprocessing/resource_sharer.py", line 76, in register
    self._start()
  File "/usr/lib/python3.12/multiprocessing/resource_sharer.py", line 126, in _start
    self._listener = Listener(authkey=process.current_process().authkey, backlog=128)
                     ^^^^^^^^^^^^^^^^^^^^^^^^^^^^^^^^^^^^^^^^^^^^^^^^^^^^^^^^^^^^^^^^
  File "/usr/lib/python3.12/multiprocessing/connection.py", line 464, in __init__
    self._listener = SocketListener(address, family, backlog)
                     ^^^^^^^^^^^^^^^^^^^^^^^^^^^^^^^^^^^^^^^^
  File "/usr/lib/python3.12/multiprocessing/connection.py", line 608, in __init__
    self._socket.bind(address)
OSError: AF_UNIX path too long
Traceback (most recent call last):
  File "/usr/lib/python3.12/multiprocessing/queues.py", line 264, in _feed
    obj = _ForkingPickler.dumps(obj)
          ^^^^^^^^^^^^^^^^^^^^^^^^^^
  File "/usr/lib/python3.12/multiprocessing/reduction.py", line 51, in dumps
    cls(buf, protocol).dump(obj)
  File "/usr/local/lib/python3.12/dist-packages/torch/multiprocessing/reductions.py", line 616, in reduce_storage
    df = multiprocessing.reduction.DupFd(fd)
         ^^^^^^^^^^^^^^^^^^^^^^^^^^^^^^^^^^^
  File "/usr/lib/python3.12/multiprocessing/reduction.py", line 198, in DupFd
    return resource_sharer.DupFd(fd)
           ^^^^^^^^^^^^^^^^^^^^^^^^^
  File "/usr/lib/python3.12/multiprocessing/resource_sharer.py", line 53, in __init__
    self._id = _resource_sharer.register(send, close)
               ^^^^^^^^^^^^^^^^^^^^^^^^^^^^^^^^^^^^^^
  File "/usr/lib/python3.12/multiprocessing/resource_sharer.py", line 76, in register
    self._start()
  File "/usr/lib/python3.12/multiprocessing/resource_sharer.py", line 126, in _start
    self._listener = Listener(authkey=process.current_process().authkey, backlog=128)
                     ^^^^^^^^^^^^^^^^^^^^^^^^^^^^^^^^^^^^^^^^^^^^^^^^^^^^^^^^^^^^^^^^
  File "/usr/lib/python3.12/multiprocessing/connection.py", line 464, in __init__
    self._listener = SocketListener(address, family, backlog)
                     ^^^^^^^^^^^^^^^^^^^^^^^^^^^^^^^^^^^^^^^^
  File "/usr/lib/python3.12/multiprocessing/connection.py", line 608, in __init__
    self._socket.bind(address)
OSError: AF_UNIX path too long
Traceback (most recent call last):
Traceback (most recent call last):
  File "/usr/lib/python3.12/multiprocessing/queues.py", line 264, in _feed
    obj = _ForkingPickler.dumps(obj)
          ^^^^^^^^^^^^^^^^^^^^^^^^^^
  File "/usr/lib/python3.12/multiprocessing/reduction.py", line 51, in dumps
    cls(buf, protocol).dump(obj)
  File "/usr/local/lib/python3.12/dist-packages/torch/multiprocessing/reductions.py", line 616, in reduce_storage
    df = multiprocessing.reduction.DupFd(fd)
         ^^^^^^^^^^^^^^^^^^^^^^^^^^^^^^^^^^^
  File "/usr/lib/python3.12/multiprocessing/reduction.py", line 198, in DupFd
    return resource_sharer.DupFd(fd)
           ^^^^^^^^^^^^^^^^^^^^^^^^^
  File "/usr/lib/python3.12/multiprocessing/resource_sharer.py", line 53, in __init__
    self._id = _resource_sharer.register(send, close)
               ^^^^^^^^^^^^^^^^^^^^^^^^^^^^^^^^^^^^^^
  File "/usr/lib/python3.12/multiprocessing/resource_sharer.py", line 76, in register
    self._start()
  File "/usr/lib/python3.12/multiprocessing/resource_sharer.py", line 126, in _start
    self._listener = Listener(authkey=process.current_process().authkey, backlog=128)
                     ^^^^^^^^^^^^^^^^^^^^^^^^^^^^^^^^^^^^^^^^^^^^^^^^^^^^^^^^^^^^^^^^
  File "/usr/lib/python3.12/multiprocessing/connection.py", line 464, in __init__
    self._listener = SocketListener(address, family, backlog)
                     ^^^^^^^^^^^^^^^^^^^^^^^^^^^^^^^^^^^^^^^^
  File "/usr/lib/python3.12/multiprocessing/connection.py", line 608, in __init__
    self._socket.bind(address)
OSError: AF_UNIX path too long
  File "/usr/lib/python3.12/multiprocessing/queues.py", line 264, in _feed
    obj = _ForkingPickler.dumps(obj)
          ^^^^^^^^^^^^^^^^^^^^^^^^^^
  File "/usr/lib/python3.12/multiprocessing/reduction.py", line 51, in dumps
    cls(buf, protocol).dump(obj)
  File "/usr/local/lib/python3.12/dist-packages/torch/multiprocessing/reductions.py", line 616, in reduce_storage
    df = multiprocessing.reduction.DupFd(fd)
         ^^^^^^^^^^^^^^^^^^^^^^^^^^^^^^^^^^^
  File "/usr/lib/python3.12/multiprocessing/reduction.py", line 198, in DupFd
    return resource_sharer.DupFd(fd)
           ^^^^^^^^^^^^^^^^^^^^^^^^^
  File "/usr/lib/python3.12/multiprocessing/resource_sharer.py", line 53, in __init__
    self._id = _resource_sharer.register(send, close)
               ^^^^^^^^^^^^^^^^^^^^^^^^^^^^^^^^^^^^^^
  File "/usr/lib/python3.12/multiprocessing/resource_sharer.py", line 76, in register
    self._start()
  File "/usr/lib/python3.12/multiprocessing/resource_sharer.py", line 126, in _start
    self._listener = Listener(authkey=process.current_process().authkey, backlog=128)
                     ^^^^^^^^^^^^^^^^^^^^^^^^^^^^^^^^^^^^^^^^^^^^^^^^^^^^^^^^^^^^^^^^
  File "/usr/lib/python3.12/multiprocessing/connection.py", line 464, in __init__
    self._listener = SocketListener(address, family, backlog)
                     ^^^^^^^^^^^^^^^^^^^^^^^^^^^^^^^^^^^^^^^^
  File "/usr/lib/python3.12/multiprocessing/connection.py", line 608, in __init__
    self._socket.bind(address)
OSError: AF_UNIX path too long
Traceback (most recent call last):
Traceback (most recent call last):
  File "/usr/lib/python3.12/multiprocessing/queues.py", line 264, in _feed
    obj = _ForkingPickler.dumps(obj)
          ^^^^^^^^^^^^^^^^^^^^^^^^^^
  File "/usr/lib/python3.12/multiprocessing/reduction.py", line 51, in dumps
    cls(buf, protocol).dump(obj)
  File "/usr/local/lib/python3.12/dist-packages/torch/multiprocessing/reductions.py", line 616, in reduce_storage
    df = multiprocessing.reduction.DupFd(fd)
         ^^^^^^^^^^^^^^^^^^^^^^^^^^^^^^^^^^^
  File "/usr/lib/python3.12/multiprocessing/reduction.py", line 198, in DupFd
    return resource_sharer.DupFd(fd)
           ^^^^^^^^^^^^^^^^^^^^^^^^^
  File "/usr/lib/python3.12/multiprocessing/resource_sharer.py", line 53, in __init__
    self._id = _resource_sharer.register(send, close)
               ^^^^^^^^^^^^^^^^^^^^^^^^^^^^^^^^^^^^^^
  File "/usr/lib/python3.12/multiprocessing/resource_sharer.py", line 76, in register
    self._start()
  File "/usr/lib/python3.12/multiprocessing/resource_sharer.py", line 126, in _start
    self._listener = Listener(authkey=process.current_process().authkey, backlog=128)
                     ^^^^^^^^^^^^^^^^^^^^^^^^^^^^^^^^^^^^^^^^^^^^^^^^^^^^^^^^^^^^^^^^
  File "/usr/lib/python3.12/multiprocessing/connection.py", line 464, in __init__
    self._listener = SocketListener(address, family, backlog)
                     ^^^^^^^^^^^^^^^^^^^^^^^^^^^^^^^^^^^^^^^^
  File "/usr/lib/python3.12/multiprocessing/connection.py", line 608, in __init__
    self._socket.bind(address)
OSError: AF_UNIX path too long
  File "/usr/lib/python3.12/multiprocessing/queues.py", line 264, in _feed
    obj = _ForkingPickler.dumps(obj)
          ^^^^^^^^^^^^^^^^^^^^^^^^^^
  File "/usr/lib/python3.12/multiprocessing/reduction.py", line 51, in dumps
    cls(buf, protocol).dump(obj)
  File "/usr/local/lib/python3.12/dist-packages/torch/multiprocessing/reductions.py", line 616, in reduce_storage
    df = multiprocessing.reduction.DupFd(fd)
         ^^^^^^^^^^^^^^^^^^^^^^^^^^^^^^^^^^^
  File "/usr/lib/python3.12/multiprocessing/reduction.py", line 198, in DupFd
    return resource_sharer.DupFd(fd)
           ^^^^^^^^^^^^^^^^^^^^^^^^^
  File "/usr/lib/python3.12/multiprocessing/resource_sharer.py", line 53, in __init__
    self._id = _resource_sharer.register(send, close)
               ^^^^^^^^^^^^^^^^^^^^^^^^^^^^^^^^^^^^^^
  File "/usr/lib/python3.12/multiprocessing/resource_sharer.py", line 76, in register
    self._start()
  File "/usr/lib/python3.12/multiprocessing/resource_sharer.py", line 126, in _start
    self._listener = Listener(authkey=process.current_process().authkey, backlog=128)
                     ^^^^^^^^^^^^^^^^^^^^^^^^^^^^^^^^^^^^^^^^^^^^^^^^^^^^^^^^^^^^^^^^
  File "/usr/lib/python3.12/multiprocessing/connection.py", line 464, in __init__
    self._listener = SocketListener(address, family, backlog)
                     ^^^^^^^^^^^^^^^^^^^^^^^^^^^^^^^^^^^^^^^^
  File "/usr/lib/python3.12/multiprocessing/connection.py", line 608, in __init__
    self._socket.bind(address)
OSError: AF_UNIX path too long
Traceback (most recent call last):
Traceback (most recent call last):
  File "/usr/lib/python3.12/multiprocessing/queues.py", line 264, in _feed
    obj = _ForkingPickler.dumps(obj)
          ^^^^^^^^^^^^^^^^^^^^^^^^^^
  File "/usr/lib/python3.12/multiprocessing/queues.py", line 264, in _feed
    obj = _ForkingPickler.dumps(obj)
          ^^^^^^^^^^^^^^^^^^^^^^^^^^
  File "/usr/lib/python3.12/multiprocessing/reduction.py", line 51, in dumps
    cls(buf, protocol).dump(obj)
  File "/usr/local/lib/python3.12/dist-packages/torch/multiprocessing/reductions.py", line 616, in reduce_storage
    df = multiprocessing.reduction.DupFd(fd)
         ^^^^^^^^^^^^^^^^^^^^^^^^^^^^^^^^^^^
  File "/usr/lib/python3.12/multiprocessing/reduction.py", line 198, in DupFd
    return resource_sharer.DupFd(fd)
           ^^^^^^^^^^^^^^^^^^^^^^^^^
  File "/usr/lib/python3.12/multiprocessing/reduction.py", line 51, in dumps
    cls(buf, protocol).dump(obj)
  File "/usr/local/lib/python3.12/dist-packages/torch/multiprocessing/reductions.py", line 616, in reduce_storage
    df = multiprocessing.reduction.DupFd(fd)
         ^^^^^^^^^^^^^^^^^^^^^^^^^^^^^^^^^^^
  File "/usr/lib/python3.12/multiprocessing/resource_sharer.py", line 53, in __init__
    self._id = _resource_sharer.register(send, close)
               ^^^^^^^^^^^^^^^^^^^^^^^^^^^^^^^^^^^^^^
  File "/usr/lib/python3.12/multiprocessing/reduction.py", line 198, in DupFd
    return resource_sharer.DupFd(fd)
           ^^^^^^^^^^^^^^^^^^^^^^^^^
  File "/usr/lib/python3.12/multiprocessing/resource_sharer.py", line 76, in register
    self._start()
  File "/usr/lib/python3.12/multiprocessing/resource_sharer.py", line 53, in __init__
    self._id = _resource_sharer.register(send, close)
               ^^^^^^^^^^^^^^^^^^^^^^^^^^^^^^^^^^^^^^
  File "/usr/lib/python3.12/multiprocessing/resource_sharer.py", line 76, in register
    self._start()
  File "/usr/lib/python3.12/multiprocessing/resource_sharer.py", line 126, in _start
    self._listener = Listener(authkey=process.current_process().authkey, backlog=128)
                     ^^^^^^^^^^^^^^^^^^^^^^^^^^^^^^^^^^^^^^^^^^^^^^^^^^^^^^^^^^^^^^^^
  File "/usr/lib/python3.12/multiprocessing/resource_sharer.py", line 126, in _start
    self._listener = Listener(authkey=process.current_process().authkey, backlog=128)
                     ^^^^^^^^^^^^^^^^^^^^^^^^^^^^^^^^^^^^^^^^^^^^^^^^^^^^^^^^^^^^^^^^
  File "/usr/lib/python3.12/multiprocessing/connection.py", line 464, in __init__
    self._listener = SocketListener(address, family, backlog)
                     ^^^^^^^^^^^^^^^^^^^^^^^^^^^^^^^^^^^^^^^^
  File "/usr/lib/python3.12/multiprocessing/connection.py", line 464, in __init__
    self._listener = SocketListener(address, family, backlog)
                     ^^^^^^^^^^^^^^^^^^^^^^^^^^^^^^^^^^^^^^^^
  File "/usr/lib/python3.12/multiprocessing/connection.py", line 608, in __init__
    self._socket.bind(address)
  File "/usr/lib/python3.12/multiprocessing/connection.py", line 608, in __init__
    self._socket.bind(address)
OSError: AF_UNIX path too long
OSError: AF_UNIX path too long
Traceback (most recent call last):
  File "/usr/lib/python3.12/multiprocessing/queues.py", line 264, in _feed
    obj = _ForkingPickler.dumps(obj)
          ^^^^^^^^^^^^^^^^^^^^^^^^^^
  File "/usr/lib/python3.12/multiprocessing/reduction.py", line 51, in dumps
    cls(buf, protocol).dump(obj)
  File "/usr/local/lib/python3.12/dist-packages/torch/multiprocessing/reductions.py", line 616, in reduce_storage
    df = multiprocessing.reduction.DupFd(fd)
         ^^^^^^^^^^^^^^^^^^^^^^^^^^^^^^^^^^^
  File "/usr/lib/python3.12/multiprocessing/reduction.py", line 198, in DupFd
    return resource_sharer.DupFd(fd)
           ^^^^^^^^^^^^^^^^^^^^^^^^^
  File "/usr/lib/python3.12/multiprocessing/resource_sharer.py", line 53, in __init__
    self._id = _resource_sharer.register(send, close)
               ^^^^^^^^^^^^^^^^^^^^^^^^^^^^^^^^^^^^^^
  File "/usr/lib/python3.12/multiprocessing/resource_sharer.py", line 76, in register
    self._start()
  File "/usr/lib/python3.12/multiprocessing/resource_sharer.py", line 126, in _start
    self._listener = Listener(authkey=process.current_process().authkey, backlog=128)
                     ^^^^^^^^^^^^^^^^^^^^^^^^^^^^^^^^^^^^^^^^^^^^^^^^^^^^^^^^^^^^^^^^
  File "/usr/lib/python3.12/multiprocessing/connection.py", line 464, in __init__
    self._listener = SocketListener(address, family, backlog)
                     ^^^^^^^^^^^^^^^^^^^^^^^^^^^^^^^^^^^^^^^^
  File "/usr/lib/python3.12/multiprocessing/connection.py", line 608, in __init__
    self._socket.bind(address)
OSError: AF_UNIX path too long
Traceback (most recent call last):
  File "/usr/lib/python3.12/multiprocessing/queues.py", line 264, in _feed
    obj = _ForkingPickler.dumps(obj)
          ^^^^^^^^^^^^^^^^^^^^^^^^^^
  File "/usr/lib/python3.12/multiprocessing/reduction.py", line 51, in dumps
    cls(buf, protocol).dump(obj)
  File "/usr/local/lib/python3.12/dist-packages/torch/multiprocessing/reductions.py", line 616, in reduce_storage
    df = multiprocessing.reduction.DupFd(fd)
         ^^^^^^^^^^^^^^^^^^^^^^^^^^^^^^^^^^^
  File "/usr/lib/python3.12/multiprocessing/reduction.py", line 198, in DupFd
    return resource_sharer.DupFd(fd)
           ^^^^^^^^^^^^^^^^^^^^^^^^^
  File "/usr/lib/python3.12/multiprocessing/resource_sharer.py", line 53, in __init__
    self._id = _resource_sharer.register(send, close)
               ^^^^^^^^^^^^^^^^^^^^^^^^^^^^^^^^^^^^^^
  File "/usr/lib/python3.12/multiprocessing/resource_sharer.py", line 76, in register
    self._start()
  File "/usr/lib/python3.12/multiprocessing/resource_sharer.py", line 126, in _start
    self._listener = Listener(authkey=process.current_process().authkey, backlog=128)
                     ^^^^^^^^^^^^^^^^^^^^^^^^^^^^^^^^^^^^^^^^^^^^^^^^^^^^^^^^^^^^^^^^
  File "/usr/lib/python3.12/multiprocessing/connection.py", line 464, in __init__
    self._listener = SocketListener(address, family, backlog)
                     ^^^^^^^^^^^^^^^^^^^^^^^^^^^^^^^^^^^^^^^^
  File "/usr/lib/python3.12/multiprocessing/connection.py", line 608, in __init__
    self._socket.bind(address)
OSError: AF_UNIX path too long
Traceback (most recent call last):
Traceback (most recent call last):
  File "/usr/lib/python3.12/multiprocessing/queues.py", line 264, in _feed
    obj = _ForkingPickler.dumps(obj)
          ^^^^^^^^^^^^^^^^^^^^^^^^^^
  File "/usr/lib/python3.12/multiprocessing/reduction.py", line 51, in dumps
    cls(buf, protocol).dump(obj)
  File "/usr/local/lib/python3.12/dist-packages/torch/multiprocessing/reductions.py", line 616, in reduce_storage
    df = multiprocessing.reduction.DupFd(fd)
         ^^^^^^^^^^^^^^^^^^^^^^^^^^^^^^^^^^^
  File "/usr/lib/python3.12/multiprocessing/reduction.py", line 198, in DupFd
    return resource_sharer.DupFd(fd)
           ^^^^^^^^^^^^^^^^^^^^^^^^^
  File "/usr/lib/python3.12/multiprocessing/queues.py", line 264, in _feed
    obj = _ForkingPickler.dumps(obj)
          ^^^^^^^^^^^^^^^^^^^^^^^^^^
  File "/usr/lib/python3.12/multiprocessing/resource_sharer.py", line 53, in __init__
    self._id = _resource_sharer.register(send, close)
               ^^^^^^^^^^^^^^^^^^^^^^^^^^^^^^^^^^^^^^
  File "/usr/lib/python3.12/multiprocessing/resource_sharer.py", line 76, in register
    self._start()
  File "/usr/lib/python3.12/multiprocessing/resource_sharer.py", line 126, in _start
    self._listener = Listener(authkey=process.current_process().authkey, backlog=128)
                     ^^^^^^^^^^^^^^^^^^^^^^^^^^^^^^^^^^^^^^^^^^^^^^^^^^^^^^^^^^^^^^^^
  File "/usr/lib/python3.12/multiprocessing/connection.py", line 464, in __init__
    self._listener = SocketListener(address, family, backlog)
                     ^^^^^^^^^^^^^^^^^^^^^^^^^^^^^^^^^^^^^^^^
  File "/usr/lib/python3.12/multiprocessing/connection.py", line 608, in __init__
    self._socket.bind(address)
OSError: AF_UNIX path too long
  File "/usr/lib/python3.12/multiprocessing/reduction.py", line 51, in dumps
    cls(buf, protocol).dump(obj)
  File "/usr/local/lib/python3.12/dist-packages/torch/multiprocessing/reductions.py", line 616, in reduce_storage
    df = multiprocessing.reduction.DupFd(fd)
         ^^^^^^^^^^^^^^^^^^^^^^^^^^^^^^^^^^^
  File "/usr/lib/python3.12/multiprocessing/reduction.py", line 198, in DupFd
    return resource_sharer.DupFd(fd)
           ^^^^^^^^^^^^^^^^^^^^^^^^^
  File "/usr/lib/python3.12/multiprocessing/resource_sharer.py", line 53, in __init__
    self._id = _resource_sharer.register(send, close)
               ^^^^^^^^^^^^^^^^^^^^^^^^^^^^^^^^^^^^^^
  File "/usr/lib/python3.12/multiprocessing/resource_sharer.py", line 76, in register
    self._start()
  File "/usr/lib/python3.12/multiprocessing/resource_sharer.py", line 126, in _start
    self._listener = Listener(authkey=process.current_process().authkey, backlog=128)
                     ^^^^^^^^^^^^^^^^^^^^^^^^^^^^^^^^^^^^^^^^^^^^^^^^^^^^^^^^^^^^^^^^
  File "/usr/lib/python3.12/multiprocessing/connection.py", line 464, in __init__
    self._listener = SocketListener(address, family, backlog)
                     ^^^^^^^^^^^^^^^^^^^^^^^^^^^^^^^^^^^^^^^^
  File "/usr/lib/python3.12/multiprocessing/connection.py", line 608, in __init__
    self._socket.bind(address)
OSError: AF_UNIX path too long
Traceback (most recent call last):
  File "/usr/lib/python3.12/multiprocessing/queues.py", line 264, in _feed
    obj = _ForkingPickler.dumps(obj)
          ^^^^^^^^^^^^^^^^^^^^^^^^^^
  File "/usr/lib/python3.12/multiprocessing/reduction.py", line 51, in dumps
    cls(buf, protocol).dump(obj)
  File "/usr/local/lib/python3.12/dist-packages/torch/multiprocessing/reductions.py", line 616, in reduce_storage
    df = multiprocessing.reduction.DupFd(fd)
         ^^^^^^^^^^^^^^^^^^^^^^^^^^^^^^^^^^^
  File "/usr/lib/python3.12/multiprocessing/reduction.py", line 198, in DupFd
    return resource_sharer.DupFd(fd)
           ^^^^^^^^^^^^^^^^^^^^^^^^^
  File "/usr/lib/python3.12/multiprocessing/resource_sharer.py", line 53, in __init__
    self._id = _resource_sharer.register(send, close)
               ^^^^^^^^^^^^^^^^^^^^^^^^^^^^^^^^^^^^^^
  File "/usr/lib/python3.12/multiprocessing/resource_sharer.py", line 76, in register
    self._start()
  File "/usr/lib/python3.12/multiprocessing/resource_sharer.py", line 126, in _start
    self._listener = Listener(authkey=process.current_process().authkey, backlog=128)
                     ^^^^^^^^^^^^^^^^^^^^^^^^^^^^^^^^^^^^^^^^^^^^^^^^^^^^^^^^^^^^^^^^
  File "/usr/lib/python3.12/multiprocessing/connection.py", line 464, in __init__
    self._listener = SocketListener(address, family, backlog)
                     ^^^^^^^^^^^^^^^^^^^^^^^^^^^^^^^^^^^^^^^^
  File "/usr/lib/python3.12/multiprocessing/connection.py", line 608, in __init__
    self._socket.bind(address)
OSError: AF_UNIX path too long
Traceback (most recent call last):
Traceback (most recent call last):
  File "/usr/lib/python3.12/multiprocessing/queues.py", line 264, in _feed
    obj = _ForkingPickler.dumps(obj)
          ^^^^^^^^^^^^^^^^^^^^^^^^^^
Traceback (most recent call last):
  File "/usr/lib/python3.12/multiprocessing/reduction.py", line 51, in dumps
    cls(buf, protocol).dump(obj)
  File "/usr/lib/python3.12/multiprocessing/queues.py", line 264, in _feed
    obj = _ForkingPickler.dumps(obj)
          ^^^^^^^^^^^^^^^^^^^^^^^^^^
  File "/usr/lib/python3.12/multiprocessing/reduction.py", line 51, in dumps
    cls(buf, protocol).dump(obj)
  File "/usr/local/lib/python3.12/dist-packages/torch/multiprocessing/reductions.py", line 616, in reduce_storage
    df = multiprocessing.reduction.DupFd(fd)
         ^^^^^^^^^^^^^^^^^^^^^^^^^^^^^^^^^^^
  File "/usr/lib/python3.12/multiprocessing/reduction.py", line 198, in DupFd
    return resource_sharer.DupFd(fd)
           ^^^^^^^^^^^^^^^^^^^^^^^^^
  File "/usr/local/lib/python3.12/dist-packages/torch/multiprocessing/reductions.py", line 616, in reduce_storage
    df = multiprocessing.reduction.DupFd(fd)
         ^^^^^^^^^^^^^^^^^^^^^^^^^^^^^^^^^^^
  File "/usr/lib/python3.12/multiprocessing/resource_sharer.py", line 53, in __init__
    self._id = _resource_sharer.register(send, close)
               ^^^^^^^^^^^^^^^^^^^^^^^^^^^^^^^^^^^^^^
  File "/usr/lib/python3.12/multiprocessing/queues.py", line 264, in _feed
    obj = _ForkingPickler.dumps(obj)
          ^^^^^^^^^^^^^^^^^^^^^^^^^^
  File "/usr/lib/python3.12/multiprocessing/resource_sharer.py", line 76, in register
    self._start()
  File "/usr/lib/python3.12/multiprocessing/reduction.py", line 198, in DupFd
    return resource_sharer.DupFd(fd)
           ^^^^^^^^^^^^^^^^^^^^^^^^^
  File "/usr/lib/python3.12/multiprocessing/resource_sharer.py", line 126, in _start
    self._listener = Listener(authkey=process.current_process().authkey, backlog=128)
                     ^^^^^^^^^^^^^^^^^^^^^^^^^^^^^^^^^^^^^^^^^^^^^^^^^^^^^^^^^^^^^^^^
  File "/usr/lib/python3.12/multiprocessing/reduction.py", line 51, in dumps
    cls(buf, protocol).dump(obj)
  File "/usr/lib/python3.12/multiprocessing/connection.py", line 464, in __init__
    self._listener = SocketListener(address, family, backlog)
                     ^^^^^^^^^^^^^^^^^^^^^^^^^^^^^^^^^^^^^^^^
  File "/usr/local/lib/python3.12/dist-packages/torch/multiprocessing/reductions.py", line 616, in reduce_storage
    df = multiprocessing.reduction.DupFd(fd)
         ^^^^^^^^^^^^^^^^^^^^^^^^^^^^^^^^^^^
  File "/usr/lib/python3.12/multiprocessing/resource_sharer.py", line 53, in __init__
    self._id = _resource_sharer.register(send, close)
               ^^^^^^^^^^^^^^^^^^^^^^^^^^^^^^^^^^^^^^
  File "/usr/lib/python3.12/multiprocessing/connection.py", line 608, in __init__
    self._socket.bind(address)
  File "/usr/lib/python3.12/multiprocessing/reduction.py", line 198, in DupFd
    return resource_sharer.DupFd(fd)
           ^^^^^^^^^^^^^^^^^^^^^^^^^
  File "/usr/lib/python3.12/multiprocessing/resource_sharer.py", line 76, in register
    self._start()
  File "/usr/lib/python3.12/multiprocessing/resource_sharer.py", line 53, in __init__
    self._id = _resource_sharer.register(send, close)
               ^^^^^^^^^^^^^^^^^^^^^^^^^^^^^^^^^^^^^^
OSError: AF_UNIX path too long
  File "/usr/lib/python3.12/multiprocessing/resource_sharer.py", line 76, in register
    self._start()
  File "/usr/lib/python3.12/multiprocessing/resource_sharer.py", line 126, in _start
    self._listener = Listener(authkey=process.current_process().authkey, backlog=128)
                     ^^^^^^^^^^^^^^^^^^^^^^^^^^^^^^^^^^^^^^^^^^^^^^^^^^^^^^^^^^^^^^^^
  File "/usr/lib/python3.12/multiprocessing/resource_sharer.py", line 126, in _start
    self._listener = Listener(authkey=process.current_process().authkey, backlog=128)
                     ^^^^^^^^^^^^^^^^^^^^^^^^^^^^^^^^^^^^^^^^^^^^^^^^^^^^^^^^^^^^^^^^
  File "/usr/lib/python3.12/multiprocessing/connection.py", line 464, in __init__
    self._listener = SocketListener(address, family, backlog)
                     ^^^^^^^^^^^^^^^^^^^^^^^^^^^^^^^^^^^^^^^^
  File "/usr/lib/python3.12/multiprocessing/connection.py", line 464, in __init__
    self._listener = SocketListener(address, family, backlog)
                     ^^^^^^^^^^^^^^^^^^^^^^^^^^^^^^^^^^^^^^^^
  File "/usr/lib/python3.12/multiprocessing/connection.py", line 608, in __init__
    self._socket.bind(address)
  File "/usr/lib/python3.12/multiprocessing/connection.py", line 608, in __init__
    self._socket.bind(address)
OSError: AF_UNIX path too long
OSError: AF_UNIX path too long
Traceback (most recent call last):
  File "/usr/lib/python3.12/multiprocessing/queues.py", line 264, in _feed
    obj = _ForkingPickler.dumps(obj)
          ^^^^^^^^^^^^^^^^^^^^^^^^^^
  File "/usr/lib/python3.12/multiprocessing/reduction.py", line 51, in dumps
    cls(buf, protocol).dump(obj)
  File "/usr/local/lib/python3.12/dist-packages/torch/multiprocessing/reductions.py", line 616, in reduce_storage
    df = multiprocessing.reduction.DupFd(fd)
         ^^^^^^^^^^^^^^^^^^^^^^^^^^^^^^^^^^^
  File "/usr/lib/python3.12/multiprocessing/reduction.py", line 198, in DupFd
    return resource_sharer.DupFd(fd)
           ^^^^^^^^^^^^^^^^^^^^^^^^^
  File "/usr/lib/python3.12/multiprocessing/resource_sharer.py", line 53, in __init__
    self._id = _resource_sharer.register(send, close)
               ^^^^^^^^^^^^^^^^^^^^^^^^^^^^^^^^^^^^^^
  File "/usr/lib/python3.12/multiprocessing/resource_sharer.py", line 76, in register
    self._start()
  File "/usr/lib/python3.12/multiprocessing/resource_sharer.py", line 126, in _start
    self._listener = Listener(authkey=process.current_process().authkey, backlog=128)
                     ^^^^^^^^^^^^^^^^^^^^^^^^^^^^^^^^^^^^^^^^^^^^^^^^^^^^^^^^^^^^^^^^
  File "/usr/lib/python3.12/multiprocessing/connection.py", line 464, in __init__
    self._listener = SocketListener(address, family, backlog)
                     ^^^^^^^^^^^^^^^^^^^^^^^^^^^^^^^^^^^^^^^^
  File "/usr/lib/python3.12/multiprocessing/connection.py", line 608, in __init__
    self._socket.bind(address)
OSError: AF_UNIX path too long
Traceback (most recent call last):
  File "/usr/lib/python3.12/multiprocessing/queues.py", line 264, in _feed
    obj = _ForkingPickler.dumps(obj)
          ^^^^^^^^^^^^^^^^^^^^^^^^^^
  File "/usr/lib/python3.12/multiprocessing/reduction.py", line 51, in dumps
    cls(buf, protocol).dump(obj)
  File "/usr/local/lib/python3.12/dist-packages/torch/multiprocessing/reductions.py", line 616, in reduce_storage
    df = multiprocessing.reduction.DupFd(fd)
         ^^^^^^^^^^^^^^^^^^^^^^^^^^^^^^^^^^^
  File "/usr/lib/python3.12/multiprocessing/reduction.py", line 198, in DupFd
    return resource_sharer.DupFd(fd)
           ^^^^^^^^^^^^^^^^^^^^^^^^^
  File "/usr/lib/python3.12/multiprocessing/resource_sharer.py", line 53, in __init__
    self._id = _resource_sharer.register(send, close)
               ^^^^^^^^^^^^^^^^^^^^^^^^^^^^^^^^^^^^^^
  File "/usr/lib/python3.12/multiprocessing/resource_sharer.py", line 76, in register
    self._start()
  File "/usr/lib/python3.12/multiprocessing/resource_sharer.py", line 126, in _start
    self._listener = Listener(authkey=process.current_process().authkey, backlog=128)
                     ^^^^^^^^^^^^^^^^^^^^^^^^^^^^^^^^^^^^^^^^^^^^^^^^^^^^^^^^^^^^^^^^
  File "/usr/lib/python3.12/multiprocessing/connection.py", line 464, in __init__
    self._listener = SocketListener(address, family, backlog)
                     ^^^^^^^^^^^^^^^^^^^^^^^^^^^^^^^^^^^^^^^^
  File "/usr/lib/python3.12/multiprocessing/connection.py", line 608, in __init__
    self._socket.bind(address)
OSError: AF_UNIX path too long
Traceback (most recent call last):
  File "/usr/lib/python3.12/multiprocessing/queues.py", line 264, in _feed
    obj = _ForkingPickler.dumps(obj)
          ^^^^^^^^^^^^^^^^^^^^^^^^^^
  File "/usr/lib/python3.12/multiprocessing/reduction.py", line 51, in dumps
    cls(buf, protocol).dump(obj)
  File "/usr/local/lib/python3.12/dist-packages/torch/multiprocessing/reductions.py", line 616, in reduce_storage
    df = multiprocessing.reduction.DupFd(fd)
         ^^^^^^^^^^^^^^^^^^^^^^^^^^^^^^^^^^^
  File "/usr/lib/python3.12/multiprocessing/reduction.py", line 198, in DupFd
    return resource_sharer.DupFd(fd)
           ^^^^^^^^^^^^^^^^^^^^^^^^^
  File "/usr/lib/python3.12/multiprocessing/resource_sharer.py", line 53, in __init__
    self._id = _resource_sharer.register(send, close)
               ^^^^^^^^^^^^^^^^^^^^^^^^^^^^^^^^^^^^^^
  File "/usr/lib/python3.12/multiprocessing/resource_sharer.py", line 76, in register
    self._start()
  File "/usr/lib/python3.12/multiprocessing/resource_sharer.py", line 126, in _start
    self._listener = Listener(authkey=process.current_process().authkey, backlog=128)
                     ^^^^^^^^^^^^^^^^^^^^^^^^^^^^^^^^^^^^^^^^^^^^^^^^^^^^^^^^^^^^^^^^
  File "/usr/lib/python3.12/multiprocessing/connection.py", line 464, in __init__
    self._listener = SocketListener(address, family, backlog)
                     ^^^^^^^^^^^^^^^^^^^^^^^^^^^^^^^^^^^^^^^^
  File "/usr/lib/python3.12/multiprocessing/connection.py", line 608, in __init__
    self._socket.bind(address)
OSError: AF_UNIX path too long
Traceback (most recent call last):
  File "/usr/lib/python3.12/multiprocessing/queues.py", line 264, in _feed
    obj = _ForkingPickler.dumps(obj)
          ^^^^^^^^^^^^^^^^^^^^^^^^^^
  File "/usr/lib/python3.12/multiprocessing/reduction.py", line 51, in dumps
    cls(buf, protocol).dump(obj)
  File "/usr/local/lib/python3.12/dist-packages/torch/multiprocessing/reductions.py", line 616, in reduce_storage
    df = multiprocessing.reduction.DupFd(fd)
         ^^^^^^^^^^^^^^^^^^^^^^^^^^^^^^^^^^^
  File "/usr/lib/python3.12/multiprocessing/reduction.py", line 198, in DupFd
    return resource_sharer.DupFd(fd)
           ^^^^^^^^^^^^^^^^^^^^^^^^^
  File "/usr/lib/python3.12/multiprocessing/resource_sharer.py", line 53, in __init__
    self._id = _resource_sharer.register(send, close)
               ^^^^^^^^^^^^^^^^^^^^^^^^^^^^^^^^^^^^^^
  File "/usr/lib/python3.12/multiprocessing/resource_sharer.py", line 76, in register
    self._start()
  File "/usr/lib/python3.12/multiprocessing/resource_sharer.py", line 126, in _start
    self._listener = Listener(authkey=process.current_process().authkey, backlog=128)
                     ^^^^^^^^^^^^^^^^^^^^^^^^^^^^^^^^^^^^^^^^^^^^^^^^^^^^^^^^^^^^^^^^
  File "/usr/lib/python3.12/multiprocessing/connection.py", line 464, in __init__
    self._listener = SocketListener(address, family, backlog)
                     ^^^^^^^^^^^^^^^^^^^^^^^^^^^^^^^^^^^^^^^^
  File "/usr/lib/python3.12/multiprocessing/connection.py", line 608, in __init__
    self._socket.bind(address)
OSError: AF_UNIX path too long
Traceback (most recent call last):
Traceback (most recent call last):
  File "/usr/lib/python3.12/multiprocessing/queues.py", line 264, in _feed
    obj = _ForkingPickler.dumps(obj)
          ^^^^^^^^^^^^^^^^^^^^^^^^^^
  File "/usr/lib/python3.12/multiprocessing/reduction.py", line 51, in dumps
    cls(buf, protocol).dump(obj)
  File "/usr/local/lib/python3.12/dist-packages/torch/multiprocessing/reductions.py", line 616, in reduce_storage
    df = multiprocessing.reduction.DupFd(fd)
         ^^^^^^^^^^^^^^^^^^^^^^^^^^^^^^^^^^^
  File "/usr/lib/python3.12/multiprocessing/reduction.py", line 198, in DupFd
    return resource_sharer.DupFd(fd)
           ^^^^^^^^^^^^^^^^^^^^^^^^^
  File "/usr/lib/python3.12/multiprocessing/resource_sharer.py", line 53, in __init__
    self._id = _resource_sharer.register(send, close)
               ^^^^^^^^^^^^^^^^^^^^^^^^^^^^^^^^^^^^^^
  File "/usr/lib/python3.12/multiprocessing/resource_sharer.py", line 76, in register
    self._start()
  File "/usr/lib/python3.12/multiprocessing/resource_sharer.py", line 126, in _start
    self._listener = Listener(authkey=process.current_process().authkey, backlog=128)
                     ^^^^^^^^^^^^^^^^^^^^^^^^^^^^^^^^^^^^^^^^^^^^^^^^^^^^^^^^^^^^^^^^
  File "/usr/lib/python3.12/multiprocessing/connection.py", line 464, in __init__
    self._listener = SocketListener(address, family, backlog)
                     ^^^^^^^^^^^^^^^^^^^^^^^^^^^^^^^^^^^^^^^^
  File "/usr/lib/python3.12/multiprocessing/connection.py", line 608, in __init__
    self._socket.bind(address)
OSError: AF_UNIX path too long
Traceback (most recent call last):
  File "/usr/lib/python3.12/multiprocessing/queues.py", line 264, in _feed
    obj = _ForkingPickler.dumps(obj)
          ^^^^^^^^^^^^^^^^^^^^^^^^^^
  File "/usr/lib/python3.12/multiprocessing/reduction.py", line 51, in dumps
    cls(buf, protocol).dump(obj)
  File "/usr/local/lib/python3.12/dist-packages/torch/multiprocessing/reductions.py", line 616, in reduce_storage
    df = multiprocessing.reduction.DupFd(fd)
         ^^^^^^^^^^^^^^^^^^^^^^^^^^^^^^^^^^^
  File "/usr/lib/python3.12/multiprocessing/reduction.py", line 198, in DupFd
    return resource_sharer.DupFd(fd)
           ^^^^^^^^^^^^^^^^^^^^^^^^^
  File "/usr/lib/python3.12/multiprocessing/resource_sharer.py", line 53, in __init__
    self._id = _resource_sharer.register(send, close)
               ^^^^^^^^^^^^^^^^^^^^^^^^^^^^^^^^^^^^^^
  File "/usr/lib/python3.12/multiprocessing/resource_sharer.py", line 76, in register
    self._start()
  File "/usr/lib/python3.12/multiprocessing/resource_sharer.py", line 126, in _start
    self._listener = Listener(authkey=process.current_process().authkey, backlog=128)
                     ^^^^^^^^^^^^^^^^^^^^^^^^^^^^^^^^^^^^^^^^^^^^^^^^^^^^^^^^^^^^^^^^
  File "/usr/lib/python3.12/multiprocessing/connection.py", line 464, in __init__
    self._listener = SocketListener(address, family, backlog)
                     ^^^^^^^^^^^^^^^^^^^^^^^^^^^^^^^^^^^^^^^^
  File "/usr/lib/python3.12/multiprocessing/queues.py", line 264, in _feed
    obj = _ForkingPickler.dumps(obj)
          ^^^^^^^^^^^^^^^^^^^^^^^^^^
  File "/usr/lib/python3.12/multiprocessing/connection.py", line 608, in __init__
    self._socket.bind(address)
  File "/usr/lib/python3.12/multiprocessing/reduction.py", line 51, in dumps
    cls(buf, protocol).dump(obj)
OSError: AF_UNIX path too long
  File "/usr/local/lib/python3.12/dist-packages/torch/multiprocessing/reductions.py", line 616, in reduce_storage
    df = multiprocessing.reduction.DupFd(fd)
         ^^^^^^^^^^^^^^^^^^^^^^^^^^^^^^^^^^^
  File "/usr/lib/python3.12/multiprocessing/reduction.py", line 198, in DupFd
    return resource_sharer.DupFd(fd)
           ^^^^^^^^^^^^^^^^^^^^^^^^^
  File "/usr/lib/python3.12/multiprocessing/resource_sharer.py", line 53, in __init__
    self._id = _resource_sharer.register(send, close)
               ^^^^^^^^^^^^^^^^^^^^^^^^^^^^^^^^^^^^^^
  File "/usr/lib/python3.12/multiprocessing/resource_sharer.py", line 76, in register
    self._start()
  File "/usr/lib/python3.12/multiprocessing/resource_sharer.py", line 126, in _start
    self._listener = Listener(authkey=process.current_process().authkey, backlog=128)
                     ^^^^^^^^^^^^^^^^^^^^^^^^^^^^^^^^^^^^^^^^^^^^^^^^^^^^^^^^^^^^^^^^
  File "/usr/lib/python3.12/multiprocessing/connection.py", line 464, in __init__
    self._listener = SocketListener(address, family, backlog)
                     ^^^^^^^^^^^^^^^^^^^^^^^^^^^^^^^^^^^^^^^^
  File "/usr/lib/python3.12/multiprocessing/connection.py", line 608, in __init__
    self._socket.bind(address)
OSError: AF_UNIX path too long
Traceback (most recent call last):
  File "/usr/lib/python3.12/multiprocessing/queues.py", line 264, in _feed
    obj = _ForkingPickler.dumps(obj)
          ^^^^^^^^^^^^^^^^^^^^^^^^^^
  File "/usr/lib/python3.12/multiprocessing/reduction.py", line 51, in dumps
    cls(buf, protocol).dump(obj)
  File "/usr/local/lib/python3.12/dist-packages/torch/multiprocessing/reductions.py", line 616, in reduce_storage
    df = multiprocessing.reduction.DupFd(fd)
         ^^^^^^^^^^^^^^^^^^^^^^^^^^^^^^^^^^^
  File "/usr/lib/python3.12/multiprocessing/reduction.py", line 198, in DupFd
    return resource_sharer.DupFd(fd)
           ^^^^^^^^^^^^^^^^^^^^^^^^^
  File "/usr/lib/python3.12/multiprocessing/resource_sharer.py", line 53, in __init__
    self._id = _resource_sharer.register(send, close)
               ^^^^^^^^^^^^^^^^^^^^^^^^^^^^^^^^^^^^^^
  File "/usr/lib/python3.12/multiprocessing/resource_sharer.py", line 76, in register
    self._start()
  File "/usr/lib/python3.12/multiprocessing/resource_sharer.py", line 126, in _start
    self._listener = Listener(authkey=process.current_process().authkey, backlog=128)
                     ^^^^^^^^^^^^^^^^^^^^^^^^^^^^^^^^^^^^^^^^^^^^^^^^^^^^^^^^^^^^^^^^
  File "/usr/lib/python3.12/multiprocessing/connection.py", line 464, in __init__
    self._listener = SocketListener(address, family, backlog)
                     ^^^^^^^^^^^^^^^^^^^^^^^^^^^^^^^^^^^^^^^^
  File "/usr/lib/python3.12/multiprocessing/connection.py", line 608, in __init__
    self._socket.bind(address)
OSError: AF_UNIX path too long
Traceback (most recent call last):
  File "/usr/lib/python3.12/multiprocessing/queues.py", line 264, in _feed
    obj = _ForkingPickler.dumps(obj)
          ^^^^^^^^^^^^^^^^^^^^^^^^^^
  File "/usr/lib/python3.12/multiprocessing/reduction.py", line 51, in dumps
    cls(buf, protocol).dump(obj)
  File "/usr/local/lib/python3.12/dist-packages/torch/multiprocessing/reductions.py", line 616, in reduce_storage
    df = multiprocessing.reduction.DupFd(fd)
         ^^^^^^^^^^^^^^^^^^^^^^^^^^^^^^^^^^^
  File "/usr/lib/python3.12/multiprocessing/reduction.py", line 198, in DupFd
    return resource_sharer.DupFd(fd)
           ^^^^^^^^^^^^^^^^^^^^^^^^^
  File "/usr/lib/python3.12/multiprocessing/resource_sharer.py", line 53, in __init__
    self._id = _resource_sharer.register(send, close)
               ^^^^^^^^^^^^^^^^^^^^^^^^^^^^^^^^^^^^^^
  File "/usr/lib/python3.12/multiprocessing/resource_sharer.py", line 76, in register
    self._start()
  File "/usr/lib/python3.12/multiprocessing/resource_sharer.py", line 126, in _start
    self._listener = Listener(authkey=process.current_process().authkey, backlog=128)
                     ^^^^^^^^^^^^^^^^^^^^^^^^^^^^^^^^^^^^^^^^^^^^^^^^^^^^^^^^^^^^^^^^
  File "/usr/lib/python3.12/multiprocessing/connection.py", line 464, in __init__
    self._listener = SocketListener(address, family, backlog)
                     ^^^^^^^^^^^^^^^^^^^^^^^^^^^^^^^^^^^^^^^^
  File "/usr/lib/python3.12/multiprocessing/connection.py", line 608, in __init__
    self._socket.bind(address)
OSError: AF_UNIX path too long
Traceback (most recent call last):
  File "/usr/lib/python3.12/multiprocessing/queues.py", line 264, in _feed
    obj = _ForkingPickler.dumps(obj)
          ^^^^^^^^^^^^^^^^^^^^^^^^^^
  File "/usr/lib/python3.12/multiprocessing/reduction.py", line 51, in dumps
    cls(buf, protocol).dump(obj)
  File "/usr/local/lib/python3.12/dist-packages/torch/multiprocessing/reductions.py", line 616, in reduce_storage
    df = multiprocessing.reduction.DupFd(fd)
         ^^^^^^^^^^^^^^^^^^^^^^^^^^^^^^^^^^^
  File "/usr/lib/python3.12/multiprocessing/reduction.py", line 198, in DupFd
    return resource_sharer.DupFd(fd)
           ^^^^^^^^^^^^^^^^^^^^^^^^^
  File "/usr/lib/python3.12/multiprocessing/resource_sharer.py", line 53, in __init__
    self._id = _resource_sharer.register(send, close)
               ^^^^^^^^^^^^^^^^^^^^^^^^^^^^^^^^^^^^^^
  File "/usr/lib/python3.12/multiprocessing/resource_sharer.py", line 76, in register
    self._start()
  File "/usr/lib/python3.12/multiprocessing/resource_sharer.py", line 126, in _start
    self._listener = Listener(authkey=process.current_process().authkey, backlog=128)
                     ^^^^^^^^^^^^^^^^^^^^^^^^^^^^^^^^^^^^^^^^^^^^^^^^^^^^^^^^^^^^^^^^
  File "/usr/lib/python3.12/multiprocessing/connection.py", line 464, in __init__
    self._listener = SocketListener(address, family, backlog)
                     ^^^^^^^^^^^^^^^^^^^^^^^^^^^^^^^^^^^^^^^^
  File "/usr/lib/python3.12/multiprocessing/connection.py", line 608, in __init__
    self._socket.bind(address)
OSError: AF_UNIX path too long
Traceback (most recent call last):
  File "/usr/lib/python3.12/multiprocessing/queues.py", line 264, in _feed
    obj = _ForkingPickler.dumps(obj)
          ^^^^^^^^^^^^^^^^^^^^^^^^^^
  File "/usr/lib/python3.12/multiprocessing/reduction.py", line 51, in dumps
    cls(buf, protocol).dump(obj)
  File "/usr/local/lib/python3.12/dist-packages/torch/multiprocessing/reductions.py", line 616, in reduce_storage
    df = multiprocessing.reduction.DupFd(fd)
         ^^^^^^^^^^^^^^^^^^^^^^^^^^^^^^^^^^^
  File "/usr/lib/python3.12/multiprocessing/reduction.py", line 198, in DupFd
    return resource_sharer.DupFd(fd)
           ^^^^^^^^^^^^^^^^^^^^^^^^^
  File "/usr/lib/python3.12/multiprocessing/resource_sharer.py", line 53, in __init__
    self._id = _resource_sharer.register(send, close)
               ^^^^^^^^^^^^^^^^^^^^^^^^^^^^^^^^^^^^^^
  File "/usr/lib/python3.12/multiprocessing/resource_sharer.py", line 76, in register
    self._start()
  File "/usr/lib/python3.12/multiprocessing/resource_sharer.py", line 126, in _start
    self._listener = Listener(authkey=process.current_process().authkey, backlog=128)
                     ^^^^^^^^^^^^^^^^^^^^^^^^^^^^^^^^^^^^^^^^^^^^^^^^^^^^^^^^^^^^^^^^
  File "/usr/lib/python3.12/multiprocessing/connection.py", line 464, in __init__
    self._listener = SocketListener(address, family, backlog)
                     ^^^^^^^^^^^^^^^^^^^^^^^^^^^^^^^^^^^^^^^^
  File "/usr/lib/python3.12/multiprocessing/connection.py", line 608, in __init__
    self._socket.bind(address)
OSError: AF_UNIX path too long
Traceback (most recent call last):
  File "/usr/lib/python3.12/multiprocessing/queues.py", line 264, in _feed
    obj = _ForkingPickler.dumps(obj)
          ^^^^^^^^^^^^^^^^^^^^^^^^^^
  File "/usr/lib/python3.12/multiprocessing/reduction.py", line 51, in dumps
    cls(buf, protocol).dump(obj)
  File "/usr/local/lib/python3.12/dist-packages/torch/multiprocessing/reductions.py", line 616, in reduce_storage
    df = multiprocessing.reduction.DupFd(fd)
         ^^^^^^^^^^^^^^^^^^^^^^^^^^^^^^^^^^^
  File "/usr/lib/python3.12/multiprocessing/reduction.py", line 198, in DupFd
    return resource_sharer.DupFd(fd)
           ^^^^^^^^^^^^^^^^^^^^^^^^^
  File "/usr/lib/python3.12/multiprocessing/resource_sharer.py", line 53, in __init__
    self._id = _resource_sharer.register(send, close)
               ^^^^^^^^^^^^^^^^^^^^^^^^^^^^^^^^^^^^^^
  File "/usr/lib/python3.12/multiprocessing/resource_sharer.py", line 76, in register
    self._start()
  File "/usr/lib/python3.12/multiprocessing/resource_sharer.py", line 126, in _start
    self._listener = Listener(authkey=process.current_process().authkey, backlog=128)
                     ^^^^^^^^^^^^^^^^^^^^^^^^^^^^^^^^^^^^^^^^^^^^^^^^^^^^^^^^^^^^^^^^
  File "/usr/lib/python3.12/multiprocessing/connection.py", line 464, in __init__
    self._listener = SocketListener(address, family, backlog)
                     ^^^^^^^^^^^^^^^^^^^^^^^^^^^^^^^^^^^^^^^^
  File "/usr/lib/python3.12/multiprocessing/connection.py", line 608, in __init__
    self._socket.bind(address)
OSError: AF_UNIX path too long
Traceback (most recent call last):
  File "/usr/lib/python3.12/multiprocessing/queues.py", line 264, in _feed
    obj = _ForkingPickler.dumps(obj)
          ^^^^^^^^^^^^^^^^^^^^^^^^^^
  File "/usr/lib/python3.12/multiprocessing/reduction.py", line 51, in dumps
    cls(buf, protocol).dump(obj)
  File "/usr/local/lib/python3.12/dist-packages/torch/multiprocessing/reductions.py", line 616, in reduce_storage
    df = multiprocessing.reduction.DupFd(fd)
         ^^^^^^^^^^^^^^^^^^^^^^^^^^^^^^^^^^^
  File "/usr/lib/python3.12/multiprocessing/reduction.py", line 198, in DupFd
    return resource_sharer.DupFd(fd)
           ^^^^^^^^^^^^^^^^^^^^^^^^^
  File "/usr/lib/python3.12/multiprocessing/resource_sharer.py", line 53, in __init__
    self._id = _resource_sharer.register(send, close)
               ^^^^^^^^^^^^^^^^^^^^^^^^^^^^^^^^^^^^^^
  File "/usr/lib/python3.12/multiprocessing/resource_sharer.py", line 76, in register
    self._start()
  File "/usr/lib/python3.12/multiprocessing/resource_sharer.py", line 126, in _start
    self._listener = Listener(authkey=process.current_process().authkey, backlog=128)
                     ^^^^^^^^^^^^^^^^^^^^^^^^^^^^^^^^^^^^^^^^^^^^^^^^^^^^^^^^^^^^^^^^
  File "/usr/lib/python3.12/multiprocessing/connection.py", line 464, in __init__
    self._listener = SocketListener(address, family, backlog)
                     ^^^^^^^^^^^^^^^^^^^^^^^^^^^^^^^^^^^^^^^^
  File "/usr/lib/python3.12/multiprocessing/connection.py", line 608, in __init__
    self._socket.bind(address)
OSError: AF_UNIX path too long
Traceback (most recent call last):
  File "/usr/lib/python3.12/multiprocessing/queues.py", line 264, in _feed
    obj = _ForkingPickler.dumps(obj)
          ^^^^^^^^^^^^^^^^^^^^^^^^^^
  File "/usr/lib/python3.12/multiprocessing/reduction.py", line 51, in dumps
    cls(buf, protocol).dump(obj)
  File "/usr/local/lib/python3.12/dist-packages/torch/multiprocessing/reductions.py", line 616, in reduce_storage
    df = multiprocessing.reduction.DupFd(fd)
         ^^^^^^^^^^^^^^^^^^^^^^^^^^^^^^^^^^^
Traceback (most recent call last):
  File "/usr/lib/python3.12/multiprocessing/reduction.py", line 198, in DupFd
    return resource_sharer.DupFd(fd)
           ^^^^^^^^^^^^^^^^^^^^^^^^^
  File "/usr/lib/python3.12/multiprocessing/resource_sharer.py", line 53, in __init__
    self._id = _resource_sharer.register(send, close)
               ^^^^^^^^^^^^^^^^^^^^^^^^^^^^^^^^^^^^^^
  File "/usr/lib/python3.12/multiprocessing/resource_sharer.py", line 76, in register
    self._start()
  File "/usr/lib/python3.12/multiprocessing/resource_sharer.py", line 126, in _start
    self._listener = Listener(authkey=process.current_process().authkey, backlog=128)
                     ^^^^^^^^^^^^^^^^^^^^^^^^^^^^^^^^^^^^^^^^^^^^^^^^^^^^^^^^^^^^^^^^
  File "/usr/lib/python3.12/multiprocessing/connection.py", line 464, in __init__
    self._listener = SocketListener(address, family, backlog)
                     ^^^^^^^^^^^^^^^^^^^^^^^^^^^^^^^^^^^^^^^^
  File "/usr/lib/python3.12/multiprocessing/connection.py", line 608, in __init__
    self._socket.bind(address)
OSError: AF_UNIX path too long
Traceback (most recent call last):
  File "/usr/lib/python3.12/multiprocessing/queues.py", line 264, in _feed
    obj = _ForkingPickler.dumps(obj)
          ^^^^^^^^^^^^^^^^^^^^^^^^^^
  File "/usr/lib/python3.12/multiprocessing/reduction.py", line 51, in dumps
    cls(buf, protocol).dump(obj)
  File "/usr/local/lib/python3.12/dist-packages/torch/multiprocessing/reductions.py", line 616, in reduce_storage
    df = multiprocessing.reduction.DupFd(fd)
         ^^^^^^^^^^^^^^^^^^^^^^^^^^^^^^^^^^^
  File "/usr/lib/python3.12/multiprocessing/reduction.py", line 198, in DupFd
    return resource_sharer.DupFd(fd)
           ^^^^^^^^^^^^^^^^^^^^^^^^^
  File "/usr/lib/python3.12/multiprocessing/resource_sharer.py", line 53, in __init__
    self._id = _resource_sharer.register(send, close)
               ^^^^^^^^^^^^^^^^^^^^^^^^^^^^^^^^^^^^^^
  File "/usr/lib/python3.12/multiprocessing/queues.py", line 264, in _feed
    obj = _ForkingPickler.dumps(obj)
          ^^^^^^^^^^^^^^^^^^^^^^^^^^
  File "/usr/lib/python3.12/multiprocessing/resource_sharer.py", line 76, in register
    self._start()
  File "/usr/lib/python3.12/multiprocessing/reduction.py", line 51, in dumps
    cls(buf, protocol).dump(obj)
  File "/usr/lib/python3.12/multiprocessing/resource_sharer.py", line 126, in _start
    self._listener = Listener(authkey=process.current_process().authkey, backlog=128)
                     ^^^^^^^^^^^^^^^^^^^^^^^^^^^^^^^^^^^^^^^^^^^^^^^^^^^^^^^^^^^^^^^^
  File "/usr/local/lib/python3.12/dist-packages/torch/multiprocessing/reductions.py", line 616, in reduce_storage
    df = multiprocessing.reduction.DupFd(fd)
         ^^^^^^^^^^^^^^^^^^^^^^^^^^^^^^^^^^^
  File "/usr/lib/python3.12/multiprocessing/connection.py", line 464, in __init__
    self._listener = SocketListener(address, family, backlog)
                     ^^^^^^^^^^^^^^^^^^^^^^^^^^^^^^^^^^^^^^^^
  File "/usr/lib/python3.12/multiprocessing/reduction.py", line 198, in DupFd
    return resource_sharer.DupFd(fd)
           ^^^^^^^^^^^^^^^^^^^^^^^^^
  File "/usr/lib/python3.12/multiprocessing/connection.py", line 608, in __init__
    self._socket.bind(address)
  File "/usr/lib/python3.12/multiprocessing/resource_sharer.py", line 53, in __init__
    self._id = _resource_sharer.register(send, close)
               ^^^^^^^^^^^^^^^^^^^^^^^^^^^^^^^^^^^^^^
OSError: AF_UNIX path too long
  File "/usr/lib/python3.12/multiprocessing/resource_sharer.py", line 76, in register
    self._start()
  File "/usr/lib/python3.12/multiprocessing/resource_sharer.py", line 126, in _start
    self._listener = Listener(authkey=process.current_process().authkey, backlog=128)
                     ^^^^^^^^^^^^^^^^^^^^^^^^^^^^^^^^^^^^^^^^^^^^^^^^^^^^^^^^^^^^^^^^
  File "/usr/lib/python3.12/multiprocessing/connection.py", line 464, in __init__
    self._listener = SocketListener(address, family, backlog)
                     ^^^^^^^^^^^^^^^^^^^^^^^^^^^^^^^^^^^^^^^^
  File "/usr/lib/python3.12/multiprocessing/connection.py", line 608, in __init__
    self._socket.bind(address)
OSError: AF_UNIX path too long
Traceback (most recent call last):
  File "/usr/lib/python3.12/multiprocessing/queues.py", line 264, in _feed
    obj = _ForkingPickler.dumps(obj)
          ^^^^^^^^^^^^^^^^^^^^^^^^^^
  File "/usr/lib/python3.12/multiprocessing/reduction.py", line 51, in dumps
    cls(buf, protocol).dump(obj)
  File "/usr/local/lib/python3.12/dist-packages/torch/multiprocessing/reductions.py", line 616, in reduce_storage
    df = multiprocessing.reduction.DupFd(fd)
         ^^^^^^^^^^^^^^^^^^^^^^^^^^^^^^^^^^^
  File "/usr/lib/python3.12/multiprocessing/reduction.py", line 198, in DupFd
    return resource_sharer.DupFd(fd)
           ^^^^^^^^^^^^^^^^^^^^^^^^^
  File "/usr/lib/python3.12/multiprocessing/resource_sharer.py", line 53, in __init__
    self._id = _resource_sharer.register(send, close)
               ^^^^^^^^^^^^^^^^^^^^^^^^^^^^^^^^^^^^^^
  File "/usr/lib/python3.12/multiprocessing/resource_sharer.py", line 76, in register
    self._start()
Traceback (most recent call last):
  File "/usr/lib/python3.12/multiprocessing/resource_sharer.py", line 126, in _start
    self._listener = Listener(authkey=process.current_process().authkey, backlog=128)
                     ^^^^^^^^^^^^^^^^^^^^^^^^^^^^^^^^^^^^^^^^^^^^^^^^^^^^^^^^^^^^^^^^
  File "/usr/lib/python3.12/multiprocessing/connection.py", line 464, in __init__
    self._listener = SocketListener(address, family, backlog)
                     ^^^^^^^^^^^^^^^^^^^^^^^^^^^^^^^^^^^^^^^^
  File "/usr/lib/python3.12/multiprocessing/connection.py", line 608, in __init__
    self._socket.bind(address)
Traceback (most recent call last):
OSError: AF_UNIX path too long
  File "/usr/lib/python3.12/multiprocessing/queues.py", line 264, in _feed
    obj = _ForkingPickler.dumps(obj)
          ^^^^^^^^^^^^^^^^^^^^^^^^^^
  File "/usr/lib/python3.12/multiprocessing/reduction.py", line 51, in dumps
    cls(buf, protocol).dump(obj)
  File "/usr/lib/python3.12/multiprocessing/queues.py", line 264, in _feed
    obj = _ForkingPickler.dumps(obj)
          ^^^^^^^^^^^^^^^^^^^^^^^^^^
  File "/usr/local/lib/python3.12/dist-packages/torch/multiprocessing/reductions.py", line 616, in reduce_storage
    df = multiprocessing.reduction.DupFd(fd)
         ^^^^^^^^^^^^^^^^^^^^^^^^^^^^^^^^^^^
  File "/usr/lib/python3.12/multiprocessing/reduction.py", line 51, in dumps
    cls(buf, protocol).dump(obj)
  File "/usr/local/lib/python3.12/dist-packages/torch/multiprocessing/reductions.py", line 616, in reduce_storage
    df = multiprocessing.reduction.DupFd(fd)
         ^^^^^^^^^^^^^^^^^^^^^^^^^^^^^^^^^^^
  File "/usr/lib/python3.12/multiprocessing/reduction.py", line 198, in DupFd
    return resource_sharer.DupFd(fd)
           ^^^^^^^^^^^^^^^^^^^^^^^^^
  File "/usr/lib/python3.12/multiprocessing/resource_sharer.py", line 53, in __init__
    self._id = _resource_sharer.register(send, close)
               ^^^^^^^^^^^^^^^^^^^^^^^^^^^^^^^^^^^^^^
  File "/usr/lib/python3.12/multiprocessing/resource_sharer.py", line 76, in register
    self._start()
  File "/usr/lib/python3.12/multiprocessing/reduction.py", line 198, in DupFd
    return resource_sharer.DupFd(fd)
           ^^^^^^^^^^^^^^^^^^^^^^^^^
  File "/usr/lib/python3.12/multiprocessing/resource_sharer.py", line 126, in _start
    self._listener = Listener(authkey=process.current_process().authkey, backlog=128)
                     ^^^^^^^^^^^^^^^^^^^^^^^^^^^^^^^^^^^^^^^^^^^^^^^^^^^^^^^^^^^^^^^^
  File "/usr/lib/python3.12/multiprocessing/resource_sharer.py", line 53, in __init__
    self._id = _resource_sharer.register(send, close)
               ^^^^^^^^^^^^^^^^^^^^^^^^^^^^^^^^^^^^^^
  File "/usr/lib/python3.12/multiprocessing/connection.py", line 464, in __init__
    self._listener = SocketListener(address, family, backlog)
                     ^^^^^^^^^^^^^^^^^^^^^^^^^^^^^^^^^^^^^^^^
  File "/usr/lib/python3.12/multiprocessing/resource_sharer.py", line 76, in register
    self._start()
  File "/usr/lib/python3.12/multiprocessing/connection.py", line 608, in __init__
    self._socket.bind(address)
  File "/usr/lib/python3.12/multiprocessing/resource_sharer.py", line 126, in _start
    self._listener = Listener(authkey=process.current_process().authkey, backlog=128)
                     ^^^^^^^^^^^^^^^^^^^^^^^^^^^^^^^^^^^^^^^^^^^^^^^^^^^^^^^^^^^^^^^^
OSError: AF_UNIX path too long
  File "/usr/lib/python3.12/multiprocessing/connection.py", line 464, in __init__
    self._listener = SocketListener(address, family, backlog)
                     ^^^^^^^^^^^^^^^^^^^^^^^^^^^^^^^^^^^^^^^^
  File "/usr/lib/python3.12/multiprocessing/connection.py", line 608, in __init__
    self._socket.bind(address)
OSError: AF_UNIX path too long
Traceback (most recent call last):
  File "/usr/lib/python3.12/multiprocessing/queues.py", line 264, in _feed
    obj = _ForkingPickler.dumps(obj)
          ^^^^^^^^^^^^^^^^^^^^^^^^^^
  File "/usr/lib/python3.12/multiprocessing/reduction.py", line 51, in dumps
    cls(buf, protocol).dump(obj)
  File "/usr/local/lib/python3.12/dist-packages/torch/multiprocessing/reductions.py", line 616, in reduce_storage
    df = multiprocessing.reduction.DupFd(fd)
         ^^^^^^^^^^^^^^^^^^^^^^^^^^^^^^^^^^^
  File "/usr/lib/python3.12/multiprocessing/reduction.py", line 198, in DupFd
    return resource_sharer.DupFd(fd)
           ^^^^^^^^^^^^^^^^^^^^^^^^^
  File "/usr/lib/python3.12/multiprocessing/resource_sharer.py", line 53, in __init__
    self._id = _resource_sharer.register(send, close)
               ^^^^^^^^^^^^^^^^^^^^^^^^^^^^^^^^^^^^^^
  File "/usr/lib/python3.12/multiprocessing/resource_sharer.py", line 76, in register
    self._start()
  File "/usr/lib/python3.12/multiprocessing/resource_sharer.py", line 126, in _start
    self._listener = Listener(authkey=process.current_process().authkey, backlog=128)
                     ^^^^^^^^^^^^^^^^^^^^^^^^^^^^^^^^^^^^^^^^^^^^^^^^^^^^^^^^^^^^^^^^
  File "/usr/lib/python3.12/multiprocessing/connection.py", line 464, in __init__
    self._listener = SocketListener(address, family, backlog)
                     ^^^^^^^^^^^^^^^^^^^^^^^^^^^^^^^^^^^^^^^^
  File "/usr/lib/python3.12/multiprocessing/connection.py", line 608, in __init__
    self._socket.bind(address)
OSError: AF_UNIX path too long
Traceback (most recent call last):
  File "/usr/lib/python3.12/multiprocessing/queues.py", line 264, in _feed
    obj = _ForkingPickler.dumps(obj)
          ^^^^^^^^^^^^^^^^^^^^^^^^^^
  File "/usr/lib/python3.12/multiprocessing/reduction.py", line 51, in dumps
    cls(buf, protocol).dump(obj)
  File "/usr/local/lib/python3.12/dist-packages/torch/multiprocessing/reductions.py", line 616, in reduce_storage
    df = multiprocessing.reduction.DupFd(fd)
         ^^^^^^^^^^^^^^^^^^^^^^^^^^^^^^^^^^^
  File "/usr/lib/python3.12/multiprocessing/reduction.py", line 198, in DupFd
    return resource_sharer.DupFd(fd)
           ^^^^^^^^^^^^^^^^^^^^^^^^^
  File "/usr/lib/python3.12/multiprocessing/resource_sharer.py", line 53, in __init__
    self._id = _resource_sharer.register(send, close)
               ^^^^^^^^^^^^^^^^^^^^^^^^^^^^^^^^^^^^^^
  File "/usr/lib/python3.12/multiprocessing/resource_sharer.py", line 76, in register
    self._start()
  File "/usr/lib/python3.12/multiprocessing/resource_sharer.py", line 126, in _start
    self._listener = Listener(authkey=process.current_process().authkey, backlog=128)
                     ^^^^^^^^^^^^^^^^^^^^^^^^^^^^^^^^^^^^^^^^^^^^^^^^^^^^^^^^^^^^^^^^
  File "/usr/lib/python3.12/multiprocessing/connection.py", line 464, in __init__
    self._listener = SocketListener(address, family, backlog)
                     ^^^^^^^^^^^^^^^^^^^^^^^^^^^^^^^^^^^^^^^^
  File "/usr/lib/python3.12/multiprocessing/connection.py", line 608, in __init__
    self._socket.bind(address)
OSError: AF_UNIX path too long
Traceback (most recent call last):
  File "/usr/lib/python3.12/multiprocessing/queues.py", line 264, in _feed
    obj = _ForkingPickler.dumps(obj)
          ^^^^^^^^^^^^^^^^^^^^^^^^^^
  File "/usr/lib/python3.12/multiprocessing/reduction.py", line 51, in dumps
    cls(buf, protocol).dump(obj)
  File "/usr/local/lib/python3.12/dist-packages/torch/multiprocessing/reductions.py", line 616, in reduce_storage
    df = multiprocessing.reduction.DupFd(fd)
         ^^^^^^^^^^^^^^^^^^^^^^^^^^^^^^^^^^^
Traceback (most recent call last):
  File "/usr/lib/python3.12/multiprocessing/reduction.py", line 198, in DupFd
    return resource_sharer.DupFd(fd)
           ^^^^^^^^^^^^^^^^^^^^^^^^^
  File "/usr/lib/python3.12/multiprocessing/resource_sharer.py", line 53, in __init__
    self._id = _resource_sharer.register(send, close)
               ^^^^^^^^^^^^^^^^^^^^^^^^^^^^^^^^^^^^^^
  File "/usr/lib/python3.12/multiprocessing/resource_sharer.py", line 76, in register
    self._start()
  File "/usr/lib/python3.12/multiprocessing/resource_sharer.py", line 126, in _start
    self._listener = Listener(authkey=process.current_process().authkey, backlog=128)
                     ^^^^^^^^^^^^^^^^^^^^^^^^^^^^^^^^^^^^^^^^^^^^^^^^^^^^^^^^^^^^^^^^
  File "/usr/lib/python3.12/multiprocessing/queues.py", line 264, in _feed
    obj = _ForkingPickler.dumps(obj)
          ^^^^^^^^^^^^^^^^^^^^^^^^^^
  File "/usr/lib/python3.12/multiprocessing/connection.py", line 464, in __init__
    self._listener = SocketListener(address, family, backlog)
                     ^^^^^^^^^^^^^^^^^^^^^^^^^^^^^^^^^^^^^^^^
  File "/usr/lib/python3.12/multiprocessing/reduction.py", line 51, in dumps
    cls(buf, protocol).dump(obj)
  File "/usr/lib/python3.12/multiprocessing/connection.py", line 608, in __init__
    self._socket.bind(address)
  File "/usr/local/lib/python3.12/dist-packages/torch/multiprocessing/reductions.py", line 616, in reduce_storage
    df = multiprocessing.reduction.DupFd(fd)
         ^^^^^^^^^^^^^^^^^^^^^^^^^^^^^^^^^^^
OSError: AF_UNIX path too long
  File "/usr/lib/python3.12/multiprocessing/reduction.py", line 198, in DupFd
    return resource_sharer.DupFd(fd)
           ^^^^^^^^^^^^^^^^^^^^^^^^^
  File "/usr/lib/python3.12/multiprocessing/resource_sharer.py", line 53, in __init__
    self._id = _resource_sharer.register(send, close)
               ^^^^^^^^^^^^^^^^^^^^^^^^^^^^^^^^^^^^^^
  File "/usr/lib/python3.12/multiprocessing/resource_sharer.py", line 76, in register
    self._start()
  File "/usr/lib/python3.12/multiprocessing/resource_sharer.py", line 126, in _start
    self._listener = Listener(authkey=process.current_process().authkey, backlog=128)
                     ^^^^^^^^^^^^^^^^^^^^^^^^^^^^^^^^^^^^^^^^^^^^^^^^^^^^^^^^^^^^^^^^
  File "/usr/lib/python3.12/multiprocessing/connection.py", line 464, in __init__
    self._listener = SocketListener(address, family, backlog)
                     ^^^^^^^^^^^^^^^^^^^^^^^^^^^^^^^^^^^^^^^^
  File "/usr/lib/python3.12/multiprocessing/connection.py", line 608, in __init__
    self._socket.bind(address)
OSError: AF_UNIX path too long
Traceback (most recent call last):
  File "/usr/lib/python3.12/multiprocessing/queues.py", line 264, in _feed
    obj = _ForkingPickler.dumps(obj)
          ^^^^^^^^^^^^^^^^^^^^^^^^^^
  File "/usr/lib/python3.12/multiprocessing/reduction.py", line 51, in dumps
    cls(buf, protocol).dump(obj)
  File "/usr/local/lib/python3.12/dist-packages/torch/multiprocessing/reductions.py", line 616, in reduce_storage
    df = multiprocessing.reduction.DupFd(fd)
         ^^^^^^^^^^^^^^^^^^^^^^^^^^^^^^^^^^^
  File "/usr/lib/python3.12/multiprocessing/reduction.py", line 198, in DupFd
    return resource_sharer.DupFd(fd)
           ^^^^^^^^^^^^^^^^^^^^^^^^^
Traceback (most recent call last):
  File "/usr/lib/python3.12/multiprocessing/resource_sharer.py", line 53, in __init__
    self._id = _resource_sharer.register(send, close)
               ^^^^^^^^^^^^^^^^^^^^^^^^^^^^^^^^^^^^^^
  File "/usr/lib/python3.12/multiprocessing/queues.py", line 264, in _feed
    obj = _ForkingPickler.dumps(obj)
          ^^^^^^^^^^^^^^^^^^^^^^^^^^
  File "/usr/lib/python3.12/multiprocessing/resource_sharer.py", line 76, in register
    self._start()
  File "/usr/lib/python3.12/multiprocessing/reduction.py", line 51, in dumps
    cls(buf, protocol).dump(obj)
  File "/usr/local/lib/python3.12/dist-packages/torch/multiprocessing/reductions.py", line 616, in reduce_storage
    df = multiprocessing.reduction.DupFd(fd)
         ^^^^^^^^^^^^^^^^^^^^^^^^^^^^^^^^^^^
  File "/usr/lib/python3.12/multiprocessing/resource_sharer.py", line 126, in _start
    self._listener = Listener(authkey=process.current_process().authkey, backlog=128)
                     ^^^^^^^^^^^^^^^^^^^^^^^^^^^^^^^^^^^^^^^^^^^^^^^^^^^^^^^^^^^^^^^^
  File "/usr/lib/python3.12/multiprocessing/reduction.py", line 198, in DupFd
    return resource_sharer.DupFd(fd)
           ^^^^^^^^^^^^^^^^^^^^^^^^^
  File "/usr/lib/python3.12/multiprocessing/resource_sharer.py", line 53, in __init__
    self._id = _resource_sharer.register(send, close)
               ^^^^^^^^^^^^^^^^^^^^^^^^^^^^^^^^^^^^^^
  File "/usr/lib/python3.12/multiprocessing/resource_sharer.py", line 76, in register
    self._start()
  File "/usr/lib/python3.12/multiprocessing/resource_sharer.py", line 126, in _start
    self._listener = Listener(authkey=process.current_process().authkey, backlog=128)
                     ^^^^^^^^^^^^^^^^^^^^^^^^^^^^^^^^^^^^^^^^^^^^^^^^^^^^^^^^^^^^^^^^
  File "/usr/lib/python3.12/multiprocessing/connection.py", line 464, in __init__
    self._listener = SocketListener(address, family, backlog)
                     ^^^^^^^^^^^^^^^^^^^^^^^^^^^^^^^^^^^^^^^^
  File "/usr/lib/python3.12/multiprocessing/connection.py", line 608, in __init__
    self._socket.bind(address)
OSError: AF_UNIX path too long
  File "/usr/lib/python3.12/multiprocessing/connection.py", line 464, in __init__
    self._listener = SocketListener(address, family, backlog)
                     ^^^^^^^^^^^^^^^^^^^^^^^^^^^^^^^^^^^^^^^^
  File "/usr/lib/python3.12/multiprocessing/connection.py", line 608, in __init__
    self._socket.bind(address)
OSError: AF_UNIX path too long
Traceback (most recent call last):
  File "/usr/lib/python3.12/multiprocessing/queues.py", line 264, in _feed
    obj = _ForkingPickler.dumps(obj)
          ^^^^^^^^^^^^^^^^^^^^^^^^^^
  File "/usr/lib/python3.12/multiprocessing/reduction.py", line 51, in dumps
    cls(buf, protocol).dump(obj)
  File "/usr/local/lib/python3.12/dist-packages/torch/multiprocessing/reductions.py", line 616, in reduce_storage
    df = multiprocessing.reduction.DupFd(fd)
         ^^^^^^^^^^^^^^^^^^^^^^^^^^^^^^^^^^^
  File "/usr/lib/python3.12/multiprocessing/reduction.py", line 198, in DupFd
    return resource_sharer.DupFd(fd)
           ^^^^^^^^^^^^^^^^^^^^^^^^^
  File "/usr/lib/python3.12/multiprocessing/resource_sharer.py", line 53, in __init__
    self._id = _resource_sharer.register(send, close)
               ^^^^^^^^^^^^^^^^^^^^^^^^^^^^^^^^^^^^^^
  File "/usr/lib/python3.12/multiprocessing/resource_sharer.py", line 76, in register
    self._start()
  File "/usr/lib/python3.12/multiprocessing/resource_sharer.py", line 126, in _start
    self._listener = Listener(authkey=process.current_process().authkey, backlog=128)
                     ^^^^^^^^^^^^^^^^^^^^^^^^^^^^^^^^^^^^^^^^^^^^^^^^^^^^^^^^^^^^^^^^
  File "/usr/lib/python3.12/multiprocessing/connection.py", line 464, in __init__
    self._listener = SocketListener(address, family, backlog)
                     ^^^^^^^^^^^^^^^^^^^^^^^^^^^^^^^^^^^^^^^^
  File "/usr/lib/python3.12/multiprocessing/connection.py", line 608, in __init__
    self._socket.bind(address)
OSError: AF_UNIX path too long
Traceback (most recent call last):
  File "/usr/lib/python3.12/multiprocessing/queues.py", line 264, in _feed
    obj = _ForkingPickler.dumps(obj)
          ^^^^^^^^^^^^^^^^^^^^^^^^^^
  File "/usr/lib/python3.12/multiprocessing/reduction.py", line 51, in dumps
    cls(buf, protocol).dump(obj)
  File "/usr/local/lib/python3.12/dist-packages/torch/multiprocessing/reductions.py", line 616, in reduce_storage
    df = multiprocessing.reduction.DupFd(fd)
         ^^^^^^^^^^^^^^^^^^^^^^^^^^^^^^^^^^^
  File "/usr/lib/python3.12/multiprocessing/reduction.py", line 198, in DupFd
    return resource_sharer.DupFd(fd)
           ^^^^^^^^^^^^^^^^^^^^^^^^^
  File "/usr/lib/python3.12/multiprocessing/resource_sharer.py", line 53, in __init__
    self._id = _resource_sharer.register(send, close)
               ^^^^^^^^^^^^^^^^^^^^^^^^^^^^^^^^^^^^^^
  File "/usr/lib/python3.12/multiprocessing/resource_sharer.py", line 76, in register
    self._start()
  File "/usr/lib/python3.12/multiprocessing/resource_sharer.py", line 126, in _start
    self._listener = Listener(authkey=process.current_process().authkey, backlog=128)
                     ^^^^^^^^^^^^^^^^^^^^^^^^^^^^^^^^^^^^^^^^^^^^^^^^^^^^^^^^^^^^^^^^
  File "/usr/lib/python3.12/multiprocessing/connection.py", line 464, in __init__
    self._listener = SocketListener(address, family, backlog)
                     ^^^^^^^^^^^^^^^^^^^^^^^^^^^^^^^^^^^^^^^^
  File "/usr/lib/python3.12/multiprocessing/connection.py", line 608, in __init__
    self._socket.bind(address)
OSError: AF_UNIX path too long
Traceback (most recent call last):
  File "/usr/lib/python3.12/multiprocessing/queues.py", line 264, in _feed
    obj = _ForkingPickler.dumps(obj)
          ^^^^^^^^^^^^^^^^^^^^^^^^^^
  File "/usr/lib/python3.12/multiprocessing/reduction.py", line 51, in dumps
    cls(buf, protocol).dump(obj)
  File "/usr/local/lib/python3.12/dist-packages/torch/multiprocessing/reductions.py", line 616, in reduce_storage
    df = multiprocessing.reduction.DupFd(fd)
         ^^^^^^^^^^^^^^^^^^^^^^^^^^^^^^^^^^^
  File "/usr/lib/python3.12/multiprocessing/reduction.py", line 198, in DupFd
    return resource_sharer.DupFd(fd)
           ^^^^^^^^^^^^^^^^^^^^^^^^^
  File "/usr/lib/python3.12/multiprocessing/resource_sharer.py", line 53, in __init__
    self._id = _resource_sharer.register(send, close)
               ^^^^^^^^^^^^^^^^^^^^^^^^^^^^^^^^^^^^^^
  File "/usr/lib/python3.12/multiprocessing/resource_sharer.py", line 76, in register
    self._start()
  File "/usr/lib/python3.12/multiprocessing/resource_sharer.py", line 126, in _start
    self._listener = Listener(authkey=process.current_process().authkey, backlog=128)
                     ^^^^^^^^^^^^^^^^^^^^^^^^^^^^^^^^^^^^^^^^^^^^^^^^^^^^^^^^^^^^^^^^
  File "/usr/lib/python3.12/multiprocessing/connection.py", line 464, in __init__
    self._listener = SocketListener(address, family, backlog)
                     ^^^^^^^^^^^^^^^^^^^^^^^^^^^^^^^^^^^^^^^^
  File "/usr/lib/python3.12/multiprocessing/connection.py", line 608, in __init__
    self._socket.bind(address)
Traceback (most recent call last):
OSError: AF_UNIX path too long
  File "/usr/lib/python3.12/multiprocessing/queues.py", line 264, in _feed
    obj = _ForkingPickler.dumps(obj)
          ^^^^^^^^^^^^^^^^^^^^^^^^^^
  File "/usr/lib/python3.12/multiprocessing/reduction.py", line 51, in dumps
    cls(buf, protocol).dump(obj)
Traceback (most recent call last):
  File "/usr/local/lib/python3.12/dist-packages/torch/multiprocessing/reductions.py", line 616, in reduce_storage
    df = multiprocessing.reduction.DupFd(fd)
         ^^^^^^^^^^^^^^^^^^^^^^^^^^^^^^^^^^^
Traceback (most recent call last):
  File "/usr/lib/python3.12/multiprocessing/queues.py", line 264, in _feed
    obj = _ForkingPickler.dumps(obj)
          ^^^^^^^^^^^^^^^^^^^^^^^^^^
  File "/usr/lib/python3.12/multiprocessing/reduction.py", line 51, in dumps
    cls(buf, protocol).dump(obj)
  File "/usr/local/lib/python3.12/dist-packages/torch/multiprocessing/reductions.py", line 616, in reduce_storage
    df = multiprocessing.reduction.DupFd(fd)
         ^^^^^^^^^^^^^^^^^^^^^^^^^^^^^^^^^^^
  File "/usr/lib/python3.12/multiprocessing/reduction.py", line 198, in DupFd
    return resource_sharer.DupFd(fd)
           ^^^^^^^^^^^^^^^^^^^^^^^^^
  File "/usr/lib/python3.12/multiprocessing/reduction.py", line 198, in DupFd
    return resource_sharer.DupFd(fd)
           ^^^^^^^^^^^^^^^^^^^^^^^^^
  File "/usr/lib/python3.12/multiprocessing/resource_sharer.py", line 53, in __init__
    self._id = _resource_sharer.register(send, close)
               ^^^^^^^^^^^^^^^^^^^^^^^^^^^^^^^^^^^^^^
  File "/usr/lib/python3.12/multiprocessing/resource_sharer.py", line 53, in __init__
    self._id = _resource_sharer.register(send, close)
               ^^^^^^^^^^^^^^^^^^^^^^^^^^^^^^^^^^^^^^
  File "/usr/lib/python3.12/multiprocessing/resource_sharer.py", line 76, in register
    self._start()
  File "/usr/lib/python3.12/multiprocessing/resource_sharer.py", line 76, in register
    self._start()
  File "/usr/lib/python3.12/multiprocessing/resource_sharer.py", line 126, in _start
    self._listener = Listener(authkey=process.current_process().authkey, backlog=128)
                     ^^^^^^^^^^^^^^^^^^^^^^^^^^^^^^^^^^^^^^^^^^^^^^^^^^^^^^^^^^^^^^^^
  File "/usr/lib/python3.12/multiprocessing/resource_sharer.py", line 126, in _start
    self._listener = Listener(authkey=process.current_process().authkey, backlog=128)
                     ^^^^^^^^^^^^^^^^^^^^^^^^^^^^^^^^^^^^^^^^^^^^^^^^^^^^^^^^^^^^^^^^
  File "/usr/lib/python3.12/multiprocessing/queues.py", line 264, in _feed
    obj = _ForkingPickler.dumps(obj)
          ^^^^^^^^^^^^^^^^^^^^^^^^^^
  File "/usr/lib/python3.12/multiprocessing/connection.py", line 464, in __init__
    self._listener = SocketListener(address, family, backlog)
                     ^^^^^^^^^^^^^^^^^^^^^^^^^^^^^^^^^^^^^^^^
  File "/usr/lib/python3.12/multiprocessing/connection.py", line 464, in __init__
    self._listener = SocketListener(address, family, backlog)
                     ^^^^^^^^^^^^^^^^^^^^^^^^^^^^^^^^^^^^^^^^
  File "/usr/lib/python3.12/multiprocessing/reduction.py", line 51, in dumps
    cls(buf, protocol).dump(obj)
  File "/usr/lib/python3.12/multiprocessing/connection.py", line 608, in __init__
    self._socket.bind(address)
  File "/usr/local/lib/python3.12/dist-packages/torch/multiprocessing/reductions.py", line 616, in reduce_storage
    df = multiprocessing.reduction.DupFd(fd)
         ^^^^^^^^^^^^^^^^^^^^^^^^^^^^^^^^^^^
OSError: AF_UNIX path too long
  File "/usr/lib/python3.12/multiprocessing/reduction.py", line 198, in DupFd
    return resource_sharer.DupFd(fd)
           ^^^^^^^^^^^^^^^^^^^^^^^^^
  File "/usr/lib/python3.12/multiprocessing/resource_sharer.py", line 53, in __init__
    self._id = _resource_sharer.register(send, close)
               ^^^^^^^^^^^^^^^^^^^^^^^^^^^^^^^^^^^^^^
  File "/usr/lib/python3.12/multiprocessing/resource_sharer.py", line 76, in register
    self._start()
  File "/usr/lib/python3.12/multiprocessing/resource_sharer.py", line 126, in _start
    self._listener = Listener(authkey=process.current_process().authkey, backlog=128)
                     ^^^^^^^^^^^^^^^^^^^^^^^^^^^^^^^^^^^^^^^^^^^^^^^^^^^^^^^^^^^^^^^^
  File "/usr/lib/python3.12/multiprocessing/connection.py", line 608, in __init__
    self._socket.bind(address)
  File "/usr/lib/python3.12/multiprocessing/connection.py", line 464, in __init__
    self._listener = SocketListener(address, family, backlog)
                     ^^^^^^^^^^^^^^^^^^^^^^^^^^^^^^^^^^^^^^^^
OSError: AF_UNIX path too long
  File "/usr/lib/python3.12/multiprocessing/connection.py", line 608, in __init__
    self._socket.bind(address)
OSError: AF_UNIX path too long
Traceback (most recent call last):
  File "/usr/lib/python3.12/multiprocessing/queues.py", line 264, in _feed
    obj = _ForkingPickler.dumps(obj)
          ^^^^^^^^^^^^^^^^^^^^^^^^^^
  File "/usr/lib/python3.12/multiprocessing/reduction.py", line 51, in dumps
    cls(buf, protocol).dump(obj)
  File "/usr/local/lib/python3.12/dist-packages/torch/multiprocessing/reductions.py", line 616, in reduce_storage
    df = multiprocessing.reduction.DupFd(fd)
         ^^^^^^^^^^^^^^^^^^^^^^^^^^^^^^^^^^^
  File "/usr/lib/python3.12/multiprocessing/reduction.py", line 198, in DupFd
    return resource_sharer.DupFd(fd)
           ^^^^^^^^^^^^^^^^^^^^^^^^^
  File "/usr/lib/python3.12/multiprocessing/resource_sharer.py", line 53, in __init__
    self._id = _resource_sharer.register(send, close)
               ^^^^^^^^^^^^^^^^^^^^^^^^^^^^^^^^^^^^^^
  File "/usr/lib/python3.12/multiprocessing/resource_sharer.py", line 76, in register
    self._start()
  File "/usr/lib/python3.12/multiprocessing/resource_sharer.py", line 126, in _start
    self._listener = Listener(authkey=process.current_process().authkey, backlog=128)
                     ^^^^^^^^^^^^^^^^^^^^^^^^^^^^^^^^^^^^^^^^^^^^^^^^^^^^^^^^^^^^^^^^
  File "/usr/lib/python3.12/multiprocessing/connection.py", line 464, in __init__
    self._listener = SocketListener(address, family, backlog)
                     ^^^^^^^^^^^^^^^^^^^^^^^^^^^^^^^^^^^^^^^^
  File "/usr/lib/python3.12/multiprocessing/connection.py", line 608, in __init__
    self._socket.bind(address)
OSError: AF_UNIX path too long
Traceback (most recent call last):
  File "/usr/lib/python3.12/multiprocessing/queues.py", line 264, in _feed
    obj = _ForkingPickler.dumps(obj)
          ^^^^^^^^^^^^^^^^^^^^^^^^^^
  File "/usr/lib/python3.12/multiprocessing/reduction.py", line 51, in dumps
    cls(buf, protocol).dump(obj)
  File "/usr/local/lib/python3.12/dist-packages/torch/multiprocessing/reductions.py", line 616, in reduce_storage
    df = multiprocessing.reduction.DupFd(fd)
         ^^^^^^^^^^^^^^^^^^^^^^^^^^^^^^^^^^^
  File "/usr/lib/python3.12/multiprocessing/reduction.py", line 198, in DupFd
    return resource_sharer.DupFd(fd)
           ^^^^^^^^^^^^^^^^^^^^^^^^^
  File "/usr/lib/python3.12/multiprocessing/resource_sharer.py", line 53, in __init__
    self._id = _resource_sharer.register(send, close)
               ^^^^^^^^^^^^^^^^^^^^^^^^^^^^^^^^^^^^^^
  File "/usr/lib/python3.12/multiprocessing/resource_sharer.py", line 76, in register
    self._start()
  File "/usr/lib/python3.12/multiprocessing/resource_sharer.py", line 126, in _start
    self._listener = Listener(authkey=process.current_process().authkey, backlog=128)
                     ^^^^^^^^^^^^^^^^^^^^^^^^^^^^^^^^^^^^^^^^^^^^^^^^^^^^^^^^^^^^^^^^
  File "/usr/lib/python3.12/multiprocessing/connection.py", line 464, in __init__
    self._listener = SocketListener(address, family, backlog)
                     ^^^^^^^^^^^^^^^^^^^^^^^^^^^^^^^^^^^^^^^^
  File "/usr/lib/python3.12/multiprocessing/connection.py", line 608, in __init__
    self._socket.bind(address)
OSError: AF_UNIX path too long
Traceback (most recent call last):
  File "/usr/lib/python3.12/multiprocessing/queues.py", line 264, in _feed
    obj = _ForkingPickler.dumps(obj)
          ^^^^^^^^^^^^^^^^^^^^^^^^^^
  File "/usr/lib/python3.12/multiprocessing/reduction.py", line 51, in dumps
    cls(buf, protocol).dump(obj)
  File "/usr/local/lib/python3.12/dist-packages/torch/multiprocessing/reductions.py", line 616, in reduce_storage
    df = multiprocessing.reduction.DupFd(fd)
         ^^^^^^^^^^^^^^^^^^^^^^^^^^^^^^^^^^^
  File "/usr/lib/python3.12/multiprocessing/reduction.py", line 198, in DupFd
    return resource_sharer.DupFd(fd)
           ^^^^^^^^^^^^^^^^^^^^^^^^^
  File "/usr/lib/python3.12/multiprocessing/resource_sharer.py", line 53, in __init__
    self._id = _resource_sharer.register(send, close)
               ^^^^^^^^^^^^^^^^^^^^^^^^^^^^^^^^^^^^^^
  File "/usr/lib/python3.12/multiprocessing/resource_sharer.py", line 76, in register
    self._start()
  File "/usr/lib/python3.12/multiprocessing/resource_sharer.py", line 126, in _start
    self._listener = Listener(authkey=process.current_process().authkey, backlog=128)
                     ^^^^^^^^^^^^^^^^^^^^^^^^^^^^^^^^^^^^^^^^^^^^^^^^^^^^^^^^^^^^^^^^
  File "/usr/lib/python3.12/multiprocessing/connection.py", line 464, in __init__
    self._listener = SocketListener(address, family, backlog)
                     ^^^^^^^^^^^^^^^^^^^^^^^^^^^^^^^^^^^^^^^^
  File "/usr/lib/python3.12/multiprocessing/connection.py", line 608, in __init__
    self._socket.bind(address)
OSError: AF_UNIX path too long
Traceback (most recent call last):
  File "/usr/lib/python3.12/multiprocessing/queues.py", line 264, in _feed
    obj = _ForkingPickler.dumps(obj)
          ^^^^^^^^^^^^^^^^^^^^^^^^^^
  File "/usr/lib/python3.12/multiprocessing/reduction.py", line 51, in dumps
    cls(buf, protocol).dump(obj)
  File "/usr/local/lib/python3.12/dist-packages/torch/multiprocessing/reductions.py", line 616, in reduce_storage
    df = multiprocessing.reduction.DupFd(fd)
         ^^^^^^^^^^^^^^^^^^^^^^^^^^^^^^^^^^^
  File "/usr/lib/python3.12/multiprocessing/reduction.py", line 198, in DupFd
    return resource_sharer.DupFd(fd)
           ^^^^^^^^^^^^^^^^^^^^^^^^^
  File "/usr/lib/python3.12/multiprocessing/resource_sharer.py", line 53, in __init__
    self._id = _resource_sharer.register(send, close)
               ^^^^^^^^^^^^^^^^^^^^^^^^^^^^^^^^^^^^^^
  File "/usr/lib/python3.12/multiprocessing/resource_sharer.py", line 76, in register
    self._start()
  File "/usr/lib/python3.12/multiprocessing/resource_sharer.py", line 126, in _start
    self._listener = Listener(authkey=process.current_process().authkey, backlog=128)
                     ^^^^^^^^^^^^^^^^^^^^^^^^^^^^^^^^^^^^^^^^^^^^^^^^^^^^^^^^^^^^^^^^
  File "/usr/lib/python3.12/multiprocessing/connection.py", line 464, in __init__
    self._listener = SocketListener(address, family, backlog)
                     ^^^^^^^^^^^^^^^^^^^^^^^^^^^^^^^^^^^^^^^^
  File "/usr/lib/python3.12/multiprocessing/connection.py", line 608, in __init__
    self._socket.bind(address)
OSError: AF_UNIX path too long
Traceback (most recent call last):
  File "/usr/lib/python3.12/multiprocessing/queues.py", line 264, in _feed
    obj = _ForkingPickler.dumps(obj)
          ^^^^^^^^^^^^^^^^^^^^^^^^^^
  File "/usr/lib/python3.12/multiprocessing/reduction.py", line 51, in dumps
    cls(buf, protocol).dump(obj)
  File "/usr/local/lib/python3.12/dist-packages/torch/multiprocessing/reductions.py", line 616, in reduce_storage
    df = multiprocessing.reduction.DupFd(fd)
         ^^^^^^^^^^^^^^^^^^^^^^^^^^^^^^^^^^^
  File "/usr/lib/python3.12/multiprocessing/reduction.py", line 198, in DupFd
    return resource_sharer.DupFd(fd)
           ^^^^^^^^^^^^^^^^^^^^^^^^^
  File "/usr/lib/python3.12/multiprocessing/resource_sharer.py", line 53, in __init__
    self._id = _resource_sharer.register(send, close)
               ^^^^^^^^^^^^^^^^^^^^^^^^^^^^^^^^^^^^^^
  File "/usr/lib/python3.12/multiprocessing/resource_sharer.py", line 76, in register
    self._start()
  File "/usr/lib/python3.12/multiprocessing/resource_sharer.py", line 126, in _start
    self._listener = Listener(authkey=process.current_process().authkey, backlog=128)
                     ^^^^^^^^^^^^^^^^^^^^^^^^^^^^^^^^^^^^^^^^^^^^^^^^^^^^^^^^^^^^^^^^
  File "/usr/lib/python3.12/multiprocessing/connection.py", line 464, in __init__
    self._listener = SocketListener(address, family, backlog)
                     ^^^^^^^^^^^^^^^^^^^^^^^^^^^^^^^^^^^^^^^^
  File "/usr/lib/python3.12/multiprocessing/connection.py", line 608, in __init__
    self._socket.bind(address)
OSError: AF_UNIX path too long
Traceback (most recent call last):
  File "/usr/lib/python3.12/multiprocessing/queues.py", line 264, in _feed
    obj = _ForkingPickler.dumps(obj)
          ^^^^^^^^^^^^^^^^^^^^^^^^^^
  File "/usr/lib/python3.12/multiprocessing/reduction.py", line 51, in dumps
    cls(buf, protocol).dump(obj)
  File "/usr/local/lib/python3.12/dist-packages/torch/multiprocessing/reductions.py", line 616, in reduce_storage
    df = multiprocessing.reduction.DupFd(fd)
         ^^^^^^^^^^^^^^^^^^^^^^^^^^^^^^^^^^^
  File "/usr/lib/python3.12/multiprocessing/reduction.py", line 198, in DupFd
    return resource_sharer.DupFd(fd)
           ^^^^^^^^^^^^^^^^^^^^^^^^^
Traceback (most recent call last):
  File "/usr/lib/python3.12/multiprocessing/resource_sharer.py", line 53, in __init__
    self._id = _resource_sharer.register(send, close)
               ^^^^^^^^^^^^^^^^^^^^^^^^^^^^^^^^^^^^^^
  File "/usr/lib/python3.12/multiprocessing/resource_sharer.py", line 76, in register
    self._start()
Traceback (most recent call last):
  File "/usr/lib/python3.12/multiprocessing/resource_sharer.py", line 126, in _start
    self._listener = Listener(authkey=process.current_process().authkey, backlog=128)
                     ^^^^^^^^^^^^^^^^^^^^^^^^^^^^^^^^^^^^^^^^^^^^^^^^^^^^^^^^^^^^^^^^
  File "/usr/lib/python3.12/multiprocessing/connection.py", line 464, in __init__
    self._listener = SocketListener(address, family, backlog)
                     ^^^^^^^^^^^^^^^^^^^^^^^^^^^^^^^^^^^^^^^^
  File "/usr/lib/python3.12/multiprocessing/connection.py", line 608, in __init__
    self._socket.bind(address)
OSError: AF_UNIX path too long
  File "/usr/lib/python3.12/multiprocessing/queues.py", line 264, in _feed
    obj = _ForkingPickler.dumps(obj)
          ^^^^^^^^^^^^^^^^^^^^^^^^^^
  File "/usr/lib/python3.12/multiprocessing/reduction.py", line 51, in dumps
    cls(buf, protocol).dump(obj)
  File "/usr/local/lib/python3.12/dist-packages/torch/multiprocessing/reductions.py", line 616, in reduce_storage
    df = multiprocessing.reduction.DupFd(fd)
         ^^^^^^^^^^^^^^^^^^^^^^^^^^^^^^^^^^^
  File "/usr/lib/python3.12/multiprocessing/reduction.py", line 198, in DupFd
    return resource_sharer.DupFd(fd)
           ^^^^^^^^^^^^^^^^^^^^^^^^^
  File "/usr/lib/python3.12/multiprocessing/resource_sharer.py", line 53, in __init__
    self._id = _resource_sharer.register(send, close)
               ^^^^^^^^^^^^^^^^^^^^^^^^^^^^^^^^^^^^^^
  File "/usr/lib/python3.12/multiprocessing/queues.py", line 264, in _feed
    obj = _ForkingPickler.dumps(obj)
          ^^^^^^^^^^^^^^^^^^^^^^^^^^
  File "/usr/lib/python3.12/multiprocessing/resource_sharer.py", line 76, in register
    self._start()
  File "/usr/lib/python3.12/multiprocessing/resource_sharer.py", line 126, in _start
    self._listener = Listener(authkey=process.current_process().authkey, backlog=128)
                     ^^^^^^^^^^^^^^^^^^^^^^^^^^^^^^^^^^^^^^^^^^^^^^^^^^^^^^^^^^^^^^^^
  File "/usr/lib/python3.12/multiprocessing/connection.py", line 464, in __init__
    self._listener = SocketListener(address, family, backlog)
                     ^^^^^^^^^^^^^^^^^^^^^^^^^^^^^^^^^^^^^^^^
  File "/usr/lib/python3.12/multiprocessing/connection.py", line 608, in __init__
    self._socket.bind(address)
OSError: AF_UNIX path too long
  File "/usr/lib/python3.12/multiprocessing/reduction.py", line 51, in dumps
    cls(buf, protocol).dump(obj)
  File "/usr/local/lib/python3.12/dist-packages/torch/multiprocessing/reductions.py", line 616, in reduce_storage
    df = multiprocessing.reduction.DupFd(fd)
         ^^^^^^^^^^^^^^^^^^^^^^^^^^^^^^^^^^^
  File "/usr/lib/python3.12/multiprocessing/reduction.py", line 198, in DupFd
    return resource_sharer.DupFd(fd)
           ^^^^^^^^^^^^^^^^^^^^^^^^^
  File "/usr/lib/python3.12/multiprocessing/resource_sharer.py", line 53, in __init__
    self._id = _resource_sharer.register(send, close)
               ^^^^^^^^^^^^^^^^^^^^^^^^^^^^^^^^^^^^^^
  File "/usr/lib/python3.12/multiprocessing/resource_sharer.py", line 76, in register
    self._start()
  File "/usr/lib/python3.12/multiprocessing/resource_sharer.py", line 126, in _start
    self._listener = Listener(authkey=process.current_process().authkey, backlog=128)
                     ^^^^^^^^^^^^^^^^^^^^^^^^^^^^^^^^^^^^^^^^^^^^^^^^^^^^^^^^^^^^^^^^
  File "/usr/lib/python3.12/multiprocessing/connection.py", line 464, in __init__
    self._listener = SocketListener(address, family, backlog)
                     ^^^^^^^^^^^^^^^^^^^^^^^^^^^^^^^^^^^^^^^^
  File "/usr/lib/python3.12/multiprocessing/connection.py", line 608, in __init__
    self._socket.bind(address)
OSError: AF_UNIX path too long
Traceback (most recent call last):
Traceback (most recent call last):
Traceback (most recent call last):
  File "/usr/lib/python3.12/multiprocessing/queues.py", line 264, in _feed
    obj = _ForkingPickler.dumps(obj)
          ^^^^^^^^^^^^^^^^^^^^^^^^^^
  File "/usr/lib/python3.12/multiprocessing/queues.py", line 264, in _feed
    obj = _ForkingPickler.dumps(obj)
          ^^^^^^^^^^^^^^^^^^^^^^^^^^
  File "/usr/lib/python3.12/multiprocessing/queues.py", line 264, in _feed
    obj = _ForkingPickler.dumps(obj)
          ^^^^^^^^^^^^^^^^^^^^^^^^^^
  File "/usr/lib/python3.12/multiprocessing/reduction.py", line 51, in dumps
    cls(buf, protocol).dump(obj)
  File "/usr/lib/python3.12/multiprocessing/reduction.py", line 51, in dumps
    cls(buf, protocol).dump(obj)
  File "/usr/lib/python3.12/multiprocessing/reduction.py", line 51, in dumps
    cls(buf, protocol).dump(obj)
  File "/usr/local/lib/python3.12/dist-packages/torch/multiprocessing/reductions.py", line 616, in reduce_storage
    df = multiprocessing.reduction.DupFd(fd)
         ^^^^^^^^^^^^^^^^^^^^^^^^^^^^^^^^^^^
  File "/usr/local/lib/python3.12/dist-packages/torch/multiprocessing/reductions.py", line 616, in reduce_storage
    df = multiprocessing.reduction.DupFd(fd)
         ^^^^^^^^^^^^^^^^^^^^^^^^^^^^^^^^^^^
  File "/usr/local/lib/python3.12/dist-packages/torch/multiprocessing/reductions.py", line 616, in reduce_storage
    df = multiprocessing.reduction.DupFd(fd)
         ^^^^^^^^^^^^^^^^^^^^^^^^^^^^^^^^^^^
  File "/usr/lib/python3.12/multiprocessing/reduction.py", line 198, in DupFd
    return resource_sharer.DupFd(fd)
           ^^^^^^^^^^^^^^^^^^^^^^^^^
  File "/usr/lib/python3.12/multiprocessing/reduction.py", line 198, in DupFd
    return resource_sharer.DupFd(fd)
           ^^^^^^^^^^^^^^^^^^^^^^^^^
  File "/usr/lib/python3.12/multiprocessing/reduction.py", line 198, in DupFd
    return resource_sharer.DupFd(fd)
           ^^^^^^^^^^^^^^^^^^^^^^^^^
Traceback (most recent call last):
  File "/usr/lib/python3.12/multiprocessing/resource_sharer.py", line 53, in __init__
    self._id = _resource_sharer.register(send, close)
               ^^^^^^^^^^^^^^^^^^^^^^^^^^^^^^^^^^^^^^
  File "/usr/lib/python3.12/multiprocessing/resource_sharer.py", line 53, in __init__
    self._id = _resource_sharer.register(send, close)
               ^^^^^^^^^^^^^^^^^^^^^^^^^^^^^^^^^^^^^^
  File "/usr/lib/python3.12/multiprocessing/resource_sharer.py", line 76, in register
    self._start()
  File "/usr/lib/python3.12/multiprocessing/resource_sharer.py", line 53, in __init__
    self._id = _resource_sharer.register(send, close)
               ^^^^^^^^^^^^^^^^^^^^^^^^^^^^^^^^^^^^^^
  File "/usr/lib/python3.12/multiprocessing/resource_sharer.py", line 76, in register
    self._start()
  File "/usr/lib/python3.12/multiprocessing/resource_sharer.py", line 126, in _start
    self._listener = Listener(authkey=process.current_process().authkey, backlog=128)
                     ^^^^^^^^^^^^^^^^^^^^^^^^^^^^^^^^^^^^^^^^^^^^^^^^^^^^^^^^^^^^^^^^
  File "/usr/lib/python3.12/multiprocessing/resource_sharer.py", line 126, in _start
    self._listener = Listener(authkey=process.current_process().authkey, backlog=128)
                     ^^^^^^^^^^^^^^^^^^^^^^^^^^^^^^^^^^^^^^^^^^^^^^^^^^^^^^^^^^^^^^^^
  File "/usr/lib/python3.12/multiprocessing/connection.py", line 464, in __init__
    self._listener = SocketListener(address, family, backlog)
                     ^^^^^^^^^^^^^^^^^^^^^^^^^^^^^^^^^^^^^^^^
  File "/usr/lib/python3.12/multiprocessing/connection.py", line 464, in __init__
    self._listener = SocketListener(address, family, backlog)
                     ^^^^^^^^^^^^^^^^^^^^^^^^^^^^^^^^^^^^^^^^
  File "/usr/lib/python3.12/multiprocessing/connection.py", line 608, in __init__
    self._socket.bind(address)
  File "/usr/lib/python3.12/multiprocessing/connection.py", line 608, in __init__
    self._socket.bind(address)
OSError: AF_UNIX path too long
OSError: AF_UNIX path too long
  File "/usr/lib/python3.12/multiprocessing/queues.py", line 264, in _feed
    obj = _ForkingPickler.dumps(obj)
          ^^^^^^^^^^^^^^^^^^^^^^^^^^
  File "/usr/lib/python3.12/multiprocessing/reduction.py", line 51, in dumps
    cls(buf, protocol).dump(obj)
  File "/usr/local/lib/python3.12/dist-packages/torch/multiprocessing/reductions.py", line 616, in reduce_storage
    df = multiprocessing.reduction.DupFd(fd)
         ^^^^^^^^^^^^^^^^^^^^^^^^^^^^^^^^^^^
  File "/usr/lib/python3.12/multiprocessing/resource_sharer.py", line 76, in register
    self._start()
  File "/usr/lib/python3.12/multiprocessing/reduction.py", line 198, in DupFd
    return resource_sharer.DupFd(fd)
           ^^^^^^^^^^^^^^^^^^^^^^^^^
  File "/usr/lib/python3.12/multiprocessing/resource_sharer.py", line 126, in _start
    self._listener = Listener(authkey=process.current_process().authkey, backlog=128)
                     ^^^^^^^^^^^^^^^^^^^^^^^^^^^^^^^^^^^^^^^^^^^^^^^^^^^^^^^^^^^^^^^^
  File "/usr/lib/python3.12/multiprocessing/resource_sharer.py", line 53, in __init__
    self._id = _resource_sharer.register(send, close)
               ^^^^^^^^^^^^^^^^^^^^^^^^^^^^^^^^^^^^^^
  File "/usr/lib/python3.12/multiprocessing/connection.py", line 464, in __init__
    self._listener = SocketListener(address, family, backlog)
                     ^^^^^^^^^^^^^^^^^^^^^^^^^^^^^^^^^^^^^^^^
  File "/usr/lib/python3.12/multiprocessing/resource_sharer.py", line 76, in register
    self._start()
  File "/usr/lib/python3.12/multiprocessing/connection.py", line 608, in __init__
    self._socket.bind(address)
  File "/usr/lib/python3.12/multiprocessing/resource_sharer.py", line 126, in _start
    self._listener = Listener(authkey=process.current_process().authkey, backlog=128)
                     ^^^^^^^^^^^^^^^^^^^^^^^^^^^^^^^^^^^^^^^^^^^^^^^^^^^^^^^^^^^^^^^^
OSError: AF_UNIX path too long
  File "/usr/lib/python3.12/multiprocessing/connection.py", line 464, in __init__
    self._listener = SocketListener(address, family, backlog)
                     ^^^^^^^^^^^^^^^^^^^^^^^^^^^^^^^^^^^^^^^^
  File "/usr/lib/python3.12/multiprocessing/connection.py", line 608, in __init__
    self._socket.bind(address)
OSError: AF_UNIX path too long
Traceback (most recent call last):
Traceback (most recent call last):
  File "/usr/lib/python3.12/multiprocessing/queues.py", line 264, in _feed
    obj = _ForkingPickler.dumps(obj)
          ^^^^^^^^^^^^^^^^^^^^^^^^^^
  File "/usr/lib/python3.12/multiprocessing/reduction.py", line 51, in dumps
    cls(buf, protocol).dump(obj)
  File "/usr/local/lib/python3.12/dist-packages/torch/multiprocessing/reductions.py", line 616, in reduce_storage
    df = multiprocessing.reduction.DupFd(fd)
         ^^^^^^^^^^^^^^^^^^^^^^^^^^^^^^^^^^^
  File "/usr/lib/python3.12/multiprocessing/reduction.py", line 198, in DupFd
    return resource_sharer.DupFd(fd)
           ^^^^^^^^^^^^^^^^^^^^^^^^^
  File "/usr/lib/python3.12/multiprocessing/resource_sharer.py", line 53, in __init__
    self._id = _resource_sharer.register(send, close)
               ^^^^^^^^^^^^^^^^^^^^^^^^^^^^^^^^^^^^^^
  File "/usr/lib/python3.12/multiprocessing/resource_sharer.py", line 76, in register
    self._start()
  File "/usr/lib/python3.12/multiprocessing/resource_sharer.py", line 126, in _start
    self._listener = Listener(authkey=process.current_process().authkey, backlog=128)
                     ^^^^^^^^^^^^^^^^^^^^^^^^^^^^^^^^^^^^^^^^^^^^^^^^^^^^^^^^^^^^^^^^
  File "/usr/lib/python3.12/multiprocessing/connection.py", line 464, in __init__
    self._listener = SocketListener(address, family, backlog)
                     ^^^^^^^^^^^^^^^^^^^^^^^^^^^^^^^^^^^^^^^^
  File "/usr/lib/python3.12/multiprocessing/connection.py", line 608, in __init__
    self._socket.bind(address)
OSError: AF_UNIX path too long
  File "/usr/lib/python3.12/multiprocessing/queues.py", line 264, in _feed
    obj = _ForkingPickler.dumps(obj)
          ^^^^^^^^^^^^^^^^^^^^^^^^^^
  File "/usr/lib/python3.12/multiprocessing/reduction.py", line 51, in dumps
    cls(buf, protocol).dump(obj)
  File "/usr/local/lib/python3.12/dist-packages/torch/multiprocessing/reductions.py", line 616, in reduce_storage
    df = multiprocessing.reduction.DupFd(fd)
         ^^^^^^^^^^^^^^^^^^^^^^^^^^^^^^^^^^^
  File "/usr/lib/python3.12/multiprocessing/reduction.py", line 198, in DupFd
    return resource_sharer.DupFd(fd)
           ^^^^^^^^^^^^^^^^^^^^^^^^^
  File "/usr/lib/python3.12/multiprocessing/resource_sharer.py", line 53, in __init__
    self._id = _resource_sharer.register(send, close)
               ^^^^^^^^^^^^^^^^^^^^^^^^^^^^^^^^^^^^^^
  File "/usr/lib/python3.12/multiprocessing/resource_sharer.py", line 76, in register
    self._start()
  File "/usr/lib/python3.12/multiprocessing/resource_sharer.py", line 126, in _start
    self._listener = Listener(authkey=process.current_process().authkey, backlog=128)
                     ^^^^^^^^^^^^^^^^^^^^^^^^^^^^^^^^^^^^^^^^^^^^^^^^^^^^^^^^^^^^^^^^
  File "/usr/lib/python3.12/multiprocessing/connection.py", line 464, in __init__
    self._listener = SocketListener(address, family, backlog)
                     ^^^^^^^^^^^^^^^^^^^^^^^^^^^^^^^^^^^^^^^^
  File "/usr/lib/python3.12/multiprocessing/connection.py", line 608, in __init__
    self._socket.bind(address)
OSError: AF_UNIX path too long
Traceback (most recent call last):
  File "/usr/lib/python3.12/multiprocessing/queues.py", line 264, in _feed
    obj = _ForkingPickler.dumps(obj)
          ^^^^^^^^^^^^^^^^^^^^^^^^^^
  File "/usr/lib/python3.12/multiprocessing/reduction.py", line 51, in dumps
    cls(buf, protocol).dump(obj)
  File "/usr/local/lib/python3.12/dist-packages/torch/multiprocessing/reductions.py", line 616, in reduce_storage
    df = multiprocessing.reduction.DupFd(fd)
         ^^^^^^^^^^^^^^^^^^^^^^^^^^^^^^^^^^^
  File "/usr/lib/python3.12/multiprocessing/reduction.py", line 198, in DupFd
    return resource_sharer.DupFd(fd)
           ^^^^^^^^^^^^^^^^^^^^^^^^^
  File "/usr/lib/python3.12/multiprocessing/resource_sharer.py", line 53, in __init__
    self._id = _resource_sharer.register(send, close)
               ^^^^^^^^^^^^^^^^^^^^^^^^^^^^^^^^^^^^^^
  File "/usr/lib/python3.12/multiprocessing/resource_sharer.py", line 76, in register
    self._start()
  File "/usr/lib/python3.12/multiprocessing/resource_sharer.py", line 126, in _start
    self._listener = Listener(authkey=process.current_process().authkey, backlog=128)
                     ^^^^^^^^^^^^^^^^^^^^^^^^^^^^^^^^^^^^^^^^^^^^^^^^^^^^^^^^^^^^^^^^
  File "/usr/lib/python3.12/multiprocessing/connection.py", line 464, in __init__
    self._listener = SocketListener(address, family, backlog)
                     ^^^^^^^^^^^^^^^^^^^^^^^^^^^^^^^^^^^^^^^^
  File "/usr/lib/python3.12/multiprocessing/connection.py", line 608, in __init__
    self._socket.bind(address)
OSError: AF_UNIX path too long
Traceback (most recent call last):
  File "/usr/lib/python3.12/multiprocessing/queues.py", line 264, in _feed
    obj = _ForkingPickler.dumps(obj)
          ^^^^^^^^^^^^^^^^^^^^^^^^^^
  File "/usr/lib/python3.12/multiprocessing/reduction.py", line 51, in dumps
    cls(buf, protocol).dump(obj)
Traceback (most recent call last):
  File "/usr/local/lib/python3.12/dist-packages/torch/multiprocessing/reductions.py", line 616, in reduce_storage
    df = multiprocessing.reduction.DupFd(fd)
         ^^^^^^^^^^^^^^^^^^^^^^^^^^^^^^^^^^^
  File "/usr/lib/python3.12/multiprocessing/reduction.py", line 198, in DupFd
    return resource_sharer.DupFd(fd)
           ^^^^^^^^^^^^^^^^^^^^^^^^^
  File "/usr/lib/python3.12/multiprocessing/resource_sharer.py", line 53, in __init__
    self._id = _resource_sharer.register(send, close)
               ^^^^^^^^^^^^^^^^^^^^^^^^^^^^^^^^^^^^^^
  File "/usr/lib/python3.12/multiprocessing/resource_sharer.py", line 76, in register
    self._start()
  File "/usr/lib/python3.12/multiprocessing/resource_sharer.py", line 126, in _start
    self._listener = Listener(authkey=process.current_process().authkey, backlog=128)
                     ^^^^^^^^^^^^^^^^^^^^^^^^^^^^^^^^^^^^^^^^^^^^^^^^^^^^^^^^^^^^^^^^
  File "/usr/lib/python3.12/multiprocessing/connection.py", line 464, in __init__
    self._listener = SocketListener(address, family, backlog)
                     ^^^^^^^^^^^^^^^^^^^^^^^^^^^^^^^^^^^^^^^^
  File "/usr/lib/python3.12/multiprocessing/connection.py", line 608, in __init__
    self._socket.bind(address)
OSError: AF_UNIX path too long
  File "/usr/lib/python3.12/multiprocessing/queues.py", line 264, in _feed
    obj = _ForkingPickler.dumps(obj)
          ^^^^^^^^^^^^^^^^^^^^^^^^^^
  File "/usr/lib/python3.12/multiprocessing/reduction.py", line 51, in dumps
    cls(buf, protocol).dump(obj)
  File "/usr/local/lib/python3.12/dist-packages/torch/multiprocessing/reductions.py", line 616, in reduce_storage
    df = multiprocessing.reduction.DupFd(fd)
         ^^^^^^^^^^^^^^^^^^^^^^^^^^^^^^^^^^^
  File "/usr/lib/python3.12/multiprocessing/reduction.py", line 198, in DupFd
    return resource_sharer.DupFd(fd)
           ^^^^^^^^^^^^^^^^^^^^^^^^^
  File "/usr/lib/python3.12/multiprocessing/resource_sharer.py", line 53, in __init__
    self._id = _resource_sharer.register(send, close)
               ^^^^^^^^^^^^^^^^^^^^^^^^^^^^^^^^^^^^^^
  File "/usr/lib/python3.12/multiprocessing/resource_sharer.py", line 76, in register
    self._start()
  File "/usr/lib/python3.12/multiprocessing/resource_sharer.py", line 126, in _start
    self._listener = Listener(authkey=process.current_process().authkey, backlog=128)
                     ^^^^^^^^^^^^^^^^^^^^^^^^^^^^^^^^^^^^^^^^^^^^^^^^^^^^^^^^^^^^^^^^
  File "/usr/lib/python3.12/multiprocessing/connection.py", line 464, in __init__
    self._listener = SocketListener(address, family, backlog)
                     ^^^^^^^^^^^^^^^^^^^^^^^^^^^^^^^^^^^^^^^^
  File "/usr/lib/python3.12/multiprocessing/connection.py", line 608, in __init__
    self._socket.bind(address)
OSError: AF_UNIX path too long
Traceback (most recent call last):
  File "/usr/lib/python3.12/multiprocessing/queues.py", line 264, in _feed
    obj = _ForkingPickler.dumps(obj)
          ^^^^^^^^^^^^^^^^^^^^^^^^^^
  File "/usr/lib/python3.12/multiprocessing/reduction.py", line 51, in dumps
    cls(buf, protocol).dump(obj)
  File "/usr/local/lib/python3.12/dist-packages/torch/multiprocessing/reductions.py", line 616, in reduce_storage
    df = multiprocessing.reduction.DupFd(fd)
         ^^^^^^^^^^^^^^^^^^^^^^^^^^^^^^^^^^^
  File "/usr/lib/python3.12/multiprocessing/reduction.py", line 198, in DupFd
    return resource_sharer.DupFd(fd)
           ^^^^^^^^^^^^^^^^^^^^^^^^^
  File "/usr/lib/python3.12/multiprocessing/resource_sharer.py", line 53, in __init__
    self._id = _resource_sharer.register(send, close)
               ^^^^^^^^^^^^^^^^^^^^^^^^^^^^^^^^^^^^^^
  File "/usr/lib/python3.12/multiprocessing/resource_sharer.py", line 76, in register
    self._start()
  File "/usr/lib/python3.12/multiprocessing/resource_sharer.py", line 126, in _start
    self._listener = Listener(authkey=process.current_process().authkey, backlog=128)
                     ^^^^^^^^^^^^^^^^^^^^^^^^^^^^^^^^^^^^^^^^^^^^^^^^^^^^^^^^^^^^^^^^
Traceback (most recent call last):
  File "/usr/lib/python3.12/multiprocessing/connection.py", line 464, in __init__
    self._listener = SocketListener(address, family, backlog)
                     ^^^^^^^^^^^^^^^^^^^^^^^^^^^^^^^^^^^^^^^^
  File "/usr/lib/python3.12/multiprocessing/connection.py", line 608, in __init__
    self._socket.bind(address)
OSError: AF_UNIX path too long
  File "/usr/lib/python3.12/multiprocessing/queues.py", line 264, in _feed
    obj = _ForkingPickler.dumps(obj)
          ^^^^^^^^^^^^^^^^^^^^^^^^^^
  File "/usr/lib/python3.12/multiprocessing/reduction.py", line 51, in dumps
    cls(buf, protocol).dump(obj)
  File "/usr/local/lib/python3.12/dist-packages/torch/multiprocessing/reductions.py", line 616, in reduce_storage
    df = multiprocessing.reduction.DupFd(fd)
         ^^^^^^^^^^^^^^^^^^^^^^^^^^^^^^^^^^^
  File "/usr/lib/python3.12/multiprocessing/reduction.py", line 198, in DupFd
    return resource_sharer.DupFd(fd)
           ^^^^^^^^^^^^^^^^^^^^^^^^^
  File "/usr/lib/python3.12/multiprocessing/resource_sharer.py", line 53, in __init__
    self._id = _resource_sharer.register(send, close)
               ^^^^^^^^^^^^^^^^^^^^^^^^^^^^^^^^^^^^^^
  File "/usr/lib/python3.12/multiprocessing/resource_sharer.py", line 76, in register
    self._start()
  File "/usr/lib/python3.12/multiprocessing/resource_sharer.py", line 126, in _start
    self._listener = Listener(authkey=process.current_process().authkey, backlog=128)
                     ^^^^^^^^^^^^^^^^^^^^^^^^^^^^^^^^^^^^^^^^^^^^^^^^^^^^^^^^^^^^^^^^
  File "/usr/lib/python3.12/multiprocessing/connection.py", line 464, in __init__
    self._listener = SocketListener(address, family, backlog)
                     ^^^^^^^^^^^^^^^^^^^^^^^^^^^^^^^^^^^^^^^^
  File "/usr/lib/python3.12/multiprocessing/connection.py", line 608, in __init__
    self._socket.bind(address)
OSError: AF_UNIX path too long
Traceback (most recent call last):
  File "/usr/lib/python3.12/multiprocessing/queues.py", line 264, in _feed
    obj = _ForkingPickler.dumps(obj)
          ^^^^^^^^^^^^^^^^^^^^^^^^^^
  File "/usr/lib/python3.12/multiprocessing/reduction.py", line 51, in dumps
    cls(buf, protocol).dump(obj)
  File "/usr/local/lib/python3.12/dist-packages/torch/multiprocessing/reductions.py", line 616, in reduce_storage
    df = multiprocessing.reduction.DupFd(fd)
         ^^^^^^^^^^^^^^^^^^^^^^^^^^^^^^^^^^^
  File "/usr/lib/python3.12/multiprocessing/reduction.py", line 198, in DupFd
    return resource_sharer.DupFd(fd)
           ^^^^^^^^^^^^^^^^^^^^^^^^^
  File "/usr/lib/python3.12/multiprocessing/resource_sharer.py", line 53, in __init__
    self._id = _resource_sharer.register(send, close)
               ^^^^^^^^^^^^^^^^^^^^^^^^^^^^^^^^^^^^^^
  File "/usr/lib/python3.12/multiprocessing/resource_sharer.py", line 76, in register
    self._start()
  File "/usr/lib/python3.12/multiprocessing/resource_sharer.py", line 126, in _start
    self._listener = Listener(authkey=process.current_process().authkey, backlog=128)
                     ^^^^^^^^^^^^^^^^^^^^^^^^^^^^^^^^^^^^^^^^^^^^^^^^^^^^^^^^^^^^^^^^
  File "/usr/lib/python3.12/multiprocessing/connection.py", line 464, in __init__
    self._listener = SocketListener(address, family, backlog)
                     ^^^^^^^^^^^^^^^^^^^^^^^^^^^^^^^^^^^^^^^^
  File "/usr/lib/python3.12/multiprocessing/connection.py", line 608, in __init__
    self._socket.bind(address)
OSError: AF_UNIX path too long
Traceback (most recent call last):
  File "/usr/lib/python3.12/multiprocessing/queues.py", line 264, in _feed
    obj = _ForkingPickler.dumps(obj)
          ^^^^^^^^^^^^^^^^^^^^^^^^^^
  File "/usr/lib/python3.12/multiprocessing/reduction.py", line 51, in dumps
    cls(buf, protocol).dump(obj)
  File "/usr/local/lib/python3.12/dist-packages/torch/multiprocessing/reductions.py", line 616, in reduce_storage
    df = multiprocessing.reduction.DupFd(fd)
         ^^^^^^^^^^^^^^^^^^^^^^^^^^^^^^^^^^^
  File "/usr/lib/python3.12/multiprocessing/reduction.py", line 198, in DupFd
    return resource_sharer.DupFd(fd)
           ^^^^^^^^^^^^^^^^^^^^^^^^^
  File "/usr/lib/python3.12/multiprocessing/resource_sharer.py", line 53, in __init__
    self._id = _resource_sharer.register(send, close)
               ^^^^^^^^^^^^^^^^^^^^^^^^^^^^^^^^^^^^^^
  File "/usr/lib/python3.12/multiprocessing/resource_sharer.py", line 76, in register
    self._start()
  File "/usr/lib/python3.12/multiprocessing/resource_sharer.py", line 126, in _start
    self._listener = Listener(authkey=process.current_process().authkey, backlog=128)
                     ^^^^^^^^^^^^^^^^^^^^^^^^^^^^^^^^^^^^^^^^^^^^^^^^^^^^^^^^^^^^^^^^
  File "/usr/lib/python3.12/multiprocessing/connection.py", line 464, in __init__
    self._listener = SocketListener(address, family, backlog)
                     ^^^^^^^^^^^^^^^^^^^^^^^^^^^^^^^^^^^^^^^^
  File "/usr/lib/python3.12/multiprocessing/connection.py", line 608, in __init__
    self._socket.bind(address)
OSError: AF_UNIX path too long
Traceback (most recent call last):
  File "/usr/lib/python3.12/multiprocessing/queues.py", line 264, in _feed
    obj = _ForkingPickler.dumps(obj)
          ^^^^^^^^^^^^^^^^^^^^^^^^^^
  File "/usr/lib/python3.12/multiprocessing/reduction.py", line 51, in dumps
    cls(buf, protocol).dump(obj)
  File "/usr/local/lib/python3.12/dist-packages/torch/multiprocessing/reductions.py", line 616, in reduce_storage
    df = multiprocessing.reduction.DupFd(fd)
         ^^^^^^^^^^^^^^^^^^^^^^^^^^^^^^^^^^^
  File "/usr/lib/python3.12/multiprocessing/reduction.py", line 198, in DupFd
    return resource_sharer.DupFd(fd)
           ^^^^^^^^^^^^^^^^^^^^^^^^^
  File "/usr/lib/python3.12/multiprocessing/resource_sharer.py", line 53, in __init__
    self._id = _resource_sharer.register(send, close)
               ^^^^^^^^^^^^^^^^^^^^^^^^^^^^^^^^^^^^^^
  File "/usr/lib/python3.12/multiprocessing/resource_sharer.py", line 76, in register
    self._start()
  File "/usr/lib/python3.12/multiprocessing/resource_sharer.py", line 126, in _start
    self._listener = Listener(authkey=process.current_process().authkey, backlog=128)
                     ^^^^^^^^^^^^^^^^^^^^^^^^^^^^^^^^^^^^^^^^^^^^^^^^^^^^^^^^^^^^^^^^
  File "/usr/lib/python3.12/multiprocessing/connection.py", line 464, in __init__
    self._listener = SocketListener(address, family, backlog)
                     ^^^^^^^^^^^^^^^^^^^^^^^^^^^^^^^^^^^^^^^^
  File "/usr/lib/python3.12/multiprocessing/connection.py", line 608, in __init__
    self._socket.bind(address)
OSError: AF_UNIX path too long
Traceback (most recent call last):
  File "/usr/lib/python3.12/multiprocessing/queues.py", line 264, in _feed
    obj = _ForkingPickler.dumps(obj)
          ^^^^^^^^^^^^^^^^^^^^^^^^^^
  File "/usr/lib/python3.12/multiprocessing/reduction.py", line 51, in dumps
    cls(buf, protocol).dump(obj)
  File "/usr/local/lib/python3.12/dist-packages/torch/multiprocessing/reductions.py", line 616, in reduce_storage
    df = multiprocessing.reduction.DupFd(fd)
         ^^^^^^^^^^^^^^^^^^^^^^^^^^^^^^^^^^^
  File "/usr/lib/python3.12/multiprocessing/reduction.py", line 198, in DupFd
    return resource_sharer.DupFd(fd)
           ^^^^^^^^^^^^^^^^^^^^^^^^^
  File "/usr/lib/python3.12/multiprocessing/resource_sharer.py", line 53, in __init__
    self._id = _resource_sharer.register(send, close)
               ^^^^^^^^^^^^^^^^^^^^^^^^^^^^^^^^^^^^^^
  File "/usr/lib/python3.12/multiprocessing/resource_sharer.py", line 76, in register
    self._start()
  File "/usr/lib/python3.12/multiprocessing/resource_sharer.py", line 126, in _start
    self._listener = Listener(authkey=process.current_process().authkey, backlog=128)
                     ^^^^^^^^^^^^^^^^^^^^^^^^^^^^^^^^^^^^^^^^^^^^^^^^^^^^^^^^^^^^^^^^
  File "/usr/lib/python3.12/multiprocessing/connection.py", line 464, in __init__
    self._listener = SocketListener(address, family, backlog)
                     ^^^^^^^^^^^^^^^^^^^^^^^^^^^^^^^^^^^^^^^^
  File "/usr/lib/python3.12/multiprocessing/connection.py", line 608, in __init__
    self._socket.bind(address)
OSError: AF_UNIX path too long
Traceback (most recent call last):
  File "/usr/lib/python3.12/multiprocessing/queues.py", line 264, in _feed
    obj = _ForkingPickler.dumps(obj)
          ^^^^^^^^^^^^^^^^^^^^^^^^^^
  File "/usr/lib/python3.12/multiprocessing/reduction.py", line 51, in dumps
    cls(buf, protocol).dump(obj)
  File "/usr/local/lib/python3.12/dist-packages/torch/multiprocessing/reductions.py", line 616, in reduce_storage
    df = multiprocessing.reduction.DupFd(fd)
         ^^^^^^^^^^^^^^^^^^^^^^^^^^^^^^^^^^^
  File "/usr/lib/python3.12/multiprocessing/reduction.py", line 198, in DupFd
    return resource_sharer.DupFd(fd)
           ^^^^^^^^^^^^^^^^^^^^^^^^^
  File "/usr/lib/python3.12/multiprocessing/resource_sharer.py", line 53, in __init__
    self._id = _resource_sharer.register(send, close)
               ^^^^^^^^^^^^^^^^^^^^^^^^^^^^^^^^^^^^^^
  File "/usr/lib/python3.12/multiprocessing/resource_sharer.py", line 76, in register
    self._start()
  File "/usr/lib/python3.12/multiprocessing/resource_sharer.py", line 126, in _start
    self._listener = Listener(authkey=process.current_process().authkey, backlog=128)
                     ^^^^^^^^^^^^^^^^^^^^^^^^^^^^^^^^^^^^^^^^^^^^^^^^^^^^^^^^^^^^^^^^
  File "/usr/lib/python3.12/multiprocessing/connection.py", line 464, in __init__
    self._listener = SocketListener(address, family, backlog)
                     ^^^^^^^^^^^^^^^^^^^^^^^^^^^^^^^^^^^^^^^^
  File "/usr/lib/python3.12/multiprocessing/connection.py", line 608, in __init__
    self._socket.bind(address)
OSError: AF_UNIX path too long
Traceback (most recent call last):
  File "/usr/lib/python3.12/multiprocessing/queues.py", line 264, in _feed
    obj = _ForkingPickler.dumps(obj)
          ^^^^^^^^^^^^^^^^^^^^^^^^^^
  File "/usr/lib/python3.12/multiprocessing/reduction.py", line 51, in dumps
    cls(buf, protocol).dump(obj)
  File "/usr/local/lib/python3.12/dist-packages/torch/multiprocessing/reductions.py", line 616, in reduce_storage
    df = multiprocessing.reduction.DupFd(fd)
         ^^^^^^^^^^^^^^^^^^^^^^^^^^^^^^^^^^^
  File "/usr/lib/python3.12/multiprocessing/reduction.py", line 198, in DupFd
    return resource_sharer.DupFd(fd)
           ^^^^^^^^^^^^^^^^^^^^^^^^^
  File "/usr/lib/python3.12/multiprocessing/resource_sharer.py", line 53, in __init__
    self._id = _resource_sharer.register(send, close)
               ^^^^^^^^^^^^^^^^^^^^^^^^^^^^^^^^^^^^^^
  File "/usr/lib/python3.12/multiprocessing/resource_sharer.py", line 76, in register
    self._start()
  File "/usr/lib/python3.12/multiprocessing/resource_sharer.py", line 126, in _start
    self._listener = Listener(authkey=process.current_process().authkey, backlog=128)
                     ^^^^^^^^^^^^^^^^^^^^^^^^^^^^^^^^^^^^^^^^^^^^^^^^^^^^^^^^^^^^^^^^
  File "/usr/lib/python3.12/multiprocessing/connection.py", line 464, in __init__
    self._listener = SocketListener(address, family, backlog)
                     ^^^^^^^^^^^^^^^^^^^^^^^^^^^^^^^^^^^^^^^^
  File "/usr/lib/python3.12/multiprocessing/connection.py", line 608, in __init__
    self._socket.bind(address)
OSError: AF_UNIX path too long
Traceback (most recent call last):
  File "/usr/lib/python3.12/multiprocessing/queues.py", line 264, in _feed
    obj = _ForkingPickler.dumps(obj)
          ^^^^^^^^^^^^^^^^^^^^^^^^^^
  File "/usr/lib/python3.12/multiprocessing/reduction.py", line 51, in dumps
    cls(buf, protocol).dump(obj)
  File "/usr/local/lib/python3.12/dist-packages/torch/multiprocessing/reductions.py", line 616, in reduce_storage
    df = multiprocessing.reduction.DupFd(fd)
         ^^^^^^^^^^^^^^^^^^^^^^^^^^^^^^^^^^^
  File "/usr/lib/python3.12/multiprocessing/reduction.py", line 198, in DupFd
    return resource_sharer.DupFd(fd)
           ^^^^^^^^^^^^^^^^^^^^^^^^^
  File "/usr/lib/python3.12/multiprocessing/resource_sharer.py", line 53, in __init__
    self._id = _resource_sharer.register(send, close)
               ^^^^^^^^^^^^^^^^^^^^^^^^^^^^^^^^^^^^^^
  File "/usr/lib/python3.12/multiprocessing/resource_sharer.py", line 76, in register
    self._start()
  File "/usr/lib/python3.12/multiprocessing/resource_sharer.py", line 126, in _start
    self._listener = Listener(authkey=process.current_process().authkey, backlog=128)
                     ^^^^^^^^^^^^^^^^^^^^^^^^^^^^^^^^^^^^^^^^^^^^^^^^^^^^^^^^^^^^^^^^
  File "/usr/lib/python3.12/multiprocessing/connection.py", line 464, in __init__
    self._listener = SocketListener(address, family, backlog)
                     ^^^^^^^^^^^^^^^^^^^^^^^^^^^^^^^^^^^^^^^^
  File "/usr/lib/python3.12/multiprocessing/connection.py", line 608, in __init__
    self._socket.bind(address)
OSError: AF_UNIX path too long
Traceback (most recent call last):
  File "/usr/lib/python3.12/multiprocessing/queues.py", line 264, in _feed
    obj = _ForkingPickler.dumps(obj)
          ^^^^^^^^^^^^^^^^^^^^^^^^^^
  File "/usr/lib/python3.12/multiprocessing/reduction.py", line 51, in dumps
    cls(buf, protocol).dump(obj)
  File "/usr/local/lib/python3.12/dist-packages/torch/multiprocessing/reductions.py", line 616, in reduce_storage
    df = multiprocessing.reduction.DupFd(fd)
         ^^^^^^^^^^^^^^^^^^^^^^^^^^^^^^^^^^^
Traceback (most recent call last):
  File "/usr/lib/python3.12/multiprocessing/queues.py", line 264, in _feed
    obj = _ForkingPickler.dumps(obj)
          ^^^^^^^^^^^^^^^^^^^^^^^^^^
  File "/usr/lib/python3.12/multiprocessing/reduction.py", line 51, in dumps
    cls(buf, protocol).dump(obj)
  File "/usr/local/lib/python3.12/dist-packages/torch/multiprocessing/reductions.py", line 616, in reduce_storage
    df = multiprocessing.reduction.DupFd(fd)
         ^^^^^^^^^^^^^^^^^^^^^^^^^^^^^^^^^^^
  File "/usr/lib/python3.12/multiprocessing/reduction.py", line 198, in DupFd
    return resource_sharer.DupFd(fd)
           ^^^^^^^^^^^^^^^^^^^^^^^^^
  File "/usr/lib/python3.12/multiprocessing/resource_sharer.py", line 53, in __init__
    self._id = _resource_sharer.register(send, close)
               ^^^^^^^^^^^^^^^^^^^^^^^^^^^^^^^^^^^^^^
  File "/usr/lib/python3.12/multiprocessing/resource_sharer.py", line 76, in register
    self._start()
  File "/usr/lib/python3.12/multiprocessing/resource_sharer.py", line 126, in _start
    self._listener = Listener(authkey=process.current_process().authkey, backlog=128)
                     ^^^^^^^^^^^^^^^^^^^^^^^^^^^^^^^^^^^^^^^^^^^^^^^^^^^^^^^^^^^^^^^^
  File "/usr/lib/python3.12/multiprocessing/connection.py", line 464, in __init__
    self._listener = SocketListener(address, family, backlog)
                     ^^^^^^^^^^^^^^^^^^^^^^^^^^^^^^^^^^^^^^^^
  File "/usr/lib/python3.12/multiprocessing/connection.py", line 608, in __init__
    self._socket.bind(address)
OSError: AF_UNIX path too long
Traceback (most recent call last):
  File "/usr/lib/python3.12/multiprocessing/reduction.py", line 198, in DupFd
    return resource_sharer.DupFd(fd)
           ^^^^^^^^^^^^^^^^^^^^^^^^^
  File "/usr/lib/python3.12/multiprocessing/resource_sharer.py", line 53, in __init__
    self._id = _resource_sharer.register(send, close)
               ^^^^^^^^^^^^^^^^^^^^^^^^^^^^^^^^^^^^^^
  File "/usr/lib/python3.12/multiprocessing/resource_sharer.py", line 76, in register
    self._start()
  File "/usr/lib/python3.12/multiprocessing/resource_sharer.py", line 126, in _start
    self._listener = Listener(authkey=process.current_process().authkey, backlog=128)
                     ^^^^^^^^^^^^^^^^^^^^^^^^^^^^^^^^^^^^^^^^^^^^^^^^^^^^^^^^^^^^^^^^
  File "/usr/lib/python3.12/multiprocessing/connection.py", line 464, in __init__
    self._listener = SocketListener(address, family, backlog)
                     ^^^^^^^^^^^^^^^^^^^^^^^^^^^^^^^^^^^^^^^^
  File "/usr/lib/python3.12/multiprocessing/connection.py", line 608, in __init__
    self._socket.bind(address)
OSError: AF_UNIX path too long
  File "/usr/lib/python3.12/multiprocessing/queues.py", line 264, in _feed
    obj = _ForkingPickler.dumps(obj)
          ^^^^^^^^^^^^^^^^^^^^^^^^^^
  File "/usr/lib/python3.12/multiprocessing/reduction.py", line 51, in dumps
    cls(buf, protocol).dump(obj)
  File "/usr/local/lib/python3.12/dist-packages/torch/multiprocessing/reductions.py", line 616, in reduce_storage
    df = multiprocessing.reduction.DupFd(fd)
         ^^^^^^^^^^^^^^^^^^^^^^^^^^^^^^^^^^^
  File "/usr/lib/python3.12/multiprocessing/reduction.py", line 198, in DupFd
    return resource_sharer.DupFd(fd)
           ^^^^^^^^^^^^^^^^^^^^^^^^^
  File "/usr/lib/python3.12/multiprocessing/resource_sharer.py", line 53, in __init__
    self._id = _resource_sharer.register(send, close)
               ^^^^^^^^^^^^^^^^^^^^^^^^^^^^^^^^^^^^^^
  File "/usr/lib/python3.12/multiprocessing/resource_sharer.py", line 76, in register
    self._start()
  File "/usr/lib/python3.12/multiprocessing/resource_sharer.py", line 126, in _start
    self._listener = Listener(authkey=process.current_process().authkey, backlog=128)
                     ^^^^^^^^^^^^^^^^^^^^^^^^^^^^^^^^^^^^^^^^^^^^^^^^^^^^^^^^^^^^^^^^
  File "/usr/lib/python3.12/multiprocessing/connection.py", line 464, in __init__
    self._listener = SocketListener(address, family, backlog)
                     ^^^^^^^^^^^^^^^^^^^^^^^^^^^^^^^^^^^^^^^^
  File "/usr/lib/python3.12/multiprocessing/connection.py", line 608, in __init__
    self._socket.bind(address)
OSError: AF_UNIX path too long
Traceback (most recent call last):
  File "/usr/lib/python3.12/multiprocessing/queues.py", line 264, in _feed
    obj = _ForkingPickler.dumps(obj)
          ^^^^^^^^^^^^^^^^^^^^^^^^^^
  File "/usr/lib/python3.12/multiprocessing/reduction.py", line 51, in dumps
    cls(buf, protocol).dump(obj)
  File "/usr/local/lib/python3.12/dist-packages/torch/multiprocessing/reductions.py", line 616, in reduce_storage
    df = multiprocessing.reduction.DupFd(fd)
         ^^^^^^^^^^^^^^^^^^^^^^^^^^^^^^^^^^^
  File "/usr/lib/python3.12/multiprocessing/reduction.py", line 198, in DupFd
    return resource_sharer.DupFd(fd)
           ^^^^^^^^^^^^^^^^^^^^^^^^^
  File "/usr/lib/python3.12/multiprocessing/resource_sharer.py", line 53, in __init__
    self._id = _resource_sharer.register(send, close)
               ^^^^^^^^^^^^^^^^^^^^^^^^^^^^^^^^^^^^^^
  File "/usr/lib/python3.12/multiprocessing/resource_sharer.py", line 76, in register
    self._start()
  File "/usr/lib/python3.12/multiprocessing/resource_sharer.py", line 126, in _start
    self._listener = Listener(authkey=process.current_process().authkey, backlog=128)
                     ^^^^^^^^^^^^^^^^^^^^^^^^^^^^^^^^^^^^^^^^^^^^^^^^^^^^^^^^^^^^^^^^
  File "/usr/lib/python3.12/multiprocessing/connection.py", line 464, in __init__
    self._listener = SocketListener(address, family, backlog)
                     ^^^^^^^^^^^^^^^^^^^^^^^^^^^^^^^^^^^^^^^^
  File "/usr/lib/python3.12/multiprocessing/connection.py", line 608, in __init__
    self._socket.bind(address)
OSError: AF_UNIX path too long
Traceback (most recent call last):
Traceback (most recent call last):
  File "/usr/lib/python3.12/multiprocessing/queues.py", line 264, in _feed
    obj = _ForkingPickler.dumps(obj)
          ^^^^^^^^^^^^^^^^^^^^^^^^^^
  File "/usr/lib/python3.12/multiprocessing/queues.py", line 264, in _feed
    obj = _ForkingPickler.dumps(obj)
          ^^^^^^^^^^^^^^^^^^^^^^^^^^
  File "/usr/lib/python3.12/multiprocessing/reduction.py", line 51, in dumps
    cls(buf, protocol).dump(obj)
  File "/usr/lib/python3.12/multiprocessing/reduction.py", line 51, in dumps
    cls(buf, protocol).dump(obj)
  File "/usr/local/lib/python3.12/dist-packages/torch/multiprocessing/reductions.py", line 616, in reduce_storage
    df = multiprocessing.reduction.DupFd(fd)
         ^^^^^^^^^^^^^^^^^^^^^^^^^^^^^^^^^^^
  File "/usr/local/lib/python3.12/dist-packages/torch/multiprocessing/reductions.py", line 616, in reduce_storage
    df = multiprocessing.reduction.DupFd(fd)
         ^^^^^^^^^^^^^^^^^^^^^^^^^^^^^^^^^^^
  File "/usr/lib/python3.12/multiprocessing/reduction.py", line 198, in DupFd
    return resource_sharer.DupFd(fd)
           ^^^^^^^^^^^^^^^^^^^^^^^^^
  File "/usr/lib/python3.12/multiprocessing/reduction.py", line 198, in DupFd
    return resource_sharer.DupFd(fd)
           ^^^^^^^^^^^^^^^^^^^^^^^^^
  File "/usr/lib/python3.12/multiprocessing/resource_sharer.py", line 53, in __init__
    self._id = _resource_sharer.register(send, close)
               ^^^^^^^^^^^^^^^^^^^^^^^^^^^^^^^^^^^^^^
  File "/usr/lib/python3.12/multiprocessing/resource_sharer.py", line 53, in __init__
    self._id = _resource_sharer.register(send, close)
               ^^^^^^^^^^^^^^^^^^^^^^^^^^^^^^^^^^^^^^
  File "/usr/lib/python3.12/multiprocessing/resource_sharer.py", line 76, in register
    self._start()
  File "/usr/lib/python3.12/multiprocessing/resource_sharer.py", line 126, in _start
    self._listener = Listener(authkey=process.current_process().authkey, backlog=128)
                     ^^^^^^^^^^^^^^^^^^^^^^^^^^^^^^^^^^^^^^^^^^^^^^^^^^^^^^^^^^^^^^^^
  File "/usr/lib/python3.12/multiprocessing/connection.py", line 464, in __init__
    self._listener = SocketListener(address, family, backlog)
                     ^^^^^^^^^^^^^^^^^^^^^^^^^^^^^^^^^^^^^^^^
  File "/usr/lib/python3.12/multiprocessing/connection.py", line 608, in __init__
    self._socket.bind(address)
OSError: AF_UNIX path too long
  File "/usr/lib/python3.12/multiprocessing/resource_sharer.py", line 76, in register
    self._start()
  File "/usr/lib/python3.12/multiprocessing/resource_sharer.py", line 126, in _start
    self._listener = Listener(authkey=process.current_process().authkey, backlog=128)
                     ^^^^^^^^^^^^^^^^^^^^^^^^^^^^^^^^^^^^^^^^^^^^^^^^^^^^^^^^^^^^^^^^
  File "/usr/lib/python3.12/multiprocessing/connection.py", line 464, in __init__
    self._listener = SocketListener(address, family, backlog)
                     ^^^^^^^^^^^^^^^^^^^^^^^^^^^^^^^^^^^^^^^^
  File "/usr/lib/python3.12/multiprocessing/connection.py", line 608, in __init__
    self._socket.bind(address)
Traceback (most recent call last):
OSError: AF_UNIX path too long
  File "/usr/lib/python3.12/multiprocessing/queues.py", line 264, in _feed
    obj = _ForkingPickler.dumps(obj)
          ^^^^^^^^^^^^^^^^^^^^^^^^^^
  File "/usr/lib/python3.12/multiprocessing/reduction.py", line 51, in dumps
    cls(buf, protocol).dump(obj)
Traceback (most recent call last):
  File "/usr/lib/python3.12/multiprocessing/queues.py", line 264, in _feed
    obj = _ForkingPickler.dumps(obj)
          ^^^^^^^^^^^^^^^^^^^^^^^^^^
  File "/usr/lib/python3.12/multiprocessing/reduction.py", line 51, in dumps
    cls(buf, protocol).dump(obj)
  File "/usr/local/lib/python3.12/dist-packages/torch/multiprocessing/reductions.py", line 616, in reduce_storage
    df = multiprocessing.reduction.DupFd(fd)
         ^^^^^^^^^^^^^^^^^^^^^^^^^^^^^^^^^^^
  File "/usr/lib/python3.12/multiprocessing/reduction.py", line 198, in DupFd
    return resource_sharer.DupFd(fd)
           ^^^^^^^^^^^^^^^^^^^^^^^^^
  File "/usr/lib/python3.12/multiprocessing/resource_sharer.py", line 53, in __init__
    self._id = _resource_sharer.register(send, close)
               ^^^^^^^^^^^^^^^^^^^^^^^^^^^^^^^^^^^^^^
  File "/usr/lib/python3.12/multiprocessing/resource_sharer.py", line 76, in register
    self._start()
  File "/usr/lib/python3.12/multiprocessing/resource_sharer.py", line 126, in _start
    self._listener = Listener(authkey=process.current_process().authkey, backlog=128)
                     ^^^^^^^^^^^^^^^^^^^^^^^^^^^^^^^^^^^^^^^^^^^^^^^^^^^^^^^^^^^^^^^^
  File "/usr/lib/python3.12/multiprocessing/connection.py", line 464, in __init__
    self._listener = SocketListener(address, family, backlog)
                     ^^^^^^^^^^^^^^^^^^^^^^^^^^^^^^^^^^^^^^^^
  File "/usr/lib/python3.12/multiprocessing/connection.py", line 608, in __init__
    self._socket.bind(address)
OSError: AF_UNIX path too long
Traceback (most recent call last):
Traceback (most recent call last):
  File "/usr/lib/python3.12/multiprocessing/queues.py", line 264, in _feed
    obj = _ForkingPickler.dumps(obj)
          ^^^^^^^^^^^^^^^^^^^^^^^^^^
  File "/usr/lib/python3.12/multiprocessing/reduction.py", line 51, in dumps
    cls(buf, protocol).dump(obj)
  File "/usr/local/lib/python3.12/dist-packages/torch/multiprocessing/reductions.py", line 616, in reduce_storage
    df = multiprocessing.reduction.DupFd(fd)
         ^^^^^^^^^^^^^^^^^^^^^^^^^^^^^^^^^^^
  File "/usr/lib/python3.12/multiprocessing/reduction.py", line 198, in DupFd
    return resource_sharer.DupFd(fd)
           ^^^^^^^^^^^^^^^^^^^^^^^^^
  File "/usr/lib/python3.12/multiprocessing/resource_sharer.py", line 53, in __init__
    self._id = _resource_sharer.register(send, close)
               ^^^^^^^^^^^^^^^^^^^^^^^^^^^^^^^^^^^^^^
  File "/usr/lib/python3.12/multiprocessing/resource_sharer.py", line 76, in register
    self._start()
  File "/usr/lib/python3.12/multiprocessing/resource_sharer.py", line 126, in _start
    self._listener = Listener(authkey=process.current_process().authkey, backlog=128)
                     ^^^^^^^^^^^^^^^^^^^^^^^^^^^^^^^^^^^^^^^^^^^^^^^^^^^^^^^^^^^^^^^^
  File "/usr/lib/python3.12/multiprocessing/queues.py", line 264, in _feed
    obj = _ForkingPickler.dumps(obj)
          ^^^^^^^^^^^^^^^^^^^^^^^^^^
  File "/usr/lib/python3.12/multiprocessing/connection.py", line 464, in __init__
    self._listener = SocketListener(address, family, backlog)
                     ^^^^^^^^^^^^^^^^^^^^^^^^^^^^^^^^^^^^^^^^
  File "/usr/local/lib/python3.12/dist-packages/torch/multiprocessing/reductions.py", line 616, in reduce_storage
    df = multiprocessing.reduction.DupFd(fd)
         ^^^^^^^^^^^^^^^^^^^^^^^^^^^^^^^^^^^
  File "/usr/lib/python3.12/multiprocessing/reduction.py", line 51, in dumps
    cls(buf, protocol).dump(obj)
  File "/usr/lib/python3.12/multiprocessing/connection.py", line 608, in __init__
    self._socket.bind(address)
  File "/usr/local/lib/python3.12/dist-packages/torch/multiprocessing/reductions.py", line 616, in reduce_storage
    df = multiprocessing.reduction.DupFd(fd)
         ^^^^^^^^^^^^^^^^^^^^^^^^^^^^^^^^^^^
OSError: AF_UNIX path too long
  File "/usr/lib/python3.12/multiprocessing/reduction.py", line 198, in DupFd
    return resource_sharer.DupFd(fd)
           ^^^^^^^^^^^^^^^^^^^^^^^^^
  File "/usr/lib/python3.12/multiprocessing/resource_sharer.py", line 53, in __init__
    self._id = _resource_sharer.register(send, close)
               ^^^^^^^^^^^^^^^^^^^^^^^^^^^^^^^^^^^^^^
  File "/usr/lib/python3.12/multiprocessing/resource_sharer.py", line 76, in register
    self._start()
  File "/usr/lib/python3.12/multiprocessing/resource_sharer.py", line 126, in _start
    self._listener = Listener(authkey=process.current_process().authkey, backlog=128)
                     ^^^^^^^^^^^^^^^^^^^^^^^^^^^^^^^^^^^^^^^^^^^^^^^^^^^^^^^^^^^^^^^^
  File "/usr/lib/python3.12/multiprocessing/connection.py", line 464, in __init__
    self._listener = SocketListener(address, family, backlog)
                     ^^^^^^^^^^^^^^^^^^^^^^^^^^^^^^^^^^^^^^^^
  File "/usr/lib/python3.12/multiprocessing/connection.py", line 608, in __init__
    self._socket.bind(address)
OSError: AF_UNIX path too long
Traceback (most recent call last):
  File "/usr/lib/python3.12/multiprocessing/queues.py", line 264, in _feed
    obj = _ForkingPickler.dumps(obj)
          ^^^^^^^^^^^^^^^^^^^^^^^^^^
  File "/usr/lib/python3.12/multiprocessing/reduction.py", line 51, in dumps
    cls(buf, protocol).dump(obj)
  File "/usr/local/lib/python3.12/dist-packages/torch/multiprocessing/reductions.py", line 616, in reduce_storage
    df = multiprocessing.reduction.DupFd(fd)
         ^^^^^^^^^^^^^^^^^^^^^^^^^^^^^^^^^^^
  File "/usr/lib/python3.12/multiprocessing/reduction.py", line 198, in DupFd
    return resource_sharer.DupFd(fd)
           ^^^^^^^^^^^^^^^^^^^^^^^^^
  File "/usr/lib/python3.12/multiprocessing/resource_sharer.py", line 53, in __init__
    self._id = _resource_sharer.register(send, close)
               ^^^^^^^^^^^^^^^^^^^^^^^^^^^^^^^^^^^^^^
  File "/usr/lib/python3.12/multiprocessing/resource_sharer.py", line 76, in register
    self._start()
  File "/usr/lib/python3.12/multiprocessing/resource_sharer.py", line 126, in _start
    self._listener = Listener(authkey=process.current_process().authkey, backlog=128)
                     ^^^^^^^^^^^^^^^^^^^^^^^^^^^^^^^^^^^^^^^^^^^^^^^^^^^^^^^^^^^^^^^^
  File "/usr/lib/python3.12/multiprocessing/connection.py", line 464, in __init__
    self._listener = SocketListener(address, family, backlog)
                     ^^^^^^^^^^^^^^^^^^^^^^^^^^^^^^^^^^^^^^^^
  File "/usr/lib/python3.12/multiprocessing/connection.py", line 608, in __init__
    self._socket.bind(address)
OSError: AF_UNIX path too long
Traceback (most recent call last):
  File "/usr/lib/python3.12/multiprocessing/queues.py", line 264, in _feed
    obj = _ForkingPickler.dumps(obj)
          ^^^^^^^^^^^^^^^^^^^^^^^^^^
  File "/usr/lib/python3.12/multiprocessing/reduction.py", line 51, in dumps
    cls(buf, protocol).dump(obj)
  File "/usr/local/lib/python3.12/dist-packages/torch/multiprocessing/reductions.py", line 616, in reduce_storage
    df = multiprocessing.reduction.DupFd(fd)
         ^^^^^^^^^^^^^^^^^^^^^^^^^^^^^^^^^^^
  File "/usr/lib/python3.12/multiprocessing/reduction.py", line 198, in DupFd
    return resource_sharer.DupFd(fd)
           ^^^^^^^^^^^^^^^^^^^^^^^^^
  File "/usr/lib/python3.12/multiprocessing/resource_sharer.py", line 53, in __init__
    self._id = _resource_sharer.register(send, close)
               ^^^^^^^^^^^^^^^^^^^^^^^^^^^^^^^^^^^^^^
  File "/usr/lib/python3.12/multiprocessing/resource_sharer.py", line 76, in register
    self._start()
  File "/usr/lib/python3.12/multiprocessing/resource_sharer.py", line 126, in _start
    self._listener = Listener(authkey=process.current_process().authkey, backlog=128)
                     ^^^^^^^^^^^^^^^^^^^^^^^^^^^^^^^^^^^^^^^^^^^^^^^^^^^^^^^^^^^^^^^^
  File "/usr/lib/python3.12/multiprocessing/connection.py", line 464, in __init__
    self._listener = SocketListener(address, family, backlog)
                     ^^^^^^^^^^^^^^^^^^^^^^^^^^^^^^^^^^^^^^^^
  File "/usr/lib/python3.12/multiprocessing/connection.py", line 608, in __init__
    self._socket.bind(address)
OSError: AF_UNIX path too long
  File "/usr/lib/python3.12/multiprocessing/reduction.py", line 198, in DupFd
    return resource_sharer.DupFd(fd)
           ^^^^^^^^^^^^^^^^^^^^^^^^^
  File "/usr/lib/python3.12/multiprocessing/resource_sharer.py", line 53, in __init__
    self._id = _resource_sharer.register(send, close)
               ^^^^^^^^^^^^^^^^^^^^^^^^^^^^^^^^^^^^^^
  File "/usr/lib/python3.12/multiprocessing/resource_sharer.py", line 76, in register
    self._start()
  File "/usr/lib/python3.12/multiprocessing/resource_sharer.py", line 126, in _start
    self._listener = Listener(authkey=process.current_process().authkey, backlog=128)
                     ^^^^^^^^^^^^^^^^^^^^^^^^^^^^^^^^^^^^^^^^^^^^^^^^^^^^^^^^^^^^^^^^
  File "/usr/lib/python3.12/multiprocessing/connection.py", line 464, in __init__
    self._listener = SocketListener(address, family, backlog)
                     ^^^^^^^^^^^^^^^^^^^^^^^^^^^^^^^^^^^^^^^^
  File "/usr/lib/python3.12/multiprocessing/connection.py", line 608, in __init__
    self._socket.bind(address)
OSError: AF_UNIX path too long
Traceback (most recent call last):
  File "/usr/lib/python3.12/multiprocessing/queues.py", line 264, in _feed
    obj = _ForkingPickler.dumps(obj)
          ^^^^^^^^^^^^^^^^^^^^^^^^^^
  File "/usr/lib/python3.12/multiprocessing/reduction.py", line 51, in dumps
    cls(buf, protocol).dump(obj)
  File "/usr/local/lib/python3.12/dist-packages/torch/multiprocessing/reductions.py", line 616, in reduce_storage
    df = multiprocessing.reduction.DupFd(fd)
         ^^^^^^^^^^^^^^^^^^^^^^^^^^^^^^^^^^^
  File "/usr/lib/python3.12/multiprocessing/reduction.py", line 198, in DupFd
    return resource_sharer.DupFd(fd)
           ^^^^^^^^^^^^^^^^^^^^^^^^^
  File "/usr/lib/python3.12/multiprocessing/resource_sharer.py", line 53, in __init__
    self._id = _resource_sharer.register(send, close)
               ^^^^^^^^^^^^^^^^^^^^^^^^^^^^^^^^^^^^^^
  File "/usr/lib/python3.12/multiprocessing/resource_sharer.py", line 76, in register
    self._start()
  File "/usr/lib/python3.12/multiprocessing/resource_sharer.py", line 126, in _start
    self._listener = Listener(authkey=process.current_process().authkey, backlog=128)
                     ^^^^^^^^^^^^^^^^^^^^^^^^^^^^^^^^^^^^^^^^^^^^^^^^^^^^^^^^^^^^^^^^
  File "/usr/lib/python3.12/multiprocessing/connection.py", line 464, in __init__
    self._listener = SocketListener(address, family, backlog)
                     ^^^^^^^^^^^^^^^^^^^^^^^^^^^^^^^^^^^^^^^^
  File "/usr/lib/python3.12/multiprocessing/connection.py", line 608, in __init__
    self._socket.bind(address)
OSError: AF_UNIX path too long
Traceback (most recent call last):
  File "/usr/lib/python3.12/multiprocessing/queues.py", line 264, in _feed
    obj = _ForkingPickler.dumps(obj)
          ^^^^^^^^^^^^^^^^^^^^^^^^^^
  File "/usr/lib/python3.12/multiprocessing/reduction.py", line 51, in dumps
    cls(buf, protocol).dump(obj)
  File "/usr/local/lib/python3.12/dist-packages/torch/multiprocessing/reductions.py", line 616, in reduce_storage
    df = multiprocessing.reduction.DupFd(fd)
         ^^^^^^^^^^^^^^^^^^^^^^^^^^^^^^^^^^^
  File "/usr/lib/python3.12/multiprocessing/reduction.py", line 198, in DupFd
    return resource_sharer.DupFd(fd)
           ^^^^^^^^^^^^^^^^^^^^^^^^^
  File "/usr/lib/python3.12/multiprocessing/resource_sharer.py", line 53, in __init__
    self._id = _resource_sharer.register(send, close)
               ^^^^^^^^^^^^^^^^^^^^^^^^^^^^^^^^^^^^^^
  File "/usr/lib/python3.12/multiprocessing/resource_sharer.py", line 76, in register
    self._start()
  File "/usr/lib/python3.12/multiprocessing/resource_sharer.py", line 126, in _start
    self._listener = Listener(authkey=process.current_process().authkey, backlog=128)
                     ^^^^^^^^^^^^^^^^^^^^^^^^^^^^^^^^^^^^^^^^^^^^^^^^^^^^^^^^^^^^^^^^
  File "/usr/lib/python3.12/multiprocessing/connection.py", line 464, in __init__
    self._listener = SocketListener(address, family, backlog)
                     ^^^^^^^^^^^^^^^^^^^^^^^^^^^^^^^^^^^^^^^^
  File "/usr/lib/python3.12/multiprocessing/connection.py", line 608, in __init__
    self._socket.bind(address)
OSError: AF_UNIX path too long
Traceback (most recent call last):
  File "/usr/lib/python3.12/multiprocessing/queues.py", line 264, in _feed
    obj = _ForkingPickler.dumps(obj)
          ^^^^^^^^^^^^^^^^^^^^^^^^^^
  File "/usr/lib/python3.12/multiprocessing/reduction.py", line 51, in dumps
    cls(buf, protocol).dump(obj)
  File "/usr/local/lib/python3.12/dist-packages/torch/multiprocessing/reductions.py", line 616, in reduce_storage
    df = multiprocessing.reduction.DupFd(fd)
         ^^^^^^^^^^^^^^^^^^^^^^^^^^^^^^^^^^^
  File "/usr/lib/python3.12/multiprocessing/reduction.py", line 198, in DupFd
    return resource_sharer.DupFd(fd)
           ^^^^^^^^^^^^^^^^^^^^^^^^^
  File "/usr/lib/python3.12/multiprocessing/resource_sharer.py", line 53, in __init__
    self._id = _resource_sharer.register(send, close)
               ^^^^^^^^^^^^^^^^^^^^^^^^^^^^^^^^^^^^^^
  File "/usr/lib/python3.12/multiprocessing/resource_sharer.py", line 76, in register
    self._start()
  File "/usr/lib/python3.12/multiprocessing/resource_sharer.py", line 126, in _start
    self._listener = Listener(authkey=process.current_process().authkey, backlog=128)
                     ^^^^^^^^^^^^^^^^^^^^^^^^^^^^^^^^^^^^^^^^^^^^^^^^^^^^^^^^^^^^^^^^
  File "/usr/lib/python3.12/multiprocessing/connection.py", line 464, in __init__
    self._listener = SocketListener(address, family, backlog)
                     ^^^^^^^^^^^^^^^^^^^^^^^^^^^^^^^^^^^^^^^^
  File "/usr/lib/python3.12/multiprocessing/connection.py", line 608, in __init__
    self._socket.bind(address)
OSError: AF_UNIX path too long
Traceback (most recent call last):
  File "/usr/lib/python3.12/multiprocessing/queues.py", line 264, in _feed
    obj = _ForkingPickler.dumps(obj)
          ^^^^^^^^^^^^^^^^^^^^^^^^^^
  File "/usr/lib/python3.12/multiprocessing/reduction.py", line 51, in dumps
    cls(buf, protocol).dump(obj)
  File "/usr/local/lib/python3.12/dist-packages/torch/multiprocessing/reductions.py", line 616, in reduce_storage
    df = multiprocessing.reduction.DupFd(fd)
         ^^^^^^^^^^^^^^^^^^^^^^^^^^^^^^^^^^^
  File "/usr/lib/python3.12/multiprocessing/reduction.py", line 198, in DupFd
    return resource_sharer.DupFd(fd)
           ^^^^^^^^^^^^^^^^^^^^^^^^^
  File "/usr/lib/python3.12/multiprocessing/resource_sharer.py", line 53, in __init__
    self._id = _resource_sharer.register(send, close)
               ^^^^^^^^^^^^^^^^^^^^^^^^^^^^^^^^^^^^^^
  File "/usr/lib/python3.12/multiprocessing/resource_sharer.py", line 76, in register
    self._start()
  File "/usr/lib/python3.12/multiprocessing/resource_sharer.py", line 126, in _start
    self._listener = Listener(authkey=process.current_process().authkey, backlog=128)
                     ^^^^^^^^^^^^^^^^^^^^^^^^^^^^^^^^^^^^^^^^^^^^^^^^^^^^^^^^^^^^^^^^
  File "/usr/lib/python3.12/multiprocessing/connection.py", line 464, in __init__
    self._listener = SocketListener(address, family, backlog)
                     ^^^^^^^^^^^^^^^^^^^^^^^^^^^^^^^^^^^^^^^^
  File "/usr/lib/python3.12/multiprocessing/connection.py", line 608, in __init__
    self._socket.bind(address)
OSError: AF_UNIX path too long
Traceback (most recent call last):
Traceback (most recent call last):
  File "/usr/lib/python3.12/multiprocessing/queues.py", line 264, in _feed
    obj = _ForkingPickler.dumps(obj)
          ^^^^^^^^^^^^^^^^^^^^^^^^^^
  File "/usr/lib/python3.12/multiprocessing/reduction.py", line 51, in dumps
    cls(buf, protocol).dump(obj)
  File "/usr/local/lib/python3.12/dist-packages/torch/multiprocessing/reductions.py", line 616, in reduce_storage
    df = multiprocessing.reduction.DupFd(fd)
         ^^^^^^^^^^^^^^^^^^^^^^^^^^^^^^^^^^^
  File "/usr/lib/python3.12/multiprocessing/reduction.py", line 198, in DupFd
    return resource_sharer.DupFd(fd)
           ^^^^^^^^^^^^^^^^^^^^^^^^^
  File "/usr/lib/python3.12/multiprocessing/resource_sharer.py", line 53, in __init__
    self._id = _resource_sharer.register(send, close)
               ^^^^^^^^^^^^^^^^^^^^^^^^^^^^^^^^^^^^^^
  File "/usr/lib/python3.12/multiprocessing/resource_sharer.py", line 76, in register
    self._start()
  File "/usr/lib/python3.12/multiprocessing/resource_sharer.py", line 126, in _start
    self._listener = Listener(authkey=process.current_process().authkey, backlog=128)
                     ^^^^^^^^^^^^^^^^^^^^^^^^^^^^^^^^^^^^^^^^^^^^^^^^^^^^^^^^^^^^^^^^
  File "/usr/lib/python3.12/multiprocessing/connection.py", line 464, in __init__
    self._listener = SocketListener(address, family, backlog)
                     ^^^^^^^^^^^^^^^^^^^^^^^^^^^^^^^^^^^^^^^^
  File "/usr/lib/python3.12/multiprocessing/connection.py", line 608, in __init__
    self._socket.bind(address)
OSError: AF_UNIX path too long
  File "/usr/lib/python3.12/multiprocessing/queues.py", line 264, in _feed
    obj = _ForkingPickler.dumps(obj)
          ^^^^^^^^^^^^^^^^^^^^^^^^^^
Traceback (most recent call last):
  File "/usr/lib/python3.12/multiprocessing/queues.py", line 264, in _feed
    obj = _ForkingPickler.dumps(obj)
          ^^^^^^^^^^^^^^^^^^^^^^^^^^
  File "/usr/lib/python3.12/multiprocessing/reduction.py", line 51, in dumps
    cls(buf, protocol).dump(obj)
  File "/usr/local/lib/python3.12/dist-packages/torch/multiprocessing/reductions.py", line 616, in reduce_storage
    df = multiprocessing.reduction.DupFd(fd)
         ^^^^^^^^^^^^^^^^^^^^^^^^^^^^^^^^^^^
  File "/usr/lib/python3.12/multiprocessing/reduction.py", line 198, in DupFd
    return resource_sharer.DupFd(fd)
           ^^^^^^^^^^^^^^^^^^^^^^^^^
  File "/usr/lib/python3.12/multiprocessing/resource_sharer.py", line 53, in __init__
    self._id = _resource_sharer.register(send, close)
               ^^^^^^^^^^^^^^^^^^^^^^^^^^^^^^^^^^^^^^
  File "/usr/lib/python3.12/multiprocessing/resource_sharer.py", line 76, in register
    self._start()
  File "/usr/lib/python3.12/multiprocessing/resource_sharer.py", line 126, in _start
    self._listener = Listener(authkey=process.current_process().authkey, backlog=128)
                     ^^^^^^^^^^^^^^^^^^^^^^^^^^^^^^^^^^^^^^^^^^^^^^^^^^^^^^^^^^^^^^^^
  File "/usr/lib/python3.12/multiprocessing/connection.py", line 464, in __init__
    self._listener = SocketListener(address, family, backlog)
                     ^^^^^^^^^^^^^^^^^^^^^^^^^^^^^^^^^^^^^^^^
  File "/usr/lib/python3.12/multiprocessing/connection.py", line 608, in __init__
    self._socket.bind(address)
OSError: AF_UNIX path too long
  File "/usr/lib/python3.12/multiprocessing/reduction.py", line 51, in dumps
    cls(buf, protocol).dump(obj)
  File "/usr/local/lib/python3.12/dist-packages/torch/multiprocessing/reductions.py", line 616, in reduce_storage
    df = multiprocessing.reduction.DupFd(fd)
         ^^^^^^^^^^^^^^^^^^^^^^^^^^^^^^^^^^^
  File "/usr/lib/python3.12/multiprocessing/reduction.py", line 198, in DupFd
    return resource_sharer.DupFd(fd)
           ^^^^^^^^^^^^^^^^^^^^^^^^^
  File "/usr/lib/python3.12/multiprocessing/resource_sharer.py", line 53, in __init__
    self._id = _resource_sharer.register(send, close)
               ^^^^^^^^^^^^^^^^^^^^^^^^^^^^^^^^^^^^^^
  File "/usr/lib/python3.12/multiprocessing/resource_sharer.py", line 76, in register
    self._start()
  File "/usr/lib/python3.12/multiprocessing/resource_sharer.py", line 126, in _start
    self._listener = Listener(authkey=process.current_process().authkey, backlog=128)
                     ^^^^^^^^^^^^^^^^^^^^^^^^^^^^^^^^^^^^^^^^^^^^^^^^^^^^^^^^^^^^^^^^
  File "/usr/lib/python3.12/multiprocessing/connection.py", line 464, in __init__
    self._listener = SocketListener(address, family, backlog)
                     ^^^^^^^^^^^^^^^^^^^^^^^^^^^^^^^^^^^^^^^^
  File "/usr/lib/python3.12/multiprocessing/connection.py", line 608, in __init__
    self._socket.bind(address)
OSError: AF_UNIX path too long
Traceback (most recent call last):
  File "/usr/lib/python3.12/multiprocessing/queues.py", line 264, in _feed
    obj = _ForkingPickler.dumps(obj)
          ^^^^^^^^^^^^^^^^^^^^^^^^^^
  File "/usr/lib/python3.12/multiprocessing/reduction.py", line 51, in dumps
    cls(buf, protocol).dump(obj)
  File "/usr/local/lib/python3.12/dist-packages/torch/multiprocessing/reductions.py", line 616, in reduce_storage
    df = multiprocessing.reduction.DupFd(fd)
         ^^^^^^^^^^^^^^^^^^^^^^^^^^^^^^^^^^^
  File "/usr/lib/python3.12/multiprocessing/reduction.py", line 198, in DupFd
    return resource_sharer.DupFd(fd)
           ^^^^^^^^^^^^^^^^^^^^^^^^^
  File "/usr/lib/python3.12/multiprocessing/resource_sharer.py", line 53, in __init__
    self._id = _resource_sharer.register(send, close)
               ^^^^^^^^^^^^^^^^^^^^^^^^^^^^^^^^^^^^^^
  File "/usr/lib/python3.12/multiprocessing/resource_sharer.py", line 76, in register
    self._start()
  File "/usr/lib/python3.12/multiprocessing/resource_sharer.py", line 126, in _start
    self._listener = Listener(authkey=process.current_process().authkey, backlog=128)
                     ^^^^^^^^^^^^^^^^^^^^^^^^^^^^^^^^^^^^^^^^^^^^^^^^^^^^^^^^^^^^^^^^
  File "/usr/lib/python3.12/multiprocessing/connection.py", line 464, in __init__
    self._listener = SocketListener(address, family, backlog)
                     ^^^^^^^^^^^^^^^^^^^^^^^^^^^^^^^^^^^^^^^^
  File "/usr/lib/python3.12/multiprocessing/connection.py", line 608, in __init__
    self._socket.bind(address)
OSError: AF_UNIX path too long
Traceback (most recent call last):
  File "/usr/lib/python3.12/multiprocessing/queues.py", line 264, in _feed
    obj = _ForkingPickler.dumps(obj)
          ^^^^^^^^^^^^^^^^^^^^^^^^^^
  File "/usr/lib/python3.12/multiprocessing/reduction.py", line 51, in dumps
    cls(buf, protocol).dump(obj)
  File "/usr/local/lib/python3.12/dist-packages/torch/multiprocessing/reductions.py", line 616, in reduce_storage
    df = multiprocessing.reduction.DupFd(fd)
         ^^^^^^^^^^^^^^^^^^^^^^^^^^^^^^^^^^^
  File "/usr/lib/python3.12/multiprocessing/reduction.py", line 198, in DupFd
    return resource_sharer.DupFd(fd)
           ^^^^^^^^^^^^^^^^^^^^^^^^^
  File "/usr/lib/python3.12/multiprocessing/resource_sharer.py", line 53, in __init__
    self._id = _resource_sharer.register(send, close)
               ^^^^^^^^^^^^^^^^^^^^^^^^^^^^^^^^^^^^^^
  File "/usr/lib/python3.12/multiprocessing/resource_sharer.py", line 76, in register
    self._start()
  File "/usr/lib/python3.12/multiprocessing/resource_sharer.py", line 126, in _start
    self._listener = Listener(authkey=process.current_process().authkey, backlog=128)
                     ^^^^^^^^^^^^^^^^^^^^^^^^^^^^^^^^^^^^^^^^^^^^^^^^^^^^^^^^^^^^^^^^
  File "/usr/lib/python3.12/multiprocessing/connection.py", line 464, in __init__
    self._listener = SocketListener(address, family, backlog)
                     ^^^^^^^^^^^^^^^^^^^^^^^^^^^^^^^^^^^^^^^^
  File "/usr/lib/python3.12/multiprocessing/connection.py", line 608, in __init__
    self._socket.bind(address)
OSError: AF_UNIX path too long
Traceback (most recent call last):
Traceback (most recent call last):
  File "/usr/lib/python3.12/multiprocessing/queues.py", line 264, in _feed
    obj = _ForkingPickler.dumps(obj)
          ^^^^^^^^^^^^^^^^^^^^^^^^^^
  File "/usr/lib/python3.12/multiprocessing/reduction.py", line 51, in dumps
    cls(buf, protocol).dump(obj)
  File "/usr/local/lib/python3.12/dist-packages/torch/multiprocessing/reductions.py", line 616, in reduce_storage
    df = multiprocessing.reduction.DupFd(fd)
         ^^^^^^^^^^^^^^^^^^^^^^^^^^^^^^^^^^^
  File "/usr/lib/python3.12/multiprocessing/reduction.py", line 198, in DupFd
    return resource_sharer.DupFd(fd)
           ^^^^^^^^^^^^^^^^^^^^^^^^^
  File "/usr/lib/python3.12/multiprocessing/resource_sharer.py", line 53, in __init__
    self._id = _resource_sharer.register(send, close)
               ^^^^^^^^^^^^^^^^^^^^^^^^^^^^^^^^^^^^^^
  File "/usr/lib/python3.12/multiprocessing/resource_sharer.py", line 76, in register
    self._start()
  File "/usr/lib/python3.12/multiprocessing/resource_sharer.py", line 126, in _start
    self._listener = Listener(authkey=process.current_process().authkey, backlog=128)
                     ^^^^^^^^^^^^^^^^^^^^^^^^^^^^^^^^^^^^^^^^^^^^^^^^^^^^^^^^^^^^^^^^
  File "/usr/lib/python3.12/multiprocessing/connection.py", line 464, in __init__
    self._listener = SocketListener(address, family, backlog)
                     ^^^^^^^^^^^^^^^^^^^^^^^^^^^^^^^^^^^^^^^^
  File "/usr/lib/python3.12/multiprocessing/connection.py", line 608, in __init__
    self._socket.bind(address)
  File "/usr/lib/python3.12/multiprocessing/queues.py", line 264, in _feed
    obj = _ForkingPickler.dumps(obj)
          ^^^^^^^^^^^^^^^^^^^^^^^^^^
OSError: AF_UNIX path too long
  File "/usr/lib/python3.12/multiprocessing/reduction.py", line 51, in dumps
    cls(buf, protocol).dump(obj)
  File "/usr/local/lib/python3.12/dist-packages/torch/multiprocessing/reductions.py", line 616, in reduce_storage
    df = multiprocessing.reduction.DupFd(fd)
         ^^^^^^^^^^^^^^^^^^^^^^^^^^^^^^^^^^^
  File "/usr/lib/python3.12/multiprocessing/reduction.py", line 198, in DupFd
    return resource_sharer.DupFd(fd)
           ^^^^^^^^^^^^^^^^^^^^^^^^^
  File "/usr/lib/python3.12/multiprocessing/resource_sharer.py", line 53, in __init__
    self._id = _resource_sharer.register(send, close)
               ^^^^^^^^^^^^^^^^^^^^^^^^^^^^^^^^^^^^^^
  File "/usr/lib/python3.12/multiprocessing/resource_sharer.py", line 76, in register
    self._start()
  File "/usr/lib/python3.12/multiprocessing/resource_sharer.py", line 126, in _start
    self._listener = Listener(authkey=process.current_process().authkey, backlog=128)
                     ^^^^^^^^^^^^^^^^^^^^^^^^^^^^^^^^^^^^^^^^^^^^^^^^^^^^^^^^^^^^^^^^
  File "/usr/lib/python3.12/multiprocessing/connection.py", line 464, in __init__
    self._listener = SocketListener(address, family, backlog)
                     ^^^^^^^^^^^^^^^^^^^^^^^^^^^^^^^^^^^^^^^^
Traceback (most recent call last):
  File "/usr/lib/python3.12/multiprocessing/connection.py", line 608, in __init__
    self._socket.bind(address)
OSError: AF_UNIX path too long
  File "/usr/lib/python3.12/multiprocessing/queues.py", line 264, in _feed
    obj = _ForkingPickler.dumps(obj)
          ^^^^^^^^^^^^^^^^^^^^^^^^^^
  File "/usr/lib/python3.12/multiprocessing/reduction.py", line 51, in dumps
    cls(buf, protocol).dump(obj)
  File "/usr/local/lib/python3.12/dist-packages/torch/multiprocessing/reductions.py", line 616, in reduce_storage
    df = multiprocessing.reduction.DupFd(fd)
         ^^^^^^^^^^^^^^^^^^^^^^^^^^^^^^^^^^^
  File "/usr/lib/python3.12/multiprocessing/reduction.py", line 198, in DupFd
    return resource_sharer.DupFd(fd)
           ^^^^^^^^^^^^^^^^^^^^^^^^^
  File "/usr/lib/python3.12/multiprocessing/resource_sharer.py", line 53, in __init__
    self._id = _resource_sharer.register(send, close)
               ^^^^^^^^^^^^^^^^^^^^^^^^^^^^^^^^^^^^^^
  File "/usr/lib/python3.12/multiprocessing/resource_sharer.py", line 76, in register
    self._start()
  File "/usr/lib/python3.12/multiprocessing/resource_sharer.py", line 126, in _start
    self._listener = Listener(authkey=process.current_process().authkey, backlog=128)
                     ^^^^^^^^^^^^^^^^^^^^^^^^^^^^^^^^^^^^^^^^^^^^^^^^^^^^^^^^^^^^^^^^
  File "/usr/lib/python3.12/multiprocessing/connection.py", line 464, in __init__
    self._listener = SocketListener(address, family, backlog)
                     ^^^^^^^^^^^^^^^^^^^^^^^^^^^^^^^^^^^^^^^^
  File "/usr/lib/python3.12/multiprocessing/connection.py", line 608, in __init__
    self._socket.bind(address)
OSError: AF_UNIX path too long
Traceback (most recent call last):
  File "/usr/lib/python3.12/multiprocessing/queues.py", line 264, in _feed
    obj = _ForkingPickler.dumps(obj)
          ^^^^^^^^^^^^^^^^^^^^^^^^^^
  File "/usr/lib/python3.12/multiprocessing/reduction.py", line 51, in dumps
    cls(buf, protocol).dump(obj)
  File "/usr/local/lib/python3.12/dist-packages/torch/multiprocessing/reductions.py", line 616, in reduce_storage
    df = multiprocessing.reduction.DupFd(fd)
         ^^^^^^^^^^^^^^^^^^^^^^^^^^^^^^^^^^^
  File "/usr/lib/python3.12/multiprocessing/reduction.py", line 198, in DupFd
    return resource_sharer.DupFd(fd)
           ^^^^^^^^^^^^^^^^^^^^^^^^^
  File "/usr/lib/python3.12/multiprocessing/resource_sharer.py", line 53, in __init__
    self._id = _resource_sharer.register(send, close)
               ^^^^^^^^^^^^^^^^^^^^^^^^^^^^^^^^^^^^^^
  File "/usr/lib/python3.12/multiprocessing/resource_sharer.py", line 76, in register
    self._start()
  File "/usr/lib/python3.12/multiprocessing/resource_sharer.py", line 126, in _start
    self._listener = Listener(authkey=process.current_process().authkey, backlog=128)
                     ^^^^^^^^^^^^^^^^^^^^^^^^^^^^^^^^^^^^^^^^^^^^^^^^^^^^^^^^^^^^^^^^
  File "/usr/lib/python3.12/multiprocessing/connection.py", line 464, in __init__
    self._listener = SocketListener(address, family, backlog)
                     ^^^^^^^^^^^^^^^^^^^^^^^^^^^^^^^^^^^^^^^^
  File "/usr/lib/python3.12/multiprocessing/connection.py", line 608, in __init__
    self._socket.bind(address)
OSError: AF_UNIX path too long
Traceback (most recent call last):
  File "/usr/lib/python3.12/multiprocessing/queues.py", line 264, in _feed
    obj = _ForkingPickler.dumps(obj)
          ^^^^^^^^^^^^^^^^^^^^^^^^^^
  File "/usr/lib/python3.12/multiprocessing/reduction.py", line 51, in dumps
    cls(buf, protocol).dump(obj)
  File "/usr/local/lib/python3.12/dist-packages/torch/multiprocessing/reductions.py", line 616, in reduce_storage
    df = multiprocessing.reduction.DupFd(fd)
         ^^^^^^^^^^^^^^^^^^^^^^^^^^^^^^^^^^^
  File "/usr/lib/python3.12/multiprocessing/reduction.py", line 198, in DupFd
    return resource_sharer.DupFd(fd)
           ^^^^^^^^^^^^^^^^^^^^^^^^^
  File "/usr/lib/python3.12/multiprocessing/resource_sharer.py", line 53, in __init__
    self._id = _resource_sharer.register(send, close)
               ^^^^^^^^^^^^^^^^^^^^^^^^^^^^^^^^^^^^^^
  File "/usr/lib/python3.12/multiprocessing/resource_sharer.py", line 76, in register
    self._start()
  File "/usr/lib/python3.12/multiprocessing/resource_sharer.py", line 126, in _start
    self._listener = Listener(authkey=process.current_process().authkey, backlog=128)
                     ^^^^^^^^^^^^^^^^^^^^^^^^^^^^^^^^^^^^^^^^^^^^^^^^^^^^^^^^^^^^^^^^
  File "/usr/lib/python3.12/multiprocessing/connection.py", line 464, in __init__
    self._listener = SocketListener(address, family, backlog)
                     ^^^^^^^^^^^^^^^^^^^^^^^^^^^^^^^^^^^^^^^^
  File "/usr/lib/python3.12/multiprocessing/connection.py", line 608, in __init__
    self._socket.bind(address)
OSError: AF_UNIX path too long
Traceback (most recent call last):
  File "/usr/lib/python3.12/multiprocessing/queues.py", line 264, in _feed
    obj = _ForkingPickler.dumps(obj)
          ^^^^^^^^^^^^^^^^^^^^^^^^^^
  File "/usr/lib/python3.12/multiprocessing/reduction.py", line 51, in dumps
    cls(buf, protocol).dump(obj)
  File "/usr/local/lib/python3.12/dist-packages/torch/multiprocessing/reductions.py", line 616, in reduce_storage
    df = multiprocessing.reduction.DupFd(fd)
         ^^^^^^^^^^^^^^^^^^^^^^^^^^^^^^^^^^^
  File "/usr/lib/python3.12/multiprocessing/reduction.py", line 198, in DupFd
    return resource_sharer.DupFd(fd)
           ^^^^^^^^^^^^^^^^^^^^^^^^^
  File "/usr/lib/python3.12/multiprocessing/resource_sharer.py", line 53, in __init__
    self._id = _resource_sharer.register(send, close)
               ^^^^^^^^^^^^^^^^^^^^^^^^^^^^^^^^^^^^^^
  File "/usr/lib/python3.12/multiprocessing/resource_sharer.py", line 76, in register
    self._start()
  File "/usr/lib/python3.12/multiprocessing/resource_sharer.py", line 126, in _start
    self._listener = Listener(authkey=process.current_process().authkey, backlog=128)
                     ^^^^^^^^^^^^^^^^^^^^^^^^^^^^^^^^^^^^^^^^^^^^^^^^^^^^^^^^^^^^^^^^
  File "/usr/lib/python3.12/multiprocessing/connection.py", line 464, in __init__
    self._listener = SocketListener(address, family, backlog)
                     ^^^^^^^^^^^^^^^^^^^^^^^^^^^^^^^^^^^^^^^^
  File "/usr/lib/python3.12/multiprocessing/connection.py", line 608, in __init__
    self._socket.bind(address)
OSError: AF_UNIX path too long
Traceback (most recent call last):
  File "/usr/lib/python3.12/multiprocessing/queues.py", line 264, in _feed
    obj = _ForkingPickler.dumps(obj)
          ^^^^^^^^^^^^^^^^^^^^^^^^^^
  File "/usr/lib/python3.12/multiprocessing/reduction.py", line 51, in dumps
    cls(buf, protocol).dump(obj)
  File "/usr/local/lib/python3.12/dist-packages/torch/multiprocessing/reductions.py", line 616, in reduce_storage
    df = multiprocessing.reduction.DupFd(fd)
         ^^^^^^^^^^^^^^^^^^^^^^^^^^^^^^^^^^^
  File "/usr/lib/python3.12/multiprocessing/reduction.py", line 198, in DupFd
    return resource_sharer.DupFd(fd)
           ^^^^^^^^^^^^^^^^^^^^^^^^^
  File "/usr/lib/python3.12/multiprocessing/resource_sharer.py", line 53, in __init__
    self._id = _resource_sharer.register(send, close)
               ^^^^^^^^^^^^^^^^^^^^^^^^^^^^^^^^^^^^^^
  File "/usr/lib/python3.12/multiprocessing/resource_sharer.py", line 76, in register
    self._start()
  File "/usr/lib/python3.12/multiprocessing/resource_sharer.py", line 126, in _start
    self._listener = Listener(authkey=process.current_process().authkey, backlog=128)
                     ^^^^^^^^^^^^^^^^^^^^^^^^^^^^^^^^^^^^^^^^^^^^^^^^^^^^^^^^^^^^^^^^
  File "/usr/lib/python3.12/multiprocessing/connection.py", line 464, in __init__
    self._listener = SocketListener(address, family, backlog)
                     ^^^^^^^^^^^^^^^^^^^^^^^^^^^^^^^^^^^^^^^^
  File "/usr/lib/python3.12/multiprocessing/connection.py", line 608, in __init__
    self._socket.bind(address)
OSError: AF_UNIX path too long
Traceback (most recent call last):
  File "/usr/lib/python3.12/multiprocessing/queues.py", line 264, in _feed
    obj = _ForkingPickler.dumps(obj)
          ^^^^^^^^^^^^^^^^^^^^^^^^^^
  File "/usr/lib/python3.12/multiprocessing/reduction.py", line 51, in dumps
    cls(buf, protocol).dump(obj)
  File "/usr/local/lib/python3.12/dist-packages/torch/multiprocessing/reductions.py", line 616, in reduce_storage
    df = multiprocessing.reduction.DupFd(fd)
         ^^^^^^^^^^^^^^^^^^^^^^^^^^^^^^^^^^^
  File "/usr/lib/python3.12/multiprocessing/reduction.py", line 198, in DupFd
    return resource_sharer.DupFd(fd)
           ^^^^^^^^^^^^^^^^^^^^^^^^^
  File "/usr/lib/python3.12/multiprocessing/resource_sharer.py", line 53, in __init__
    self._id = _resource_sharer.register(send, close)
               ^^^^^^^^^^^^^^^^^^^^^^^^^^^^^^^^^^^^^^
  File "/usr/lib/python3.12/multiprocessing/resource_sharer.py", line 76, in register
    self._start()
  File "/usr/lib/python3.12/multiprocessing/resource_sharer.py", line 126, in _start
    self._listener = Listener(authkey=process.current_process().authkey, backlog=128)
                     ^^^^^^^^^^^^^^^^^^^^^^^^^^^^^^^^^^^^^^^^^^^^^^^^^^^^^^^^^^^^^^^^
  File "/usr/lib/python3.12/multiprocessing/connection.py", line 464, in __init__
    self._listener = SocketListener(address, family, backlog)
                     ^^^^^^^^^^^^^^^^^^^^^^^^^^^^^^^^^^^^^^^^
  File "/usr/lib/python3.12/multiprocessing/connection.py", line 608, in __init__
    self._socket.bind(address)
OSError: AF_UNIX path too long
Traceback (most recent call last):
  File "/usr/lib/python3.12/multiprocessing/queues.py", line 264, in _feed
    obj = _ForkingPickler.dumps(obj)
          ^^^^^^^^^^^^^^^^^^^^^^^^^^
  File "/usr/lib/python3.12/multiprocessing/reduction.py", line 51, in dumps
    cls(buf, protocol).dump(obj)
  File "/usr/local/lib/python3.12/dist-packages/torch/multiprocessing/reductions.py", line 616, in reduce_storage
    df = multiprocessing.reduction.DupFd(fd)
         ^^^^^^^^^^^^^^^^^^^^^^^^^^^^^^^^^^^
  File "/usr/lib/python3.12/multiprocessing/reduction.py", line 198, in DupFd
    return resource_sharer.DupFd(fd)
           ^^^^^^^^^^^^^^^^^^^^^^^^^
  File "/usr/lib/python3.12/multiprocessing/resource_sharer.py", line 53, in __init__
    self._id = _resource_sharer.register(send, close)
               ^^^^^^^^^^^^^^^^^^^^^^^^^^^^^^^^^^^^^^
  File "/usr/lib/python3.12/multiprocessing/resource_sharer.py", line 76, in register
    self._start()
  File "/usr/lib/python3.12/multiprocessing/resource_sharer.py", line 126, in _start
    self._listener = Listener(authkey=process.current_process().authkey, backlog=128)
                     ^^^^^^^^^^^^^^^^^^^^^^^^^^^^^^^^^^^^^^^^^^^^^^^^^^^^^^^^^^^^^^^^
  File "/usr/lib/python3.12/multiprocessing/connection.py", line 464, in __init__
    self._listener = SocketListener(address, family, backlog)
                     ^^^^^^^^^^^^^^^^^^^^^^^^^^^^^^^^^^^^^^^^
  File "/usr/lib/python3.12/multiprocessing/connection.py", line 608, in __init__
    self._socket.bind(address)
OSError: AF_UNIX path too long
Traceback (most recent call last):
  File "/usr/lib/python3.12/multiprocessing/queues.py", line 264, in _feed
    obj = _ForkingPickler.dumps(obj)
          ^^^^^^^^^^^^^^^^^^^^^^^^^^
  File "/usr/lib/python3.12/multiprocessing/reduction.py", line 51, in dumps
    cls(buf, protocol).dump(obj)
  File "/usr/local/lib/python3.12/dist-packages/torch/multiprocessing/reductions.py", line 616, in reduce_storage
    df = multiprocessing.reduction.DupFd(fd)
         ^^^^^^^^^^^^^^^^^^^^^^^^^^^^^^^^^^^
  File "/usr/lib/python3.12/multiprocessing/reduction.py", line 198, in DupFd
    return resource_sharer.DupFd(fd)
           ^^^^^^^^^^^^^^^^^^^^^^^^^
  File "/usr/lib/python3.12/multiprocessing/resource_sharer.py", line 53, in __init__
    self._id = _resource_sharer.register(send, close)
               ^^^^^^^^^^^^^^^^^^^^^^^^^^^^^^^^^^^^^^
  File "/usr/lib/python3.12/multiprocessing/resource_sharer.py", line 76, in register
    self._start()
  File "/usr/lib/python3.12/multiprocessing/resource_sharer.py", line 126, in _start
    self._listener = Listener(authkey=process.current_process().authkey, backlog=128)
                     ^^^^^^^^^^^^^^^^^^^^^^^^^^^^^^^^^^^^^^^^^^^^^^^^^^^^^^^^^^^^^^^^
  File "/usr/lib/python3.12/multiprocessing/connection.py", line 464, in __init__
    self._listener = SocketListener(address, family, backlog)
                     ^^^^^^^^^^^^^^^^^^^^^^^^^^^^^^^^^^^^^^^^
  File "/usr/lib/python3.12/multiprocessing/connection.py", line 608, in __init__
    self._socket.bind(address)
OSError: AF_UNIX path too long
Traceback (most recent call last):
  File "/usr/lib/python3.12/multiprocessing/queues.py", line 264, in _feed
    obj = _ForkingPickler.dumps(obj)
          ^^^^^^^^^^^^^^^^^^^^^^^^^^
  File "/usr/lib/python3.12/multiprocessing/reduction.py", line 51, in dumps
    cls(buf, protocol).dump(obj)
  File "/usr/local/lib/python3.12/dist-packages/torch/multiprocessing/reductions.py", line 616, in reduce_storage
    df = multiprocessing.reduction.DupFd(fd)
         ^^^^^^^^^^^^^^^^^^^^^^^^^^^^^^^^^^^
  File "/usr/lib/python3.12/multiprocessing/reduction.py", line 198, in DupFd
    return resource_sharer.DupFd(fd)
           ^^^^^^^^^^^^^^^^^^^^^^^^^
  File "/usr/lib/python3.12/multiprocessing/resource_sharer.py", line 53, in __init__
    self._id = _resource_sharer.register(send, close)
               ^^^^^^^^^^^^^^^^^^^^^^^^^^^^^^^^^^^^^^
  File "/usr/lib/python3.12/multiprocessing/resource_sharer.py", line 76, in register
    self._start()
  File "/usr/lib/python3.12/multiprocessing/resource_sharer.py", line 126, in _start
    self._listener = Listener(authkey=process.current_process().authkey, backlog=128)
                     ^^^^^^^^^^^^^^^^^^^^^^^^^^^^^^^^^^^^^^^^^^^^^^^^^^^^^^^^^^^^^^^^
  File "/usr/lib/python3.12/multiprocessing/connection.py", line 464, in __init__
    self._listener = SocketListener(address, family, backlog)
                     ^^^^^^^^^^^^^^^^^^^^^^^^^^^^^^^^^^^^^^^^
  File "/usr/lib/python3.12/multiprocessing/connection.py", line 608, in __init__
    self._socket.bind(address)
OSError: AF_UNIX path too long
Traceback (most recent call last):
  File "/usr/lib/python3.12/multiprocessing/queues.py", line 264, in _feed
    obj = _ForkingPickler.dumps(obj)
          ^^^^^^^^^^^^^^^^^^^^^^^^^^
  File "/usr/lib/python3.12/multiprocessing/reduction.py", line 51, in dumps
    cls(buf, protocol).dump(obj)
  File "/usr/local/lib/python3.12/dist-packages/torch/multiprocessing/reductions.py", line 616, in reduce_storage
    df = multiprocessing.reduction.DupFd(fd)
         ^^^^^^^^^^^^^^^^^^^^^^^^^^^^^^^^^^^
  File "/usr/lib/python3.12/multiprocessing/reduction.py", line 198, in DupFd
    return resource_sharer.DupFd(fd)
           ^^^^^^^^^^^^^^^^^^^^^^^^^
  File "/usr/lib/python3.12/multiprocessing/resource_sharer.py", line 53, in __init__
    self._id = _resource_sharer.register(send, close)
               ^^^^^^^^^^^^^^^^^^^^^^^^^^^^^^^^^^^^^^
  File "/usr/lib/python3.12/multiprocessing/resource_sharer.py", line 76, in register
    self._start()
  File "/usr/lib/python3.12/multiprocessing/resource_sharer.py", line 126, in _start
    self._listener = Listener(authkey=process.current_process().authkey, backlog=128)
                     ^^^^^^^^^^^^^^^^^^^^^^^^^^^^^^^^^^^^^^^^^^^^^^^^^^^^^^^^^^^^^^^^
  File "/usr/lib/python3.12/multiprocessing/connection.py", line 464, in __init__
    self._listener = SocketListener(address, family, backlog)
                     ^^^^^^^^^^^^^^^^^^^^^^^^^^^^^^^^^^^^^^^^
  File "/usr/lib/python3.12/multiprocessing/connection.py", line 608, in __init__
    self._socket.bind(address)
OSError: AF_UNIX path too long
Traceback (most recent call last):
  File "/usr/lib/python3.12/multiprocessing/queues.py", line 264, in _feed
    obj = _ForkingPickler.dumps(obj)
          ^^^^^^^^^^^^^^^^^^^^^^^^^^
  File "/usr/lib/python3.12/multiprocessing/reduction.py", line 51, in dumps
    cls(buf, protocol).dump(obj)
  File "/usr/local/lib/python3.12/dist-packages/torch/multiprocessing/reductions.py", line 616, in reduce_storage
    df = multiprocessing.reduction.DupFd(fd)
         ^^^^^^^^^^^^^^^^^^^^^^^^^^^^^^^^^^^
  File "/usr/lib/python3.12/multiprocessing/reduction.py", line 198, in DupFd
    return resource_sharer.DupFd(fd)
           ^^^^^^^^^^^^^^^^^^^^^^^^^
  File "/usr/lib/python3.12/multiprocessing/resource_sharer.py", line 53, in __init__
    self._id = _resource_sharer.register(send, close)
               ^^^^^^^^^^^^^^^^^^^^^^^^^^^^^^^^^^^^^^
  File "/usr/lib/python3.12/multiprocessing/resource_sharer.py", line 76, in register
    self._start()
  File "/usr/lib/python3.12/multiprocessing/resource_sharer.py", line 126, in _start
    self._listener = Listener(authkey=process.current_process().authkey, backlog=128)
                     ^^^^^^^^^^^^^^^^^^^^^^^^^^^^^^^^^^^^^^^^^^^^^^^^^^^^^^^^^^^^^^^^
  File "/usr/lib/python3.12/multiprocessing/connection.py", line 464, in __init__
    self._listener = SocketListener(address, family, backlog)
                     ^^^^^^^^^^^^^^^^^^^^^^^^^^^^^^^^^^^^^^^^
  File "/usr/lib/python3.12/multiprocessing/connection.py", line 608, in __init__
    self._socket.bind(address)
OSError: AF_UNIX path too long
Traceback (most recent call last):
  File "/usr/lib/python3.12/multiprocessing/queues.py", line 264, in _feed
    obj = _ForkingPickler.dumps(obj)
          ^^^^^^^^^^^^^^^^^^^^^^^^^^
  File "/usr/lib/python3.12/multiprocessing/reduction.py", line 51, in dumps
    cls(buf, protocol).dump(obj)
  File "/usr/local/lib/python3.12/dist-packages/torch/multiprocessing/reductions.py", line 616, in reduce_storage
    df = multiprocessing.reduction.DupFd(fd)
         ^^^^^^^^^^^^^^^^^^^^^^^^^^^^^^^^^^^
  File "/usr/lib/python3.12/multiprocessing/reduction.py", line 198, in DupFd
    return resource_sharer.DupFd(fd)
           ^^^^^^^^^^^^^^^^^^^^^^^^^
  File "/usr/lib/python3.12/multiprocessing/resource_sharer.py", line 53, in __init__
    self._id = _resource_sharer.register(send, close)
               ^^^^^^^^^^^^^^^^^^^^^^^^^^^^^^^^^^^^^^
  File "/usr/lib/python3.12/multiprocessing/resource_sharer.py", line 76, in register
    self._start()
  File "/usr/lib/python3.12/multiprocessing/resource_sharer.py", line 126, in _start
    self._listener = Listener(authkey=process.current_process().authkey, backlog=128)
                     ^^^^^^^^^^^^^^^^^^^^^^^^^^^^^^^^^^^^^^^^^^^^^^^^^^^^^^^^^^^^^^^^
  File "/usr/lib/python3.12/multiprocessing/connection.py", line 464, in __init__
    self._listener = SocketListener(address, family, backlog)
                     ^^^^^^^^^^^^^^^^^^^^^^^^^^^^^^^^^^^^^^^^
  File "/usr/lib/python3.12/multiprocessing/connection.py", line 608, in __init__
    self._socket.bind(address)
OSError: AF_UNIX path too long
Traceback (most recent call last):
  File "/usr/lib/python3.12/multiprocessing/queues.py", line 264, in _feed
    obj = _ForkingPickler.dumps(obj)
          ^^^^^^^^^^^^^^^^^^^^^^^^^^
  File "/usr/lib/python3.12/multiprocessing/reduction.py", line 51, in dumps
    cls(buf, protocol).dump(obj)
  File "/usr/local/lib/python3.12/dist-packages/torch/multiprocessing/reductions.py", line 616, in reduce_storage
    df = multiprocessing.reduction.DupFd(fd)
         ^^^^^^^^^^^^^^^^^^^^^^^^^^^^^^^^^^^
  File "/usr/lib/python3.12/multiprocessing/reduction.py", line 198, in DupFd
    return resource_sharer.DupFd(fd)
           ^^^^^^^^^^^^^^^^^^^^^^^^^
  File "/usr/lib/python3.12/multiprocessing/resource_sharer.py", line 53, in __init__
    self._id = _resource_sharer.register(send, close)
               ^^^^^^^^^^^^^^^^^^^^^^^^^^^^^^^^^^^^^^
  File "/usr/lib/python3.12/multiprocessing/resource_sharer.py", line 76, in register
    self._start()
  File "/usr/lib/python3.12/multiprocessing/resource_sharer.py", line 126, in _start
    self._listener = Listener(authkey=process.current_process().authkey, backlog=128)
                     ^^^^^^^^^^^^^^^^^^^^^^^^^^^^^^^^^^^^^^^^^^^^^^^^^^^^^^^^^^^^^^^^
  File "/usr/lib/python3.12/multiprocessing/connection.py", line 464, in __init__
    self._listener = SocketListener(address, family, backlog)
                     ^^^^^^^^^^^^^^^^^^^^^^^^^^^^^^^^^^^^^^^^
  File "/usr/lib/python3.12/multiprocessing/connection.py", line 608, in __init__
    self._socket.bind(address)
OSError: AF_UNIX path too long
Traceback (most recent call last):
  File "/usr/lib/python3.12/multiprocessing/queues.py", line 264, in _feed
    obj = _ForkingPickler.dumps(obj)
          ^^^^^^^^^^^^^^^^^^^^^^^^^^
  File "/usr/lib/python3.12/multiprocessing/reduction.py", line 51, in dumps
    cls(buf, protocol).dump(obj)
  File "/usr/local/lib/python3.12/dist-packages/torch/multiprocessing/reductions.py", line 616, in reduce_storage
    df = multiprocessing.reduction.DupFd(fd)
         ^^^^^^^^^^^^^^^^^^^^^^^^^^^^^^^^^^^
  File "/usr/lib/python3.12/multiprocessing/reduction.py", line 198, in DupFd
    return resource_sharer.DupFd(fd)
           ^^^^^^^^^^^^^^^^^^^^^^^^^
  File "/usr/lib/python3.12/multiprocessing/resource_sharer.py", line 53, in __init__
    self._id = _resource_sharer.register(send, close)
               ^^^^^^^^^^^^^^^^^^^^^^^^^^^^^^^^^^^^^^
  File "/usr/lib/python3.12/multiprocessing/resource_sharer.py", line 76, in register
    self._start()
  File "/usr/lib/python3.12/multiprocessing/resource_sharer.py", line 126, in _start
    self._listener = Listener(authkey=process.current_process().authkey, backlog=128)
                     ^^^^^^^^^^^^^^^^^^^^^^^^^^^^^^^^^^^^^^^^^^^^^^^^^^^^^^^^^^^^^^^^
  File "/usr/lib/python3.12/multiprocessing/connection.py", line 464, in __init__
    self._listener = SocketListener(address, family, backlog)
                     ^^^^^^^^^^^^^^^^^^^^^^^^^^^^^^^^^^^^^^^^
  File "/usr/lib/python3.12/multiprocessing/connection.py", line 608, in __init__
    self._socket.bind(address)
OSError: AF_UNIX path too long
Traceback (most recent call last):
  File "/usr/lib/python3.12/multiprocessing/queues.py", line 264, in _feed
    obj = _ForkingPickler.dumps(obj)
          ^^^^^^^^^^^^^^^^^^^^^^^^^^
  File "/usr/lib/python3.12/multiprocessing/reduction.py", line 51, in dumps
    cls(buf, protocol).dump(obj)
  File "/usr/local/lib/python3.12/dist-packages/torch/multiprocessing/reductions.py", line 616, in reduce_storage
    df = multiprocessing.reduction.DupFd(fd)
         ^^^^^^^^^^^^^^^^^^^^^^^^^^^^^^^^^^^
  File "/usr/lib/python3.12/multiprocessing/reduction.py", line 198, in DupFd
    return resource_sharer.DupFd(fd)
           ^^^^^^^^^^^^^^^^^^^^^^^^^
  File "/usr/lib/python3.12/multiprocessing/resource_sharer.py", line 53, in __init__
    self._id = _resource_sharer.register(send, close)
               ^^^^^^^^^^^^^^^^^^^^^^^^^^^^^^^^^^^^^^
  File "/usr/lib/python3.12/multiprocessing/resource_sharer.py", line 76, in register
    self._start()
  File "/usr/lib/python3.12/multiprocessing/resource_sharer.py", line 126, in _start
    self._listener = Listener(authkey=process.current_process().authkey, backlog=128)
                     ^^^^^^^^^^^^^^^^^^^^^^^^^^^^^^^^^^^^^^^^^^^^^^^^^^^^^^^^^^^^^^^^
  File "/usr/lib/python3.12/multiprocessing/connection.py", line 464, in __init__
    self._listener = SocketListener(address, family, backlog)
                     ^^^^^^^^^^^^^^^^^^^^^^^^^^^^^^^^^^^^^^^^
  File "/usr/lib/python3.12/multiprocessing/connection.py", line 608, in __init__
    self._socket.bind(address)
OSError: AF_UNIX path too long
Traceback (most recent call last):
  File "/usr/lib/python3.12/multiprocessing/queues.py", line 264, in _feed
    obj = _ForkingPickler.dumps(obj)
          ^^^^^^^^^^^^^^^^^^^^^^^^^^
  File "/usr/lib/python3.12/multiprocessing/reduction.py", line 51, in dumps
    cls(buf, protocol).dump(obj)
  File "/usr/local/lib/python3.12/dist-packages/torch/multiprocessing/reductions.py", line 616, in reduce_storage
    df = multiprocessing.reduction.DupFd(fd)
         ^^^^^^^^^^^^^^^^^^^^^^^^^^^^^^^^^^^
  File "/usr/lib/python3.12/multiprocessing/reduction.py", line 198, in DupFd
    return resource_sharer.DupFd(fd)
           ^^^^^^^^^^^^^^^^^^^^^^^^^
  File "/usr/lib/python3.12/multiprocessing/resource_sharer.py", line 53, in __init__
    self._id = _resource_sharer.register(send, close)
               ^^^^^^^^^^^^^^^^^^^^^^^^^^^^^^^^^^^^^^
  File "/usr/lib/python3.12/multiprocessing/resource_sharer.py", line 76, in register
    self._start()
  File "/usr/lib/python3.12/multiprocessing/resource_sharer.py", line 126, in _start
    self._listener = Listener(authkey=process.current_process().authkey, backlog=128)
                     ^^^^^^^^^^^^^^^^^^^^^^^^^^^^^^^^^^^^^^^^^^^^^^^^^^^^^^^^^^^^^^^^
  File "/usr/lib/python3.12/multiprocessing/connection.py", line 464, in __init__
    self._listener = SocketListener(address, family, backlog)
                     ^^^^^^^^^^^^^^^^^^^^^^^^^^^^^^^^^^^^^^^^
  File "/usr/lib/python3.12/multiprocessing/connection.py", line 608, in __init__
    self._socket.bind(address)
OSError: AF_UNIX path too long
Traceback (most recent call last):
  File "/usr/lib/python3.12/multiprocessing/queues.py", line 264, in _feed
    obj = _ForkingPickler.dumps(obj)
          ^^^^^^^^^^^^^^^^^^^^^^^^^^
  File "/usr/lib/python3.12/multiprocessing/reduction.py", line 51, in dumps
    cls(buf, protocol).dump(obj)
  File "/usr/local/lib/python3.12/dist-packages/torch/multiprocessing/reductions.py", line 616, in reduce_storage
    df = multiprocessing.reduction.DupFd(fd)
         ^^^^^^^^^^^^^^^^^^^^^^^^^^^^^^^^^^^
  File "/usr/lib/python3.12/multiprocessing/reduction.py", line 198, in DupFd
    return resource_sharer.DupFd(fd)
           ^^^^^^^^^^^^^^^^^^^^^^^^^
  File "/usr/lib/python3.12/multiprocessing/resource_sharer.py", line 53, in __init__
    self._id = _resource_sharer.register(send, close)
               ^^^^^^^^^^^^^^^^^^^^^^^^^^^^^^^^^^^^^^
  File "/usr/lib/python3.12/multiprocessing/resource_sharer.py", line 76, in register
    self._start()
  File "/usr/lib/python3.12/multiprocessing/resource_sharer.py", line 126, in _start
    self._listener = Listener(authkey=process.current_process().authkey, backlog=128)
                     ^^^^^^^^^^^^^^^^^^^^^^^^^^^^^^^^^^^^^^^^^^^^^^^^^^^^^^^^^^^^^^^^
  File "/usr/lib/python3.12/multiprocessing/connection.py", line 464, in __init__
    self._listener = SocketListener(address, family, backlog)
                     ^^^^^^^^^^^^^^^^^^^^^^^^^^^^^^^^^^^^^^^^
  File "/usr/lib/python3.12/multiprocessing/connection.py", line 608, in __init__
    self._socket.bind(address)
OSError: AF_UNIX path too long
Traceback (most recent call last):
  File "/usr/lib/python3.12/multiprocessing/queues.py", line 264, in _feed
    obj = _ForkingPickler.dumps(obj)
          ^^^^^^^^^^^^^^^^^^^^^^^^^^
  File "/usr/lib/python3.12/multiprocessing/reduction.py", line 51, in dumps
    cls(buf, protocol).dump(obj)
  File "/usr/local/lib/python3.12/dist-packages/torch/multiprocessing/reductions.py", line 616, in reduce_storage
    df = multiprocessing.reduction.DupFd(fd)
         ^^^^^^^^^^^^^^^^^^^^^^^^^^^^^^^^^^^
  File "/usr/lib/python3.12/multiprocessing/reduction.py", line 198, in DupFd
    return resource_sharer.DupFd(fd)
           ^^^^^^^^^^^^^^^^^^^^^^^^^
  File "/usr/lib/python3.12/multiprocessing/resource_sharer.py", line 53, in __init__
    self._id = _resource_sharer.register(send, close)
               ^^^^^^^^^^^^^^^^^^^^^^^^^^^^^^^^^^^^^^
  File "/usr/lib/python3.12/multiprocessing/resource_sharer.py", line 76, in register
    self._start()
  File "/usr/lib/python3.12/multiprocessing/resource_sharer.py", line 126, in _start
    self._listener = Listener(authkey=process.current_process().authkey, backlog=128)
                     ^^^^^^^^^^^^^^^^^^^^^^^^^^^^^^^^^^^^^^^^^^^^^^^^^^^^^^^^^^^^^^^^
  File "/usr/lib/python3.12/multiprocessing/connection.py", line 464, in __init__
    self._listener = SocketListener(address, family, backlog)
                     ^^^^^^^^^^^^^^^^^^^^^^^^^^^^^^^^^^^^^^^^
  File "/usr/lib/python3.12/multiprocessing/connection.py", line 608, in __init__
    self._socket.bind(address)
OSError: AF_UNIX path too long
Traceback (most recent call last):
  File "/usr/lib/python3.12/multiprocessing/queues.py", line 264, in _feed
    obj = _ForkingPickler.dumps(obj)
          ^^^^^^^^^^^^^^^^^^^^^^^^^^
  File "/usr/lib/python3.12/multiprocessing/reduction.py", line 51, in dumps
    cls(buf, protocol).dump(obj)
  File "/usr/local/lib/python3.12/dist-packages/torch/multiprocessing/reductions.py", line 616, in reduce_storage
    df = multiprocessing.reduction.DupFd(fd)
         ^^^^^^^^^^^^^^^^^^^^^^^^^^^^^^^^^^^
  File "/usr/lib/python3.12/multiprocessing/reduction.py", line 198, in DupFd
    return resource_sharer.DupFd(fd)
           ^^^^^^^^^^^^^^^^^^^^^^^^^
  File "/usr/lib/python3.12/multiprocessing/resource_sharer.py", line 53, in __init__
    self._id = _resource_sharer.register(send, close)
               ^^^^^^^^^^^^^^^^^^^^^^^^^^^^^^^^^^^^^^
  File "/usr/lib/python3.12/multiprocessing/resource_sharer.py", line 76, in register
    self._start()
  File "/usr/lib/python3.12/multiprocessing/resource_sharer.py", line 126, in _start
    self._listener = Listener(authkey=process.current_process().authkey, backlog=128)
                     ^^^^^^^^^^^^^^^^^^^^^^^^^^^^^^^^^^^^^^^^^^^^^^^^^^^^^^^^^^^^^^^^
  File "/usr/lib/python3.12/multiprocessing/connection.py", line 464, in __init__
    self._listener = SocketListener(address, family, backlog)
                     ^^^^^^^^^^^^^^^^^^^^^^^^^^^^^^^^^^^^^^^^
  File "/usr/lib/python3.12/multiprocessing/connection.py", line 608, in __init__
    self._socket.bind(address)
OSError: AF_UNIX path too long
Traceback (most recent call last):
  File "/usr/lib/python3.12/multiprocessing/queues.py", line 264, in _feed
    obj = _ForkingPickler.dumps(obj)
          ^^^^^^^^^^^^^^^^^^^^^^^^^^
  File "/usr/lib/python3.12/multiprocessing/reduction.py", line 51, in dumps
    cls(buf, protocol).dump(obj)
  File "/usr/local/lib/python3.12/dist-packages/torch/multiprocessing/reductions.py", line 616, in reduce_storage
    df = multiprocessing.reduction.DupFd(fd)
         ^^^^^^^^^^^^^^^^^^^^^^^^^^^^^^^^^^^
  File "/usr/lib/python3.12/multiprocessing/reduction.py", line 198, in DupFd
    return resource_sharer.DupFd(fd)
           ^^^^^^^^^^^^^^^^^^^^^^^^^
  File "/usr/lib/python3.12/multiprocessing/resource_sharer.py", line 53, in __init__
    self._id = _resource_sharer.register(send, close)
               ^^^^^^^^^^^^^^^^^^^^^^^^^^^^^^^^^^^^^^
  File "/usr/lib/python3.12/multiprocessing/resource_sharer.py", line 76, in register
    self._start()
  File "/usr/lib/python3.12/multiprocessing/resource_sharer.py", line 126, in _start
    self._listener = Listener(authkey=process.current_process().authkey, backlog=128)
                     ^^^^^^^^^^^^^^^^^^^^^^^^^^^^^^^^^^^^^^^^^^^^^^^^^^^^^^^^^^^^^^^^
  File "/usr/lib/python3.12/multiprocessing/connection.py", line 464, in __init__
    self._listener = SocketListener(address, family, backlog)
                     ^^^^^^^^^^^^^^^^^^^^^^^^^^^^^^^^^^^^^^^^
  File "/usr/lib/python3.12/multiprocessing/connection.py", line 608, in __init__
    self._socket.bind(address)
OSError: AF_UNIX path too long
Traceback (most recent call last):
  File "/usr/lib/python3.12/multiprocessing/queues.py", line 264, in _feed
    obj = _ForkingPickler.dumps(obj)
          ^^^^^^^^^^^^^^^^^^^^^^^^^^
  File "/usr/lib/python3.12/multiprocessing/reduction.py", line 51, in dumps
    cls(buf, protocol).dump(obj)
  File "/usr/local/lib/python3.12/dist-packages/torch/multiprocessing/reductions.py", line 616, in reduce_storage
    df = multiprocessing.reduction.DupFd(fd)
         ^^^^^^^^^^^^^^^^^^^^^^^^^^^^^^^^^^^
  File "/usr/lib/python3.12/multiprocessing/reduction.py", line 198, in DupFd
    return resource_sharer.DupFd(fd)
           ^^^^^^^^^^^^^^^^^^^^^^^^^
  File "/usr/lib/python3.12/multiprocessing/resource_sharer.py", line 53, in __init__
    self._id = _resource_sharer.register(send, close)
               ^^^^^^^^^^^^^^^^^^^^^^^^^^^^^^^^^^^^^^
  File "/usr/lib/python3.12/multiprocessing/resource_sharer.py", line 76, in register
    self._start()
  File "/usr/lib/python3.12/multiprocessing/resource_sharer.py", line 126, in _start
    self._listener = Listener(authkey=process.current_process().authkey, backlog=128)
                     ^^^^^^^^^^^^^^^^^^^^^^^^^^^^^^^^^^^^^^^^^^^^^^^^^^^^^^^^^^^^^^^^
  File "/usr/lib/python3.12/multiprocessing/connection.py", line 464, in __init__
    self._listener = SocketListener(address, family, backlog)
                     ^^^^^^^^^^^^^^^^^^^^^^^^^^^^^^^^^^^^^^^^
  File "/usr/lib/python3.12/multiprocessing/connection.py", line 608, in __init__
    self._socket.bind(address)
OSError: AF_UNIX path too long
Traceback (most recent call last):
  File "/usr/lib/python3.12/multiprocessing/queues.py", line 264, in _feed
    obj = _ForkingPickler.dumps(obj)
          ^^^^^^^^^^^^^^^^^^^^^^^^^^
  File "/usr/lib/python3.12/multiprocessing/reduction.py", line 51, in dumps
    cls(buf, protocol).dump(obj)
  File "/usr/local/lib/python3.12/dist-packages/torch/multiprocessing/reductions.py", line 616, in reduce_storage
    df = multiprocessing.reduction.DupFd(fd)
         ^^^^^^^^^^^^^^^^^^^^^^^^^^^^^^^^^^^
  File "/usr/lib/python3.12/multiprocessing/reduction.py", line 198, in DupFd
    return resource_sharer.DupFd(fd)
           ^^^^^^^^^^^^^^^^^^^^^^^^^
  File "/usr/lib/python3.12/multiprocessing/resource_sharer.py", line 53, in __init__
    self._id = _resource_sharer.register(send, close)
               ^^^^^^^^^^^^^^^^^^^^^^^^^^^^^^^^^^^^^^
  File "/usr/lib/python3.12/multiprocessing/resource_sharer.py", line 76, in register
    self._start()
  File "/usr/lib/python3.12/multiprocessing/resource_sharer.py", line 126, in _start
    self._listener = Listener(authkey=process.current_process().authkey, backlog=128)
                     ^^^^^^^^^^^^^^^^^^^^^^^^^^^^^^^^^^^^^^^^^^^^^^^^^^^^^^^^^^^^^^^^
  File "/usr/lib/python3.12/multiprocessing/connection.py", line 464, in __init__
    self._listener = SocketListener(address, family, backlog)
                     ^^^^^^^^^^^^^^^^^^^^^^^^^^^^^^^^^^^^^^^^
  File "/usr/lib/python3.12/multiprocessing/connection.py", line 608, in __init__
    self._socket.bind(address)
OSError: AF_UNIX path too long
Traceback (most recent call last):
  File "/usr/lib/python3.12/multiprocessing/queues.py", line 264, in _feed
    obj = _ForkingPickler.dumps(obj)
          ^^^^^^^^^^^^^^^^^^^^^^^^^^
  File "/usr/lib/python3.12/multiprocessing/reduction.py", line 51, in dumps
    cls(buf, protocol).dump(obj)
  File "/usr/local/lib/python3.12/dist-packages/torch/multiprocessing/reductions.py", line 616, in reduce_storage
    df = multiprocessing.reduction.DupFd(fd)
         ^^^^^^^^^^^^^^^^^^^^^^^^^^^^^^^^^^^
  File "/usr/lib/python3.12/multiprocessing/reduction.py", line 198, in DupFd
    return resource_sharer.DupFd(fd)
           ^^^^^^^^^^^^^^^^^^^^^^^^^
  File "/usr/lib/python3.12/multiprocessing/resource_sharer.py", line 53, in __init__
    self._id = _resource_sharer.register(send, close)
               ^^^^^^^^^^^^^^^^^^^^^^^^^^^^^^^^^^^^^^
  File "/usr/lib/python3.12/multiprocessing/resource_sharer.py", line 76, in register
    self._start()
  File "/usr/lib/python3.12/multiprocessing/resource_sharer.py", line 126, in _start
    self._listener = Listener(authkey=process.current_process().authkey, backlog=128)
                     ^^^^^^^^^^^^^^^^^^^^^^^^^^^^^^^^^^^^^^^^^^^^^^^^^^^^^^^^^^^^^^^^
  File "/usr/lib/python3.12/multiprocessing/connection.py", line 464, in __init__
    self._listener = SocketListener(address, family, backlog)
                     ^^^^^^^^^^^^^^^^^^^^^^^^^^^^^^^^^^^^^^^^
  File "/usr/lib/python3.12/multiprocessing/connection.py", line 608, in __init__
    self._socket.bind(address)
OSError: AF_UNIX path too long
Traceback (most recent call last):
  File "/usr/lib/python3.12/multiprocessing/queues.py", line 264, in _feed
    obj = _ForkingPickler.dumps(obj)
          ^^^^^^^^^^^^^^^^^^^^^^^^^^
  File "/usr/lib/python3.12/multiprocessing/reduction.py", line 51, in dumps
    cls(buf, protocol).dump(obj)
  File "/usr/local/lib/python3.12/dist-packages/torch/multiprocessing/reductions.py", line 616, in reduce_storage
    df = multiprocessing.reduction.DupFd(fd)
         ^^^^^^^^^^^^^^^^^^^^^^^^^^^^^^^^^^^
  File "/usr/lib/python3.12/multiprocessing/reduction.py", line 198, in DupFd
    return resource_sharer.DupFd(fd)
           ^^^^^^^^^^^^^^^^^^^^^^^^^
  File "/usr/lib/python3.12/multiprocessing/resource_sharer.py", line 53, in __init__
    self._id = _resource_sharer.register(send, close)
               ^^^^^^^^^^^^^^^^^^^^^^^^^^^^^^^^^^^^^^
  File "/usr/lib/python3.12/multiprocessing/resource_sharer.py", line 76, in register
    self._start()
  File "/usr/lib/python3.12/multiprocessing/resource_sharer.py", line 126, in _start
    self._listener = Listener(authkey=process.current_process().authkey, backlog=128)
                     ^^^^^^^^^^^^^^^^^^^^^^^^^^^^^^^^^^^^^^^^^^^^^^^^^^^^^^^^^^^^^^^^
  File "/usr/lib/python3.12/multiprocessing/connection.py", line 464, in __init__
    self._listener = SocketListener(address, family, backlog)
                     ^^^^^^^^^^^^^^^^^^^^^^^^^^^^^^^^^^^^^^^^
  File "/usr/lib/python3.12/multiprocessing/connection.py", line 608, in __init__
    self._socket.bind(address)
OSError: AF_UNIX path too long
Traceback (most recent call last):
  File "/usr/lib/python3.12/multiprocessing/queues.py", line 264, in _feed
    obj = _ForkingPickler.dumps(obj)
          ^^^^^^^^^^^^^^^^^^^^^^^^^^
  File "/usr/lib/python3.12/multiprocessing/reduction.py", line 51, in dumps
    cls(buf, protocol).dump(obj)
  File "/usr/local/lib/python3.12/dist-packages/torch/multiprocessing/reductions.py", line 616, in reduce_storage
    df = multiprocessing.reduction.DupFd(fd)
         ^^^^^^^^^^^^^^^^^^^^^^^^^^^^^^^^^^^
  File "/usr/lib/python3.12/multiprocessing/reduction.py", line 198, in DupFd
    return resource_sharer.DupFd(fd)
           ^^^^^^^^^^^^^^^^^^^^^^^^^
  File "/usr/lib/python3.12/multiprocessing/resource_sharer.py", line 53, in __init__
    self._id = _resource_sharer.register(send, close)
               ^^^^^^^^^^^^^^^^^^^^^^^^^^^^^^^^^^^^^^
  File "/usr/lib/python3.12/multiprocessing/resource_sharer.py", line 76, in register
    self._start()
  File "/usr/lib/python3.12/multiprocessing/resource_sharer.py", line 126, in _start
    self._listener = Listener(authkey=process.current_process().authkey, backlog=128)
                     ^^^^^^^^^^^^^^^^^^^^^^^^^^^^^^^^^^^^^^^^^^^^^^^^^^^^^^^^^^^^^^^^
  File "/usr/lib/python3.12/multiprocessing/connection.py", line 464, in __init__
    self._listener = SocketListener(address, family, backlog)
                     ^^^^^^^^^^^^^^^^^^^^^^^^^^^^^^^^^^^^^^^^
  File "/usr/lib/python3.12/multiprocessing/connection.py", line 608, in __init__
    self._socket.bind(address)
OSError: AF_UNIX path too long
Traceback (most recent call last):
  File "/usr/lib/python3.12/multiprocessing/queues.py", line 264, in _feed
    obj = _ForkingPickler.dumps(obj)
          ^^^^^^^^^^^^^^^^^^^^^^^^^^
  File "/usr/lib/python3.12/multiprocessing/reduction.py", line 51, in dumps
    cls(buf, protocol).dump(obj)
  File "/usr/local/lib/python3.12/dist-packages/torch/multiprocessing/reductions.py", line 616, in reduce_storage
    df = multiprocessing.reduction.DupFd(fd)
         ^^^^^^^^^^^^^^^^^^^^^^^^^^^^^^^^^^^
  File "/usr/lib/python3.12/multiprocessing/reduction.py", line 198, in DupFd
    return resource_sharer.DupFd(fd)
           ^^^^^^^^^^^^^^^^^^^^^^^^^
  File "/usr/lib/python3.12/multiprocessing/resource_sharer.py", line 53, in __init__
    self._id = _resource_sharer.register(send, close)
               ^^^^^^^^^^^^^^^^^^^^^^^^^^^^^^^^^^^^^^
  File "/usr/lib/python3.12/multiprocessing/resource_sharer.py", line 76, in register
    self._start()
  File "/usr/lib/python3.12/multiprocessing/resource_sharer.py", line 126, in _start
    self._listener = Listener(authkey=process.current_process().authkey, backlog=128)
                     ^^^^^^^^^^^^^^^^^^^^^^^^^^^^^^^^^^^^^^^^^^^^^^^^^^^^^^^^^^^^^^^^
  File "/usr/lib/python3.12/multiprocessing/connection.py", line 464, in __init__
    self._listener = SocketListener(address, family, backlog)
                     ^^^^^^^^^^^^^^^^^^^^^^^^^^^^^^^^^^^^^^^^
  File "/usr/lib/python3.12/multiprocessing/connection.py", line 608, in __init__
    self._socket.bind(address)
OSError: AF_UNIX path too long
Traceback (most recent call last):
  File "/usr/lib/python3.12/multiprocessing/queues.py", line 264, in _feed
    obj = _ForkingPickler.dumps(obj)
          ^^^^^^^^^^^^^^^^^^^^^^^^^^
  File "/usr/lib/python3.12/multiprocessing/reduction.py", line 51, in dumps
    cls(buf, protocol).dump(obj)
  File "/usr/local/lib/python3.12/dist-packages/torch/multiprocessing/reductions.py", line 616, in reduce_storage
    df = multiprocessing.reduction.DupFd(fd)
         ^^^^^^^^^^^^^^^^^^^^^^^^^^^^^^^^^^^
  File "/usr/lib/python3.12/multiprocessing/reduction.py", line 198, in DupFd
    return resource_sharer.DupFd(fd)
           ^^^^^^^^^^^^^^^^^^^^^^^^^
  File "/usr/lib/python3.12/multiprocessing/resource_sharer.py", line 53, in __init__
    self._id = _resource_sharer.register(send, close)
               ^^^^^^^^^^^^^^^^^^^^^^^^^^^^^^^^^^^^^^
  File "/usr/lib/python3.12/multiprocessing/resource_sharer.py", line 76, in register
    self._start()
  File "/usr/lib/python3.12/multiprocessing/resource_sharer.py", line 126, in _start
    self._listener = Listener(authkey=process.current_process().authkey, backlog=128)
                     ^^^^^^^^^^^^^^^^^^^^^^^^^^^^^^^^^^^^^^^^^^^^^^^^^^^^^^^^^^^^^^^^
  File "/usr/lib/python3.12/multiprocessing/connection.py", line 464, in __init__
    self._listener = SocketListener(address, family, backlog)
                     ^^^^^^^^^^^^^^^^^^^^^^^^^^^^^^^^^^^^^^^^
  File "/usr/lib/python3.12/multiprocessing/connection.py", line 608, in __init__
    self._socket.bind(address)
OSError: AF_UNIX path too long
Traceback (most recent call last):
  File "/usr/lib/python3.12/multiprocessing/queues.py", line 264, in _feed
    obj = _ForkingPickler.dumps(obj)
          ^^^^^^^^^^^^^^^^^^^^^^^^^^
  File "/usr/lib/python3.12/multiprocessing/reduction.py", line 51, in dumps
    cls(buf, protocol).dump(obj)
  File "/usr/local/lib/python3.12/dist-packages/torch/multiprocessing/reductions.py", line 616, in reduce_storage
    df = multiprocessing.reduction.DupFd(fd)
         ^^^^^^^^^^^^^^^^^^^^^^^^^^^^^^^^^^^
  File "/usr/lib/python3.12/multiprocessing/reduction.py", line 198, in DupFd
    return resource_sharer.DupFd(fd)
           ^^^^^^^^^^^^^^^^^^^^^^^^^
  File "/usr/lib/python3.12/multiprocessing/resource_sharer.py", line 53, in __init__
    self._id = _resource_sharer.register(send, close)
               ^^^^^^^^^^^^^^^^^^^^^^^^^^^^^^^^^^^^^^
  File "/usr/lib/python3.12/multiprocessing/resource_sharer.py", line 76, in register
    self._start()
  File "/usr/lib/python3.12/multiprocessing/resource_sharer.py", line 126, in _start
    self._listener = Listener(authkey=process.current_process().authkey, backlog=128)
                     ^^^^^^^^^^^^^^^^^^^^^^^^^^^^^^^^^^^^^^^^^^^^^^^^^^^^^^^^^^^^^^^^
  File "/usr/lib/python3.12/multiprocessing/connection.py", line 464, in __init__
    self._listener = SocketListener(address, family, backlog)
                     ^^^^^^^^^^^^^^^^^^^^^^^^^^^^^^^^^^^^^^^^
  File "/usr/lib/python3.12/multiprocessing/connection.py", line 608, in __init__
    self._socket.bind(address)
OSError: AF_UNIX path too long
Traceback (most recent call last):
  File "/usr/lib/python3.12/multiprocessing/queues.py", line 264, in _feed
    obj = _ForkingPickler.dumps(obj)
          ^^^^^^^^^^^^^^^^^^^^^^^^^^
  File "/usr/lib/python3.12/multiprocessing/reduction.py", line 51, in dumps
    cls(buf, protocol).dump(obj)
  File "/usr/local/lib/python3.12/dist-packages/torch/multiprocessing/reductions.py", line 616, in reduce_storage
    df = multiprocessing.reduction.DupFd(fd)
         ^^^^^^^^^^^^^^^^^^^^^^^^^^^^^^^^^^^
  File "/usr/lib/python3.12/multiprocessing/reduction.py", line 198, in DupFd
    return resource_sharer.DupFd(fd)
           ^^^^^^^^^^^^^^^^^^^^^^^^^
  File "/usr/lib/python3.12/multiprocessing/resource_sharer.py", line 53, in __init__
    self._id = _resource_sharer.register(send, close)
               ^^^^^^^^^^^^^^^^^^^^^^^^^^^^^^^^^^^^^^
  File "/usr/lib/python3.12/multiprocessing/resource_sharer.py", line 76, in register
    self._start()
  File "/usr/lib/python3.12/multiprocessing/resource_sharer.py", line 126, in _start
    self._listener = Listener(authkey=process.current_process().authkey, backlog=128)
                     ^^^^^^^^^^^^^^^^^^^^^^^^^^^^^^^^^^^^^^^^^^^^^^^^^^^^^^^^^^^^^^^^
  File "/usr/lib/python3.12/multiprocessing/connection.py", line 464, in __init__
    self._listener = SocketListener(address, family, backlog)
                     ^^^^^^^^^^^^^^^^^^^^^^^^^^^^^^^^^^^^^^^^
  File "/usr/lib/python3.12/multiprocessing/connection.py", line 608, in __init__
    self._socket.bind(address)
OSError: AF_UNIX path too long
Traceback (most recent call last):
  File "/usr/lib/python3.12/multiprocessing/queues.py", line 264, in _feed
    obj = _ForkingPickler.dumps(obj)
          ^^^^^^^^^^^^^^^^^^^^^^^^^^
  File "/usr/lib/python3.12/multiprocessing/reduction.py", line 51, in dumps
    cls(buf, protocol).dump(obj)
  File "/usr/local/lib/python3.12/dist-packages/torch/multiprocessing/reductions.py", line 616, in reduce_storage
    df = multiprocessing.reduction.DupFd(fd)
         ^^^^^^^^^^^^^^^^^^^^^^^^^^^^^^^^^^^
  File "/usr/lib/python3.12/multiprocessing/reduction.py", line 198, in DupFd
    return resource_sharer.DupFd(fd)
           ^^^^^^^^^^^^^^^^^^^^^^^^^
  File "/usr/lib/python3.12/multiprocessing/resource_sharer.py", line 53, in __init__
    self._id = _resource_sharer.register(send, close)
               ^^^^^^^^^^^^^^^^^^^^^^^^^^^^^^^^^^^^^^
  File "/usr/lib/python3.12/multiprocessing/resource_sharer.py", line 76, in register
    self._start()
  File "/usr/lib/python3.12/multiprocessing/resource_sharer.py", line 126, in _start
    self._listener = Listener(authkey=process.current_process().authkey, backlog=128)
                     ^^^^^^^^^^^^^^^^^^^^^^^^^^^^^^^^^^^^^^^^^^^^^^^^^^^^^^^^^^^^^^^^
  File "/usr/lib/python3.12/multiprocessing/connection.py", line 464, in __init__
    self._listener = SocketListener(address, family, backlog)
                     ^^^^^^^^^^^^^^^^^^^^^^^^^^^^^^^^^^^^^^^^
  File "/usr/lib/python3.12/multiprocessing/connection.py", line 608, in __init__
    self._socket.bind(address)
OSError: AF_UNIX path too long
Traceback (most recent call last):
  File "/usr/lib/python3.12/multiprocessing/queues.py", line 264, in _feed
    obj = _ForkingPickler.dumps(obj)
          ^^^^^^^^^^^^^^^^^^^^^^^^^^
  File "/usr/lib/python3.12/multiprocessing/reduction.py", line 51, in dumps
    cls(buf, protocol).dump(obj)
  File "/usr/local/lib/python3.12/dist-packages/torch/multiprocessing/reductions.py", line 616, in reduce_storage
    df = multiprocessing.reduction.DupFd(fd)
         ^^^^^^^^^^^^^^^^^^^^^^^^^^^^^^^^^^^
  File "/usr/lib/python3.12/multiprocessing/reduction.py", line 198, in DupFd
    return resource_sharer.DupFd(fd)
           ^^^^^^^^^^^^^^^^^^^^^^^^^
  File "/usr/lib/python3.12/multiprocessing/resource_sharer.py", line 53, in __init__
    self._id = _resource_sharer.register(send, close)
               ^^^^^^^^^^^^^^^^^^^^^^^^^^^^^^^^^^^^^^
  File "/usr/lib/python3.12/multiprocessing/resource_sharer.py", line 76, in register
    self._start()
  File "/usr/lib/python3.12/multiprocessing/resource_sharer.py", line 126, in _start
    self._listener = Listener(authkey=process.current_process().authkey, backlog=128)
                     ^^^^^^^^^^^^^^^^^^^^^^^^^^^^^^^^^^^^^^^^^^^^^^^^^^^^^^^^^^^^^^^^
  File "/usr/lib/python3.12/multiprocessing/connection.py", line 464, in __init__
    self._listener = SocketListener(address, family, backlog)
                     ^^^^^^^^^^^^^^^^^^^^^^^^^^^^^^^^^^^^^^^^
  File "/usr/lib/python3.12/multiprocessing/connection.py", line 608, in __init__
    self._socket.bind(address)
OSError: AF_UNIX path too long
Traceback (most recent call last):
  File "/usr/lib/python3.12/multiprocessing/queues.py", line 264, in _feed
    obj = _ForkingPickler.dumps(obj)
          ^^^^^^^^^^^^^^^^^^^^^^^^^^
  File "/usr/lib/python3.12/multiprocessing/reduction.py", line 51, in dumps
    cls(buf, protocol).dump(obj)
  File "/usr/local/lib/python3.12/dist-packages/torch/multiprocessing/reductions.py", line 616, in reduce_storage
    df = multiprocessing.reduction.DupFd(fd)
         ^^^^^^^^^^^^^^^^^^^^^^^^^^^^^^^^^^^
  File "/usr/lib/python3.12/multiprocessing/reduction.py", line 198, in DupFd
    return resource_sharer.DupFd(fd)
           ^^^^^^^^^^^^^^^^^^^^^^^^^
  File "/usr/lib/python3.12/multiprocessing/resource_sharer.py", line 53, in __init__
    self._id = _resource_sharer.register(send, close)
               ^^^^^^^^^^^^^^^^^^^^^^^^^^^^^^^^^^^^^^
  File "/usr/lib/python3.12/multiprocessing/resource_sharer.py", line 76, in register
    self._start()
  File "/usr/lib/python3.12/multiprocessing/resource_sharer.py", line 126, in _start
    self._listener = Listener(authkey=process.current_process().authkey, backlog=128)
                     ^^^^^^^^^^^^^^^^^^^^^^^^^^^^^^^^^^^^^^^^^^^^^^^^^^^^^^^^^^^^^^^^
  File "/usr/lib/python3.12/multiprocessing/connection.py", line 464, in __init__
    self._listener = SocketListener(address, family, backlog)
                     ^^^^^^^^^^^^^^^^^^^^^^^^^^^^^^^^^^^^^^^^
  File "/usr/lib/python3.12/multiprocessing/connection.py", line 608, in __init__
    self._socket.bind(address)
OSError: AF_UNIX path too long
Traceback (most recent call last):
  File "/usr/lib/python3.12/multiprocessing/queues.py", line 264, in _feed
    obj = _ForkingPickler.dumps(obj)
          ^^^^^^^^^^^^^^^^^^^^^^^^^^
  File "/usr/lib/python3.12/multiprocessing/reduction.py", line 51, in dumps
    cls(buf, protocol).dump(obj)
  File "/usr/local/lib/python3.12/dist-packages/torch/multiprocessing/reductions.py", line 616, in reduce_storage
    df = multiprocessing.reduction.DupFd(fd)
         ^^^^^^^^^^^^^^^^^^^^^^^^^^^^^^^^^^^
  File "/usr/lib/python3.12/multiprocessing/reduction.py", line 198, in DupFd
    return resource_sharer.DupFd(fd)
           ^^^^^^^^^^^^^^^^^^^^^^^^^
  File "/usr/lib/python3.12/multiprocessing/resource_sharer.py", line 53, in __init__
    self._id = _resource_sharer.register(send, close)
               ^^^^^^^^^^^^^^^^^^^^^^^^^^^^^^^^^^^^^^
  File "/usr/lib/python3.12/multiprocessing/resource_sharer.py", line 76, in register
    self._start()
  File "/usr/lib/python3.12/multiprocessing/resource_sharer.py", line 126, in _start
    self._listener = Listener(authkey=process.current_process().authkey, backlog=128)
                     ^^^^^^^^^^^^^^^^^^^^^^^^^^^^^^^^^^^^^^^^^^^^^^^^^^^^^^^^^^^^^^^^
  File "/usr/lib/python3.12/multiprocessing/connection.py", line 464, in __init__
    self._listener = SocketListener(address, family, backlog)
                     ^^^^^^^^^^^^^^^^^^^^^^^^^^^^^^^^^^^^^^^^
  File "/usr/lib/python3.12/multiprocessing/connection.py", line 608, in __init__
    self._socket.bind(address)
OSError: AF_UNIX path too long
Traceback (most recent call last):
  File "/usr/lib/python3.12/multiprocessing/queues.py", line 264, in _feed
    obj = _ForkingPickler.dumps(obj)
          ^^^^^^^^^^^^^^^^^^^^^^^^^^
  File "/usr/lib/python3.12/multiprocessing/reduction.py", line 51, in dumps
    cls(buf, protocol).dump(obj)
  File "/usr/local/lib/python3.12/dist-packages/torch/multiprocessing/reductions.py", line 616, in reduce_storage
    df = multiprocessing.reduction.DupFd(fd)
         ^^^^^^^^^^^^^^^^^^^^^^^^^^^^^^^^^^^
  File "/usr/lib/python3.12/multiprocessing/reduction.py", line 198, in DupFd
    return resource_sharer.DupFd(fd)
           ^^^^^^^^^^^^^^^^^^^^^^^^^
  File "/usr/lib/python3.12/multiprocessing/resource_sharer.py", line 53, in __init__
    self._id = _resource_sharer.register(send, close)
               ^^^^^^^^^^^^^^^^^^^^^^^^^^^^^^^^^^^^^^
  File "/usr/lib/python3.12/multiprocessing/resource_sharer.py", line 76, in register
    self._start()
  File "/usr/lib/python3.12/multiprocessing/resource_sharer.py", line 126, in _start
    self._listener = Listener(authkey=process.current_process().authkey, backlog=128)
                     ^^^^^^^^^^^^^^^^^^^^^^^^^^^^^^^^^^^^^^^^^^^^^^^^^^^^^^^^^^^^^^^^
  File "/usr/lib/python3.12/multiprocessing/connection.py", line 464, in __init__
    self._listener = SocketListener(address, family, backlog)
                     ^^^^^^^^^^^^^^^^^^^^^^^^^^^^^^^^^^^^^^^^
  File "/usr/lib/python3.12/multiprocessing/connection.py", line 608, in __init__
    self._socket.bind(address)
OSError: AF_UNIX path too long
Traceback (most recent call last):
  File "/usr/lib/python3.12/multiprocessing/queues.py", line 264, in _feed
    obj = _ForkingPickler.dumps(obj)
          ^^^^^^^^^^^^^^^^^^^^^^^^^^
  File "/usr/lib/python3.12/multiprocessing/reduction.py", line 51, in dumps
    cls(buf, protocol).dump(obj)
  File "/usr/local/lib/python3.12/dist-packages/torch/multiprocessing/reductions.py", line 616, in reduce_storage
    df = multiprocessing.reduction.DupFd(fd)
         ^^^^^^^^^^^^^^^^^^^^^^^^^^^^^^^^^^^
  File "/usr/lib/python3.12/multiprocessing/reduction.py", line 198, in DupFd
    return resource_sharer.DupFd(fd)
           ^^^^^^^^^^^^^^^^^^^^^^^^^
  File "/usr/lib/python3.12/multiprocessing/resource_sharer.py", line 53, in __init__
    self._id = _resource_sharer.register(send, close)
               ^^^^^^^^^^^^^^^^^^^^^^^^^^^^^^^^^^^^^^
  File "/usr/lib/python3.12/multiprocessing/resource_sharer.py", line 76, in register
    self._start()
  File "/usr/lib/python3.12/multiprocessing/resource_sharer.py", line 126, in _start
    self._listener = Listener(authkey=process.current_process().authkey, backlog=128)
                     ^^^^^^^^^^^^^^^^^^^^^^^^^^^^^^^^^^^^^^^^^^^^^^^^^^^^^^^^^^^^^^^^
  File "/usr/lib/python3.12/multiprocessing/connection.py", line 464, in __init__
    self._listener = SocketListener(address, family, backlog)
                     ^^^^^^^^^^^^^^^^^^^^^^^^^^^^^^^^^^^^^^^^
  File "/usr/lib/python3.12/multiprocessing/connection.py", line 608, in __init__
    self._socket.bind(address)
OSError: AF_UNIX path too long
Traceback (most recent call last):
  File "/usr/lib/python3.12/multiprocessing/queues.py", line 264, in _feed
    obj = _ForkingPickler.dumps(obj)
          ^^^^^^^^^^^^^^^^^^^^^^^^^^
  File "/usr/lib/python3.12/multiprocessing/reduction.py", line 51, in dumps
    cls(buf, protocol).dump(obj)
  File "/usr/local/lib/python3.12/dist-packages/torch/multiprocessing/reductions.py", line 616, in reduce_storage
    df = multiprocessing.reduction.DupFd(fd)
         ^^^^^^^^^^^^^^^^^^^^^^^^^^^^^^^^^^^
  File "/usr/lib/python3.12/multiprocessing/reduction.py", line 198, in DupFd
    return resource_sharer.DupFd(fd)
           ^^^^^^^^^^^^^^^^^^^^^^^^^
  File "/usr/lib/python3.12/multiprocessing/resource_sharer.py", line 53, in __init__
    self._id = _resource_sharer.register(send, close)
               ^^^^^^^^^^^^^^^^^^^^^^^^^^^^^^^^^^^^^^
  File "/usr/lib/python3.12/multiprocessing/resource_sharer.py", line 76, in register
    self._start()
  File "/usr/lib/python3.12/multiprocessing/resource_sharer.py", line 126, in _start
    self._listener = Listener(authkey=process.current_process().authkey, backlog=128)
                     ^^^^^^^^^^^^^^^^^^^^^^^^^^^^^^^^^^^^^^^^^^^^^^^^^^^^^^^^^^^^^^^^
  File "/usr/lib/python3.12/multiprocessing/connection.py", line 464, in __init__
    self._listener = SocketListener(address, family, backlog)
                     ^^^^^^^^^^^^^^^^^^^^^^^^^^^^^^^^^^^^^^^^
  File "/usr/lib/python3.12/multiprocessing/connection.py", line 608, in __init__
    self._socket.bind(address)
OSError: AF_UNIX path too long
Traceback (most recent call last):
  File "/usr/lib/python3.12/multiprocessing/queues.py", line 264, in _feed
    obj = _ForkingPickler.dumps(obj)
          ^^^^^^^^^^^^^^^^^^^^^^^^^^
  File "/usr/lib/python3.12/multiprocessing/reduction.py", line 51, in dumps
    cls(buf, protocol).dump(obj)
  File "/usr/local/lib/python3.12/dist-packages/torch/multiprocessing/reductions.py", line 616, in reduce_storage
    df = multiprocessing.reduction.DupFd(fd)
         ^^^^^^^^^^^^^^^^^^^^^^^^^^^^^^^^^^^
  File "/usr/lib/python3.12/multiprocessing/reduction.py", line 198, in DupFd
    return resource_sharer.DupFd(fd)
           ^^^^^^^^^^^^^^^^^^^^^^^^^
  File "/usr/lib/python3.12/multiprocessing/resource_sharer.py", line 53, in __init__
    self._id = _resource_sharer.register(send, close)
               ^^^^^^^^^^^^^^^^^^^^^^^^^^^^^^^^^^^^^^
  File "/usr/lib/python3.12/multiprocessing/resource_sharer.py", line 76, in register
    self._start()
  File "/usr/lib/python3.12/multiprocessing/resource_sharer.py", line 126, in _start
    self._listener = Listener(authkey=process.current_process().authkey, backlog=128)
                     ^^^^^^^^^^^^^^^^^^^^^^^^^^^^^^^^^^^^^^^^^^^^^^^^^^^^^^^^^^^^^^^^
  File "/usr/lib/python3.12/multiprocessing/connection.py", line 464, in __init__
    self._listener = SocketListener(address, family, backlog)
                     ^^^^^^^^^^^^^^^^^^^^^^^^^^^^^^^^^^^^^^^^
  File "/usr/lib/python3.12/multiprocessing/connection.py", line 608, in __init__
    self._socket.bind(address)
OSError: AF_UNIX path too long
Traceback (most recent call last):
  File "/usr/lib/python3.12/multiprocessing/queues.py", line 264, in _feed
    obj = _ForkingPickler.dumps(obj)
          ^^^^^^^^^^^^^^^^^^^^^^^^^^
  File "/usr/lib/python3.12/multiprocessing/reduction.py", line 51, in dumps
    cls(buf, protocol).dump(obj)
  File "/usr/local/lib/python3.12/dist-packages/torch/multiprocessing/reductions.py", line 616, in reduce_storage
    df = multiprocessing.reduction.DupFd(fd)
         ^^^^^^^^^^^^^^^^^^^^^^^^^^^^^^^^^^^
  File "/usr/lib/python3.12/multiprocessing/reduction.py", line 198, in DupFd
    return resource_sharer.DupFd(fd)
           ^^^^^^^^^^^^^^^^^^^^^^^^^
  File "/usr/lib/python3.12/multiprocessing/resource_sharer.py", line 53, in __init__
    self._id = _resource_sharer.register(send, close)
               ^^^^^^^^^^^^^^^^^^^^^^^^^^^^^^^^^^^^^^
  File "/usr/lib/python3.12/multiprocessing/resource_sharer.py", line 76, in register
    self._start()
  File "/usr/lib/python3.12/multiprocessing/resource_sharer.py", line 126, in _start
    self._listener = Listener(authkey=process.current_process().authkey, backlog=128)
                     ^^^^^^^^^^^^^^^^^^^^^^^^^^^^^^^^^^^^^^^^^^^^^^^^^^^^^^^^^^^^^^^^
  File "/usr/lib/python3.12/multiprocessing/connection.py", line 464, in __init__
    self._listener = SocketListener(address, family, backlog)
                     ^^^^^^^^^^^^^^^^^^^^^^^^^^^^^^^^^^^^^^^^
  File "/usr/lib/python3.12/multiprocessing/connection.py", line 608, in __init__
    self._socket.bind(address)
OSError: AF_UNIX path too long
Traceback (most recent call last):
  File "/usr/lib/python3.12/multiprocessing/queues.py", line 264, in _feed
    obj = _ForkingPickler.dumps(obj)
          ^^^^^^^^^^^^^^^^^^^^^^^^^^
  File "/usr/lib/python3.12/multiprocessing/reduction.py", line 51, in dumps
    cls(buf, protocol).dump(obj)
  File "/usr/local/lib/python3.12/dist-packages/torch/multiprocessing/reductions.py", line 616, in reduce_storage
    df = multiprocessing.reduction.DupFd(fd)
         ^^^^^^^^^^^^^^^^^^^^^^^^^^^^^^^^^^^
  File "/usr/lib/python3.12/multiprocessing/reduction.py", line 198, in DupFd
    return resource_sharer.DupFd(fd)
           ^^^^^^^^^^^^^^^^^^^^^^^^^
  File "/usr/lib/python3.12/multiprocessing/resource_sharer.py", line 53, in __init__
    self._id = _resource_sharer.register(send, close)
               ^^^^^^^^^^^^^^^^^^^^^^^^^^^^^^^^^^^^^^
  File "/usr/lib/python3.12/multiprocessing/resource_sharer.py", line 76, in register
    self._start()
  File "/usr/lib/python3.12/multiprocessing/resource_sharer.py", line 126, in _start
    self._listener = Listener(authkey=process.current_process().authkey, backlog=128)
                     ^^^^^^^^^^^^^^^^^^^^^^^^^^^^^^^^^^^^^^^^^^^^^^^^^^^^^^^^^^^^^^^^
  File "/usr/lib/python3.12/multiprocessing/connection.py", line 464, in __init__
    self._listener = SocketListener(address, family, backlog)
                     ^^^^^^^^^^^^^^^^^^^^^^^^^^^^^^^^^^^^^^^^
  File "/usr/lib/python3.12/multiprocessing/connection.py", line 608, in __init__
    self._socket.bind(address)
OSError: AF_UNIX path too long
Traceback (most recent call last):
  File "/usr/lib/python3.12/multiprocessing/queues.py", line 264, in _feed
    obj = _ForkingPickler.dumps(obj)
          ^^^^^^^^^^^^^^^^^^^^^^^^^^
  File "/usr/lib/python3.12/multiprocessing/reduction.py", line 51, in dumps
    cls(buf, protocol).dump(obj)
  File "/usr/local/lib/python3.12/dist-packages/torch/multiprocessing/reductions.py", line 616, in reduce_storage
    df = multiprocessing.reduction.DupFd(fd)
         ^^^^^^^^^^^^^^^^^^^^^^^^^^^^^^^^^^^
  File "/usr/lib/python3.12/multiprocessing/reduction.py", line 198, in DupFd
    return resource_sharer.DupFd(fd)
           ^^^^^^^^^^^^^^^^^^^^^^^^^
  File "/usr/lib/python3.12/multiprocessing/resource_sharer.py", line 53, in __init__
    self._id = _resource_sharer.register(send, close)
               ^^^^^^^^^^^^^^^^^^^^^^^^^^^^^^^^^^^^^^
  File "/usr/lib/python3.12/multiprocessing/resource_sharer.py", line 76, in register
    self._start()
  File "/usr/lib/python3.12/multiprocessing/resource_sharer.py", line 126, in _start
    self._listener = Listener(authkey=process.current_process().authkey, backlog=128)
                     ^^^^^^^^^^^^^^^^^^^^^^^^^^^^^^^^^^^^^^^^^^^^^^^^^^^^^^^^^^^^^^^^
  File "/usr/lib/python3.12/multiprocessing/connection.py", line 464, in __init__
    self._listener = SocketListener(address, family, backlog)
                     ^^^^^^^^^^^^^^^^^^^^^^^^^^^^^^^^^^^^^^^^
  File "/usr/lib/python3.12/multiprocessing/connection.py", line 608, in __init__
    self._socket.bind(address)
OSError: AF_UNIX path too long
Traceback (most recent call last):
  File "/usr/lib/python3.12/multiprocessing/queues.py", line 264, in _feed
    obj = _ForkingPickler.dumps(obj)
          ^^^^^^^^^^^^^^^^^^^^^^^^^^
  File "/usr/lib/python3.12/multiprocessing/reduction.py", line 51, in dumps
    cls(buf, protocol).dump(obj)
  File "/usr/local/lib/python3.12/dist-packages/torch/multiprocessing/reductions.py", line 616, in reduce_storage
    df = multiprocessing.reduction.DupFd(fd)
         ^^^^^^^^^^^^^^^^^^^^^^^^^^^^^^^^^^^
  File "/usr/lib/python3.12/multiprocessing/reduction.py", line 198, in DupFd
    return resource_sharer.DupFd(fd)
           ^^^^^^^^^^^^^^^^^^^^^^^^^
  File "/usr/lib/python3.12/multiprocessing/resource_sharer.py", line 53, in __init__
    self._id = _resource_sharer.register(send, close)
               ^^^^^^^^^^^^^^^^^^^^^^^^^^^^^^^^^^^^^^
  File "/usr/lib/python3.12/multiprocessing/resource_sharer.py", line 76, in register
    self._start()
  File "/usr/lib/python3.12/multiprocessing/resource_sharer.py", line 126, in _start
    self._listener = Listener(authkey=process.current_process().authkey, backlog=128)
                     ^^^^^^^^^^^^^^^^^^^^^^^^^^^^^^^^^^^^^^^^^^^^^^^^^^^^^^^^^^^^^^^^
Traceback (most recent call last):
  File "/usr/lib/python3.12/multiprocessing/connection.py", line 464, in __init__
    self._listener = SocketListener(address, family, backlog)
                     ^^^^^^^^^^^^^^^^^^^^^^^^^^^^^^^^^^^^^^^^
  File "/usr/lib/python3.12/multiprocessing/connection.py", line 608, in __init__
    self._socket.bind(address)
  File "/usr/lib/python3.12/multiprocessing/queues.py", line 264, in _feed
    obj = _ForkingPickler.dumps(obj)
          ^^^^^^^^^^^^^^^^^^^^^^^^^^
OSError: AF_UNIX path too long
  File "/usr/lib/python3.12/multiprocessing/reduction.py", line 51, in dumps
    cls(buf, protocol).dump(obj)
  File "/usr/local/lib/python3.12/dist-packages/torch/multiprocessing/reductions.py", line 616, in reduce_storage
    df = multiprocessing.reduction.DupFd(fd)
         ^^^^^^^^^^^^^^^^^^^^^^^^^^^^^^^^^^^
  File "/usr/lib/python3.12/multiprocessing/reduction.py", line 198, in DupFd
    return resource_sharer.DupFd(fd)
           ^^^^^^^^^^^^^^^^^^^^^^^^^
  File "/usr/lib/python3.12/multiprocessing/resource_sharer.py", line 53, in __init__
    self._id = _resource_sharer.register(send, close)
               ^^^^^^^^^^^^^^^^^^^^^^^^^^^^^^^^^^^^^^
  File "/usr/lib/python3.12/multiprocessing/resource_sharer.py", line 76, in register
    self._start()
  File "/usr/lib/python3.12/multiprocessing/resource_sharer.py", line 126, in _start
    self._listener = Listener(authkey=process.current_process().authkey, backlog=128)
                     ^^^^^^^^^^^^^^^^^^^^^^^^^^^^^^^^^^^^^^^^^^^^^^^^^^^^^^^^^^^^^^^^
  File "/usr/lib/python3.12/multiprocessing/connection.py", line 464, in __init__
    self._listener = SocketListener(address, family, backlog)
                     ^^^^^^^^^^^^^^^^^^^^^^^^^^^^^^^^^^^^^^^^
  File "/usr/lib/python3.12/multiprocessing/connection.py", line 608, in __init__
    self._socket.bind(address)
OSError: AF_UNIX path too long
Traceback (most recent call last):
  File "/usr/lib/python3.12/multiprocessing/queues.py", line 264, in _feed
    obj = _ForkingPickler.dumps(obj)
          ^^^^^^^^^^^^^^^^^^^^^^^^^^
  File "/usr/lib/python3.12/multiprocessing/reduction.py", line 51, in dumps
    cls(buf, protocol).dump(obj)
  File "/usr/local/lib/python3.12/dist-packages/torch/multiprocessing/reductions.py", line 616, in reduce_storage
    df = multiprocessing.reduction.DupFd(fd)
         ^^^^^^^^^^^^^^^^^^^^^^^^^^^^^^^^^^^
  File "/usr/lib/python3.12/multiprocessing/reduction.py", line 198, in DupFd
    return resource_sharer.DupFd(fd)
           ^^^^^^^^^^^^^^^^^^^^^^^^^
  File "/usr/lib/python3.12/multiprocessing/resource_sharer.py", line 53, in __init__
    self._id = _resource_sharer.register(send, close)
               ^^^^^^^^^^^^^^^^^^^^^^^^^^^^^^^^^^^^^^
  File "/usr/lib/python3.12/multiprocessing/resource_sharer.py", line 76, in register
    self._start()
  File "/usr/lib/python3.12/multiprocessing/resource_sharer.py", line 126, in _start
    self._listener = Listener(authkey=process.current_process().authkey, backlog=128)
                     ^^^^^^^^^^^^^^^^^^^^^^^^^^^^^^^^^^^^^^^^^^^^^^^^^^^^^^^^^^^^^^^^
  File "/usr/lib/python3.12/multiprocessing/connection.py", line 464, in __init__
    self._listener = SocketListener(address, family, backlog)
                     ^^^^^^^^^^^^^^^^^^^^^^^^^^^^^^^^^^^^^^^^
  File "/usr/lib/python3.12/multiprocessing/connection.py", line 608, in __init__
    self._socket.bind(address)
OSError: AF_UNIX path too long
Traceback (most recent call last):
  File "/usr/lib/python3.12/multiprocessing/queues.py", line 264, in _feed
    obj = _ForkingPickler.dumps(obj)
          ^^^^^^^^^^^^^^^^^^^^^^^^^^
  File "/usr/lib/python3.12/multiprocessing/reduction.py", line 51, in dumps
    cls(buf, protocol).dump(obj)
  File "/usr/local/lib/python3.12/dist-packages/torch/multiprocessing/reductions.py", line 616, in reduce_storage
    df = multiprocessing.reduction.DupFd(fd)
         ^^^^^^^^^^^^^^^^^^^^^^^^^^^^^^^^^^^
  File "/usr/lib/python3.12/multiprocessing/reduction.py", line 198, in DupFd
    return resource_sharer.DupFd(fd)
           ^^^^^^^^^^^^^^^^^^^^^^^^^
  File "/usr/lib/python3.12/multiprocessing/resource_sharer.py", line 53, in __init__
    self._id = _resource_sharer.register(send, close)
               ^^^^^^^^^^^^^^^^^^^^^^^^^^^^^^^^^^^^^^
  File "/usr/lib/python3.12/multiprocessing/resource_sharer.py", line 76, in register
    self._start()
  File "/usr/lib/python3.12/multiprocessing/resource_sharer.py", line 126, in _start
    self._listener = Listener(authkey=process.current_process().authkey, backlog=128)
                     ^^^^^^^^^^^^^^^^^^^^^^^^^^^^^^^^^^^^^^^^^^^^^^^^^^^^^^^^^^^^^^^^
  File "/usr/lib/python3.12/multiprocessing/connection.py", line 464, in __init__
    self._listener = SocketListener(address, family, backlog)
                     ^^^^^^^^^^^^^^^^^^^^^^^^^^^^^^^^^^^^^^^^
  File "/usr/lib/python3.12/multiprocessing/connection.py", line 608, in __init__
    self._socket.bind(address)
OSError: AF_UNIX path too long
Traceback (most recent call last):
  File "/usr/lib/python3.12/multiprocessing/queues.py", line 264, in _feed
    obj = _ForkingPickler.dumps(obj)
          ^^^^^^^^^^^^^^^^^^^^^^^^^^
  File "/usr/lib/python3.12/multiprocessing/reduction.py", line 51, in dumps
    cls(buf, protocol).dump(obj)
  File "/usr/local/lib/python3.12/dist-packages/torch/multiprocessing/reductions.py", line 616, in reduce_storage
    df = multiprocessing.reduction.DupFd(fd)
         ^^^^^^^^^^^^^^^^^^^^^^^^^^^^^^^^^^^
  File "/usr/lib/python3.12/multiprocessing/reduction.py", line 198, in DupFd
    return resource_sharer.DupFd(fd)
           ^^^^^^^^^^^^^^^^^^^^^^^^^
  File "/usr/lib/python3.12/multiprocessing/resource_sharer.py", line 53, in __init__
    self._id = _resource_sharer.register(send, close)
               ^^^^^^^^^^^^^^^^^^^^^^^^^^^^^^^^^^^^^^
  File "/usr/lib/python3.12/multiprocessing/resource_sharer.py", line 76, in register
    self._start()
  File "/usr/lib/python3.12/multiprocessing/resource_sharer.py", line 126, in _start
    self._listener = Listener(authkey=process.current_process().authkey, backlog=128)
                     ^^^^^^^^^^^^^^^^^^^^^^^^^^^^^^^^^^^^^^^^^^^^^^^^^^^^^^^^^^^^^^^^
  File "/usr/lib/python3.12/multiprocessing/connection.py", line 464, in __init__
    self._listener = SocketListener(address, family, backlog)
                     ^^^^^^^^^^^^^^^^^^^^^^^^^^^^^^^^^^^^^^^^
  File "/usr/lib/python3.12/multiprocessing/connection.py", line 608, in __init__
    self._socket.bind(address)
OSError: AF_UNIX path too long
Traceback (most recent call last):
  File "/usr/lib/python3.12/multiprocessing/queues.py", line 264, in _feed
    obj = _ForkingPickler.dumps(obj)
          ^^^^^^^^^^^^^^^^^^^^^^^^^^
  File "/usr/lib/python3.12/multiprocessing/reduction.py", line 51, in dumps
    cls(buf, protocol).dump(obj)
  File "/usr/local/lib/python3.12/dist-packages/torch/multiprocessing/reductions.py", line 616, in reduce_storage
    df = multiprocessing.reduction.DupFd(fd)
         ^^^^^^^^^^^^^^^^^^^^^^^^^^^^^^^^^^^
  File "/usr/lib/python3.12/multiprocessing/reduction.py", line 198, in DupFd
    return resource_sharer.DupFd(fd)
           ^^^^^^^^^^^^^^^^^^^^^^^^^
  File "/usr/lib/python3.12/multiprocessing/resource_sharer.py", line 53, in __init__
    self._id = _resource_sharer.register(send, close)
               ^^^^^^^^^^^^^^^^^^^^^^^^^^^^^^^^^^^^^^
  File "/usr/lib/python3.12/multiprocessing/resource_sharer.py", line 76, in register
    self._start()
  File "/usr/lib/python3.12/multiprocessing/resource_sharer.py", line 126, in _start
    self._listener = Listener(authkey=process.current_process().authkey, backlog=128)
                     ^^^^^^^^^^^^^^^^^^^^^^^^^^^^^^^^^^^^^^^^^^^^^^^^^^^^^^^^^^^^^^^^
  File "/usr/lib/python3.12/multiprocessing/connection.py", line 464, in __init__
    self._listener = SocketListener(address, family, backlog)
                     ^^^^^^^^^^^^^^^^^^^^^^^^^^^^^^^^^^^^^^^^
  File "/usr/lib/python3.12/multiprocessing/connection.py", line 608, in __init__
    self._socket.bind(address)
OSError: AF_UNIX path too long
Traceback (most recent call last):
Traceback (most recent call last):
  File "/usr/lib/python3.12/multiprocessing/queues.py", line 264, in _feed
    obj = _ForkingPickler.dumps(obj)
          ^^^^^^^^^^^^^^^^^^^^^^^^^^
  File "/usr/lib/python3.12/multiprocessing/reduction.py", line 51, in dumps
    cls(buf, protocol).dump(obj)
  File "/usr/lib/python3.12/multiprocessing/queues.py", line 264, in _feed
    obj = _ForkingPickler.dumps(obj)
          ^^^^^^^^^^^^^^^^^^^^^^^^^^
  File "/usr/local/lib/python3.12/dist-packages/torch/multiprocessing/reductions.py", line 616, in reduce_storage
    df = multiprocessing.reduction.DupFd(fd)
         ^^^^^^^^^^^^^^^^^^^^^^^^^^^^^^^^^^^
  File "/usr/lib/python3.12/multiprocessing/reduction.py", line 198, in DupFd
    return resource_sharer.DupFd(fd)
           ^^^^^^^^^^^^^^^^^^^^^^^^^
  File "/usr/lib/python3.12/multiprocessing/reduction.py", line 51, in dumps
    cls(buf, protocol).dump(obj)
  File "/usr/lib/python3.12/multiprocessing/resource_sharer.py", line 53, in __init__
    self._id = _resource_sharer.register(send, close)
               ^^^^^^^^^^^^^^^^^^^^^^^^^^^^^^^^^^^^^^
  File "/usr/lib/python3.12/multiprocessing/resource_sharer.py", line 76, in register
    self._start()
  File "/usr/lib/python3.12/multiprocessing/resource_sharer.py", line 126, in _start
    self._listener = Listener(authkey=process.current_process().authkey, backlog=128)
                     ^^^^^^^^^^^^^^^^^^^^^^^^^^^^^^^^^^^^^^^^^^^^^^^^^^^^^^^^^^^^^^^^
  File "/usr/lib/python3.12/multiprocessing/connection.py", line 464, in __init__
    self._listener = SocketListener(address, family, backlog)
                     ^^^^^^^^^^^^^^^^^^^^^^^^^^^^^^^^^^^^^^^^
  File "/usr/lib/python3.12/multiprocessing/connection.py", line 608, in __init__
    self._socket.bind(address)
OSError: AF_UNIX path too long
  File "/usr/local/lib/python3.12/dist-packages/torch/multiprocessing/reductions.py", line 616, in reduce_storage
    df = multiprocessing.reduction.DupFd(fd)
         ^^^^^^^^^^^^^^^^^^^^^^^^^^^^^^^^^^^
  File "/usr/lib/python3.12/multiprocessing/reduction.py", line 198, in DupFd
    return resource_sharer.DupFd(fd)
           ^^^^^^^^^^^^^^^^^^^^^^^^^
  File "/usr/lib/python3.12/multiprocessing/resource_sharer.py", line 53, in __init__
    self._id = _resource_sharer.register(send, close)
               ^^^^^^^^^^^^^^^^^^^^^^^^^^^^^^^^^^^^^^
  File "/usr/lib/python3.12/multiprocessing/resource_sharer.py", line 76, in register
    self._start()
  File "/usr/lib/python3.12/multiprocessing/resource_sharer.py", line 126, in _start
    self._listener = Listener(authkey=process.current_process().authkey, backlog=128)
                     ^^^^^^^^^^^^^^^^^^^^^^^^^^^^^^^^^^^^^^^^^^^^^^^^^^^^^^^^^^^^^^^^
  File "/usr/lib/python3.12/multiprocessing/connection.py", line 464, in __init__
    self._listener = SocketListener(address, family, backlog)
                     ^^^^^^^^^^^^^^^^^^^^^^^^^^^^^^^^^^^^^^^^
  File "/usr/lib/python3.12/multiprocessing/connection.py", line 608, in __init__
    self._socket.bind(address)
OSError: AF_UNIX path too long
Traceback (most recent call last):
  File "/usr/lib/python3.12/multiprocessing/queues.py", line 264, in _feed
    obj = _ForkingPickler.dumps(obj)
          ^^^^^^^^^^^^^^^^^^^^^^^^^^
  File "/usr/lib/python3.12/multiprocessing/reduction.py", line 51, in dumps
    cls(buf, protocol).dump(obj)
  File "/usr/local/lib/python3.12/dist-packages/torch/multiprocessing/reductions.py", line 616, in reduce_storage
    df = multiprocessing.reduction.DupFd(fd)
         ^^^^^^^^^^^^^^^^^^^^^^^^^^^^^^^^^^^
  File "/usr/lib/python3.12/multiprocessing/reduction.py", line 198, in DupFd
    return resource_sharer.DupFd(fd)
           ^^^^^^^^^^^^^^^^^^^^^^^^^
  File "/usr/lib/python3.12/multiprocessing/resource_sharer.py", line 53, in __init__
    self._id = _resource_sharer.register(send, close)
               ^^^^^^^^^^^^^^^^^^^^^^^^^^^^^^^^^^^^^^
  File "/usr/lib/python3.12/multiprocessing/resource_sharer.py", line 76, in register
    self._start()
  File "/usr/lib/python3.12/multiprocessing/resource_sharer.py", line 126, in _start
    self._listener = Listener(authkey=process.current_process().authkey, backlog=128)
                     ^^^^^^^^^^^^^^^^^^^^^^^^^^^^^^^^^^^^^^^^^^^^^^^^^^^^^^^^^^^^^^^^
  File "/usr/lib/python3.12/multiprocessing/connection.py", line 464, in __init__
    self._listener = SocketListener(address, family, backlog)
                     ^^^^^^^^^^^^^^^^^^^^^^^^^^^^^^^^^^^^^^^^
Traceback (most recent call last):
  File "/usr/lib/python3.12/multiprocessing/connection.py", line 608, in __init__
    self._socket.bind(address)
OSError: AF_UNIX path too long
  File "/usr/lib/python3.12/multiprocessing/queues.py", line 264, in _feed
    obj = _ForkingPickler.dumps(obj)
          ^^^^^^^^^^^^^^^^^^^^^^^^^^
  File "/usr/lib/python3.12/multiprocessing/reduction.py", line 51, in dumps
    cls(buf, protocol).dump(obj)
  File "/usr/local/lib/python3.12/dist-packages/torch/multiprocessing/reductions.py", line 616, in reduce_storage
    df = multiprocessing.reduction.DupFd(fd)
         ^^^^^^^^^^^^^^^^^^^^^^^^^^^^^^^^^^^
  File "/usr/lib/python3.12/multiprocessing/reduction.py", line 198, in DupFd
    return resource_sharer.DupFd(fd)
           ^^^^^^^^^^^^^^^^^^^^^^^^^
  File "/usr/lib/python3.12/multiprocessing/resource_sharer.py", line 53, in __init__
    self._id = _resource_sharer.register(send, close)
               ^^^^^^^^^^^^^^^^^^^^^^^^^^^^^^^^^^^^^^
Traceback (most recent call last):
  File "/usr/lib/python3.12/multiprocessing/resource_sharer.py", line 76, in register
    self._start()
  File "/usr/lib/python3.12/multiprocessing/resource_sharer.py", line 126, in _start
    self._listener = Listener(authkey=process.current_process().authkey, backlog=128)
                     ^^^^^^^^^^^^^^^^^^^^^^^^^^^^^^^^^^^^^^^^^^^^^^^^^^^^^^^^^^^^^^^^
  File "/usr/lib/python3.12/multiprocessing/connection.py", line 464, in __init__
    self._listener = SocketListener(address, family, backlog)
                     ^^^^^^^^^^^^^^^^^^^^^^^^^^^^^^^^^^^^^^^^
  File "/usr/lib/python3.12/multiprocessing/connection.py", line 608, in __init__
    self._socket.bind(address)
OSError: AF_UNIX path too long
  File "/usr/lib/python3.12/multiprocessing/queues.py", line 264, in _feed
    obj = _ForkingPickler.dumps(obj)
          ^^^^^^^^^^^^^^^^^^^^^^^^^^
  File "/usr/lib/python3.12/multiprocessing/reduction.py", line 51, in dumps
    cls(buf, protocol).dump(obj)
  File "/usr/local/lib/python3.12/dist-packages/torch/multiprocessing/reductions.py", line 616, in reduce_storage
    df = multiprocessing.reduction.DupFd(fd)
         ^^^^^^^^^^^^^^^^^^^^^^^^^^^^^^^^^^^
  File "/usr/lib/python3.12/multiprocessing/reduction.py", line 198, in DupFd
    return resource_sharer.DupFd(fd)
           ^^^^^^^^^^^^^^^^^^^^^^^^^
  File "/usr/lib/python3.12/multiprocessing/resource_sharer.py", line 53, in __init__
    self._id = _resource_sharer.register(send, close)
               ^^^^^^^^^^^^^^^^^^^^^^^^^^^^^^^^^^^^^^
  File "/usr/lib/python3.12/multiprocessing/resource_sharer.py", line 76, in register
    self._start()
  File "/usr/lib/python3.12/multiprocessing/resource_sharer.py", line 126, in _start
    self._listener = Listener(authkey=process.current_process().authkey, backlog=128)
                     ^^^^^^^^^^^^^^^^^^^^^^^^^^^^^^^^^^^^^^^^^^^^^^^^^^^^^^^^^^^^^^^^
  File "/usr/lib/python3.12/multiprocessing/connection.py", line 464, in __init__
    self._listener = SocketListener(address, family, backlog)
                     ^^^^^^^^^^^^^^^^^^^^^^^^^^^^^^^^^^^^^^^^
  File "/usr/lib/python3.12/multiprocessing/connection.py", line 608, in __init__
    self._socket.bind(address)
OSError: AF_UNIX path too long
Traceback (most recent call last):
  File "/usr/lib/python3.12/multiprocessing/queues.py", line 264, in _feed
    obj = _ForkingPickler.dumps(obj)
          ^^^^^^^^^^^^^^^^^^^^^^^^^^
  File "/usr/lib/python3.12/multiprocessing/reduction.py", line 51, in dumps
    cls(buf, protocol).dump(obj)
  File "/usr/local/lib/python3.12/dist-packages/torch/multiprocessing/reductions.py", line 616, in reduce_storage
    df = multiprocessing.reduction.DupFd(fd)
         ^^^^^^^^^^^^^^^^^^^^^^^^^^^^^^^^^^^
  File "/usr/lib/python3.12/multiprocessing/reduction.py", line 198, in DupFd
    return resource_sharer.DupFd(fd)
           ^^^^^^^^^^^^^^^^^^^^^^^^^
  File "/usr/lib/python3.12/multiprocessing/resource_sharer.py", line 53, in __init__
    self._id = _resource_sharer.register(send, close)
               ^^^^^^^^^^^^^^^^^^^^^^^^^^^^^^^^^^^^^^
  File "/usr/lib/python3.12/multiprocessing/resource_sharer.py", line 76, in register
    self._start()
  File "/usr/lib/python3.12/multiprocessing/resource_sharer.py", line 126, in _start
    self._listener = Listener(authkey=process.current_process().authkey, backlog=128)
                     ^^^^^^^^^^^^^^^^^^^^^^^^^^^^^^^^^^^^^^^^^^^^^^^^^^^^^^^^^^^^^^^^
  File "/usr/lib/python3.12/multiprocessing/connection.py", line 464, in __init__
    self._listener = SocketListener(address, family, backlog)
                     ^^^^^^^^^^^^^^^^^^^^^^^^^^^^^^^^^^^^^^^^
  File "/usr/lib/python3.12/multiprocessing/connection.py", line 608, in __init__
    self._socket.bind(address)
OSError: AF_UNIX path too long
Traceback (most recent call last):
  File "/usr/lib/python3.12/multiprocessing/queues.py", line 264, in _feed
    obj = _ForkingPickler.dumps(obj)
          ^^^^^^^^^^^^^^^^^^^^^^^^^^
  File "/usr/lib/python3.12/multiprocessing/reduction.py", line 51, in dumps
    cls(buf, protocol).dump(obj)
  File "/usr/local/lib/python3.12/dist-packages/torch/multiprocessing/reductions.py", line 616, in reduce_storage
    df = multiprocessing.reduction.DupFd(fd)
         ^^^^^^^^^^^^^^^^^^^^^^^^^^^^^^^^^^^
  File "/usr/lib/python3.12/multiprocessing/reduction.py", line 198, in DupFd
    return resource_sharer.DupFd(fd)
           ^^^^^^^^^^^^^^^^^^^^^^^^^
  File "/usr/lib/python3.12/multiprocessing/resource_sharer.py", line 53, in __init__
    self._id = _resource_sharer.register(send, close)
               ^^^^^^^^^^^^^^^^^^^^^^^^^^^^^^^^^^^^^^
  File "/usr/lib/python3.12/multiprocessing/resource_sharer.py", line 76, in register
    self._start()
  File "/usr/lib/python3.12/multiprocessing/resource_sharer.py", line 126, in _start
    self._listener = Listener(authkey=process.current_process().authkey, backlog=128)
                     ^^^^^^^^^^^^^^^^^^^^^^^^^^^^^^^^^^^^^^^^^^^^^^^^^^^^^^^^^^^^^^^^
  File "/usr/lib/python3.12/multiprocessing/connection.py", line 464, in __init__
    self._listener = SocketListener(address, family, backlog)
                     ^^^^^^^^^^^^^^^^^^^^^^^^^^^^^^^^^^^^^^^^
  File "/usr/lib/python3.12/multiprocessing/connection.py", line 608, in __init__
    self._socket.bind(address)
OSError: AF_UNIX path too long
Traceback (most recent call last):
  File "/usr/lib/python3.12/multiprocessing/queues.py", line 264, in _feed
    obj = _ForkingPickler.dumps(obj)
          ^^^^^^^^^^^^^^^^^^^^^^^^^^
  File "/usr/lib/python3.12/multiprocessing/reduction.py", line 51, in dumps
    cls(buf, protocol).dump(obj)
  File "/usr/local/lib/python3.12/dist-packages/torch/multiprocessing/reductions.py", line 616, in reduce_storage
    df = multiprocessing.reduction.DupFd(fd)
         ^^^^^^^^^^^^^^^^^^^^^^^^^^^^^^^^^^^
  File "/usr/lib/python3.12/multiprocessing/reduction.py", line 198, in DupFd
    return resource_sharer.DupFd(fd)
           ^^^^^^^^^^^^^^^^^^^^^^^^^
  File "/usr/lib/python3.12/multiprocessing/resource_sharer.py", line 53, in __init__
    self._id = _resource_sharer.register(send, close)
               ^^^^^^^^^^^^^^^^^^^^^^^^^^^^^^^^^^^^^^
  File "/usr/lib/python3.12/multiprocessing/resource_sharer.py", line 76, in register
    self._start()
  File "/usr/lib/python3.12/multiprocessing/resource_sharer.py", line 126, in _start
    self._listener = Listener(authkey=process.current_process().authkey, backlog=128)
                     ^^^^^^^^^^^^^^^^^^^^^^^^^^^^^^^^^^^^^^^^^^^^^^^^^^^^^^^^^^^^^^^^
  File "/usr/lib/python3.12/multiprocessing/connection.py", line 464, in __init__
    self._listener = SocketListener(address, family, backlog)
                     ^^^^^^^^^^^^^^^^^^^^^^^^^^^^^^^^^^^^^^^^
  File "/usr/lib/python3.12/multiprocessing/connection.py", line 608, in __init__
    self._socket.bind(address)
OSError: AF_UNIX path too long
Traceback (most recent call last):
  File "/usr/lib/python3.12/multiprocessing/queues.py", line 264, in _feed
    obj = _ForkingPickler.dumps(obj)
          ^^^^^^^^^^^^^^^^^^^^^^^^^^
  File "/usr/lib/python3.12/multiprocessing/reduction.py", line 51, in dumps
    cls(buf, protocol).dump(obj)
  File "/usr/local/lib/python3.12/dist-packages/torch/multiprocessing/reductions.py", line 616, in reduce_storage
    df = multiprocessing.reduction.DupFd(fd)
         ^^^^^^^^^^^^^^^^^^^^^^^^^^^^^^^^^^^
  File "/usr/lib/python3.12/multiprocessing/reduction.py", line 198, in DupFd
    return resource_sharer.DupFd(fd)
           ^^^^^^^^^^^^^^^^^^^^^^^^^
  File "/usr/lib/python3.12/multiprocessing/resource_sharer.py", line 53, in __init__
    self._id = _resource_sharer.register(send, close)
               ^^^^^^^^^^^^^^^^^^^^^^^^^^^^^^^^^^^^^^
  File "/usr/lib/python3.12/multiprocessing/resource_sharer.py", line 76, in register
    self._start()
  File "/usr/lib/python3.12/multiprocessing/resource_sharer.py", line 126, in _start
    self._listener = Listener(authkey=process.current_process().authkey, backlog=128)
                     ^^^^^^^^^^^^^^^^^^^^^^^^^^^^^^^^^^^^^^^^^^^^^^^^^^^^^^^^^^^^^^^^
  File "/usr/lib/python3.12/multiprocessing/connection.py", line 464, in __init__
    self._listener = SocketListener(address, family, backlog)
                     ^^^^^^^^^^^^^^^^^^^^^^^^^^^^^^^^^^^^^^^^
  File "/usr/lib/python3.12/multiprocessing/connection.py", line 608, in __init__
    self._socket.bind(address)
OSError: AF_UNIX path too long
Traceback (most recent call last):
  File "/usr/lib/python3.12/multiprocessing/queues.py", line 264, in _feed
    obj = _ForkingPickler.dumps(obj)
          ^^^^^^^^^^^^^^^^^^^^^^^^^^
  File "/usr/lib/python3.12/multiprocessing/reduction.py", line 51, in dumps
    cls(buf, protocol).dump(obj)
  File "/usr/local/lib/python3.12/dist-packages/torch/multiprocessing/reductions.py", line 616, in reduce_storage
    df = multiprocessing.reduction.DupFd(fd)
         ^^^^^^^^^^^^^^^^^^^^^^^^^^^^^^^^^^^
  File "/usr/lib/python3.12/multiprocessing/reduction.py", line 198, in DupFd
    return resource_sharer.DupFd(fd)
           ^^^^^^^^^^^^^^^^^^^^^^^^^
  File "/usr/lib/python3.12/multiprocessing/resource_sharer.py", line 53, in __init__
    self._id = _resource_sharer.register(send, close)
               ^^^^^^^^^^^^^^^^^^^^^^^^^^^^^^^^^^^^^^
  File "/usr/lib/python3.12/multiprocessing/resource_sharer.py", line 76, in register
    self._start()
  File "/usr/lib/python3.12/multiprocessing/resource_sharer.py", line 126, in _start
    self._listener = Listener(authkey=process.current_process().authkey, backlog=128)
                     ^^^^^^^^^^^^^^^^^^^^^^^^^^^^^^^^^^^^^^^^^^^^^^^^^^^^^^^^^^^^^^^^
  File "/usr/lib/python3.12/multiprocessing/connection.py", line 464, in __init__
    self._listener = SocketListener(address, family, backlog)
                     ^^^^^^^^^^^^^^^^^^^^^^^^^^^^^^^^^^^^^^^^
  File "/usr/lib/python3.12/multiprocessing/connection.py", line 608, in __init__
    self._socket.bind(address)
OSError: AF_UNIX path too long
Traceback (most recent call last):
  File "/usr/lib/python3.12/multiprocessing/queues.py", line 264, in _feed
    obj = _ForkingPickler.dumps(obj)
          ^^^^^^^^^^^^^^^^^^^^^^^^^^
  File "/usr/lib/python3.12/multiprocessing/reduction.py", line 51, in dumps
    cls(buf, protocol).dump(obj)
  File "/usr/local/lib/python3.12/dist-packages/torch/multiprocessing/reductions.py", line 616, in reduce_storage
    df = multiprocessing.reduction.DupFd(fd)
         ^^^^^^^^^^^^^^^^^^^^^^^^^^^^^^^^^^^
  File "/usr/lib/python3.12/multiprocessing/reduction.py", line 198, in DupFd
    return resource_sharer.DupFd(fd)
           ^^^^^^^^^^^^^^^^^^^^^^^^^
  File "/usr/lib/python3.12/multiprocessing/resource_sharer.py", line 53, in __init__
    self._id = _resource_sharer.register(send, close)
               ^^^^^^^^^^^^^^^^^^^^^^^^^^^^^^^^^^^^^^
  File "/usr/lib/python3.12/multiprocessing/resource_sharer.py", line 76, in register
    self._start()
  File "/usr/lib/python3.12/multiprocessing/resource_sharer.py", line 126, in _start
    self._listener = Listener(authkey=process.current_process().authkey, backlog=128)
                     ^^^^^^^^^^^^^^^^^^^^^^^^^^^^^^^^^^^^^^^^^^^^^^^^^^^^^^^^^^^^^^^^
  File "/usr/lib/python3.12/multiprocessing/connection.py", line 464, in __init__
    self._listener = SocketListener(address, family, backlog)
                     ^^^^^^^^^^^^^^^^^^^^^^^^^^^^^^^^^^^^^^^^
  File "/usr/lib/python3.12/multiprocessing/connection.py", line 608, in __init__
    self._socket.bind(address)
OSError: AF_UNIX path too long
Traceback (most recent call last):
  File "/usr/lib/python3.12/multiprocessing/queues.py", line 264, in _feed
    obj = _ForkingPickler.dumps(obj)
          ^^^^^^^^^^^^^^^^^^^^^^^^^^
  File "/usr/lib/python3.12/multiprocessing/reduction.py", line 51, in dumps
    cls(buf, protocol).dump(obj)
  File "/usr/local/lib/python3.12/dist-packages/torch/multiprocessing/reductions.py", line 616, in reduce_storage
    df = multiprocessing.reduction.DupFd(fd)
         ^^^^^^^^^^^^^^^^^^^^^^^^^^^^^^^^^^^
  File "/usr/lib/python3.12/multiprocessing/reduction.py", line 198, in DupFd
    return resource_sharer.DupFd(fd)
           ^^^^^^^^^^^^^^^^^^^^^^^^^
  File "/usr/lib/python3.12/multiprocessing/resource_sharer.py", line 53, in __init__
    self._id = _resource_sharer.register(send, close)
               ^^^^^^^^^^^^^^^^^^^^^^^^^^^^^^^^^^^^^^
  File "/usr/lib/python3.12/multiprocessing/resource_sharer.py", line 76, in register
    self._start()
  File "/usr/lib/python3.12/multiprocessing/resource_sharer.py", line 126, in _start
    self._listener = Listener(authkey=process.current_process().authkey, backlog=128)
                     ^^^^^^^^^^^^^^^^^^^^^^^^^^^^^^^^^^^^^^^^^^^^^^^^^^^^^^^^^^^^^^^^
  File "/usr/lib/python3.12/multiprocessing/connection.py", line 464, in __init__
    self._listener = SocketListener(address, family, backlog)
                     ^^^^^^^^^^^^^^^^^^^^^^^^^^^^^^^^^^^^^^^^
  File "/usr/lib/python3.12/multiprocessing/connection.py", line 608, in __init__
    self._socket.bind(address)
OSError: AF_UNIX path too long
Traceback (most recent call last):
  File "/usr/lib/python3.12/multiprocessing/queues.py", line 264, in _feed
    obj = _ForkingPickler.dumps(obj)
          ^^^^^^^^^^^^^^^^^^^^^^^^^^
  File "/usr/lib/python3.12/multiprocessing/reduction.py", line 51, in dumps
    cls(buf, protocol).dump(obj)
  File "/usr/local/lib/python3.12/dist-packages/torch/multiprocessing/reductions.py", line 616, in reduce_storage
    df = multiprocessing.reduction.DupFd(fd)
         ^^^^^^^^^^^^^^^^^^^^^^^^^^^^^^^^^^^
  File "/usr/lib/python3.12/multiprocessing/reduction.py", line 198, in DupFd
    return resource_sharer.DupFd(fd)
           ^^^^^^^^^^^^^^^^^^^^^^^^^
  File "/usr/lib/python3.12/multiprocessing/resource_sharer.py", line 53, in __init__
    self._id = _resource_sharer.register(send, close)
               ^^^^^^^^^^^^^^^^^^^^^^^^^^^^^^^^^^^^^^
  File "/usr/lib/python3.12/multiprocessing/resource_sharer.py", line 76, in register
    self._start()
  File "/usr/lib/python3.12/multiprocessing/resource_sharer.py", line 126, in _start
    self._listener = Listener(authkey=process.current_process().authkey, backlog=128)
                     ^^^^^^^^^^^^^^^^^^^^^^^^^^^^^^^^^^^^^^^^^^^^^^^^^^^^^^^^^^^^^^^^
  File "/usr/lib/python3.12/multiprocessing/connection.py", line 464, in __init__
    self._listener = SocketListener(address, family, backlog)
                     ^^^^^^^^^^^^^^^^^^^^^^^^^^^^^^^^^^^^^^^^
  File "/usr/lib/python3.12/multiprocessing/connection.py", line 608, in __init__
    self._socket.bind(address)
OSError: AF_UNIX path too long
Traceback (most recent call last):
  File "/usr/lib/python3.12/multiprocessing/queues.py", line 264, in _feed
    obj = _ForkingPickler.dumps(obj)
          ^^^^^^^^^^^^^^^^^^^^^^^^^^
  File "/usr/lib/python3.12/multiprocessing/reduction.py", line 51, in dumps
    cls(buf, protocol).dump(obj)
  File "/usr/local/lib/python3.12/dist-packages/torch/multiprocessing/reductions.py", line 616, in reduce_storage
    df = multiprocessing.reduction.DupFd(fd)
         ^^^^^^^^^^^^^^^^^^^^^^^^^^^^^^^^^^^
  File "/usr/lib/python3.12/multiprocessing/reduction.py", line 198, in DupFd
    return resource_sharer.DupFd(fd)
           ^^^^^^^^^^^^^^^^^^^^^^^^^
  File "/usr/lib/python3.12/multiprocessing/resource_sharer.py", line 53, in __init__
    self._id = _resource_sharer.register(send, close)
               ^^^^^^^^^^^^^^^^^^^^^^^^^^^^^^^^^^^^^^
  File "/usr/lib/python3.12/multiprocessing/resource_sharer.py", line 76, in register
    self._start()
  File "/usr/lib/python3.12/multiprocessing/resource_sharer.py", line 126, in _start
    self._listener = Listener(authkey=process.current_process().authkey, backlog=128)
                     ^^^^^^^^^^^^^^^^^^^^^^^^^^^^^^^^^^^^^^^^^^^^^^^^^^^^^^^^^^^^^^^^
  File "/usr/lib/python3.12/multiprocessing/connection.py", line 464, in __init__
    self._listener = SocketListener(address, family, backlog)
                     ^^^^^^^^^^^^^^^^^^^^^^^^^^^^^^^^^^^^^^^^
  File "/usr/lib/python3.12/multiprocessing/connection.py", line 608, in __init__
    self._socket.bind(address)
OSError: AF_UNIX path too long
Traceback (most recent call last):
  File "/usr/lib/python3.12/multiprocessing/queues.py", line 264, in _feed
    obj = _ForkingPickler.dumps(obj)
          ^^^^^^^^^^^^^^^^^^^^^^^^^^
  File "/usr/lib/python3.12/multiprocessing/reduction.py", line 51, in dumps
    cls(buf, protocol).dump(obj)
  File "/usr/local/lib/python3.12/dist-packages/torch/multiprocessing/reductions.py", line 616, in reduce_storage
    df = multiprocessing.reduction.DupFd(fd)
         ^^^^^^^^^^^^^^^^^^^^^^^^^^^^^^^^^^^
  File "/usr/lib/python3.12/multiprocessing/reduction.py", line 198, in DupFd
    return resource_sharer.DupFd(fd)
           ^^^^^^^^^^^^^^^^^^^^^^^^^
  File "/usr/lib/python3.12/multiprocessing/resource_sharer.py", line 53, in __init__
    self._id = _resource_sharer.register(send, close)
               ^^^^^^^^^^^^^^^^^^^^^^^^^^^^^^^^^^^^^^
  File "/usr/lib/python3.12/multiprocessing/resource_sharer.py", line 76, in register
    self._start()
  File "/usr/lib/python3.12/multiprocessing/resource_sharer.py", line 126, in _start
    self._listener = Listener(authkey=process.current_process().authkey, backlog=128)
                     ^^^^^^^^^^^^^^^^^^^^^^^^^^^^^^^^^^^^^^^^^^^^^^^^^^^^^^^^^^^^^^^^
  File "/usr/lib/python3.12/multiprocessing/connection.py", line 464, in __init__
    self._listener = SocketListener(address, family, backlog)
                     ^^^^^^^^^^^^^^^^^^^^^^^^^^^^^^^^^^^^^^^^
  File "/usr/lib/python3.12/multiprocessing/connection.py", line 608, in __init__
    self._socket.bind(address)
OSError: AF_UNIX path too long
Traceback (most recent call last):
  File "/usr/lib/python3.12/multiprocessing/queues.py", line 264, in _feed
    obj = _ForkingPickler.dumps(obj)
          ^^^^^^^^^^^^^^^^^^^^^^^^^^
  File "/usr/lib/python3.12/multiprocessing/reduction.py", line 51, in dumps
    cls(buf, protocol).dump(obj)
  File "/usr/local/lib/python3.12/dist-packages/torch/multiprocessing/reductions.py", line 616, in reduce_storage
    df = multiprocessing.reduction.DupFd(fd)
         ^^^^^^^^^^^^^^^^^^^^^^^^^^^^^^^^^^^
  File "/usr/lib/python3.12/multiprocessing/reduction.py", line 198, in DupFd
    return resource_sharer.DupFd(fd)
           ^^^^^^^^^^^^^^^^^^^^^^^^^
  File "/usr/lib/python3.12/multiprocessing/resource_sharer.py", line 53, in __init__
    self._id = _resource_sharer.register(send, close)
               ^^^^^^^^^^^^^^^^^^^^^^^^^^^^^^^^^^^^^^
  File "/usr/lib/python3.12/multiprocessing/resource_sharer.py", line 76, in register
    self._start()
  File "/usr/lib/python3.12/multiprocessing/resource_sharer.py", line 126, in _start
    self._listener = Listener(authkey=process.current_process().authkey, backlog=128)
                     ^^^^^^^^^^^^^^^^^^^^^^^^^^^^^^^^^^^^^^^^^^^^^^^^^^^^^^^^^^^^^^^^
  File "/usr/lib/python3.12/multiprocessing/connection.py", line 464, in __init__
    self._listener = SocketListener(address, family, backlog)
                     ^^^^^^^^^^^^^^^^^^^^^^^^^^^^^^^^^^^^^^^^
  File "/usr/lib/python3.12/multiprocessing/connection.py", line 608, in __init__
    self._socket.bind(address)
OSError: AF_UNIX path too long
Traceback (most recent call last):
  File "/usr/lib/python3.12/multiprocessing/queues.py", line 264, in _feed
    obj = _ForkingPickler.dumps(obj)
          ^^^^^^^^^^^^^^^^^^^^^^^^^^
  File "/usr/lib/python3.12/multiprocessing/reduction.py", line 51, in dumps
    cls(buf, protocol).dump(obj)
  File "/usr/local/lib/python3.12/dist-packages/torch/multiprocessing/reductions.py", line 616, in reduce_storage
    df = multiprocessing.reduction.DupFd(fd)
         ^^^^^^^^^^^^^^^^^^^^^^^^^^^^^^^^^^^
  File "/usr/lib/python3.12/multiprocessing/reduction.py", line 198, in DupFd
    return resource_sharer.DupFd(fd)
           ^^^^^^^^^^^^^^^^^^^^^^^^^
  File "/usr/lib/python3.12/multiprocessing/resource_sharer.py", line 53, in __init__
    self._id = _resource_sharer.register(send, close)
               ^^^^^^^^^^^^^^^^^^^^^^^^^^^^^^^^^^^^^^
  File "/usr/lib/python3.12/multiprocessing/resource_sharer.py", line 76, in register
    self._start()
  File "/usr/lib/python3.12/multiprocessing/resource_sharer.py", line 126, in _start
    self._listener = Listener(authkey=process.current_process().authkey, backlog=128)
                     ^^^^^^^^^^^^^^^^^^^^^^^^^^^^^^^^^^^^^^^^^^^^^^^^^^^^^^^^^^^^^^^^
  File "/usr/lib/python3.12/multiprocessing/connection.py", line 464, in __init__
    self._listener = SocketListener(address, family, backlog)
                     ^^^^^^^^^^^^^^^^^^^^^^^^^^^^^^^^^^^^^^^^
  File "/usr/lib/python3.12/multiprocessing/connection.py", line 608, in __init__
    self._socket.bind(address)
OSError: AF_UNIX path too long
Traceback (most recent call last):
Traceback (most recent call last):
  File "/usr/lib/python3.12/multiprocessing/queues.py", line 264, in _feed
    obj = _ForkingPickler.dumps(obj)
          ^^^^^^^^^^^^^^^^^^^^^^^^^^
  File "/usr/lib/python3.12/multiprocessing/reduction.py", line 51, in dumps
    cls(buf, protocol).dump(obj)
  File "/usr/local/lib/python3.12/dist-packages/torch/multiprocessing/reductions.py", line 616, in reduce_storage
    df = multiprocessing.reduction.DupFd(fd)
         ^^^^^^^^^^^^^^^^^^^^^^^^^^^^^^^^^^^
  File "/usr/lib/python3.12/multiprocessing/reduction.py", line 198, in DupFd
    return resource_sharer.DupFd(fd)
           ^^^^^^^^^^^^^^^^^^^^^^^^^
  File "/usr/lib/python3.12/multiprocessing/resource_sharer.py", line 53, in __init__
    self._id = _resource_sharer.register(send, close)
               ^^^^^^^^^^^^^^^^^^^^^^^^^^^^^^^^^^^^^^
  File "/usr/lib/python3.12/multiprocessing/resource_sharer.py", line 76, in register
    self._start()
  File "/usr/lib/python3.12/multiprocessing/resource_sharer.py", line 126, in _start
    self._listener = Listener(authkey=process.current_process().authkey, backlog=128)
                     ^^^^^^^^^^^^^^^^^^^^^^^^^^^^^^^^^^^^^^^^^^^^^^^^^^^^^^^^^^^^^^^^
  File "/usr/lib/python3.12/multiprocessing/connection.py", line 464, in __init__
    self._listener = SocketListener(address, family, backlog)
                     ^^^^^^^^^^^^^^^^^^^^^^^^^^^^^^^^^^^^^^^^
  File "/usr/lib/python3.12/multiprocessing/queues.py", line 264, in _feed
    obj = _ForkingPickler.dumps(obj)
          ^^^^^^^^^^^^^^^^^^^^^^^^^^
  File "/usr/lib/python3.12/multiprocessing/connection.py", line 608, in __init__
    self._socket.bind(address)
  File "/usr/lib/python3.12/multiprocessing/reduction.py", line 51, in dumps
    cls(buf, protocol).dump(obj)
OSError: AF_UNIX path too long
  File "/usr/local/lib/python3.12/dist-packages/torch/multiprocessing/reductions.py", line 616, in reduce_storage
    df = multiprocessing.reduction.DupFd(fd)
         ^^^^^^^^^^^^^^^^^^^^^^^^^^^^^^^^^^^
  File "/usr/lib/python3.12/multiprocessing/reduction.py", line 198, in DupFd
    return resource_sharer.DupFd(fd)
           ^^^^^^^^^^^^^^^^^^^^^^^^^
  File "/usr/lib/python3.12/multiprocessing/resource_sharer.py", line 53, in __init__
    self._id = _resource_sharer.register(send, close)
               ^^^^^^^^^^^^^^^^^^^^^^^^^^^^^^^^^^^^^^
  File "/usr/lib/python3.12/multiprocessing/resource_sharer.py", line 76, in register
    self._start()
  File "/usr/lib/python3.12/multiprocessing/resource_sharer.py", line 126, in _start
    self._listener = Listener(authkey=process.current_process().authkey, backlog=128)
                     ^^^^^^^^^^^^^^^^^^^^^^^^^^^^^^^^^^^^^^^^^^^^^^^^^^^^^^^^^^^^^^^^
  File "/usr/lib/python3.12/multiprocessing/connection.py", line 464, in __init__
    self._listener = SocketListener(address, family, backlog)
                     ^^^^^^^^^^^^^^^^^^^^^^^^^^^^^^^^^^^^^^^^
  File "/usr/lib/python3.12/multiprocessing/connection.py", line 608, in __init__
    self._socket.bind(address)
OSError: AF_UNIX path too long
Traceback (most recent call last):
  File "/usr/lib/python3.12/multiprocessing/queues.py", line 264, in _feed
    obj = _ForkingPickler.dumps(obj)
          ^^^^^^^^^^^^^^^^^^^^^^^^^^
  File "/usr/lib/python3.12/multiprocessing/reduction.py", line 51, in dumps
    cls(buf, protocol).dump(obj)
  File "/usr/local/lib/python3.12/dist-packages/torch/multiprocessing/reductions.py", line 616, in reduce_storage
    df = multiprocessing.reduction.DupFd(fd)
         ^^^^^^^^^^^^^^^^^^^^^^^^^^^^^^^^^^^
  File "/usr/lib/python3.12/multiprocessing/reduction.py", line 198, in DupFd
    return resource_sharer.DupFd(fd)
           ^^^^^^^^^^^^^^^^^^^^^^^^^
  File "/usr/lib/python3.12/multiprocessing/resource_sharer.py", line 53, in __init__
    self._id = _resource_sharer.register(send, close)
               ^^^^^^^^^^^^^^^^^^^^^^^^^^^^^^^^^^^^^^
  File "/usr/lib/python3.12/multiprocessing/resource_sharer.py", line 76, in register
    self._start()
  File "/usr/lib/python3.12/multiprocessing/resource_sharer.py", line 126, in _start
    self._listener = Listener(authkey=process.current_process().authkey, backlog=128)
                     ^^^^^^^^^^^^^^^^^^^^^^^^^^^^^^^^^^^^^^^^^^^^^^^^^^^^^^^^^^^^^^^^
  File "/usr/lib/python3.12/multiprocessing/connection.py", line 464, in __init__
    self._listener = SocketListener(address, family, backlog)
                     ^^^^^^^^^^^^^^^^^^^^^^^^^^^^^^^^^^^^^^^^
  File "/usr/lib/python3.12/multiprocessing/connection.py", line 608, in __init__
    self._socket.bind(address)
OSError: AF_UNIX path too long
Traceback (most recent call last):
  File "/usr/lib/python3.12/multiprocessing/queues.py", line 264, in _feed
    obj = _ForkingPickler.dumps(obj)
          ^^^^^^^^^^^^^^^^^^^^^^^^^^
  File "/usr/lib/python3.12/multiprocessing/reduction.py", line 51, in dumps
    cls(buf, protocol).dump(obj)
  File "/usr/local/lib/python3.12/dist-packages/torch/multiprocessing/reductions.py", line 616, in reduce_storage
    df = multiprocessing.reduction.DupFd(fd)
         ^^^^^^^^^^^^^^^^^^^^^^^^^^^^^^^^^^^
  File "/usr/lib/python3.12/multiprocessing/reduction.py", line 198, in DupFd
    return resource_sharer.DupFd(fd)
           ^^^^^^^^^^^^^^^^^^^^^^^^^
  File "/usr/lib/python3.12/multiprocessing/resource_sharer.py", line 53, in __init__
    self._id = _resource_sharer.register(send, close)
               ^^^^^^^^^^^^^^^^^^^^^^^^^^^^^^^^^^^^^^
  File "/usr/lib/python3.12/multiprocessing/resource_sharer.py", line 76, in register
    self._start()
  File "/usr/lib/python3.12/multiprocessing/resource_sharer.py", line 126, in _start
    self._listener = Listener(authkey=process.current_process().authkey, backlog=128)
                     ^^^^^^^^^^^^^^^^^^^^^^^^^^^^^^^^^^^^^^^^^^^^^^^^^^^^^^^^^^^^^^^^
  File "/usr/lib/python3.12/multiprocessing/connection.py", line 464, in __init__
    self._listener = SocketListener(address, family, backlog)
                     ^^^^^^^^^^^^^^^^^^^^^^^^^^^^^^^^^^^^^^^^
  File "/usr/lib/python3.12/multiprocessing/connection.py", line 608, in __init__
    self._socket.bind(address)
OSError: AF_UNIX path too long
Traceback (most recent call last):
Traceback (most recent call last):
  File "/usr/lib/python3.12/multiprocessing/queues.py", line 264, in _feed
    obj = _ForkingPickler.dumps(obj)
          ^^^^^^^^^^^^^^^^^^^^^^^^^^
  File "/usr/lib/python3.12/multiprocessing/reduction.py", line 51, in dumps
    cls(buf, protocol).dump(obj)
  File "/usr/local/lib/python3.12/dist-packages/torch/multiprocessing/reductions.py", line 616, in reduce_storage
    df = multiprocessing.reduction.DupFd(fd)
         ^^^^^^^^^^^^^^^^^^^^^^^^^^^^^^^^^^^
  File "/usr/lib/python3.12/multiprocessing/reduction.py", line 198, in DupFd
    return resource_sharer.DupFd(fd)
           ^^^^^^^^^^^^^^^^^^^^^^^^^
  File "/usr/lib/python3.12/multiprocessing/resource_sharer.py", line 53, in __init__
    self._id = _resource_sharer.register(send, close)
               ^^^^^^^^^^^^^^^^^^^^^^^^^^^^^^^^^^^^^^
  File "/usr/lib/python3.12/multiprocessing/queues.py", line 264, in _feed
    obj = _ForkingPickler.dumps(obj)
          ^^^^^^^^^^^^^^^^^^^^^^^^^^
  File "/usr/lib/python3.12/multiprocessing/resource_sharer.py", line 76, in register
    self._start()
  File "/usr/lib/python3.12/multiprocessing/resource_sharer.py", line 126, in _start
    self._listener = Listener(authkey=process.current_process().authkey, backlog=128)
                     ^^^^^^^^^^^^^^^^^^^^^^^^^^^^^^^^^^^^^^^^^^^^^^^^^^^^^^^^^^^^^^^^
  File "/usr/lib/python3.12/multiprocessing/connection.py", line 464, in __init__
    self._listener = SocketListener(address, family, backlog)
                     ^^^^^^^^^^^^^^^^^^^^^^^^^^^^^^^^^^^^^^^^
  File "/usr/lib/python3.12/multiprocessing/connection.py", line 608, in __init__
    self._socket.bind(address)
OSError: AF_UNIX path too long
  File "/usr/lib/python3.12/multiprocessing/reduction.py", line 51, in dumps
    cls(buf, protocol).dump(obj)
  File "/usr/local/lib/python3.12/dist-packages/torch/multiprocessing/reductions.py", line 616, in reduce_storage
    df = multiprocessing.reduction.DupFd(fd)
         ^^^^^^^^^^^^^^^^^^^^^^^^^^^^^^^^^^^
  File "/usr/lib/python3.12/multiprocessing/reduction.py", line 198, in DupFd
    return resource_sharer.DupFd(fd)
           ^^^^^^^^^^^^^^^^^^^^^^^^^
  File "/usr/lib/python3.12/multiprocessing/resource_sharer.py", line 53, in __init__
    self._id = _resource_sharer.register(send, close)
               ^^^^^^^^^^^^^^^^^^^^^^^^^^^^^^^^^^^^^^
  File "/usr/lib/python3.12/multiprocessing/resource_sharer.py", line 76, in register
    self._start()
  File "/usr/lib/python3.12/multiprocessing/resource_sharer.py", line 126, in _start
    self._listener = Listener(authkey=process.current_process().authkey, backlog=128)
                     ^^^^^^^^^^^^^^^^^^^^^^^^^^^^^^^^^^^^^^^^^^^^^^^^^^^^^^^^^^^^^^^^
  File "/usr/lib/python3.12/multiprocessing/connection.py", line 464, in __init__
    self._listener = SocketListener(address, family, backlog)
                     ^^^^^^^^^^^^^^^^^^^^^^^^^^^^^^^^^^^^^^^^
  File "/usr/lib/python3.12/multiprocessing/connection.py", line 608, in __init__
    self._socket.bind(address)
OSError: AF_UNIX path too long
Traceback (most recent call last):
  File "/usr/lib/python3.12/multiprocessing/queues.py", line 264, in _feed
    obj = _ForkingPickler.dumps(obj)
          ^^^^^^^^^^^^^^^^^^^^^^^^^^
  File "/usr/lib/python3.12/multiprocessing/reduction.py", line 51, in dumps
    cls(buf, protocol).dump(obj)
  File "/usr/local/lib/python3.12/dist-packages/torch/multiprocessing/reductions.py", line 616, in reduce_storage
    df = multiprocessing.reduction.DupFd(fd)
         ^^^^^^^^^^^^^^^^^^^^^^^^^^^^^^^^^^^
  File "/usr/lib/python3.12/multiprocessing/reduction.py", line 198, in DupFd
    return resource_sharer.DupFd(fd)
           ^^^^^^^^^^^^^^^^^^^^^^^^^
  File "/usr/lib/python3.12/multiprocessing/resource_sharer.py", line 53, in __init__
    self._id = _resource_sharer.register(send, close)
               ^^^^^^^^^^^^^^^^^^^^^^^^^^^^^^^^^^^^^^
  File "/usr/lib/python3.12/multiprocessing/resource_sharer.py", line 76, in register
    self._start()
  File "/usr/lib/python3.12/multiprocessing/resource_sharer.py", line 126, in _start
    self._listener = Listener(authkey=process.current_process().authkey, backlog=128)
                     ^^^^^^^^^^^^^^^^^^^^^^^^^^^^^^^^^^^^^^^^^^^^^^^^^^^^^^^^^^^^^^^^
  File "/usr/lib/python3.12/multiprocessing/connection.py", line 464, in __init__
    self._listener = SocketListener(address, family, backlog)
                     ^^^^^^^^^^^^^^^^^^^^^^^^^^^^^^^^^^^^^^^^
  File "/usr/lib/python3.12/multiprocessing/connection.py", line 608, in __init__
    self._socket.bind(address)
OSError: AF_UNIX path too long
Traceback (most recent call last):
Traceback (most recent call last):
  File "/usr/lib/python3.12/multiprocessing/queues.py", line 264, in _feed
    obj = _ForkingPickler.dumps(obj)
          ^^^^^^^^^^^^^^^^^^^^^^^^^^
  File "/usr/lib/python3.12/multiprocessing/queues.py", line 264, in _feed
    obj = _ForkingPickler.dumps(obj)
          ^^^^^^^^^^^^^^^^^^^^^^^^^^
  File "/usr/lib/python3.12/multiprocessing/reduction.py", line 51, in dumps
    cls(buf, protocol).dump(obj)
  File "/usr/local/lib/python3.12/dist-packages/torch/multiprocessing/reductions.py", line 616, in reduce_storage
    df = multiprocessing.reduction.DupFd(fd)
         ^^^^^^^^^^^^^^^^^^^^^^^^^^^^^^^^^^^
  File "/usr/lib/python3.12/multiprocessing/reduction.py", line 51, in dumps
    cls(buf, protocol).dump(obj)
  File "/usr/lib/python3.12/multiprocessing/reduction.py", line 198, in DupFd
    return resource_sharer.DupFd(fd)
           ^^^^^^^^^^^^^^^^^^^^^^^^^
  File "/usr/local/lib/python3.12/dist-packages/torch/multiprocessing/reductions.py", line 616, in reduce_storage
    df = multiprocessing.reduction.DupFd(fd)
         ^^^^^^^^^^^^^^^^^^^^^^^^^^^^^^^^^^^
  File "/usr/lib/python3.12/multiprocessing/resource_sharer.py", line 53, in __init__
    self._id = _resource_sharer.register(send, close)
               ^^^^^^^^^^^^^^^^^^^^^^^^^^^^^^^^^^^^^^
  File "/usr/lib/python3.12/multiprocessing/reduction.py", line 198, in DupFd
    return resource_sharer.DupFd(fd)
           ^^^^^^^^^^^^^^^^^^^^^^^^^
  File "/usr/lib/python3.12/multiprocessing/resource_sharer.py", line 76, in register
    self._start()
  File "/usr/lib/python3.12/multiprocessing/resource_sharer.py", line 53, in __init__
    self._id = _resource_sharer.register(send, close)
               ^^^^^^^^^^^^^^^^^^^^^^^^^^^^^^^^^^^^^^
  File "/usr/lib/python3.12/multiprocessing/resource_sharer.py", line 126, in _start
    self._listener = Listener(authkey=process.current_process().authkey, backlog=128)
                     ^^^^^^^^^^^^^^^^^^^^^^^^^^^^^^^^^^^^^^^^^^^^^^^^^^^^^^^^^^^^^^^^
  File "/usr/lib/python3.12/multiprocessing/resource_sharer.py", line 76, in register
    self._start()
  File "/usr/lib/python3.12/multiprocessing/connection.py", line 464, in __init__
    self._listener = SocketListener(address, family, backlog)
                     ^^^^^^^^^^^^^^^^^^^^^^^^^^^^^^^^^^^^^^^^
  File "/usr/lib/python3.12/multiprocessing/resource_sharer.py", line 126, in _start
    self._listener = Listener(authkey=process.current_process().authkey, backlog=128)
                     ^^^^^^^^^^^^^^^^^^^^^^^^^^^^^^^^^^^^^^^^^^^^^^^^^^^^^^^^^^^^^^^^
  File "/usr/lib/python3.12/multiprocessing/connection.py", line 608, in __init__
    self._socket.bind(address)
  File "/usr/lib/python3.12/multiprocessing/connection.py", line 464, in __init__
    self._listener = SocketListener(address, family, backlog)
                     ^^^^^^^^^^^^^^^^^^^^^^^^^^^^^^^^^^^^^^^^
OSError: AF_UNIX path too long
  File "/usr/lib/python3.12/multiprocessing/connection.py", line 608, in __init__
    self._socket.bind(address)
OSError: AF_UNIX path too long
Traceback (most recent call last):
  File "/usr/lib/python3.12/multiprocessing/queues.py", line 264, in _feed
    obj = _ForkingPickler.dumps(obj)
          ^^^^^^^^^^^^^^^^^^^^^^^^^^
  File "/usr/lib/python3.12/multiprocessing/reduction.py", line 51, in dumps
    cls(buf, protocol).dump(obj)
  File "/usr/local/lib/python3.12/dist-packages/torch/multiprocessing/reductions.py", line 616, in reduce_storage
    df = multiprocessing.reduction.DupFd(fd)
         ^^^^^^^^^^^^^^^^^^^^^^^^^^^^^^^^^^^
  File "/usr/lib/python3.12/multiprocessing/reduction.py", line 198, in DupFd
    return resource_sharer.DupFd(fd)
           ^^^^^^^^^^^^^^^^^^^^^^^^^
  File "/usr/lib/python3.12/multiprocessing/resource_sharer.py", line 53, in __init__
    self._id = _resource_sharer.register(send, close)
               ^^^^^^^^^^^^^^^^^^^^^^^^^^^^^^^^^^^^^^
  File "/usr/lib/python3.12/multiprocessing/resource_sharer.py", line 76, in register
    self._start()
  File "/usr/lib/python3.12/multiprocessing/resource_sharer.py", line 126, in _start
    self._listener = Listener(authkey=process.current_process().authkey, backlog=128)
                     ^^^^^^^^^^^^^^^^^^^^^^^^^^^^^^^^^^^^^^^^^^^^^^^^^^^^^^^^^^^^^^^^
  File "/usr/lib/python3.12/multiprocessing/connection.py", line 464, in __init__
    self._listener = SocketListener(address, family, backlog)
                     ^^^^^^^^^^^^^^^^^^^^^^^^^^^^^^^^^^^^^^^^
  File "/usr/lib/python3.12/multiprocessing/connection.py", line 608, in __init__
    self._socket.bind(address)
OSError: AF_UNIX path too long
Traceback (most recent call last):
  File "/usr/lib/python3.12/multiprocessing/queues.py", line 264, in _feed
    obj = _ForkingPickler.dumps(obj)
          ^^^^^^^^^^^^^^^^^^^^^^^^^^
  File "/usr/lib/python3.12/multiprocessing/reduction.py", line 51, in dumps
    cls(buf, protocol).dump(obj)
  File "/usr/local/lib/python3.12/dist-packages/torch/multiprocessing/reductions.py", line 616, in reduce_storage
    df = multiprocessing.reduction.DupFd(fd)
         ^^^^^^^^^^^^^^^^^^^^^^^^^^^^^^^^^^^
  File "/usr/lib/python3.12/multiprocessing/reduction.py", line 198, in DupFd
    return resource_sharer.DupFd(fd)
           ^^^^^^^^^^^^^^^^^^^^^^^^^
  File "/usr/lib/python3.12/multiprocessing/resource_sharer.py", line 53, in __init__
    self._id = _resource_sharer.register(send, close)
               ^^^^^^^^^^^^^^^^^^^^^^^^^^^^^^^^^^^^^^
  File "/usr/lib/python3.12/multiprocessing/resource_sharer.py", line 76, in register
    self._start()
  File "/usr/lib/python3.12/multiprocessing/resource_sharer.py", line 126, in _start
    self._listener = Listener(authkey=process.current_process().authkey, backlog=128)
                     ^^^^^^^^^^^^^^^^^^^^^^^^^^^^^^^^^^^^^^^^^^^^^^^^^^^^^^^^^^^^^^^^
  File "/usr/lib/python3.12/multiprocessing/connection.py", line 464, in __init__
    self._listener = SocketListener(address, family, backlog)
                     ^^^^^^^^^^^^^^^^^^^^^^^^^^^^^^^^^^^^^^^^
  File "/usr/lib/python3.12/multiprocessing/connection.py", line 608, in __init__
    self._socket.bind(address)
OSError: AF_UNIX path too long
Traceback (most recent call last):
  File "/usr/lib/python3.12/multiprocessing/queues.py", line 264, in _feed
    obj = _ForkingPickler.dumps(obj)
          ^^^^^^^^^^^^^^^^^^^^^^^^^^
  File "/usr/lib/python3.12/multiprocessing/reduction.py", line 51, in dumps
    cls(buf, protocol).dump(obj)
  File "/usr/local/lib/python3.12/dist-packages/torch/multiprocessing/reductions.py", line 616, in reduce_storage
    df = multiprocessing.reduction.DupFd(fd)
         ^^^^^^^^^^^^^^^^^^^^^^^^^^^^^^^^^^^
  File "/usr/lib/python3.12/multiprocessing/reduction.py", line 198, in DupFd
    return resource_sharer.DupFd(fd)
           ^^^^^^^^^^^^^^^^^^^^^^^^^
  File "/usr/lib/python3.12/multiprocessing/resource_sharer.py", line 53, in __init__
    self._id = _resource_sharer.register(send, close)
               ^^^^^^^^^^^^^^^^^^^^^^^^^^^^^^^^^^^^^^
  File "/usr/lib/python3.12/multiprocessing/resource_sharer.py", line 76, in register
    self._start()
  File "/usr/lib/python3.12/multiprocessing/resource_sharer.py", line 126, in _start
    self._listener = Listener(authkey=process.current_process().authkey, backlog=128)
                     ^^^^^^^^^^^^^^^^^^^^^^^^^^^^^^^^^^^^^^^^^^^^^^^^^^^^^^^^^^^^^^^^
  File "/usr/lib/python3.12/multiprocessing/connection.py", line 464, in __init__
    self._listener = SocketListener(address, family, backlog)
                     ^^^^^^^^^^^^^^^^^^^^^^^^^^^^^^^^^^^^^^^^
  File "/usr/lib/python3.12/multiprocessing/connection.py", line 608, in __init__
    self._socket.bind(address)
OSError: AF_UNIX path too long
Traceback (most recent call last):
  File "/usr/lib/python3.12/multiprocessing/queues.py", line 264, in _feed
    obj = _ForkingPickler.dumps(obj)
          ^^^^^^^^^^^^^^^^^^^^^^^^^^
  File "/usr/lib/python3.12/multiprocessing/reduction.py", line 51, in dumps
    cls(buf, protocol).dump(obj)
  File "/usr/local/lib/python3.12/dist-packages/torch/multiprocessing/reductions.py", line 616, in reduce_storage
    df = multiprocessing.reduction.DupFd(fd)
         ^^^^^^^^^^^^^^^^^^^^^^^^^^^^^^^^^^^
  File "/usr/lib/python3.12/multiprocessing/reduction.py", line 198, in DupFd
    return resource_sharer.DupFd(fd)
           ^^^^^^^^^^^^^^^^^^^^^^^^^
  File "/usr/lib/python3.12/multiprocessing/resource_sharer.py", line 53, in __init__
    self._id = _resource_sharer.register(send, close)
               ^^^^^^^^^^^^^^^^^^^^^^^^^^^^^^^^^^^^^^
  File "/usr/lib/python3.12/multiprocessing/resource_sharer.py", line 76, in register
    self._start()
  File "/usr/lib/python3.12/multiprocessing/resource_sharer.py", line 126, in _start
    self._listener = Listener(authkey=process.current_process().authkey, backlog=128)
                     ^^^^^^^^^^^^^^^^^^^^^^^^^^^^^^^^^^^^^^^^^^^^^^^^^^^^^^^^^^^^^^^^
  File "/usr/lib/python3.12/multiprocessing/connection.py", line 464, in __init__
    self._listener = SocketListener(address, family, backlog)
                     ^^^^^^^^^^^^^^^^^^^^^^^^^^^^^^^^^^^^^^^^
  File "/usr/lib/python3.12/multiprocessing/connection.py", line 608, in __init__
    self._socket.bind(address)
OSError: AF_UNIX path too long
Traceback (most recent call last):
  File "/usr/lib/python3.12/multiprocessing/queues.py", line 264, in _feed
    obj = _ForkingPickler.dumps(obj)
          ^^^^^^^^^^^^^^^^^^^^^^^^^^
  File "/usr/lib/python3.12/multiprocessing/reduction.py", line 51, in dumps
    cls(buf, protocol).dump(obj)
  File "/usr/local/lib/python3.12/dist-packages/torch/multiprocessing/reductions.py", line 616, in reduce_storage
    df = multiprocessing.reduction.DupFd(fd)
         ^^^^^^^^^^^^^^^^^^^^^^^^^^^^^^^^^^^
  File "/usr/lib/python3.12/multiprocessing/reduction.py", line 198, in DupFd
    return resource_sharer.DupFd(fd)
           ^^^^^^^^^^^^^^^^^^^^^^^^^
  File "/usr/lib/python3.12/multiprocessing/resource_sharer.py", line 53, in __init__
    self._id = _resource_sharer.register(send, close)
               ^^^^^^^^^^^^^^^^^^^^^^^^^^^^^^^^^^^^^^
  File "/usr/lib/python3.12/multiprocessing/resource_sharer.py", line 76, in register
    self._start()
  File "/usr/lib/python3.12/multiprocessing/resource_sharer.py", line 126, in _start
    self._listener = Listener(authkey=process.current_process().authkey, backlog=128)
                     ^^^^^^^^^^^^^^^^^^^^^^^^^^^^^^^^^^^^^^^^^^^^^^^^^^^^^^^^^^^^^^^^
  File "/usr/lib/python3.12/multiprocessing/connection.py", line 464, in __init__
    self._listener = SocketListener(address, family, backlog)
                     ^^^^^^^^^^^^^^^^^^^^^^^^^^^^^^^^^^^^^^^^
  File "/usr/lib/python3.12/multiprocessing/connection.py", line 608, in __init__
    self._socket.bind(address)
OSError: AF_UNIX path too long
Traceback (most recent call last):
  File "/usr/lib/python3.12/multiprocessing/queues.py", line 264, in _feed
    obj = _ForkingPickler.dumps(obj)
          ^^^^^^^^^^^^^^^^^^^^^^^^^^
  File "/usr/lib/python3.12/multiprocessing/reduction.py", line 51, in dumps
    cls(buf, protocol).dump(obj)
  File "/usr/local/lib/python3.12/dist-packages/torch/multiprocessing/reductions.py", line 616, in reduce_storage
    df = multiprocessing.reduction.DupFd(fd)
         ^^^^^^^^^^^^^^^^^^^^^^^^^^^^^^^^^^^
  File "/usr/lib/python3.12/multiprocessing/reduction.py", line 198, in DupFd
    return resource_sharer.DupFd(fd)
           ^^^^^^^^^^^^^^^^^^^^^^^^^
  File "/usr/lib/python3.12/multiprocessing/resource_sharer.py", line 53, in __init__
    self._id = _resource_sharer.register(send, close)
               ^^^^^^^^^^^^^^^^^^^^^^^^^^^^^^^^^^^^^^
  File "/usr/lib/python3.12/multiprocessing/resource_sharer.py", line 76, in register
    self._start()
  File "/usr/lib/python3.12/multiprocessing/resource_sharer.py", line 126, in _start
    self._listener = Listener(authkey=process.current_process().authkey, backlog=128)
                     ^^^^^^^^^^^^^^^^^^^^^^^^^^^^^^^^^^^^^^^^^^^^^^^^^^^^^^^^^^^^^^^^
  File "/usr/lib/python3.12/multiprocessing/connection.py", line 464, in __init__
    self._listener = SocketListener(address, family, backlog)
                     ^^^^^^^^^^^^^^^^^^^^^^^^^^^^^^^^^^^^^^^^
Traceback (most recent call last):
  File "/usr/lib/python3.12/multiprocessing/connection.py", line 608, in __init__
    self._socket.bind(address)
OSError: AF_UNIX path too long
  File "/usr/lib/python3.12/multiprocessing/queues.py", line 264, in _feed
    obj = _ForkingPickler.dumps(obj)
          ^^^^^^^^^^^^^^^^^^^^^^^^^^
  File "/usr/lib/python3.12/multiprocessing/reduction.py", line 51, in dumps
    cls(buf, protocol).dump(obj)
  File "/usr/local/lib/python3.12/dist-packages/torch/multiprocessing/reductions.py", line 616, in reduce_storage
    df = multiprocessing.reduction.DupFd(fd)
         ^^^^^^^^^^^^^^^^^^^^^^^^^^^^^^^^^^^
  File "/usr/lib/python3.12/multiprocessing/reduction.py", line 198, in DupFd
    return resource_sharer.DupFd(fd)
           ^^^^^^^^^^^^^^^^^^^^^^^^^
  File "/usr/lib/python3.12/multiprocessing/resource_sharer.py", line 53, in __init__
    self._id = _resource_sharer.register(send, close)
               ^^^^^^^^^^^^^^^^^^^^^^^^^^^^^^^^^^^^^^
  File "/usr/lib/python3.12/multiprocessing/resource_sharer.py", line 76, in register
    self._start()
  File "/usr/lib/python3.12/multiprocessing/resource_sharer.py", line 126, in _start
    self._listener = Listener(authkey=process.current_process().authkey, backlog=128)
                     ^^^^^^^^^^^^^^^^^^^^^^^^^^^^^^^^^^^^^^^^^^^^^^^^^^^^^^^^^^^^^^^^
  File "/usr/lib/python3.12/multiprocessing/connection.py", line 464, in __init__
    self._listener = SocketListener(address, family, backlog)
                     ^^^^^^^^^^^^^^^^^^^^^^^^^^^^^^^^^^^^^^^^
  File "/usr/lib/python3.12/multiprocessing/connection.py", line 608, in __init__
    self._socket.bind(address)
OSError: AF_UNIX path too long
Traceback (most recent call last):
  File "/usr/lib/python3.12/multiprocessing/queues.py", line 264, in _feed
    obj = _ForkingPickler.dumps(obj)
          ^^^^^^^^^^^^^^^^^^^^^^^^^^
  File "/usr/lib/python3.12/multiprocessing/reduction.py", line 51, in dumps
    cls(buf, protocol).dump(obj)
  File "/usr/local/lib/python3.12/dist-packages/torch/multiprocessing/reductions.py", line 616, in reduce_storage
    df = multiprocessing.reduction.DupFd(fd)
         ^^^^^^^^^^^^^^^^^^^^^^^^^^^^^^^^^^^
  File "/usr/lib/python3.12/multiprocessing/reduction.py", line 198, in DupFd
    return resource_sharer.DupFd(fd)
           ^^^^^^^^^^^^^^^^^^^^^^^^^
  File "/usr/lib/python3.12/multiprocessing/resource_sharer.py", line 53, in __init__
    self._id = _resource_sharer.register(send, close)
               ^^^^^^^^^^^^^^^^^^^^^^^^^^^^^^^^^^^^^^
  File "/usr/lib/python3.12/multiprocessing/resource_sharer.py", line 76, in register
    self._start()
  File "/usr/lib/python3.12/multiprocessing/resource_sharer.py", line 126, in _start
    self._listener = Listener(authkey=process.current_process().authkey, backlog=128)
                     ^^^^^^^^^^^^^^^^^^^^^^^^^^^^^^^^^^^^^^^^^^^^^^^^^^^^^^^^^^^^^^^^
  File "/usr/lib/python3.12/multiprocessing/connection.py", line 464, in __init__
    self._listener = SocketListener(address, family, backlog)
                     ^^^^^^^^^^^^^^^^^^^^^^^^^^^^^^^^^^^^^^^^
  File "/usr/lib/python3.12/multiprocessing/connection.py", line 608, in __init__
    self._socket.bind(address)
OSError: AF_UNIX path too long
Traceback (most recent call last):
  File "/usr/lib/python3.12/multiprocessing/queues.py", line 264, in _feed
    obj = _ForkingPickler.dumps(obj)
          ^^^^^^^^^^^^^^^^^^^^^^^^^^
  File "/usr/lib/python3.12/multiprocessing/reduction.py", line 51, in dumps
    cls(buf, protocol).dump(obj)
  File "/usr/local/lib/python3.12/dist-packages/torch/multiprocessing/reductions.py", line 616, in reduce_storage
    df = multiprocessing.reduction.DupFd(fd)
         ^^^^^^^^^^^^^^^^^^^^^^^^^^^^^^^^^^^
  File "/usr/lib/python3.12/multiprocessing/reduction.py", line 198, in DupFd
    return resource_sharer.DupFd(fd)
           ^^^^^^^^^^^^^^^^^^^^^^^^^
  File "/usr/lib/python3.12/multiprocessing/resource_sharer.py", line 53, in __init__
    self._id = _resource_sharer.register(send, close)
               ^^^^^^^^^^^^^^^^^^^^^^^^^^^^^^^^^^^^^^
  File "/usr/lib/python3.12/multiprocessing/resource_sharer.py", line 76, in register
    self._start()
  File "/usr/lib/python3.12/multiprocessing/resource_sharer.py", line 126, in _start
    self._listener = Listener(authkey=process.current_process().authkey, backlog=128)
                     ^^^^^^^^^^^^^^^^^^^^^^^^^^^^^^^^^^^^^^^^^^^^^^^^^^^^^^^^^^^^^^^^
  File "/usr/lib/python3.12/multiprocessing/connection.py", line 464, in __init__
    self._listener = SocketListener(address, family, backlog)
                     ^^^^^^^^^^^^^^^^^^^^^^^^^^^^^^^^^^^^^^^^
  File "/usr/lib/python3.12/multiprocessing/connection.py", line 608, in __init__
    self._socket.bind(address)
OSError: AF_UNIX path too long
Traceback (most recent call last):
  File "/usr/lib/python3.12/multiprocessing/queues.py", line 264, in _feed
    obj = _ForkingPickler.dumps(obj)
          ^^^^^^^^^^^^^^^^^^^^^^^^^^
  File "/usr/lib/python3.12/multiprocessing/reduction.py", line 51, in dumps
    cls(buf, protocol).dump(obj)
  File "/usr/local/lib/python3.12/dist-packages/torch/multiprocessing/reductions.py", line 616, in reduce_storage
    df = multiprocessing.reduction.DupFd(fd)
         ^^^^^^^^^^^^^^^^^^^^^^^^^^^^^^^^^^^
  File "/usr/lib/python3.12/multiprocessing/reduction.py", line 198, in DupFd
    return resource_sharer.DupFd(fd)
           ^^^^^^^^^^^^^^^^^^^^^^^^^
  File "/usr/lib/python3.12/multiprocessing/resource_sharer.py", line 53, in __init__
    self._id = _resource_sharer.register(send, close)
               ^^^^^^^^^^^^^^^^^^^^^^^^^^^^^^^^^^^^^^
  File "/usr/lib/python3.12/multiprocessing/resource_sharer.py", line 76, in register
    self._start()
  File "/usr/lib/python3.12/multiprocessing/resource_sharer.py", line 126, in _start
    self._listener = Listener(authkey=process.current_process().authkey, backlog=128)
                     ^^^^^^^^^^^^^^^^^^^^^^^^^^^^^^^^^^^^^^^^^^^^^^^^^^^^^^^^^^^^^^^^
  File "/usr/lib/python3.12/multiprocessing/connection.py", line 464, in __init__
    self._listener = SocketListener(address, family, backlog)
                     ^^^^^^^^^^^^^^^^^^^^^^^^^^^^^^^^^^^^^^^^
  File "/usr/lib/python3.12/multiprocessing/connection.py", line 608, in __init__
    self._socket.bind(address)
OSError: AF_UNIX path too long
Traceback (most recent call last):
  File "/usr/lib/python3.12/multiprocessing/queues.py", line 264, in _feed
    obj = _ForkingPickler.dumps(obj)
          ^^^^^^^^^^^^^^^^^^^^^^^^^^
  File "/usr/lib/python3.12/multiprocessing/reduction.py", line 51, in dumps
    cls(buf, protocol).dump(obj)
  File "/usr/local/lib/python3.12/dist-packages/torch/multiprocessing/reductions.py", line 616, in reduce_storage
    df = multiprocessing.reduction.DupFd(fd)
         ^^^^^^^^^^^^^^^^^^^^^^^^^^^^^^^^^^^
  File "/usr/lib/python3.12/multiprocessing/reduction.py", line 198, in DupFd
    return resource_sharer.DupFd(fd)
           ^^^^^^^^^^^^^^^^^^^^^^^^^
  File "/usr/lib/python3.12/multiprocessing/resource_sharer.py", line 53, in __init__
    self._id = _resource_sharer.register(send, close)
               ^^^^^^^^^^^^^^^^^^^^^^^^^^^^^^^^^^^^^^
  File "/usr/lib/python3.12/multiprocessing/resource_sharer.py", line 76, in register
    self._start()
  File "/usr/lib/python3.12/multiprocessing/resource_sharer.py", line 126, in _start
    self._listener = Listener(authkey=process.current_process().authkey, backlog=128)
                     ^^^^^^^^^^^^^^^^^^^^^^^^^^^^^^^^^^^^^^^^^^^^^^^^^^^^^^^^^^^^^^^^
  File "/usr/lib/python3.12/multiprocessing/connection.py", line 464, in __init__
    self._listener = SocketListener(address, family, backlog)
                     ^^^^^^^^^^^^^^^^^^^^^^^^^^^^^^^^^^^^^^^^
  File "/usr/lib/python3.12/multiprocessing/connection.py", line 608, in __init__
    self._socket.bind(address)
OSError: AF_UNIX path too long
Traceback (most recent call last):
  File "/usr/lib/python3.12/multiprocessing/queues.py", line 264, in _feed
    obj = _ForkingPickler.dumps(obj)
          ^^^^^^^^^^^^^^^^^^^^^^^^^^
  File "/usr/lib/python3.12/multiprocessing/reduction.py", line 51, in dumps
    cls(buf, protocol).dump(obj)
  File "/usr/local/lib/python3.12/dist-packages/torch/multiprocessing/reductions.py", line 616, in reduce_storage
    df = multiprocessing.reduction.DupFd(fd)
         ^^^^^^^^^^^^^^^^^^^^^^^^^^^^^^^^^^^
  File "/usr/lib/python3.12/multiprocessing/reduction.py", line 198, in DupFd
    return resource_sharer.DupFd(fd)
           ^^^^^^^^^^^^^^^^^^^^^^^^^
  File "/usr/lib/python3.12/multiprocessing/resource_sharer.py", line 53, in __init__
    self._id = _resource_sharer.register(send, close)
               ^^^^^^^^^^^^^^^^^^^^^^^^^^^^^^^^^^^^^^
  File "/usr/lib/python3.12/multiprocessing/resource_sharer.py", line 76, in register
    self._start()
  File "/usr/lib/python3.12/multiprocessing/resource_sharer.py", line 126, in _start
    self._listener = Listener(authkey=process.current_process().authkey, backlog=128)
                     ^^^^^^^^^^^^^^^^^^^^^^^^^^^^^^^^^^^^^^^^^^^^^^^^^^^^^^^^^^^^^^^^
  File "/usr/lib/python3.12/multiprocessing/connection.py", line 464, in __init__
    self._listener = SocketListener(address, family, backlog)
                     ^^^^^^^^^^^^^^^^^^^^^^^^^^^^^^^^^^^^^^^^
  File "/usr/lib/python3.12/multiprocessing/connection.py", line 608, in __init__
    self._socket.bind(address)
OSError: AF_UNIX path too long
Traceback (most recent call last):
  File "/usr/lib/python3.12/multiprocessing/queues.py", line 264, in _feed
    obj = _ForkingPickler.dumps(obj)
          ^^^^^^^^^^^^^^^^^^^^^^^^^^
  File "/usr/lib/python3.12/multiprocessing/reduction.py", line 51, in dumps
    cls(buf, protocol).dump(obj)
  File "/usr/local/lib/python3.12/dist-packages/torch/multiprocessing/reductions.py", line 616, in reduce_storage
    df = multiprocessing.reduction.DupFd(fd)
         ^^^^^^^^^^^^^^^^^^^^^^^^^^^^^^^^^^^
  File "/usr/lib/python3.12/multiprocessing/reduction.py", line 198, in DupFd
    return resource_sharer.DupFd(fd)
           ^^^^^^^^^^^^^^^^^^^^^^^^^
  File "/usr/lib/python3.12/multiprocessing/resource_sharer.py", line 53, in __init__
    self._id = _resource_sharer.register(send, close)
               ^^^^^^^^^^^^^^^^^^^^^^^^^^^^^^^^^^^^^^
  File "/usr/lib/python3.12/multiprocessing/resource_sharer.py", line 76, in register
    self._start()
  File "/usr/lib/python3.12/multiprocessing/resource_sharer.py", line 126, in _start
    self._listener = Listener(authkey=process.current_process().authkey, backlog=128)
                     ^^^^^^^^^^^^^^^^^^^^^^^^^^^^^^^^^^^^^^^^^^^^^^^^^^^^^^^^^^^^^^^^
  File "/usr/lib/python3.12/multiprocessing/connection.py", line 464, in __init__
    self._listener = SocketListener(address, family, backlog)
                     ^^^^^^^^^^^^^^^^^^^^^^^^^^^^^^^^^^^^^^^^
  File "/usr/lib/python3.12/multiprocessing/connection.py", line 608, in __init__
    self._socket.bind(address)
OSError: AF_UNIX path too long
Traceback (most recent call last):
  File "/usr/lib/python3.12/multiprocessing/queues.py", line 264, in _feed
    obj = _ForkingPickler.dumps(obj)
          ^^^^^^^^^^^^^^^^^^^^^^^^^^
  File "/usr/lib/python3.12/multiprocessing/reduction.py", line 51, in dumps
    cls(buf, protocol).dump(obj)
  File "/usr/local/lib/python3.12/dist-packages/torch/multiprocessing/reductions.py", line 616, in reduce_storage
    df = multiprocessing.reduction.DupFd(fd)
         ^^^^^^^^^^^^^^^^^^^^^^^^^^^^^^^^^^^
  File "/usr/lib/python3.12/multiprocessing/reduction.py", line 198, in DupFd
    return resource_sharer.DupFd(fd)
           ^^^^^^^^^^^^^^^^^^^^^^^^^
  File "/usr/lib/python3.12/multiprocessing/resource_sharer.py", line 53, in __init__
    self._id = _resource_sharer.register(send, close)
               ^^^^^^^^^^^^^^^^^^^^^^^^^^^^^^^^^^^^^^
  File "/usr/lib/python3.12/multiprocessing/resource_sharer.py", line 76, in register
    self._start()
  File "/usr/lib/python3.12/multiprocessing/resource_sharer.py", line 126, in _start
    self._listener = Listener(authkey=process.current_process().authkey, backlog=128)
                     ^^^^^^^^^^^^^^^^^^^^^^^^^^^^^^^^^^^^^^^^^^^^^^^^^^^^^^^^^^^^^^^^
  File "/usr/lib/python3.12/multiprocessing/connection.py", line 464, in __init__
    self._listener = SocketListener(address, family, backlog)
                     ^^^^^^^^^^^^^^^^^^^^^^^^^^^^^^^^^^^^^^^^
  File "/usr/lib/python3.12/multiprocessing/connection.py", line 608, in __init__
    self._socket.bind(address)
OSError: AF_UNIX path too long
Traceback (most recent call last):
  File "/usr/lib/python3.12/multiprocessing/queues.py", line 264, in _feed
    obj = _ForkingPickler.dumps(obj)
          ^^^^^^^^^^^^^^^^^^^^^^^^^^
  File "/usr/lib/python3.12/multiprocessing/reduction.py", line 51, in dumps
    cls(buf, protocol).dump(obj)
  File "/usr/local/lib/python3.12/dist-packages/torch/multiprocessing/reductions.py", line 616, in reduce_storage
    df = multiprocessing.reduction.DupFd(fd)
         ^^^^^^^^^^^^^^^^^^^^^^^^^^^^^^^^^^^
  File "/usr/lib/python3.12/multiprocessing/reduction.py", line 198, in DupFd
    return resource_sharer.DupFd(fd)
           ^^^^^^^^^^^^^^^^^^^^^^^^^
  File "/usr/lib/python3.12/multiprocessing/resource_sharer.py", line 53, in __init__
    self._id = _resource_sharer.register(send, close)
               ^^^^^^^^^^^^^^^^^^^^^^^^^^^^^^^^^^^^^^
  File "/usr/lib/python3.12/multiprocessing/resource_sharer.py", line 76, in register
    self._start()
  File "/usr/lib/python3.12/multiprocessing/resource_sharer.py", line 126, in _start
    self._listener = Listener(authkey=process.current_process().authkey, backlog=128)
                     ^^^^^^^^^^^^^^^^^^^^^^^^^^^^^^^^^^^^^^^^^^^^^^^^^^^^^^^^^^^^^^^^
  File "/usr/lib/python3.12/multiprocessing/connection.py", line 464, in __init__
    self._listener = SocketListener(address, family, backlog)
                     ^^^^^^^^^^^^^^^^^^^^^^^^^^^^^^^^^^^^^^^^
  File "/usr/lib/python3.12/multiprocessing/connection.py", line 608, in __init__
    self._socket.bind(address)
OSError: AF_UNIX path too long
Traceback (most recent call last):
  File "/usr/lib/python3.12/multiprocessing/queues.py", line 264, in _feed
    obj = _ForkingPickler.dumps(obj)
          ^^^^^^^^^^^^^^^^^^^^^^^^^^
  File "/usr/lib/python3.12/multiprocessing/reduction.py", line 51, in dumps
    cls(buf, protocol).dump(obj)
  File "/usr/local/lib/python3.12/dist-packages/torch/multiprocessing/reductions.py", line 616, in reduce_storage
    df = multiprocessing.reduction.DupFd(fd)
         ^^^^^^^^^^^^^^^^^^^^^^^^^^^^^^^^^^^
  File "/usr/lib/python3.12/multiprocessing/reduction.py", line 198, in DupFd
    return resource_sharer.DupFd(fd)
           ^^^^^^^^^^^^^^^^^^^^^^^^^
  File "/usr/lib/python3.12/multiprocessing/resource_sharer.py", line 53, in __init__
    self._id = _resource_sharer.register(send, close)
               ^^^^^^^^^^^^^^^^^^^^^^^^^^^^^^^^^^^^^^
  File "/usr/lib/python3.12/multiprocessing/resource_sharer.py", line 76, in register
    self._start()
  File "/usr/lib/python3.12/multiprocessing/resource_sharer.py", line 126, in _start
    self._listener = Listener(authkey=process.current_process().authkey, backlog=128)
                     ^^^^^^^^^^^^^^^^^^^^^^^^^^^^^^^^^^^^^^^^^^^^^^^^^^^^^^^^^^^^^^^^
  File "/usr/lib/python3.12/multiprocessing/connection.py", line 464, in __init__
    self._listener = SocketListener(address, family, backlog)
                     ^^^^^^^^^^^^^^^^^^^^^^^^^^^^^^^^^^^^^^^^
  File "/usr/lib/python3.12/multiprocessing/connection.py", line 608, in __init__
    self._socket.bind(address)
OSError: AF_UNIX path too long
Traceback (most recent call last):
  File "/usr/lib/python3.12/multiprocessing/queues.py", line 264, in _feed
    obj = _ForkingPickler.dumps(obj)
          ^^^^^^^^^^^^^^^^^^^^^^^^^^
  File "/usr/lib/python3.12/multiprocessing/reduction.py", line 51, in dumps
    cls(buf, protocol).dump(obj)
  File "/usr/local/lib/python3.12/dist-packages/torch/multiprocessing/reductions.py", line 616, in reduce_storage
    df = multiprocessing.reduction.DupFd(fd)
         ^^^^^^^^^^^^^^^^^^^^^^^^^^^^^^^^^^^
  File "/usr/lib/python3.12/multiprocessing/reduction.py", line 198, in DupFd
    return resource_sharer.DupFd(fd)
           ^^^^^^^^^^^^^^^^^^^^^^^^^
  File "/usr/lib/python3.12/multiprocessing/resource_sharer.py", line 53, in __init__
    self._id = _resource_sharer.register(send, close)
               ^^^^^^^^^^^^^^^^^^^^^^^^^^^^^^^^^^^^^^
  File "/usr/lib/python3.12/multiprocessing/resource_sharer.py", line 76, in register
    self._start()
  File "/usr/lib/python3.12/multiprocessing/resource_sharer.py", line 126, in _start
    self._listener = Listener(authkey=process.current_process().authkey, backlog=128)
                     ^^^^^^^^^^^^^^^^^^^^^^^^^^^^^^^^^^^^^^^^^^^^^^^^^^^^^^^^^^^^^^^^
  File "/usr/lib/python3.12/multiprocessing/connection.py", line 464, in __init__
    self._listener = SocketListener(address, family, backlog)
                     ^^^^^^^^^^^^^^^^^^^^^^^^^^^^^^^^^^^^^^^^
  File "/usr/lib/python3.12/multiprocessing/connection.py", line 608, in __init__
    self._socket.bind(address)
OSError: AF_UNIX path too long
Traceback (most recent call last):
  File "/usr/lib/python3.12/multiprocessing/queues.py", line 264, in _feed
    obj = _ForkingPickler.dumps(obj)
          ^^^^^^^^^^^^^^^^^^^^^^^^^^
  File "/usr/lib/python3.12/multiprocessing/reduction.py", line 51, in dumps
    cls(buf, protocol).dump(obj)
  File "/usr/local/lib/python3.12/dist-packages/torch/multiprocessing/reductions.py", line 616, in reduce_storage
    df = multiprocessing.reduction.DupFd(fd)
         ^^^^^^^^^^^^^^^^^^^^^^^^^^^^^^^^^^^
  File "/usr/lib/python3.12/multiprocessing/reduction.py", line 198, in DupFd
    return resource_sharer.DupFd(fd)
           ^^^^^^^^^^^^^^^^^^^^^^^^^
  File "/usr/lib/python3.12/multiprocessing/resource_sharer.py", line 53, in __init__
    self._id = _resource_sharer.register(send, close)
               ^^^^^^^^^^^^^^^^^^^^^^^^^^^^^^^^^^^^^^
  File "/usr/lib/python3.12/multiprocessing/resource_sharer.py", line 76, in register
    self._start()
  File "/usr/lib/python3.12/multiprocessing/resource_sharer.py", line 126, in _start
    self._listener = Listener(authkey=process.current_process().authkey, backlog=128)
                     ^^^^^^^^^^^^^^^^^^^^^^^^^^^^^^^^^^^^^^^^^^^^^^^^^^^^^^^^^^^^^^^^
  File "/usr/lib/python3.12/multiprocessing/connection.py", line 464, in __init__
    self._listener = SocketListener(address, family, backlog)
                     ^^^^^^^^^^^^^^^^^^^^^^^^^^^^^^^^^^^^^^^^
  File "/usr/lib/python3.12/multiprocessing/connection.py", line 608, in __init__
    self._socket.bind(address)
OSError: AF_UNIX path too long
Traceback (most recent call last):
  File "/usr/lib/python3.12/multiprocessing/queues.py", line 264, in _feed
    obj = _ForkingPickler.dumps(obj)
          ^^^^^^^^^^^^^^^^^^^^^^^^^^
  File "/usr/lib/python3.12/multiprocessing/reduction.py", line 51, in dumps
    cls(buf, protocol).dump(obj)
  File "/usr/local/lib/python3.12/dist-packages/torch/multiprocessing/reductions.py", line 616, in reduce_storage
    df = multiprocessing.reduction.DupFd(fd)
         ^^^^^^^^^^^^^^^^^^^^^^^^^^^^^^^^^^^
  File "/usr/lib/python3.12/multiprocessing/reduction.py", line 198, in DupFd
    return resource_sharer.DupFd(fd)
           ^^^^^^^^^^^^^^^^^^^^^^^^^
  File "/usr/lib/python3.12/multiprocessing/resource_sharer.py", line 53, in __init__
    self._id = _resource_sharer.register(send, close)
               ^^^^^^^^^^^^^^^^^^^^^^^^^^^^^^^^^^^^^^
  File "/usr/lib/python3.12/multiprocessing/resource_sharer.py", line 76, in register
    self._start()
  File "/usr/lib/python3.12/multiprocessing/resource_sharer.py", line 126, in _start
    self._listener = Listener(authkey=process.current_process().authkey, backlog=128)
                     ^^^^^^^^^^^^^^^^^^^^^^^^^^^^^^^^^^^^^^^^^^^^^^^^^^^^^^^^^^^^^^^^
  File "/usr/lib/python3.12/multiprocessing/connection.py", line 464, in __init__
    self._listener = SocketListener(address, family, backlog)
                     ^^^^^^^^^^^^^^^^^^^^^^^^^^^^^^^^^^^^^^^^
  File "/usr/lib/python3.12/multiprocessing/connection.py", line 608, in __init__
    self._socket.bind(address)
OSError: AF_UNIX path too long
Traceback (most recent call last):
  File "/usr/lib/python3.12/multiprocessing/queues.py", line 264, in _feed
    obj = _ForkingPickler.dumps(obj)
          ^^^^^^^^^^^^^^^^^^^^^^^^^^
  File "/usr/lib/python3.12/multiprocessing/reduction.py", line 51, in dumps
    cls(buf, protocol).dump(obj)
  File "/usr/local/lib/python3.12/dist-packages/torch/multiprocessing/reductions.py", line 616, in reduce_storage
    df = multiprocessing.reduction.DupFd(fd)
         ^^^^^^^^^^^^^^^^^^^^^^^^^^^^^^^^^^^
  File "/usr/lib/python3.12/multiprocessing/reduction.py", line 198, in DupFd
    return resource_sharer.DupFd(fd)
           ^^^^^^^^^^^^^^^^^^^^^^^^^
  File "/usr/lib/python3.12/multiprocessing/resource_sharer.py", line 53, in __init__
    self._id = _resource_sharer.register(send, close)
               ^^^^^^^^^^^^^^^^^^^^^^^^^^^^^^^^^^^^^^
  File "/usr/lib/python3.12/multiprocessing/resource_sharer.py", line 76, in register
    self._start()
  File "/usr/lib/python3.12/multiprocessing/resource_sharer.py", line 126, in _start
    self._listener = Listener(authkey=process.current_process().authkey, backlog=128)
                     ^^^^^^^^^^^^^^^^^^^^^^^^^^^^^^^^^^^^^^^^^^^^^^^^^^^^^^^^^^^^^^^^
  File "/usr/lib/python3.12/multiprocessing/connection.py", line 464, in __init__
    self._listener = SocketListener(address, family, backlog)
                     ^^^^^^^^^^^^^^^^^^^^^^^^^^^^^^^^^^^^^^^^
  File "/usr/lib/python3.12/multiprocessing/connection.py", line 608, in __init__
    self._socket.bind(address)
OSError: AF_UNIX path too long
Traceback (most recent call last):
  File "/usr/lib/python3.12/multiprocessing/queues.py", line 264, in _feed
    obj = _ForkingPickler.dumps(obj)
          ^^^^^^^^^^^^^^^^^^^^^^^^^^
  File "/usr/lib/python3.12/multiprocessing/reduction.py", line 51, in dumps
    cls(buf, protocol).dump(obj)
  File "/usr/local/lib/python3.12/dist-packages/torch/multiprocessing/reductions.py", line 616, in reduce_storage
    df = multiprocessing.reduction.DupFd(fd)
         ^^^^^^^^^^^^^^^^^^^^^^^^^^^^^^^^^^^
  File "/usr/lib/python3.12/multiprocessing/reduction.py", line 198, in DupFd
    return resource_sharer.DupFd(fd)
           ^^^^^^^^^^^^^^^^^^^^^^^^^
  File "/usr/lib/python3.12/multiprocessing/resource_sharer.py", line 53, in __init__
    self._id = _resource_sharer.register(send, close)
               ^^^^^^^^^^^^^^^^^^^^^^^^^^^^^^^^^^^^^^
  File "/usr/lib/python3.12/multiprocessing/resource_sharer.py", line 76, in register
    self._start()
  File "/usr/lib/python3.12/multiprocessing/resource_sharer.py", line 126, in _start
    self._listener = Listener(authkey=process.current_process().authkey, backlog=128)
                     ^^^^^^^^^^^^^^^^^^^^^^^^^^^^^^^^^^^^^^^^^^^^^^^^^^^^^^^^^^^^^^^^
  File "/usr/lib/python3.12/multiprocessing/connection.py", line 464, in __init__
    self._listener = SocketListener(address, family, backlog)
                     ^^^^^^^^^^^^^^^^^^^^^^^^^^^^^^^^^^^^^^^^
  File "/usr/lib/python3.12/multiprocessing/connection.py", line 608, in __init__
    self._socket.bind(address)
OSError: AF_UNIX path too long
Traceback (most recent call last):
  File "/usr/lib/python3.12/multiprocessing/queues.py", line 264, in _feed
    obj = _ForkingPickler.dumps(obj)
          ^^^^^^^^^^^^^^^^^^^^^^^^^^
  File "/usr/lib/python3.12/multiprocessing/reduction.py", line 51, in dumps
    cls(buf, protocol).dump(obj)
  File "/usr/local/lib/python3.12/dist-packages/torch/multiprocessing/reductions.py", line 616, in reduce_storage
    df = multiprocessing.reduction.DupFd(fd)
         ^^^^^^^^^^^^^^^^^^^^^^^^^^^^^^^^^^^
  File "/usr/lib/python3.12/multiprocessing/reduction.py", line 198, in DupFd
    return resource_sharer.DupFd(fd)
           ^^^^^^^^^^^^^^^^^^^^^^^^^
  File "/usr/lib/python3.12/multiprocessing/resource_sharer.py", line 53, in __init__
    self._id = _resource_sharer.register(send, close)
               ^^^^^^^^^^^^^^^^^^^^^^^^^^^^^^^^^^^^^^
  File "/usr/lib/python3.12/multiprocessing/resource_sharer.py", line 76, in register
    self._start()
  File "/usr/lib/python3.12/multiprocessing/resource_sharer.py", line 126, in _start
    self._listener = Listener(authkey=process.current_process().authkey, backlog=128)
                     ^^^^^^^^^^^^^^^^^^^^^^^^^^^^^^^^^^^^^^^^^^^^^^^^^^^^^^^^^^^^^^^^
  File "/usr/lib/python3.12/multiprocessing/connection.py", line 464, in __init__
    self._listener = SocketListener(address, family, backlog)
                     ^^^^^^^^^^^^^^^^^^^^^^^^^^^^^^^^^^^^^^^^
  File "/usr/lib/python3.12/multiprocessing/connection.py", line 608, in __init__
    self._socket.bind(address)
OSError: AF_UNIX path too long
Traceback (most recent call last):
  File "/usr/lib/python3.12/multiprocessing/queues.py", line 264, in _feed
    obj = _ForkingPickler.dumps(obj)
          ^^^^^^^^^^^^^^^^^^^^^^^^^^
  File "/usr/lib/python3.12/multiprocessing/reduction.py", line 51, in dumps
    cls(buf, protocol).dump(obj)
  File "/usr/local/lib/python3.12/dist-packages/torch/multiprocessing/reductions.py", line 616, in reduce_storage
    df = multiprocessing.reduction.DupFd(fd)
         ^^^^^^^^^^^^^^^^^^^^^^^^^^^^^^^^^^^
  File "/usr/lib/python3.12/multiprocessing/reduction.py", line 198, in DupFd
    return resource_sharer.DupFd(fd)
           ^^^^^^^^^^^^^^^^^^^^^^^^^
  File "/usr/lib/python3.12/multiprocessing/resource_sharer.py", line 53, in __init__
    self._id = _resource_sharer.register(send, close)
               ^^^^^^^^^^^^^^^^^^^^^^^^^^^^^^^^^^^^^^
  File "/usr/lib/python3.12/multiprocessing/resource_sharer.py", line 76, in register
    self._start()
  File "/usr/lib/python3.12/multiprocessing/resource_sharer.py", line 126, in _start
    self._listener = Listener(authkey=process.current_process().authkey, backlog=128)
                     ^^^^^^^^^^^^^^^^^^^^^^^^^^^^^^^^^^^^^^^^^^^^^^^^^^^^^^^^^^^^^^^^
  File "/usr/lib/python3.12/multiprocessing/connection.py", line 464, in __init__
    self._listener = SocketListener(address, family, backlog)
                     ^^^^^^^^^^^^^^^^^^^^^^^^^^^^^^^^^^^^^^^^
  File "/usr/lib/python3.12/multiprocessing/connection.py", line 608, in __init__
    self._socket.bind(address)
OSError: AF_UNIX path too long
Traceback (most recent call last):
  File "/usr/lib/python3.12/multiprocessing/queues.py", line 264, in _feed
    obj = _ForkingPickler.dumps(obj)
          ^^^^^^^^^^^^^^^^^^^^^^^^^^
  File "/usr/lib/python3.12/multiprocessing/reduction.py", line 51, in dumps
    cls(buf, protocol).dump(obj)
  File "/usr/local/lib/python3.12/dist-packages/torch/multiprocessing/reductions.py", line 616, in reduce_storage
    df = multiprocessing.reduction.DupFd(fd)
         ^^^^^^^^^^^^^^^^^^^^^^^^^^^^^^^^^^^
  File "/usr/lib/python3.12/multiprocessing/reduction.py", line 198, in DupFd
    return resource_sharer.DupFd(fd)
           ^^^^^^^^^^^^^^^^^^^^^^^^^
  File "/usr/lib/python3.12/multiprocessing/resource_sharer.py", line 53, in __init__
    self._id = _resource_sharer.register(send, close)
               ^^^^^^^^^^^^^^^^^^^^^^^^^^^^^^^^^^^^^^
  File "/usr/lib/python3.12/multiprocessing/resource_sharer.py", line 76, in register
    self._start()
  File "/usr/lib/python3.12/multiprocessing/resource_sharer.py", line 126, in _start
    self._listener = Listener(authkey=process.current_process().authkey, backlog=128)
                     ^^^^^^^^^^^^^^^^^^^^^^^^^^^^^^^^^^^^^^^^^^^^^^^^^^^^^^^^^^^^^^^^
  File "/usr/lib/python3.12/multiprocessing/connection.py", line 464, in __init__
    self._listener = SocketListener(address, family, backlog)
                     ^^^^^^^^^^^^^^^^^^^^^^^^^^^^^^^^^^^^^^^^
  File "/usr/lib/python3.12/multiprocessing/connection.py", line 608, in __init__
    self._socket.bind(address)
OSError: AF_UNIX path too long
Traceback (most recent call last):
  File "/usr/lib/python3.12/multiprocessing/queues.py", line 264, in _feed
    obj = _ForkingPickler.dumps(obj)
          ^^^^^^^^^^^^^^^^^^^^^^^^^^
  File "/usr/lib/python3.12/multiprocessing/reduction.py", line 51, in dumps
    cls(buf, protocol).dump(obj)
  File "/usr/local/lib/python3.12/dist-packages/torch/multiprocessing/reductions.py", line 616, in reduce_storage
    df = multiprocessing.reduction.DupFd(fd)
         ^^^^^^^^^^^^^^^^^^^^^^^^^^^^^^^^^^^
  File "/usr/lib/python3.12/multiprocessing/reduction.py", line 198, in DupFd
    return resource_sharer.DupFd(fd)
           ^^^^^^^^^^^^^^^^^^^^^^^^^
  File "/usr/lib/python3.12/multiprocessing/resource_sharer.py", line 53, in __init__
    self._id = _resource_sharer.register(send, close)
               ^^^^^^^^^^^^^^^^^^^^^^^^^^^^^^^^^^^^^^
  File "/usr/lib/python3.12/multiprocessing/resource_sharer.py", line 76, in register
    self._start()
  File "/usr/lib/python3.12/multiprocessing/resource_sharer.py", line 126, in _start
    self._listener = Listener(authkey=process.current_process().authkey, backlog=128)
                     ^^^^^^^^^^^^^^^^^^^^^^^^^^^^^^^^^^^^^^^^^^^^^^^^^^^^^^^^^^^^^^^^
  File "/usr/lib/python3.12/multiprocessing/connection.py", line 464, in __init__
    self._listener = SocketListener(address, family, backlog)
                     ^^^^^^^^^^^^^^^^^^^^^^^^^^^^^^^^^^^^^^^^
  File "/usr/lib/python3.12/multiprocessing/connection.py", line 608, in __init__
    self._socket.bind(address)
OSError: AF_UNIX path too long
Traceback (most recent call last):
  File "/usr/lib/python3.12/multiprocessing/queues.py", line 264, in _feed
    obj = _ForkingPickler.dumps(obj)
          ^^^^^^^^^^^^^^^^^^^^^^^^^^
  File "/usr/lib/python3.12/multiprocessing/reduction.py", line 51, in dumps
    cls(buf, protocol).dump(obj)
  File "/usr/local/lib/python3.12/dist-packages/torch/multiprocessing/reductions.py", line 616, in reduce_storage
    df = multiprocessing.reduction.DupFd(fd)
         ^^^^^^^^^^^^^^^^^^^^^^^^^^^^^^^^^^^
  File "/usr/lib/python3.12/multiprocessing/reduction.py", line 198, in DupFd
    return resource_sharer.DupFd(fd)
           ^^^^^^^^^^^^^^^^^^^^^^^^^
  File "/usr/lib/python3.12/multiprocessing/resource_sharer.py", line 53, in __init__
    self._id = _resource_sharer.register(send, close)
               ^^^^^^^^^^^^^^^^^^^^^^^^^^^^^^^^^^^^^^
  File "/usr/lib/python3.12/multiprocessing/resource_sharer.py", line 76, in register
    self._start()
  File "/usr/lib/python3.12/multiprocessing/resource_sharer.py", line 126, in _start
    self._listener = Listener(authkey=process.current_process().authkey, backlog=128)
                     ^^^^^^^^^^^^^^^^^^^^^^^^^^^^^^^^^^^^^^^^^^^^^^^^^^^^^^^^^^^^^^^^
  File "/usr/lib/python3.12/multiprocessing/connection.py", line 464, in __init__
    self._listener = SocketListener(address, family, backlog)
                     ^^^^^^^^^^^^^^^^^^^^^^^^^^^^^^^^^^^^^^^^
  File "/usr/lib/python3.12/multiprocessing/connection.py", line 608, in __init__
    self._socket.bind(address)
OSError: AF_UNIX path too long
Traceback (most recent call last):
  File "/usr/lib/python3.12/multiprocessing/queues.py", line 264, in _feed
    obj = _ForkingPickler.dumps(obj)
          ^^^^^^^^^^^^^^^^^^^^^^^^^^
  File "/usr/lib/python3.12/multiprocessing/reduction.py", line 51, in dumps
    cls(buf, protocol).dump(obj)
  File "/usr/local/lib/python3.12/dist-packages/torch/multiprocessing/reductions.py", line 616, in reduce_storage
    df = multiprocessing.reduction.DupFd(fd)
         ^^^^^^^^^^^^^^^^^^^^^^^^^^^^^^^^^^^
  File "/usr/lib/python3.12/multiprocessing/reduction.py", line 198, in DupFd
    return resource_sharer.DupFd(fd)
           ^^^^^^^^^^^^^^^^^^^^^^^^^
  File "/usr/lib/python3.12/multiprocessing/resource_sharer.py", line 53, in __init__
    self._id = _resource_sharer.register(send, close)
               ^^^^^^^^^^^^^^^^^^^^^^^^^^^^^^^^^^^^^^
  File "/usr/lib/python3.12/multiprocessing/resource_sharer.py", line 76, in register
    self._start()
  File "/usr/lib/python3.12/multiprocessing/resource_sharer.py", line 126, in _start
    self._listener = Listener(authkey=process.current_process().authkey, backlog=128)
                     ^^^^^^^^^^^^^^^^^^^^^^^^^^^^^^^^^^^^^^^^^^^^^^^^^^^^^^^^^^^^^^^^
  File "/usr/lib/python3.12/multiprocessing/connection.py", line 464, in __init__
    self._listener = SocketListener(address, family, backlog)
                     ^^^^^^^^^^^^^^^^^^^^^^^^^^^^^^^^^^^^^^^^
  File "/usr/lib/python3.12/multiprocessing/connection.py", line 608, in __init__
    self._socket.bind(address)
OSError: AF_UNIX path too long
Traceback (most recent call last):
  File "/usr/lib/python3.12/multiprocessing/queues.py", line 264, in _feed
    obj = _ForkingPickler.dumps(obj)
          ^^^^^^^^^^^^^^^^^^^^^^^^^^
  File "/usr/lib/python3.12/multiprocessing/reduction.py", line 51, in dumps
    cls(buf, protocol).dump(obj)
  File "/usr/local/lib/python3.12/dist-packages/torch/multiprocessing/reductions.py", line 616, in reduce_storage
    df = multiprocessing.reduction.DupFd(fd)
         ^^^^^^^^^^^^^^^^^^^^^^^^^^^^^^^^^^^
  File "/usr/lib/python3.12/multiprocessing/reduction.py", line 198, in DupFd
    return resource_sharer.DupFd(fd)
           ^^^^^^^^^^^^^^^^^^^^^^^^^
  File "/usr/lib/python3.12/multiprocessing/resource_sharer.py", line 53, in __init__
    self._id = _resource_sharer.register(send, close)
               ^^^^^^^^^^^^^^^^^^^^^^^^^^^^^^^^^^^^^^
  File "/usr/lib/python3.12/multiprocessing/resource_sharer.py", line 76, in register
    self._start()
  File "/usr/lib/python3.12/multiprocessing/resource_sharer.py", line 126, in _start
    self._listener = Listener(authkey=process.current_process().authkey, backlog=128)
                     ^^^^^^^^^^^^^^^^^^^^^^^^^^^^^^^^^^^^^^^^^^^^^^^^^^^^^^^^^^^^^^^^
Traceback (most recent call last):
  File "/usr/lib/python3.12/multiprocessing/connection.py", line 464, in __init__
    self._listener = SocketListener(address, family, backlog)
                     ^^^^^^^^^^^^^^^^^^^^^^^^^^^^^^^^^^^^^^^^
  File "/usr/lib/python3.12/multiprocessing/connection.py", line 608, in __init__
    self._socket.bind(address)
OSError: AF_UNIX path too long
  File "/usr/lib/python3.12/multiprocessing/queues.py", line 264, in _feed
    obj = _ForkingPickler.dumps(obj)
          ^^^^^^^^^^^^^^^^^^^^^^^^^^
  File "/usr/lib/python3.12/multiprocessing/reduction.py", line 51, in dumps
    cls(buf, protocol).dump(obj)
  File "/usr/local/lib/python3.12/dist-packages/torch/multiprocessing/reductions.py", line 616, in reduce_storage
    df = multiprocessing.reduction.DupFd(fd)
         ^^^^^^^^^^^^^^^^^^^^^^^^^^^^^^^^^^^
  File "/usr/lib/python3.12/multiprocessing/reduction.py", line 198, in DupFd
    return resource_sharer.DupFd(fd)
           ^^^^^^^^^^^^^^^^^^^^^^^^^
  File "/usr/lib/python3.12/multiprocessing/resource_sharer.py", line 53, in __init__
    self._id = _resource_sharer.register(send, close)
               ^^^^^^^^^^^^^^^^^^^^^^^^^^^^^^^^^^^^^^
  File "/usr/lib/python3.12/multiprocessing/resource_sharer.py", line 76, in register
    self._start()
  File "/usr/lib/python3.12/multiprocessing/resource_sharer.py", line 126, in _start
    self._listener = Listener(authkey=process.current_process().authkey, backlog=128)
                     ^^^^^^^^^^^^^^^^^^^^^^^^^^^^^^^^^^^^^^^^^^^^^^^^^^^^^^^^^^^^^^^^
  File "/usr/lib/python3.12/multiprocessing/connection.py", line 464, in __init__
    self._listener = SocketListener(address, family, backlog)
                     ^^^^^^^^^^^^^^^^^^^^^^^^^^^^^^^^^^^^^^^^
  File "/usr/lib/python3.12/multiprocessing/connection.py", line 608, in __init__
    self._socket.bind(address)
OSError: AF_UNIX path too long
Traceback (most recent call last):
  File "/usr/lib/python3.12/multiprocessing/queues.py", line 264, in _feed
    obj = _ForkingPickler.dumps(obj)
          ^^^^^^^^^^^^^^^^^^^^^^^^^^
  File "/usr/lib/python3.12/multiprocessing/reduction.py", line 51, in dumps
    cls(buf, protocol).dump(obj)
  File "/usr/local/lib/python3.12/dist-packages/torch/multiprocessing/reductions.py", line 616, in reduce_storage
    df = multiprocessing.reduction.DupFd(fd)
         ^^^^^^^^^^^^^^^^^^^^^^^^^^^^^^^^^^^
  File "/usr/lib/python3.12/multiprocessing/reduction.py", line 198, in DupFd
    return resource_sharer.DupFd(fd)
           ^^^^^^^^^^^^^^^^^^^^^^^^^
  File "/usr/lib/python3.12/multiprocessing/resource_sharer.py", line 53, in __init__
    self._id = _resource_sharer.register(send, close)
               ^^^^^^^^^^^^^^^^^^^^^^^^^^^^^^^^^^^^^^
  File "/usr/lib/python3.12/multiprocessing/resource_sharer.py", line 76, in register
    self._start()
  File "/usr/lib/python3.12/multiprocessing/resource_sharer.py", line 126, in _start
    self._listener = Listener(authkey=process.current_process().authkey, backlog=128)
                     ^^^^^^^^^^^^^^^^^^^^^^^^^^^^^^^^^^^^^^^^^^^^^^^^^^^^^^^^^^^^^^^^
  File "/usr/lib/python3.12/multiprocessing/connection.py", line 464, in __init__
    self._listener = SocketListener(address, family, backlog)
                     ^^^^^^^^^^^^^^^^^^^^^^^^^^^^^^^^^^^^^^^^
  File "/usr/lib/python3.12/multiprocessing/connection.py", line 608, in __init__
    self._socket.bind(address)
OSError: AF_UNIX path too long
Traceback (most recent call last):
  File "/usr/lib/python3.12/multiprocessing/queues.py", line 264, in _feed
    obj = _ForkingPickler.dumps(obj)
          ^^^^^^^^^^^^^^^^^^^^^^^^^^
  File "/usr/lib/python3.12/multiprocessing/reduction.py", line 51, in dumps
    cls(buf, protocol).dump(obj)
  File "/usr/local/lib/python3.12/dist-packages/torch/multiprocessing/reductions.py", line 616, in reduce_storage
    df = multiprocessing.reduction.DupFd(fd)
         ^^^^^^^^^^^^^^^^^^^^^^^^^^^^^^^^^^^
  File "/usr/lib/python3.12/multiprocessing/reduction.py", line 198, in DupFd
    return resource_sharer.DupFd(fd)
           ^^^^^^^^^^^^^^^^^^^^^^^^^
  File "/usr/lib/python3.12/multiprocessing/resource_sharer.py", line 53, in __init__
    self._id = _resource_sharer.register(send, close)
               ^^^^^^^^^^^^^^^^^^^^^^^^^^^^^^^^^^^^^^
  File "/usr/lib/python3.12/multiprocessing/resource_sharer.py", line 76, in register
    self._start()
  File "/usr/lib/python3.12/multiprocessing/resource_sharer.py", line 126, in _start
    self._listener = Listener(authkey=process.current_process().authkey, backlog=128)
                     ^^^^^^^^^^^^^^^^^^^^^^^^^^^^^^^^^^^^^^^^^^^^^^^^^^^^^^^^^^^^^^^^
  File "/usr/lib/python3.12/multiprocessing/connection.py", line 464, in __init__
    self._listener = SocketListener(address, family, backlog)
                     ^^^^^^^^^^^^^^^^^^^^^^^^^^^^^^^^^^^^^^^^
  File "/usr/lib/python3.12/multiprocessing/connection.py", line 608, in __init__
    self._socket.bind(address)
OSError: AF_UNIX path too long
Traceback (most recent call last):
  File "/usr/lib/python3.12/multiprocessing/queues.py", line 264, in _feed
    obj = _ForkingPickler.dumps(obj)
          ^^^^^^^^^^^^^^^^^^^^^^^^^^
  File "/usr/lib/python3.12/multiprocessing/reduction.py", line 51, in dumps
    cls(buf, protocol).dump(obj)
  File "/usr/local/lib/python3.12/dist-packages/torch/multiprocessing/reductions.py", line 616, in reduce_storage
    df = multiprocessing.reduction.DupFd(fd)
         ^^^^^^^^^^^^^^^^^^^^^^^^^^^^^^^^^^^
  File "/usr/lib/python3.12/multiprocessing/reduction.py", line 198, in DupFd
    return resource_sharer.DupFd(fd)
           ^^^^^^^^^^^^^^^^^^^^^^^^^
  File "/usr/lib/python3.12/multiprocessing/resource_sharer.py", line 53, in __init__
    self._id = _resource_sharer.register(send, close)
               ^^^^^^^^^^^^^^^^^^^^^^^^^^^^^^^^^^^^^^
  File "/usr/lib/python3.12/multiprocessing/resource_sharer.py", line 76, in register
    self._start()
  File "/usr/lib/python3.12/multiprocessing/resource_sharer.py", line 126, in _start
    self._listener = Listener(authkey=process.current_process().authkey, backlog=128)
                     ^^^^^^^^^^^^^^^^^^^^^^^^^^^^^^^^^^^^^^^^^^^^^^^^^^^^^^^^^^^^^^^^
  File "/usr/lib/python3.12/multiprocessing/connection.py", line 464, in __init__
    self._listener = SocketListener(address, family, backlog)
                     ^^^^^^^^^^^^^^^^^^^^^^^^^^^^^^^^^^^^^^^^
  File "/usr/lib/python3.12/multiprocessing/connection.py", line 608, in __init__
    self._socket.bind(address)
OSError: AF_UNIX path too long
Traceback (most recent call last):
Traceback (most recent call last):
  File "/usr/lib/python3.12/multiprocessing/queues.py", line 264, in _feed
    obj = _ForkingPickler.dumps(obj)
          ^^^^^^^^^^^^^^^^^^^^^^^^^^
  File "/usr/lib/python3.12/multiprocessing/reduction.py", line 51, in dumps
    cls(buf, protocol).dump(obj)
  File "/usr/local/lib/python3.12/dist-packages/torch/multiprocessing/reductions.py", line 616, in reduce_storage
    df = multiprocessing.reduction.DupFd(fd)
         ^^^^^^^^^^^^^^^^^^^^^^^^^^^^^^^^^^^
  File "/usr/lib/python3.12/multiprocessing/reduction.py", line 198, in DupFd
    return resource_sharer.DupFd(fd)
           ^^^^^^^^^^^^^^^^^^^^^^^^^
  File "/usr/lib/python3.12/multiprocessing/queues.py", line 264, in _feed
    obj = _ForkingPickler.dumps(obj)
          ^^^^^^^^^^^^^^^^^^^^^^^^^^
  File "/usr/lib/python3.12/multiprocessing/resource_sharer.py", line 53, in __init__
    self._id = _resource_sharer.register(send, close)
               ^^^^^^^^^^^^^^^^^^^^^^^^^^^^^^^^^^^^^^
  File "/usr/lib/python3.12/multiprocessing/reduction.py", line 51, in dumps
    cls(buf, protocol).dump(obj)
  File "/usr/lib/python3.12/multiprocessing/resource_sharer.py", line 76, in register
    self._start()
  File "/usr/local/lib/python3.12/dist-packages/torch/multiprocessing/reductions.py", line 616, in reduce_storage
    df = multiprocessing.reduction.DupFd(fd)
         ^^^^^^^^^^^^^^^^^^^^^^^^^^^^^^^^^^^
  File "/usr/lib/python3.12/multiprocessing/resource_sharer.py", line 126, in _start
    self._listener = Listener(authkey=process.current_process().authkey, backlog=128)
                     ^^^^^^^^^^^^^^^^^^^^^^^^^^^^^^^^^^^^^^^^^^^^^^^^^^^^^^^^^^^^^^^^
  File "/usr/lib/python3.12/multiprocessing/reduction.py", line 198, in DupFd
    return resource_sharer.DupFd(fd)
           ^^^^^^^^^^^^^^^^^^^^^^^^^
  File "/usr/lib/python3.12/multiprocessing/connection.py", line 464, in __init__
    self._listener = SocketListener(address, family, backlog)
                     ^^^^^^^^^^^^^^^^^^^^^^^^^^^^^^^^^^^^^^^^
  File "/usr/lib/python3.12/multiprocessing/resource_sharer.py", line 53, in __init__
    self._id = _resource_sharer.register(send, close)
               ^^^^^^^^^^^^^^^^^^^^^^^^^^^^^^^^^^^^^^
  File "/usr/lib/python3.12/multiprocessing/connection.py", line 608, in __init__
    self._socket.bind(address)
  File "/usr/lib/python3.12/multiprocessing/resource_sharer.py", line 76, in register
    self._start()
OSError: AF_UNIX path too long
  File "/usr/lib/python3.12/multiprocessing/resource_sharer.py", line 126, in _start
    self._listener = Listener(authkey=process.current_process().authkey, backlog=128)
                     ^^^^^^^^^^^^^^^^^^^^^^^^^^^^^^^^^^^^^^^^^^^^^^^^^^^^^^^^^^^^^^^^
  File "/usr/lib/python3.12/multiprocessing/connection.py", line 464, in __init__
    self._listener = SocketListener(address, family, backlog)
                     ^^^^^^^^^^^^^^^^^^^^^^^^^^^^^^^^^^^^^^^^
  File "/usr/lib/python3.12/multiprocessing/connection.py", line 608, in __init__
    self._socket.bind(address)
OSError: AF_UNIX path too long
Traceback (most recent call last):
  File "/usr/lib/python3.12/multiprocessing/queues.py", line 264, in _feed
    obj = _ForkingPickler.dumps(obj)
          ^^^^^^^^^^^^^^^^^^^^^^^^^^
  File "/usr/lib/python3.12/multiprocessing/reduction.py", line 51, in dumps
    cls(buf, protocol).dump(obj)
  File "/usr/local/lib/python3.12/dist-packages/torch/multiprocessing/reductions.py", line 616, in reduce_storage
    df = multiprocessing.reduction.DupFd(fd)
         ^^^^^^^^^^^^^^^^^^^^^^^^^^^^^^^^^^^
  File "/usr/lib/python3.12/multiprocessing/reduction.py", line 198, in DupFd
    return resource_sharer.DupFd(fd)
           ^^^^^^^^^^^^^^^^^^^^^^^^^
  File "/usr/lib/python3.12/multiprocessing/resource_sharer.py", line 53, in __init__
    self._id = _resource_sharer.register(send, close)
               ^^^^^^^^^^^^^^^^^^^^^^^^^^^^^^^^^^^^^^
  File "/usr/lib/python3.12/multiprocessing/resource_sharer.py", line 76, in register
    self._start()
  File "/usr/lib/python3.12/multiprocessing/resource_sharer.py", line 126, in _start
    self._listener = Listener(authkey=process.current_process().authkey, backlog=128)
                     ^^^^^^^^^^^^^^^^^^^^^^^^^^^^^^^^^^^^^^^^^^^^^^^^^^^^^^^^^^^^^^^^
  File "/usr/lib/python3.12/multiprocessing/connection.py", line 464, in __init__
    self._listener = SocketListener(address, family, backlog)
                     ^^^^^^^^^^^^^^^^^^^^^^^^^^^^^^^^^^^^^^^^
  File "/usr/lib/python3.12/multiprocessing/connection.py", line 608, in __init__
    self._socket.bind(address)
OSError: AF_UNIX path too long
Traceback (most recent call last):
  File "/usr/lib/python3.12/multiprocessing/queues.py", line 264, in _feed
    obj = _ForkingPickler.dumps(obj)
          ^^^^^^^^^^^^^^^^^^^^^^^^^^
  File "/usr/lib/python3.12/multiprocessing/reduction.py", line 51, in dumps
    cls(buf, protocol).dump(obj)
  File "/usr/local/lib/python3.12/dist-packages/torch/multiprocessing/reductions.py", line 616, in reduce_storage
    df = multiprocessing.reduction.DupFd(fd)
         ^^^^^^^^^^^^^^^^^^^^^^^^^^^^^^^^^^^
  File "/usr/lib/python3.12/multiprocessing/reduction.py", line 198, in DupFd
    return resource_sharer.DupFd(fd)
           ^^^^^^^^^^^^^^^^^^^^^^^^^
  File "/usr/lib/python3.12/multiprocessing/resource_sharer.py", line 53, in __init__
    self._id = _resource_sharer.register(send, close)
               ^^^^^^^^^^^^^^^^^^^^^^^^^^^^^^^^^^^^^^
  File "/usr/lib/python3.12/multiprocessing/resource_sharer.py", line 76, in register
    self._start()
  File "/usr/lib/python3.12/multiprocessing/resource_sharer.py", line 126, in _start
    self._listener = Listener(authkey=process.current_process().authkey, backlog=128)
                     ^^^^^^^^^^^^^^^^^^^^^^^^^^^^^^^^^^^^^^^^^^^^^^^^^^^^^^^^^^^^^^^^
  File "/usr/lib/python3.12/multiprocessing/connection.py", line 464, in __init__
    self._listener = SocketListener(address, family, backlog)
                     ^^^^^^^^^^^^^^^^^^^^^^^^^^^^^^^^^^^^^^^^
  File "/usr/lib/python3.12/multiprocessing/connection.py", line 608, in __init__
    self._socket.bind(address)
OSError: AF_UNIX path too long
Traceback (most recent call last):
  File "/usr/lib/python3.12/multiprocessing/queues.py", line 264, in _feed
    obj = _ForkingPickler.dumps(obj)
          ^^^^^^^^^^^^^^^^^^^^^^^^^^
  File "/usr/lib/python3.12/multiprocessing/reduction.py", line 51, in dumps
    cls(buf, protocol).dump(obj)
  File "/usr/local/lib/python3.12/dist-packages/torch/multiprocessing/reductions.py", line 616, in reduce_storage
    df = multiprocessing.reduction.DupFd(fd)
         ^^^^^^^^^^^^^^^^^^^^^^^^^^^^^^^^^^^
  File "/usr/lib/python3.12/multiprocessing/reduction.py", line 198, in DupFd
    return resource_sharer.DupFd(fd)
           ^^^^^^^^^^^^^^^^^^^^^^^^^
  File "/usr/lib/python3.12/multiprocessing/resource_sharer.py", line 53, in __init__
    self._id = _resource_sharer.register(send, close)
               ^^^^^^^^^^^^^^^^^^^^^^^^^^^^^^^^^^^^^^
  File "/usr/lib/python3.12/multiprocessing/resource_sharer.py", line 76, in register
    self._start()
  File "/usr/lib/python3.12/multiprocessing/resource_sharer.py", line 126, in _start
    self._listener = Listener(authkey=process.current_process().authkey, backlog=128)
                     ^^^^^^^^^^^^^^^^^^^^^^^^^^^^^^^^^^^^^^^^^^^^^^^^^^^^^^^^^^^^^^^^
  File "/usr/lib/python3.12/multiprocessing/connection.py", line 464, in __init__
    self._listener = SocketListener(address, family, backlog)
                     ^^^^^^^^^^^^^^^^^^^^^^^^^^^^^^^^^^^^^^^^
  File "/usr/lib/python3.12/multiprocessing/connection.py", line 608, in __init__
    self._socket.bind(address)
OSError: AF_UNIX path too long
Traceback (most recent call last):
Traceback (most recent call last):
  File "/usr/lib/python3.12/multiprocessing/queues.py", line 264, in _feed
    obj = _ForkingPickler.dumps(obj)
          ^^^^^^^^^^^^^^^^^^^^^^^^^^
  File "/usr/lib/python3.12/multiprocessing/reduction.py", line 51, in dumps
    cls(buf, protocol).dump(obj)
  File "/usr/local/lib/python3.12/dist-packages/torch/multiprocessing/reductions.py", line 616, in reduce_storage
    df = multiprocessing.reduction.DupFd(fd)
         ^^^^^^^^^^^^^^^^^^^^^^^^^^^^^^^^^^^
  File "/usr/lib/python3.12/multiprocessing/reduction.py", line 198, in DupFd
    return resource_sharer.DupFd(fd)
           ^^^^^^^^^^^^^^^^^^^^^^^^^
  File "/usr/lib/python3.12/multiprocessing/resource_sharer.py", line 53, in __init__
    self._id = _resource_sharer.register(send, close)
               ^^^^^^^^^^^^^^^^^^^^^^^^^^^^^^^^^^^^^^
  File "/usr/lib/python3.12/multiprocessing/resource_sharer.py", line 76, in register
    self._start()
  File "/usr/lib/python3.12/multiprocessing/resource_sharer.py", line 126, in _start
    self._listener = Listener(authkey=process.current_process().authkey, backlog=128)
                     ^^^^^^^^^^^^^^^^^^^^^^^^^^^^^^^^^^^^^^^^^^^^^^^^^^^^^^^^^^^^^^^^
  File "/usr/lib/python3.12/multiprocessing/connection.py", line 464, in __init__
    self._listener = SocketListener(address, family, backlog)
                     ^^^^^^^^^^^^^^^^^^^^^^^^^^^^^^^^^^^^^^^^
  File "/usr/lib/python3.12/multiprocessing/queues.py", line 264, in _feed
    obj = _ForkingPickler.dumps(obj)
          ^^^^^^^^^^^^^^^^^^^^^^^^^^
  File "/usr/lib/python3.12/multiprocessing/connection.py", line 608, in __init__
    self._socket.bind(address)
  File "/usr/lib/python3.12/multiprocessing/reduction.py", line 51, in dumps
    cls(buf, protocol).dump(obj)
OSError: AF_UNIX path too long
  File "/usr/local/lib/python3.12/dist-packages/torch/multiprocessing/reductions.py", line 616, in reduce_storage
    df = multiprocessing.reduction.DupFd(fd)
         ^^^^^^^^^^^^^^^^^^^^^^^^^^^^^^^^^^^
  File "/usr/lib/python3.12/multiprocessing/reduction.py", line 198, in DupFd
    return resource_sharer.DupFd(fd)
           ^^^^^^^^^^^^^^^^^^^^^^^^^
  File "/usr/lib/python3.12/multiprocessing/resource_sharer.py", line 53, in __init__
    self._id = _resource_sharer.register(send, close)
               ^^^^^^^^^^^^^^^^^^^^^^^^^^^^^^^^^^^^^^
  File "/usr/lib/python3.12/multiprocessing/resource_sharer.py", line 76, in register
    self._start()
  File "/usr/lib/python3.12/multiprocessing/resource_sharer.py", line 126, in _start
    self._listener = Listener(authkey=process.current_process().authkey, backlog=128)
                     ^^^^^^^^^^^^^^^^^^^^^^^^^^^^^^^^^^^^^^^^^^^^^^^^^^^^^^^^^^^^^^^^
  File "/usr/lib/python3.12/multiprocessing/connection.py", line 464, in __init__
    self._listener = SocketListener(address, family, backlog)
                     ^^^^^^^^^^^^^^^^^^^^^^^^^^^^^^^^^^^^^^^^
  File "/usr/lib/python3.12/multiprocessing/connection.py", line 608, in __init__
    self._socket.bind(address)
OSError: AF_UNIX path too long
Traceback (most recent call last):
  File "/usr/lib/python3.12/multiprocessing/queues.py", line 264, in _feed
    obj = _ForkingPickler.dumps(obj)
          ^^^^^^^^^^^^^^^^^^^^^^^^^^
  File "/usr/lib/python3.12/multiprocessing/reduction.py", line 51, in dumps
    cls(buf, protocol).dump(obj)
  File "/usr/local/lib/python3.12/dist-packages/torch/multiprocessing/reductions.py", line 616, in reduce_storage
    df = multiprocessing.reduction.DupFd(fd)
         ^^^^^^^^^^^^^^^^^^^^^^^^^^^^^^^^^^^
  File "/usr/lib/python3.12/multiprocessing/reduction.py", line 198, in DupFd
    return resource_sharer.DupFd(fd)
           ^^^^^^^^^^^^^^^^^^^^^^^^^
  File "/usr/lib/python3.12/multiprocessing/resource_sharer.py", line 53, in __init__
    self._id = _resource_sharer.register(send, close)
               ^^^^^^^^^^^^^^^^^^^^^^^^^^^^^^^^^^^^^^
  File "/usr/lib/python3.12/multiprocessing/resource_sharer.py", line 76, in register
    self._start()
  File "/usr/lib/python3.12/multiprocessing/resource_sharer.py", line 126, in _start
    self._listener = Listener(authkey=process.current_process().authkey, backlog=128)
                     ^^^^^^^^^^^^^^^^^^^^^^^^^^^^^^^^^^^^^^^^^^^^^^^^^^^^^^^^^^^^^^^^
  File "/usr/lib/python3.12/multiprocessing/connection.py", line 464, in __init__
    self._listener = SocketListener(address, family, backlog)
                     ^^^^^^^^^^^^^^^^^^^^^^^^^^^^^^^^^^^^^^^^
  File "/usr/lib/python3.12/multiprocessing/connection.py", line 608, in __init__
    self._socket.bind(address)
OSError: AF_UNIX path too long
Traceback (most recent call last):
  File "/usr/lib/python3.12/multiprocessing/queues.py", line 264, in _feed
    obj = _ForkingPickler.dumps(obj)
          ^^^^^^^^^^^^^^^^^^^^^^^^^^
  File "/usr/lib/python3.12/multiprocessing/reduction.py", line 51, in dumps
    cls(buf, protocol).dump(obj)
  File "/usr/local/lib/python3.12/dist-packages/torch/multiprocessing/reductions.py", line 616, in reduce_storage
    df = multiprocessing.reduction.DupFd(fd)
         ^^^^^^^^^^^^^^^^^^^^^^^^^^^^^^^^^^^
  File "/usr/lib/python3.12/multiprocessing/reduction.py", line 198, in DupFd
    return resource_sharer.DupFd(fd)
           ^^^^^^^^^^^^^^^^^^^^^^^^^
  File "/usr/lib/python3.12/multiprocessing/resource_sharer.py", line 53, in __init__
    self._id = _resource_sharer.register(send, close)
               ^^^^^^^^^^^^^^^^^^^^^^^^^^^^^^^^^^^^^^
  File "/usr/lib/python3.12/multiprocessing/resource_sharer.py", line 76, in register
    self._start()
  File "/usr/lib/python3.12/multiprocessing/resource_sharer.py", line 126, in _start
    self._listener = Listener(authkey=process.current_process().authkey, backlog=128)
                     ^^^^^^^^^^^^^^^^^^^^^^^^^^^^^^^^^^^^^^^^^^^^^^^^^^^^^^^^^^^^^^^^
  File "/usr/lib/python3.12/multiprocessing/connection.py", line 464, in __init__
    self._listener = SocketListener(address, family, backlog)
                     ^^^^^^^^^^^^^^^^^^^^^^^^^^^^^^^^^^^^^^^^
  File "/usr/lib/python3.12/multiprocessing/connection.py", line 608, in __init__
    self._socket.bind(address)
OSError: AF_UNIX path too long
Traceback (most recent call last):
  File "/usr/lib/python3.12/multiprocessing/queues.py", line 264, in _feed
    obj = _ForkingPickler.dumps(obj)
          ^^^^^^^^^^^^^^^^^^^^^^^^^^
  File "/usr/lib/python3.12/multiprocessing/reduction.py", line 51, in dumps
    cls(buf, protocol).dump(obj)
  File "/usr/local/lib/python3.12/dist-packages/torch/multiprocessing/reductions.py", line 616, in reduce_storage
    df = multiprocessing.reduction.DupFd(fd)
         ^^^^^^^^^^^^^^^^^^^^^^^^^^^^^^^^^^^
  File "/usr/lib/python3.12/multiprocessing/reduction.py", line 198, in DupFd
    return resource_sharer.DupFd(fd)
           ^^^^^^^^^^^^^^^^^^^^^^^^^
  File "/usr/lib/python3.12/multiprocessing/resource_sharer.py", line 53, in __init__
    self._id = _resource_sharer.register(send, close)
               ^^^^^^^^^^^^^^^^^^^^^^^^^^^^^^^^^^^^^^
  File "/usr/lib/python3.12/multiprocessing/resource_sharer.py", line 76, in register
    self._start()
  File "/usr/lib/python3.12/multiprocessing/resource_sharer.py", line 126, in _start
    self._listener = Listener(authkey=process.current_process().authkey, backlog=128)
                     ^^^^^^^^^^^^^^^^^^^^^^^^^^^^^^^^^^^^^^^^^^^^^^^^^^^^^^^^^^^^^^^^
  File "/usr/lib/python3.12/multiprocessing/connection.py", line 464, in __init__
    self._listener = SocketListener(address, family, backlog)
                     ^^^^^^^^^^^^^^^^^^^^^^^^^^^^^^^^^^^^^^^^
  File "/usr/lib/python3.12/multiprocessing/connection.py", line 608, in __init__
    self._socket.bind(address)
OSError: AF_UNIX path too long
Traceback (most recent call last):
  File "/usr/lib/python3.12/multiprocessing/queues.py", line 264, in _feed
    obj = _ForkingPickler.dumps(obj)
          ^^^^^^^^^^^^^^^^^^^^^^^^^^
  File "/usr/lib/python3.12/multiprocessing/reduction.py", line 51, in dumps
    cls(buf, protocol).dump(obj)
  File "/usr/local/lib/python3.12/dist-packages/torch/multiprocessing/reductions.py", line 616, in reduce_storage
    df = multiprocessing.reduction.DupFd(fd)
         ^^^^^^^^^^^^^^^^^^^^^^^^^^^^^^^^^^^
  File "/usr/lib/python3.12/multiprocessing/reduction.py", line 198, in DupFd
    return resource_sharer.DupFd(fd)
           ^^^^^^^^^^^^^^^^^^^^^^^^^
  File "/usr/lib/python3.12/multiprocessing/resource_sharer.py", line 53, in __init__
    self._id = _resource_sharer.register(send, close)
               ^^^^^^^^^^^^^^^^^^^^^^^^^^^^^^^^^^^^^^
  File "/usr/lib/python3.12/multiprocessing/resource_sharer.py", line 76, in register
    self._start()
  File "/usr/lib/python3.12/multiprocessing/resource_sharer.py", line 126, in _start
    self._listener = Listener(authkey=process.current_process().authkey, backlog=128)
                     ^^^^^^^^^^^^^^^^^^^^^^^^^^^^^^^^^^^^^^^^^^^^^^^^^^^^^^^^^^^^^^^^
  File "/usr/lib/python3.12/multiprocessing/connection.py", line 464, in __init__
    self._listener = SocketListener(address, family, backlog)
                     ^^^^^^^^^^^^^^^^^^^^^^^^^^^^^^^^^^^^^^^^
  File "/usr/lib/python3.12/multiprocessing/connection.py", line 608, in __init__
    self._socket.bind(address)
OSError: AF_UNIX path too long
Traceback (most recent call last):
  File "/usr/lib/python3.12/multiprocessing/queues.py", line 264, in _feed
    obj = _ForkingPickler.dumps(obj)
          ^^^^^^^^^^^^^^^^^^^^^^^^^^
  File "/usr/lib/python3.12/multiprocessing/reduction.py", line 51, in dumps
    cls(buf, protocol).dump(obj)
  File "/usr/local/lib/python3.12/dist-packages/torch/multiprocessing/reductions.py", line 616, in reduce_storage
    df = multiprocessing.reduction.DupFd(fd)
         ^^^^^^^^^^^^^^^^^^^^^^^^^^^^^^^^^^^
  File "/usr/lib/python3.12/multiprocessing/reduction.py", line 198, in DupFd
    return resource_sharer.DupFd(fd)
           ^^^^^^^^^^^^^^^^^^^^^^^^^
  File "/usr/lib/python3.12/multiprocessing/resource_sharer.py", line 53, in __init__
    self._id = _resource_sharer.register(send, close)
               ^^^^^^^^^^^^^^^^^^^^^^^^^^^^^^^^^^^^^^
  File "/usr/lib/python3.12/multiprocessing/resource_sharer.py", line 76, in register
    self._start()
  File "/usr/lib/python3.12/multiprocessing/resource_sharer.py", line 126, in _start
    self._listener = Listener(authkey=process.current_process().authkey, backlog=128)
                     ^^^^^^^^^^^^^^^^^^^^^^^^^^^^^^^^^^^^^^^^^^^^^^^^^^^^^^^^^^^^^^^^
  File "/usr/lib/python3.12/multiprocessing/connection.py", line 464, in __init__
    self._listener = SocketListener(address, family, backlog)
                     ^^^^^^^^^^^^^^^^^^^^^^^^^^^^^^^^^^^^^^^^
  File "/usr/lib/python3.12/multiprocessing/connection.py", line 608, in __init__
    self._socket.bind(address)
OSError: AF_UNIX path too long
Traceback (most recent call last):
  File "/usr/lib/python3.12/multiprocessing/queues.py", line 264, in _feed
    obj = _ForkingPickler.dumps(obj)
          ^^^^^^^^^^^^^^^^^^^^^^^^^^
  File "/usr/lib/python3.12/multiprocessing/reduction.py", line 51, in dumps
    cls(buf, protocol).dump(obj)
  File "/usr/local/lib/python3.12/dist-packages/torch/multiprocessing/reductions.py", line 616, in reduce_storage
    df = multiprocessing.reduction.DupFd(fd)
         ^^^^^^^^^^^^^^^^^^^^^^^^^^^^^^^^^^^
  File "/usr/lib/python3.12/multiprocessing/reduction.py", line 198, in DupFd
    return resource_sharer.DupFd(fd)
           ^^^^^^^^^^^^^^^^^^^^^^^^^
  File "/usr/lib/python3.12/multiprocessing/resource_sharer.py", line 53, in __init__
    self._id = _resource_sharer.register(send, close)
               ^^^^^^^^^^^^^^^^^^^^^^^^^^^^^^^^^^^^^^
  File "/usr/lib/python3.12/multiprocessing/resource_sharer.py", line 76, in register
    self._start()
  File "/usr/lib/python3.12/multiprocessing/resource_sharer.py", line 126, in _start
    self._listener = Listener(authkey=process.current_process().authkey, backlog=128)
                     ^^^^^^^^^^^^^^^^^^^^^^^^^^^^^^^^^^^^^^^^^^^^^^^^^^^^^^^^^^^^^^^^
  File "/usr/lib/python3.12/multiprocessing/connection.py", line 464, in __init__
    self._listener = SocketListener(address, family, backlog)
                     ^^^^^^^^^^^^^^^^^^^^^^^^^^^^^^^^^^^^^^^^
  File "/usr/lib/python3.12/multiprocessing/connection.py", line 608, in __init__
    self._socket.bind(address)
OSError: AF_UNIX path too long
Traceback (most recent call last):
  File "/usr/lib/python3.12/multiprocessing/queues.py", line 264, in _feed
    obj = _ForkingPickler.dumps(obj)
          ^^^^^^^^^^^^^^^^^^^^^^^^^^
  File "/usr/lib/python3.12/multiprocessing/reduction.py", line 51, in dumps
    cls(buf, protocol).dump(obj)
  File "/usr/local/lib/python3.12/dist-packages/torch/multiprocessing/reductions.py", line 616, in reduce_storage
    df = multiprocessing.reduction.DupFd(fd)
         ^^^^^^^^^^^^^^^^^^^^^^^^^^^^^^^^^^^
  File "/usr/lib/python3.12/multiprocessing/reduction.py", line 198, in DupFd
    return resource_sharer.DupFd(fd)
           ^^^^^^^^^^^^^^^^^^^^^^^^^
  File "/usr/lib/python3.12/multiprocessing/resource_sharer.py", line 53, in __init__
    self._id = _resource_sharer.register(send, close)
               ^^^^^^^^^^^^^^^^^^^^^^^^^^^^^^^^^^^^^^
  File "/usr/lib/python3.12/multiprocessing/resource_sharer.py", line 76, in register
    self._start()
  File "/usr/lib/python3.12/multiprocessing/resource_sharer.py", line 126, in _start
    self._listener = Listener(authkey=process.current_process().authkey, backlog=128)
                     ^^^^^^^^^^^^^^^^^^^^^^^^^^^^^^^^^^^^^^^^^^^^^^^^^^^^^^^^^^^^^^^^
  File "/usr/lib/python3.12/multiprocessing/connection.py", line 464, in __init__
    self._listener = SocketListener(address, family, backlog)
                     ^^^^^^^^^^^^^^^^^^^^^^^^^^^^^^^^^^^^^^^^
  File "/usr/lib/python3.12/multiprocessing/connection.py", line 608, in __init__
    self._socket.bind(address)
OSError: AF_UNIX path too long
Traceback (most recent call last):
  File "/usr/lib/python3.12/multiprocessing/queues.py", line 264, in _feed
    obj = _ForkingPickler.dumps(obj)
          ^^^^^^^^^^^^^^^^^^^^^^^^^^
  File "/usr/lib/python3.12/multiprocessing/reduction.py", line 51, in dumps
    cls(buf, protocol).dump(obj)
  File "/usr/local/lib/python3.12/dist-packages/torch/multiprocessing/reductions.py", line 616, in reduce_storage
    df = multiprocessing.reduction.DupFd(fd)
         ^^^^^^^^^^^^^^^^^^^^^^^^^^^^^^^^^^^
  File "/usr/lib/python3.12/multiprocessing/reduction.py", line 198, in DupFd
    return resource_sharer.DupFd(fd)
           ^^^^^^^^^^^^^^^^^^^^^^^^^
  File "/usr/lib/python3.12/multiprocessing/resource_sharer.py", line 53, in __init__
    self._id = _resource_sharer.register(send, close)
               ^^^^^^^^^^^^^^^^^^^^^^^^^^^^^^^^^^^^^^
  File "/usr/lib/python3.12/multiprocessing/resource_sharer.py", line 76, in register
    self._start()
  File "/usr/lib/python3.12/multiprocessing/resource_sharer.py", line 126, in _start
    self._listener = Listener(authkey=process.current_process().authkey, backlog=128)
                     ^^^^^^^^^^^^^^^^^^^^^^^^^^^^^^^^^^^^^^^^^^^^^^^^^^^^^^^^^^^^^^^^
  File "/usr/lib/python3.12/multiprocessing/connection.py", line 464, in __init__
    self._listener = SocketListener(address, family, backlog)
                     ^^^^^^^^^^^^^^^^^^^^^^^^^^^^^^^^^^^^^^^^
  File "/usr/lib/python3.12/multiprocessing/connection.py", line 608, in __init__
    self._socket.bind(address)
OSError: AF_UNIX path too long
Traceback (most recent call last):
  File "/usr/lib/python3.12/multiprocessing/queues.py", line 264, in _feed
    obj = _ForkingPickler.dumps(obj)
          ^^^^^^^^^^^^^^^^^^^^^^^^^^
  File "/usr/lib/python3.12/multiprocessing/reduction.py", line 51, in dumps
    cls(buf, protocol).dump(obj)
  File "/usr/local/lib/python3.12/dist-packages/torch/multiprocessing/reductions.py", line 616, in reduce_storage
    df = multiprocessing.reduction.DupFd(fd)
         ^^^^^^^^^^^^^^^^^^^^^^^^^^^^^^^^^^^
  File "/usr/lib/python3.12/multiprocessing/reduction.py", line 198, in DupFd
    return resource_sharer.DupFd(fd)
           ^^^^^^^^^^^^^^^^^^^^^^^^^
  File "/usr/lib/python3.12/multiprocessing/resource_sharer.py", line 53, in __init__
    self._id = _resource_sharer.register(send, close)
               ^^^^^^^^^^^^^^^^^^^^^^^^^^^^^^^^^^^^^^
  File "/usr/lib/python3.12/multiprocessing/resource_sharer.py", line 76, in register
    self._start()
  File "/usr/lib/python3.12/multiprocessing/resource_sharer.py", line 126, in _start
    self._listener = Listener(authkey=process.current_process().authkey, backlog=128)
                     ^^^^^^^^^^^^^^^^^^^^^^^^^^^^^^^^^^^^^^^^^^^^^^^^^^^^^^^^^^^^^^^^
  File "/usr/lib/python3.12/multiprocessing/connection.py", line 464, in __init__
    self._listener = SocketListener(address, family, backlog)
                     ^^^^^^^^^^^^^^^^^^^^^^^^^^^^^^^^^^^^^^^^
  File "/usr/lib/python3.12/multiprocessing/connection.py", line 608, in __init__
    self._socket.bind(address)
OSError: AF_UNIX path too long
Traceback (most recent call last):
  File "/usr/lib/python3.12/multiprocessing/queues.py", line 264, in _feed
    obj = _ForkingPickler.dumps(obj)
          ^^^^^^^^^^^^^^^^^^^^^^^^^^
  File "/usr/lib/python3.12/multiprocessing/reduction.py", line 51, in dumps
    cls(buf, protocol).dump(obj)
  File "/usr/local/lib/python3.12/dist-packages/torch/multiprocessing/reductions.py", line 616, in reduce_storage
    df = multiprocessing.reduction.DupFd(fd)
         ^^^^^^^^^^^^^^^^^^^^^^^^^^^^^^^^^^^
  File "/usr/lib/python3.12/multiprocessing/reduction.py", line 198, in DupFd
    return resource_sharer.DupFd(fd)
           ^^^^^^^^^^^^^^^^^^^^^^^^^
  File "/usr/lib/python3.12/multiprocessing/resource_sharer.py", line 53, in __init__
    self._id = _resource_sharer.register(send, close)
               ^^^^^^^^^^^^^^^^^^^^^^^^^^^^^^^^^^^^^^
  File "/usr/lib/python3.12/multiprocessing/resource_sharer.py", line 76, in register
    self._start()
  File "/usr/lib/python3.12/multiprocessing/resource_sharer.py", line 126, in _start
    self._listener = Listener(authkey=process.current_process().authkey, backlog=128)
                     ^^^^^^^^^^^^^^^^^^^^^^^^^^^^^^^^^^^^^^^^^^^^^^^^^^^^^^^^^^^^^^^^
  File "/usr/lib/python3.12/multiprocessing/connection.py", line 464, in __init__
    self._listener = SocketListener(address, family, backlog)
                     ^^^^^^^^^^^^^^^^^^^^^^^^^^^^^^^^^^^^^^^^
  File "/usr/lib/python3.12/multiprocessing/connection.py", line 608, in __init__
    self._socket.bind(address)
OSError: AF_UNIX path too long
[09-24 15:57:07|INFO] OFUCallback: found mmaact at column 12, pclk at column 11
W0924 15:58:03.414000 286466 torch/distributed/elastic/agent/server/api.py:752] Received 15 death signal, shutting down workers
W0924 15:58:03.416000 286466 torch/distributed/elastic/multiprocessing/api.py:1014] Sending process 286633 closing signal SIGTERM
W0924 15:58:03.416000 286466 torch/distributed/elastic/multiprocessing/api.py:1014] Sending process 286634 closing signal SIGTERM
W0924 15:58:03.417000 286466 torch/distributed/elastic/multiprocessing/api.py:1014] Sending process 286635 closing signal SIGTERM
W0924 15:58:03.417000 286466 torch/distributed/elastic/multiprocessing/api.py:1014] Sending process 286636 closing signal SIGTERM
[09-24 15:58:03|INFO] [TerminationSignalCheckpoint] Received SIGTERM at iteration 12600.
W0924 15:58:03.417000 286466 torch/distributed/elastic/multiprocessing/api.py:1014] Sending process 286637 closing signal SIGTERM
W0924 15:58:03.417000 286466 torch/distributed/elastic/multiprocessing/api.py:1014] Sending process 286638 closing signal SIGTERM
W0924 15:58:03.441000 286466 torch/distributed/elastic/multiprocessing/api.py:1014] Sending process 286639 closing signal SIGTERM
W0924 15:58:03.464000 286466 torch/distributed/elastic/multiprocessing/api.py:1014] Sending process 286640 closing signal SIGTERM
--- Logging error in Loguru Handler #0 ---
Record was: {'elapsed': datetime.timedelta(seconds=150, microseconds=764744), 'exception': (type=<class 'RuntimeError'>, value=RuntimeError('DataLoader worker (pid(s) 295065) exited unexpectedly'), traceback=<traceback object at 0x7f7e1110ec00>), 'extra': {}, 'file': (name='train.py', path='/share/project/eai_pwm/home/hcr/worktrees/cosmos-framework-pwm-load-balance/cosmos_framework/scripts/train.py'), 'function': '<module>', 'level': (name='ERROR', no=40, icon='❌'), 'line': 320, 'message': "An error has been caught in function '<module>', process 'MainProcess' (286637), thread 'MainThread' (140194849763456):", 'module': 'train', 'name': '__main__', 'process': (id=286637, name='MainProcess'), 'thread': (id=140194849763456, name='MainThread'), 'time': datetime(2026, 9, 24, 15, 58, 3, 550833, tzinfo=datetime.timezone(datetime.timedelta(seconds=28800), 'CST'))}
--- Logging error in Loguru Handler #0 ---
Record was: {'elapsed': datetime.timedelta(seconds=150, microseconds=777492), 'exception': (type=<class 'RuntimeError'>, value=RuntimeError('DataLoader worker (pid(s) 295068) exited unexpectedly'), traceback=<traceback object at 0x7f0d85dfe780>), 'extra': {}, 'file': (name='train.py', path='/share/project/eai_pwm/home/hcr/worktrees/cosmos-framework-pwm-load-balance/cosmos_framework/scripts/train.py'), 'function': '<module>', 'level': (name='ERROR', no=40, icon='❌'), 'line': 320, 'message': "An error has been caught in function '<module>', process 'MainProcess' (286638), thread 'MainThread' (139713337749632):", 'module': 'train', 'name': '__main__', 'process': (id=286638, name='MainProcess'), 'thread': (id=139713337749632, name='MainThread'), 'time': datetime(2026, 9, 24, 15, 58, 3, 557732, tzinfo=datetime.timezone(datetime.timedelta(seconds=28800), 'CST'))}
[rank4]: Traceback (most recent call last):
[rank4]:   File "/usr/local/lib/python3.12/dist-packages/torch/utils/data/dataloader.py", line 1310, in _try_get_data
[rank4]:     data = self._data_queue.get(timeout=timeout)
[rank4]:            ^^^^^^^^^^^^^^^^^^^^^^^^^^^^^^^^^^^^^
[rank4]:   File "/usr/lib/python3.12/multiprocessing/queues.py", line 113, in get
[rank4]:     if not self._poll(timeout):
[rank4]:            ^^^^^^^^^^^^^^^^^^^
[rank4]:   File "/usr/lib/python3.12/multiprocessing/connection.py", line 257, in poll
[rank4]:     return self._poll(timeout)
[rank4]:            ^^^^^^^^^^^^^^^^^^^
[rank4]:   File "/usr/lib/python3.12/multiprocessing/connection.py", line 440, in _poll
[rank4]:     r = wait([self], timeout)
[rank4]:         ^^^^^^^^^^^^^^^^^^^^^
[rank4]:   File "/usr/lib/python3.12/multiprocessing/connection.py", line 1136, in wait
[rank4]:     ready = selector.select(timeout)
[rank4]:             ^^^^^^^^^^^^^^^^^^^^^^^^
[rank4]:   File "/usr/lib/python3.12/selectors.py", line 415, in select
[rank4]:     fd_event_list = self._selector.poll(timeout)
[rank4]:                     ^^^^^^^^^^^^^^^^^^^^^^^^^^^^
[rank4]:   File "/usr/local/lib/python3.12/dist-packages/torch/utils/data/_utils/signal_handling.py", line 73, in handler
[rank4]:     _error_if_any_worker_fails()
[rank4]: RuntimeError: DataLoader worker (pid 295065) is killed by signal: Terminated. 

[rank4]: The above exception was the direct cause of the following exception:

[rank4]: Traceback (most recent call last):
[rank4]:   File "/opt/venv/lib/python3.12/site-packages/loguru/_logger.py", line 1297, in catch_wrapper
[rank4]:     return function(*args, **kwargs)
[rank4]:            ^^^^^^^^^^^^^^^^^^^^^^^^^
[rank4]:   File "/share/project/eai_pwm/home/hcr/worktrees/cosmos-framework-pwm-load-balance/cosmos_framework/utils/training_telemetry/telemetry.py", line 65, in wrapper
[rank4]:     return func(config, *args, **kwargs)
[rank4]:            ^^^^^^^^^^^^^^^^^^^^^^^^^^^^^
[rank4]:   File "/share/project/eai_pwm/home/hcr/worktrees/cosmos-framework-pwm-load-balance/cosmos_framework/scripts/train.py", line 197, in launch
[rank4]:     _run_training(config, args)
[rank4]:   File "/share/project/eai_pwm/home/hcr/worktrees/cosmos-framework-pwm-load-balance/cosmos_framework/scripts/train.py", line 242, in _run_training
[rank4]:     trainer.train(
[rank4]:   File "/share/project/eai_pwm/home/hcr/worktrees/cosmos-framework-pwm-load-balance/cosmos_framework/trainer/__init__.py", line 321, in train
[rank4]:     data_batch, stop_signal = self._fetch_data_batch(
[rank4]:                               ^^^^^^^^^^^^^^^^^^^^^^^
[rank4]:   File "/share/project/eai_pwm/home/hcr/worktrees/cosmos-framework-pwm-load-balance/cosmos_framework/trainer/__init__.py", line 213, in _fetch_data_batch
[rank4]:     return next(dataloader_iter), False
[rank4]:            ^^^^^^^^^^^^^^^^^^^^^
[rank4]:   File "/share/project/eai_pwm/home/hcr/worktrees/cosmos-framework-pwm-load-balance/cosmos_framework/data/generator/dataflow/loader.py", line 340, in __iter__
[rank4]:     batch = next(self._iterators[idx])
[rank4]:             ^^^^^^^^^^^^^^^^^^^^^^^^^^
[rank4]:   File "/usr/local/lib/python3.12/dist-packages/torch/utils/data/dataloader.py", line 741, in __next__
[rank4]:     data = self._next_data()
[rank4]:            ^^^^^^^^^^^^^^^^^
[rank4]:   File "/usr/local/lib/python3.12/dist-packages/torch/utils/data/dataloader.py", line 1524, in _next_data
[rank4]:     idx, data = self._get_data()
[rank4]:                 ^^^^^^^^^^^^^^^^
[rank4]:   File "/usr/local/lib/python3.12/dist-packages/torch/utils/data/dataloader.py", line 1483, in _get_data
[rank4]:     success, data = self._try_get_data()
[rank4]:                     ^^^^^^^^^^^^^^^^^^^^
[rank4]:   File "/usr/local/lib/python3.12/dist-packages/torch/utils/data/dataloader.py", line 1323, in _try_get_data
[rank4]:     raise RuntimeError(
[rank4]: RuntimeError: DataLoader worker (pid(s) 295065) exited unexpectedly

[rank4]: During handling of the above exception, another exception occurred:

[rank4]: Traceback (most recent call last):
[rank4]:   File "/opt/venv/lib/python3.12/site-packages/loguru/_handler.py", line 147, in emit
[rank4]:     formatter_record["exception"] = "".join(lines)
[rank4]:                                     ^^^^^^^^^^^^^^
[rank4]:   File "/opt/venv/lib/python3.12/site-packages/loguru/_better_exceptions.py", line 573, in format_exception
[rank4]:   File "/opt/venv/lib/python3.12/site-packages/loguru/_better_exceptions.py", line 403, in _format_exception
[rank4]:     yield from self._format_exception(
[rank4]:   File "/opt/venv/lib/python3.12/site-packages/loguru/_better_exceptions.py", line 512, in _format_exception
[rank4]:     yield from self._indent("".join(frames_lines), group_nesting)
[rank4]:                             ^^^^^^^^^^^^^^^^^^^^^
[rank4]:   File "/opt/venv/lib/python3.12/site-packages/loguru/_better_exceptions.py", line 354, in _format_locations
[rank4]:     match = re.match(regex, frame)
[rank4]:             ^^^^^^^^^^^^^^^^^^^^^^
[rank4]:   File "/usr/lib/python3.12/re/__init__.py", line 164, in match
[rank4]:     def match(pattern, string, flags=0):
[rank4]:     
[rank4]:   File "/usr/local/lib/python3.12/dist-packages/torch/utils/data/_utils/signal_handling.py", line 73, in handler
[rank4]:     _error_if_any_worker_fails()
[rank4]: RuntimeError: DataLoader worker (pid 290102) is killed by signal: Terminated. 

[rank4]: During handling of the above exception, another exception occurred:

[rank4]: Traceback (most recent call last):
[rank4]:   File "/share/project/eai_pwm/home/hcr/worktrees/cosmos-framework-pwm-load-balance/plans/v0.2.3c_kernel_list/run_profile.py", line 43, in <module>
[rank4]:     main()
[rank4]:   File "/share/project/eai_pwm/home/hcr/worktrees/cosmos-framework-pwm-load-balance/plans/v0.2.3c_kernel_list/run_profile.py", line 37, in main
[rank4]:     runpy.run_module("cosmos_framework.scripts.train", run_name="__main__")
[rank4]:   File "<frozen runpy>", line 229, in run_module
[rank4]:   File "<frozen runpy>", line 88, in _run_code
[rank4]:   File "/share/project/eai_pwm/home/hcr/worktrees/cosmos-framework-pwm-load-balance/cosmos_framework/scripts/train.py", line 320, in <module>
[rank4]:     launch(config, args)
[rank4]:   File "/opt/venv/lib/python3.12/site-packages/loguru/_logger.py", line 1296, in catch_wrapper
[rank4]:     with catcher:
[rank4]:   File "/opt/venv/lib/python3.12/site-packages/loguru/_logger.py", line 1261, in __exit__
[rank4]:   File "/opt/venv/lib/python3.12/site-packages/loguru/_logger.py", line 2066, in _log
[rank4]:     handler.emit(log_record, level_id, from_decorator, raw, colored_message)
[rank4]:   File "/opt/venv/lib/python3.12/site-packages/loguru/_handler.py", line 210, in emit
[rank4]:     self._error_interceptor.print(record)
[rank4]:   File "/opt/venv/lib/python3.12/site-packages/loguru/_error_interceptor.py", line 29, in print
[rank4]:     traceback.print_exception(type_, value, traceback_, None, sys.stderr)
[rank4]:   File "/usr/lib/python3.12/traceback.py", line 124, in print_exception
[rank4]:     te = TracebackException(type(value), value, tb, limit=limit, compact=True)
[rank4]:          ^^^^^^^^^^^^^^^^^^^^^^^^^^^^^^^^^^^^^^^^^^^^^^^^^^^^^^^^^^^^^^^^^^^^^
[rank4]:   File "/usr/lib/python3.12/traceback.py", line 733, in __init__
[rank4]:     self.stack = StackSummary._extract_from_extended_frame_gen(
[rank4]:                  ^^^^^^^^^^^^^^^^^^^^^^^^^^^^^^^^^^^^^^^^^^^^^^
[rank4]:   File "/usr/lib/python3.12/traceback.py", line 418, in _extract_from_extended_frame_gen
[rank4]:     for f, (lineno, end_lineno, colno, end_colno) in frame_gen:
[rank4]:   File "/usr/lib/python3.12/traceback.py", line 355, in _walk_tb_with_full_positions
[rank4]:     positions = _get_code_position(tb.tb_frame.f_code, tb.tb_lasti)
[rank4]:                 ^^^^^^^^^^^^^^^^^^^^^^^^^^^^^^^^^^^^^^^^^^^^^^^^^^^
[rank4]:   File "/usr/lib/python3.12/traceback.py", line 369, in _get_code_position
[rank4]:     return next(itertools.islice(positions_gen, instruction_index // 2, None))
[rank4]:                 ^^^^^^^^^^^^^^^^^^^^^^^^^^^^^^^^^^^^^^^^^^^^^^^^^^^^^^^^^^^^^
[rank4]:   File "/usr/local/lib/python3.12/dist-packages/torch/utils/data/_utils/signal_handling.py", line 73, in handler
[rank4]:     _error_if_any_worker_fails()
[rank4]: RuntimeError: DataLoader worker (pid 293411) is killed by signal: Terminated. 
Exception ignored in atexit callback: <function move_cutlass_compiled_cache at 0x7f7e182cfa60>
Traceback (most recent call last):
  File "/usr/local/lib/python3.12/dist-packages/torch/_inductor/codegen/cutlass/utils.py", line 39, in move_cutlass_compiled_cache
    if try_import_cutlass.cache_info().currsize == 0:
       [rank5]: Traceback (most recent call last):
[rank5]:   File "/usr/local/lib/python3.12/dist-packages/torch/utils/data/dataloader.py", line 1310, in _try_get_data
[rank5]:   File "/usr/lib/python3.12/multiprocessing/queues.py", line 113, in get
[rank5]:     if not self._poll(timeout):
[rank5]:            ^^^^^^^^^^^^^^^^^^^
[rank5]:   File "/usr/lib/python3.12/multiprocessing/connection.py", line 257, in poll
[rank5]:     return self._poll(timeout)
[rank5]:            ^^^^^^^^^^^^^^^^^^^
[rank5]:   File "/usr/lib/python3.12/multiprocessing/connection.py", line 440, in _poll
[rank5]:     r = wait([self], timeout)
[rank5]:         ^^^^^^^^^^^^^^^^^^^^^
[rank5]:   File "/usr/lib/python3.12/multiprocessing/connection.py", line 1136, in wait
[rank5]:     ready = selector.select(timeout)
[rank5]:             ^^^^^^^^^^^^^^^^^^^^^^^^
[rank5]:   File "/usr/lib/python3.12/selectors.py", line 415, in select
[rank5]:     fd_event_list = self._selector.poll(timeout)
[rank5]:                     ^^^^^^^^^^^^^^^^^^^^^^^^^^^^
[rank5]:   File "/usr/local/lib/python3.12/dist-packages/torch/utils/data/_utils/signal_handling.py", line 73, in handler
[rank5]:     _error_if_any_worker_fails()
[rank5]: RuntimeError: DataLoader worker (pid 295068) is killed by signal: Terminated. 

[rank5]: The above exception was the direct cause of the following exception:

[rank5]: Traceback (most recent call last):
[rank5]:   File "/opt/venv/lib/python3.12/site-packages/loguru/_logger.py", line 1297, in catch_wrapper
[rank5]:     return function(*args, **kwargs)
[rank5]:            ^^^^^^^^^^^^^^^^^^^^^^^^^
[rank5]:   File "/share/project/eai_pwm/home/hcr/worktrees/cosmos-framework-pwm-load-balance/cosmos_framework/utils/training_telemetry/telemetry.py", line 65, in wrapper
[rank5]:     return func(config, *args, **kwargs)
[rank5]:            ^^^^^^^^^^^^^^^^^^^^^^^^^^^^^
[rank5]:   File "/share/project/eai_pwm/home/hcr/worktrees/cosmos-framework-pwm-load-balance/cosmos_framework/scripts/train.py", line 197, in launch
[rank5]:     _run_training(config, args)
[rank5]:   File "/share/project/eai_pwm/home/hcr/worktrees/cosmos-framework-pwm-load-balance/cosmos_framework/scripts/train.py", line 242, in _run_training
[rank5]:     trainer.train(
[rank5]:   File "/share/project/eai_pwm/home/hcr/worktrees/cosmos-framework-pwm-load-balance/cosmos_framework/trainer/__init__.py", line 321, in train
[rank5]:     data_batch, stop_signal = self._fetch_data_batch(
[rank5]:                               ^^^^^^^^^^^^^^^^^^^^^^^
[rank5]:   File "/share/project/eai_pwm/home/hcr/worktrees/cosmos-framework-pwm-load-balance/cosmos_framework/trainer/__init__.py", line 213, in _fetch_data_batch
[rank5]:     return next(dataloader_iter), False
[rank5]:            ^^^^^^^^^^^^^^^^^^^^^
[rank5]:   File "/share/project/eai_pwm/home/hcr/worktrees/cosmos-framework-pwm-load-balance/cosmos_framework/data/generator/dataflow/loader.py", line 340, in __iter__
[rank5]:     batch = next(self._iterators[idx])
[rank5]:             ^^^^^^^^^^^^^^^^^^^^^^^^^^
[rank5]:   File "/usr/local/lib/python3.12/dist-packages/torch/utils/data/dataloader.py", line 741, in __next__
[rank5]:     data = self._next_data()
[rank5]:            ^^^^^^^^^^^^^^^^^
[rank5]:   File "/usr/local/lib/python3.12/dist-packages/torch/utils/data/dataloader.py", line 1524, in _next_data
[rank5]:     idx, data = self._get_data()
[rank5]:                 ^^^^^^^^^^^^^^^^
[rank5]:   File "/usr/local/lib/python3.12/dist-packages/torch/utils/data/dataloader.py", line 1483, in _get_data
[rank5]:     success, data = self._try_get_data()
[rank5]:                     ^^^^^^^^^^^^^^^^^^^^
[rank5]:   File "/usr/local/lib/python3.12/dist-packages/torch/utils/data/dataloader.py", line 1323, in _try_get_data
[rank5]:     raise RuntimeError(
[rank5]: RuntimeError: DataLoader worker (pid(s) 295068) exited unexpectedly

[rank5]: During handling of the above exception, another exception occurred:

[rank5]: Traceback (most recent call last):
[rank5]:   File "/opt/venv/lib/python3.12/site-packages/loguru/_handler.py", line 147, in emit
[rank5]:     formatter_record["exception"] = "".join(lines)
[rank5]:                                     ^^^^^^^^^^^^^^
[rank5]:   File "/opt/venv/lib/python3.12/site-packages/loguru/_better_exceptions.py", line 573, in format_exception
[rank5]:     yield from self._format_exception(value, tb, is_first=True, from_decorator=from_decorator)
[rank5]:   File "/opt/venv/lib/python3.12/site-packages/loguru/_better_exceptions.py", line 403, in _format_exception
[rank5]:     yield from self._format_exception(
[rank5]:   File "/opt/venv/lib/python3.12/site-packages/loguru/_better_exceptions.py", line 454, in _format_exception
[rank5]:     frames, final_source = self._extract_frames(
[rank5]:                            ^^^^^^^^^^^^^^^^^^^^^
[rank5]:   File "/opt/venv/lib/python3.12/site-packages/loguru/_better_exceptions.py", line 217, in _extract_frames
[rank5]:     infos.append((get_info(tb.tb_frame, tb.tb_lineno), tb.tb_frame))
[rank5]:                   ^^^^^^^^^^^^^^^^^^^^^^^^^^^^^^^^^^^
[rank5]:   File "/opt/venv/lib/python3.12/site-packages/loguru/_better_exceptions.py", line 211, in get_info
[rank5]:     source = linecache.getline(filename, lineno).strip()
[rank5]:              ^^^^^^^^^^^^^^^^^^^^^^^^^^^^^^^^^^^
[rank5]:   File "/usr/lib/python3.12/linecache.py", line 30, in getline
[rank5]:     lines = getlines(filename, module_globals)
[rank5]:             ^^^^^^^^^^^^^^^^^^^^^^^^^^^^^^^^^^
[rank5]:   File "/usr/lib/python3.12/linecache.py", line 46, in getlines
[rank5]:     return updatecache(filename, module_globals)
[rank5]:            ^^^^^^^^^^^^^^^^^^^^^^^^^^^^^^^^^^^^^
[rank5]:   File "/usr/lib/python3.12/linecache.py", line 137, in updatecache
[rank5]:     lines = fp.readlines()
[rank5]:             ^^^^^^^^^^^^^^
[rank5]:   File "<frozen codecs>", line 319, in decode
[rank5]:   File "/usr/local/lib/python3.12/dist-packages/torch/utils/data/_utils/signal_handling.py", line 73, in handler
[rank5]:     _error_if_any_worker_fails()
[rank5]: RuntimeError: DataLoader worker (pid 295902) is killed by signal: Terminated. 

[rank5]: During handling of the above exception, another exception occurred:

[rank5]: Traceback (most recent call last):
[rank5]:   File "/share/project/eai_pwm/home/hcr/worktrees/cosmos-framework-pwm-load-balance/plans/v0.2.3c_kernel_list/run_profile.py", line 43, in <module>
[rank5]:     main()
[rank5]:   File "/share/project/eai_pwm/home/hcr/worktrees/cosmos-framework-pwm-load-balance/plans/v0.2.3c_kernel_list/run_profile.py", line 37, in main
[rank5]:     runpy.run_module("cosmos_framework.scripts.train", run_name="__main__")
[rank5]:   File "<frozen runpy>", line 229, in run_module
[rank5]:   File "<frozen runpy>", line 88, in _run_code
[rank5]:   File "/share/project/eai_pwm/home/hcr/worktrees/cosmos-framework-pwm-load-balance/cosmos_framework/scripts/train.py", line 320, in <module>
[rank5]:     launch(config, args)
[rank5]:   File "/opt/venv/lib/python3.12/site-packages/loguru/_logger.py", line 1296, in catch_wrapper
[rank5]:   File "/opt/venv/lib/python3.12/site-packages/loguru/_logger.py", line 1261, in __exit__
[rank5]:     logger._log(level, from_decorator, catch_options, message, (), {})
[rank5]:   File "/opt/venv/lib/python3.12/site-packages/loguru/_logger.py", line 2066, in _log
[rank5]:     handler.emit(log_record, level_id, from_decorator, raw, colored_message)
[rank5]:   File "/opt/venv/lib/python3.12/site-packages/loguru/_handler.py", line 210, in emit
[rank5]:     self._error_interceptor.print(record)
[rank5]:   File "/opt/venv/lib/python3.12/site-packages/loguru/_error_interceptor.py", line 29, in print
[rank5]:     traceback.print_exception(type_, value, traceback_, None, sys.stderr)
[rank5]:   File "/usr/lib/python3.12/traceback.py", line 124, in print_exception
[rank5]:     te = TracebackException(type(value), value, tb, limit=limit, compact=True)
[rank5]:          ^^^^^^^^^^^^^^^^^^^^^^^^^^^^^^^^^^^^^^^^^^^^^^^^^^^^^^^^^^^^^^^^^^^^^
[rank5]:   File "/usr/lib/python3.12/traceback.py", line 733, in __init__
[rank5]:     self.stack = StackSummary._extract_from_extended_frame_gen(
[rank5]:                  ^^^^^^^^^^^^^^^^^^^^^^^^^^^^^^^^^^^^^^^^^^^^^^
[rank5]:   File "/usr/lib/python3.12/traceback.py", line 424, in _extract_from_extended_frame_gen
[rank5]:     linecache.lazycache(filename, f.f_globals)
[rank5]:   File "/usr/lib/python3.12/linecache.py", line 169, in lazycache
[rank5]:     spec = module_globals.get('__spec__')
[rank5]:            ^^^^^^^^^^^^^^^^^^^^^^^^^^^^^^
[rank5]:   File "/usr/local/lib/python3.12/dist-packages/torch/utils/data/_utils/signal_handling.py", line 73, in handler
[rank5]:     _error_if_any_worker_fails()
[rank5]: RuntimeError: DataLoader worker (pid 290114) is killed by signal: Terminated. 
^^^^^^^^^^^^^^^^^^^^^^^^^^^^^^^
  File "<string>", line 1, in <lambda>
  File "/usr/local/lib/python3.12/dist-packages/torch/utils/data/_utils/signal_handling.py", line 73, in handler
    _error_if_any_worker_fails()
RuntimeError: DataLoader worker (pid 292585) is killed by signal: Terminated. 
Exception ignored in atexit callback: <function dump_compile_times at 0x7f1097c6ade0>
Traceback (most recent call last):
  File "/usr/local/lib/python3.12/dist-packages/torch/_dynamo/utils.py", line 916, in dump_compile_times
    log.info(compile_times(repr="str", aggregate=True))
             ^^^^^^^^^^^^^^^^^^^^^^^^^^^^^^^^^^^^^^^^^
  File "/usr/local/lib/python3.12/dist-packages/torch/_dynamo/utils.py", line 902, in compile_times
    out += tabulate(rows, headers=("Function", "Runtimes (s)"))
           ^^^^^^^^^^^^^^^^^^^^^^^^^^^^^^^^^^^^^^^^^^^^^^^^^^^^
  File "/usr/local/lib/python3.12/dist-packages/torch/_dynamo/utils.py", line 254, in tabulate
    return tabulate.tabulate(rows, headers=headers)  File "/opt/venv/lib/python3.12/site-packages/tabulate/__init__.py", line 2393, in tabulate
  File "/opt/venv/lib/python3.12/site-packages/tabulate/__init__.py", line 2532, in _expand_numparse
    if isinstance(disable_numparse, Iterable):
       ^^^^^^^^^^^^^^^^^^^^^^^^^^^^^^^^^^^^^^
  File "<frozen abc>", line 119, in __instancecheck__
  File "<frozen abc>", line 123, in __subclasscheck__
  File "<frozen abc>", line 123, in __subclasscheck__
  File "<frozen abc>", line 123, in __subclasscheck__
  [Previous line repeated 2 more times]
  File "<frozen _collections_abc>", line 309, in __subclasshook__
  File "/usr/local/lib/python3.12/dist-packages/torch/utils/data/_utils/signal_handling.py", line 73, in handler
    _error_if_any_worker_fails()
RuntimeError: DataLoader worker (pid 293414) is killed by signal: Terminated. 
Exception ignored in atexit callback: <bound method TemporaryDirectory.cleanup of <TemporaryDirectory '/share/project/eai_pwm/home/hcr/worktrees/cosmos-framework-pwm-load-balance/plans/v0.2.3c_kernel_list/runs/usr_capture002/cache/tmp/tmprzcx9hmqwandb-artifacts'>>
Traceback (most recent call last):
  File "/usr/lib/python3.12/tempfile.py", line 1089, in cleanup
    self._rmtree(self.name, ignore_errors=self._ignore_cleanup_errors)
  File "/usr/lib/python3.12/tempfile.py", line 1069, in _rmtree
    _rmtree(name, onexc=onexc)
  File "/usr/lib/python3.12/shutil.py", line 785, in rmtree
    _rmtree_safe_fd(fd, path, onexc)
  File "/usr/lib/python3.12/shutil.py", line 658, in _rmtree_safe_fd
    entries = list(scandir_it)
              ^^^^^^^^^^^^^^^^
  File "/usr/local/lib/python3.12/dist-packages/torch/utils/data/_utils/signal_handling.py", line 73, in handler
    _error_if_any_worker_fails()
RuntimeError: DataLoader worker (pid 289286) is killed by signal: Terminated. 
Exception ignored in atexit callback: <bound method finalize._exitfunc of <class 'weakref.finalize'>>
Traceback (most recent call last):
  File "/usr/lib/python3.12/weakref.py", line 656, in _exitfunc
    pending = cls._select_for_exit()
              ^^^^^^^^^^^^^^^^^^^^^^
  File "/usr/lib/python3.12/weakref.py", line 637, in _select_for_exit
    L = [(f,i) for (f,i) in cls._registry.items() if i.atexit]
         ^^^^^
  File "/usr/local/lib/python3.12/dist-packages/torch/utils/data/_utils/signal_handling.py", line 73, in handler
    _error_if_any_worker_fails()
RuntimeError: DataLoader worker (pid 294240) is killed by signal: Terminated. 
--- Logging error in Loguru Handler #0 ---
Record was: {'elapsed': datetime.timedelta(seconds=150, microseconds=755623), 'exception': (type=<class 'RuntimeError'>, value=RuntimeError('DataLoader worker (pid 289256) is killed by signal: Terminated. '), traceback=<traceback object at 0x7fd7cae63700>), 'extra': {}, 'file': (name='train.py', path='/share/project/eai_pwm/home/hcr/worktrees/cosmos-framework-pwm-load-balance/cosmos_framework/scripts/train.py'), 'function': '<module>', 'level': (name='ERROR', no=40, icon='❌'), 'line': 320, 'message': "An error has been caught in function '<module>', process 'MainProcess' (286633), thread 'MainThread' (140580223271040):", 'module': 'train', 'name': '__main__', 'process': (id=286633, name='MainProcess'), 'thread': (id=140580223271040, name='MainThread'), 'time': datetime(2026, 9, 24, 15, 58, 3, 585072, tzinfo=datetime.timezone(datetime.timedelta(seconds=28800), 'CST'))}
--- Logging error in Loguru Handler #0 ---
Record was: {'elapsed': datetime.timedelta(seconds=150, microseconds=756954), 'exception': (type=<class 'RuntimeError'>, value=RuntimeError('DataLoader worker (pid 291761) is killed by signal: Terminated. '), traceback=<traceback object at 0x7ff4a853b280>), 'extra': {}, 'file': (name='train.py', path='/share/project/eai_pwm/home/hcr/worktrees/cosmos-framework-pwm-load-balance/cosmos_framework/scripts/train.py'), 'function': '<module>', 'level': (name='ERROR', no=40, icon='❌'), 'line': 320, 'message': "An error has been caught in function '<module>', process 'MainProcess' (286639), thread 'MainThread' (140704194105472):", 'module': 'train', 'name': '__main__', 'process': (id=286639, name='MainProcess'), 'thread': (id=140704194105472, name='MainThread'), 'time': datetime(2026, 9, 24, 15, 58, 3, 589617, tzinfo=datetime.timezone(datetime.timedelta(seconds=28800), 'CST'))}
object address  : 0x7ff4a8429f00
object refcount : 4
object type     : 0xa330c0
object type name: RuntimeError
object repr     : RuntimeError('DataLoader worker (pid 289288) is killed by signal: Terminated. ')
lost sys.stderr
[rank6]: Traceback (most recent call last):
[rank6]:   File "/usr/local/lib/python3.12/dist-packages/torch/utils/data/dataloader.py", line 1310, in _try_get_data
Exception ignored in atexit callbackobject address  : 0x7fd6167991e0
: object refcount : 4
<function _exit_function at 0x7ff4a74be020>object type     : 0xa330c0

object type name: RuntimeError
Traceback (most recent call last):
object repr     :   File "/opt/venv/lib/python3.12/site-packages/multiprocess/util.py", line 320, in _exit_function
RuntimeError('DataLoader worker (pid 293062) is killed by signal: Terminated. ')
lost sys.stderr
[rank0]: Traceback (most recent call last):
[rank0]:   File "/usr/local/lib/python3.12/dist-packages/torch/utils/data/dataloader.py", line 1310, in _try_get_data
[rank0]:     data = self._data_queue.get(timeout=timeout)
[rank0]:            ^^^^^^^^^^^^^^^^^^^^^^^^^^^^^^^^^^^^^
[rank0]:   File "/usr/lib/python3.12/multiprocessing/queues.py", line 113, in get
[rank0]:     if not self._poll(timeout):
[rank0]:            ^^^^^^^^^^^^^^^^^^^
[rank0]:   File "/usr/lib/python3.12/multiprocessing/connection.py", line 257, in poll
[rank0]:     return self._poll(timeout)
[rank0]:            ^^^^^^^^^^^^^^^^^^^
[rank0]:   File "/usr/lib/python3.12/multiprocessing/connection.py", line 440, in _poll
[rank0]:     r = wait([self], timeout)
[rank0]:         ^^^^^^^^^^^^^^^^^^^^^
[rank0]:   File "/usr/lib/python3.12/multiprocessing/connection.py", line 1136, in wait
[rank0]:     ready = selector.select(timeout)
[rank0]:             ^^^^^^^^^^^^^^^^^^^^^^^^
[rank0]:   File "/usr/lib/python3.12/selectors.py", line 415, in select
[rank0]:     fd_event_list = self._selector.poll(timeout)
[rank0]:                     ^^^^^^^^^^^^^^^^^^^^^^^^^^^^
[rank0]:   File "/usr/local/lib/python3.12/dist-packages/torch/utils/data/_utils/signal_handling.py", line 73, in handler
[rank0]:     _error_if_any_worker_fails()
[rank0]: RuntimeError: DataLoader worker (pid 295095) is killed by signal: Terminated. 

[rank0]: During handling of the above exception, another exception occurred:

[rank0]: Traceback (most recent call last):
[rank0]:   File "/usr/local/lib/python3.12/dist-packages/torch/utils/data/dataloader.py", line 741, in __next__
[rank0]:     data = self._next_data()
[rank0]:            ^^^^^^^^^^^^^^^^^
[rank0]:   File "/usr/local/lib/python3.12/dist-packages/torch/utils/data/dataloader.py", line 1524, in _next_data
[rank0]:     idx, data = self._get_data()
[rank0]:                 ^^^^^^^^^^^^^^^^
[rank0]:   File "/usr/local/lib/python3.12/dist-packages/torch/utils/data/dataloader.py", line 1483, in _get_data
[rank0]:     success, data = self._try_get_data()
[rank0]:                     ^^^^^^^^^^^^^^^^^^^^
[rank0]:   File "/usr/local/lib/python3.12/dist-packages/torch/utils/data/dataloader.py", line 1318, in _try_get_data
[rank0]:     if self._workers_status[worker_id] and not w.is_alive():
[rank0]:                                                ^^^^^^^^^^^^
[rank0]:   File "/usr/lib/python3.12/multiprocessing/process.py", line 165, in is_alive
[rank0]:     returncode = self._popen.poll()
[rank0]:                  ^^^^^^^^^^^^^^^^^^
[rank0]:   File "/usr/lib/python3.12/multiprocessing/popen_fork.py", line 27, in poll
[rank0]:     pid, sts = os.waitpid(self.pid, flag)
[rank0]:                ^^^^^^^^^^^^^^^^^^^^^^^^^^
[rank0]:   File "/usr/local/lib/python3.12/dist-packages/torch/utils/data/_utils/signal_handling.py", line 73, in handler
[rank0]:     _error_if_any_worker_fails()
[rank0]: RuntimeError: DataLoader worker (pid 291874) is killed by signal: Terminated. 

[rank0]: During handling of the above exception, another exception occurred:

[rank0]: Traceback (most recent call last):
[rank0]:   File "/share/project/eai_pwm/home/hcr/worktrees/cosmos-framework-pwm-load-balance/cosmos_framework/trainer/__init__.py", line 321, in train
[rank0]:     data_batch, stop_signal = self._fetch_data_batch(
[rank0]:                               ^^^^^^^^^^^^^^^^^^^^^^^
[rank0]:   File "/share/project/eai_pwm/home/hcr/worktrees/cosmos-framework-pwm-load-balance/cosmos_framework/trainer/__init__.py", line 213, in _fetch_data_batch
[rank0]:     return next(dataloader_iter), False
[rank0]:            ^^^^^^^^^^^^^^^^^^^^^
[rank0]:   File "/share/project/eai_pwm/home/hcr/worktrees/cosmos-framework-pwm-load-balance/cosmos_framework/data/generator/dataflow/loader.py", line 340, in __iter__
[rank0]:     batch = next(self._iterators[idx])
[rank0]:             ^^^^^^^^^^^^^^^^^^^^^^^^^^
[rank0]:   File "/usr/local/lib/python3.12/dist-packages/torch/utils/data/dataloader.py", line 737, in __next__
[rank0]:     with torch.autograd.profiler.record_function(self._profile_name):
[rank0]:   File "/usr/local/lib/python3.12/dist-packages/torch/autograd/profiler.py", line 873, in __exit__
[rank0]:     torch.ops.profiler._record_function_exit._RecordFunction(record)
[rank0]:   File "/usr/local/lib/python3.12/dist-packages/torch/_ops.py", line 1086, in __call__
[rank0]:     if _must_dispatch_in_python(args, kwargs):
[rank0]:        ^^^^^^^^^^^^^^^^^^^^^^^^^^^^^^^^^^^^^^
[rank0]:   File "/usr/local/lib/python3.12/dist-packages/torch/_ops.py", line 1151, in _must_dispatch_in_python
--- Logging error in Loguru Handler #0 ---
    def _exit_function(info=info, debug=debug, _run_finalizers=_run_finalizers,
    
  File "/usr/local/lib/python3.12/dist-packages/torch/utils/data/_utils/signal_handling.py", line 73, in handler
    _error_if_any_worker_fails()
RuntimeError: DataLoader worker (pid 293410) is killed by signal: Terminated. 
--- Logging error in Loguru Handler #0 ---
Record was: {'elapsed': datetime.timedelta(seconds=150, microseconds=800782), 'exception': (type=<class 'RuntimeError'>, value=RuntimeError('DataLoader worker (pid 295109) is killed by signal: Terminated. '), traceback=<traceback object at 0x7f74899e6fc0>), 'extra': {}, 'file': (name='train.py', path='/share/project/eai_pwm/home/hcr/worktrees/cosmos-framework-pwm-load-balance/cosmos_framework/scripts/train.py'), 'function': '<module>', 'level': (name='ERROR', no=40, icon='❌'), 'line': 320, 'message': "An error has been caught in function '<module>', process 'MainProcess' (286636), thread 'MainThread' (140153922637952):", 'module': 'train', 'name': '__main__', 'process': (id=286636, name='MainProcess'), 'thread': (id=140153922637952, name='MainThread'), 'time': datetime(2026, 9, 24, 15, 58, 3, 593321, tzinfo=datetime.timezone(datetime.timedelta(seconds=28800), 'CST'))}
Exception ignored in atexit callback: object address  : 0x7fe0a75f33a0
object refcount : 4
object type     : 0xa330c0
object type name: RuntimeError
object repr     : RuntimeError('DataLoader worker (pid 296097) is killed by signal: Terminated. ')
lost sys.stderr
[rank2]: Traceback (most recent call last):
[rank2]:   File "/usr/local/lib/python3.12/dist-packages/torch/utils/data/dataloader.py", line 1310, in _try_get_data
[rank2]:     data = self._data_queue.get(timeout=timeout)
[rank2]:            ^^^^^^^^^^^^^^^^^^^^^^^^^^^^^^^^^^^^^
[rank2]:   File "/usr/lib/python3.12/multiprocessing/queues.py", line 113, in get
[rank2]:   File "/usr/lib/python3.12/multiprocessing/connection.py", line 257, in poll
[rank2]:     return self._poll(timeout)
[rank2]:            ^^^^^^^^^^^^^^^^^^^
[rank2]:   File "/usr/lib/python3.12/multiprocessing/connection.py", line 440, in _poll
[rank2]:     r = wait([self], timeout)
[rank2]:         ^^^^^^^^^^^^^^^^^^^^^
[rank2]:   File "/usr/lib/python3.12/multiprocessing/connection.py", line 1136, in wait
[rank2]:     ready = selector.select(timeout)
[rank2]:             ^^^^^^^^^^^^^^^^^^^^^^^^
[rank2]:   File "/usr/lib/python3.12/selectors.py", line 415, in select
[rank2]:     fd_event_list = self._selector.poll(timeout)
[rank2]:                     ^^^^^^^^^^^^^^^^^^^^^^^^^^^^
[rank2]:   File "/usr/local/lib/python3.12/dist-packages/torch/utils/data/_utils/signal_handling.py", line 73, in handler
[rank2]:     _error_if_any_worker_fails()
[rank2]: RuntimeError: DataLoader worker (pid 295084) is killed by signal: Terminated. 

[rank2]: During handling of the above exception, another exception occurred:

[rank2]: Traceback (most recent call last):
[rank2]:   File "/usr/local/lib/python3.12/dist-packages/torch/utils/data/dataloader.py", line 741, in __next__
[rank2]:     data = self._next_data()
[rank2]:            ^^^^^^^^^^^^^^^^^
[rank2]:   File "/usr/local/lib/python3.12/dist-packages/torch/utils/data/dataloader.py", line 1524, in _next_data
[rank2]:   File "/usr/local/lib/python3.12/dist-packages/torch/utils/data/dataloader.py", line 1483, in _get_data
[rank2]:     success, data = self._try_get_data()
[rank2]:                     ^^^^^^^^^^^^^^^^^^^^
[rank2]:   File "/usr/local/lib/python3.12/dist-packages/torch/utils/data/dataloader.py", line 1318, in _try_get_data
[rank2]:     if self._workers_status[worker_id] and not w.is_alive():
[rank2]:                                                ^^^^^^^^^^^^
[rank2]:   File "/usr/lib/python3.12/multiprocessing/process.py", line 165, in is_alive
[rank2]:     returncode = self._popen.poll()
[rank2]:                  ^^^^^^^^^^^^^^^^^^
[rank2]:   File "/usr/lib/python3.12/multiprocessing/popen_fork.py", line 27, in poll
[rank2]:     pid, sts = os.waitpid(self.pid, flag)
[rank2]:                ^^^^^^^^^^^^^^^^^^^^^^^^^^
[rank2]:   File "/usr/local/lib/python3.12/dist-packages/torch/utils/data/_utils/signal_handling.py", line 73, in handler
[rank2]:     _error_if_any_worker_fails()
[rank2]: RuntimeError: DataLoader worker (pid 292885) is killed by signal: Terminated. 

[rank2]: During handling of the above exception, another exception occurred:

[rank2]: Traceback (most recent call last):
<function dump_compile_times at 0x7ff74b7d2de0>
Traceback (most recent call last):
  File "/usr/local/lib/python3.12/dist-packages/torch/_dynamo/utils.py", line 916, in dump_compile_times
    log.info(compile_times(repr="str", aggregate=True))
          RuntimeError: DataLoader worker (pid 290112) is killed by signal: Terminated. 
Error in sys.excepthook:
Traceback (most recent call last):
  File "/usr/local/lib/python3.12/dist-packages/torch/distributed/distributed_c10d.py", line 1870, in _distributed_excepthook
object address  : 0x7f726cf1df00
object refcount : 4
object type     : 0xa330c0
object type name: RuntimeError
object repr     : RuntimeError('DataLoader worker (pid 290118) is killed by signal: Terminated. ')
lost sys.stderr
[rank1]: Traceback (most recent call last):
[rank1]:   File "/usr/local/lib/python3.12/dist-packages/torch/utils/data/dataloader.py", line 1310, in _try_get_data
[rank1]:     data = self._data_queue.get(timeout=timeout)
[rank1]:            ^^^^^^^^^^^^^^^^^^^^^^^^^^^^^^^^^^^^^
[rank1]:   File "/usr/lib/python3.12/multiprocessing/queues.py", line 113, in get
[rank1]:     if not self._poll(timeout):
[rank1]:            ^^^^^^^^^^^^^^^^^^^
[rank1]:   File "/usr/lib/python3.12/multiprocessing/connection.py", line 257, in poll
[rank1]:     return self._poll(timeout)
[rank1]:            ^^^^^^^^^^^^^^^^^^^
[rank1]:   File "/usr/lib/python3.12/multiprocessing/connection.py", line 440, in _poll
[rank1]:     r = wait([self], timeout)
[rank1]:         ^^^^^^^^^^^^^^^^^^^^^
[rank1]:   File "/usr/lib/python3.12/multiprocessing/connection.py", line 1136, in wait
[rank1]:     ready = selector.select(timeout)
[rank1]:             ^^^^^^^^^^^^^^^^^^^^^^^^
[rank1]:   File "/usr/lib/python3.12/selectors.py", line 415, in select
[rank1]:     fd_event_list = self._selector.poll(timeout)
[rank1]:                     ^^^^^^^^^^^^^^^^^^^^^^^^^^^^
[rank1]:   File "/usr/local/lib/python3.12/dist-packages/torch/utils/data/_utils/signal_handling.py", line 73, in handler
[rank1]:     _error_if_any_worker_fails()
[rank1]: RuntimeError: DataLoader worker (pid 295083) is killed by signal: Terminated. 

[rank1]: During handling of the above exception, another exception occurred:

[rank1]: Traceback (most recent call last):
[rank1]:   File "/opt/venv/lib/python3.12/site-packages/loguru/_logger.py", line 1297, in catch_wrapper
[rank1]:     return function(*args, **kwargs)
[rank1]:            ^^^^^^^^^^^^^^^^^^^^^^^^^
[rank1]:   File "/share/project/eai_pwm/home/hcr/worktrees/cosmos-framework-pwm-load-balance/cosmos_framework/utils/training_telemetry/telemetry.py", line 65, in wrapper
[rank1]:     return func(config, *args, **kwargs)
[rank1]:            ^^^^^^^^^^^^^^^^^^^^^^^^^^^^^
[rank1]:   File "/share/project/eai_pwm/home/hcr/worktrees/cosmos-framework-pwm-load-balance/cosmos_framework/scripts/train.py", line 197, in launch
[rank1]:     _run_training(config, args)
[rank1]:   File "/share/project/eai_pwm/home/hcr/worktrees/cosmos-framework-pwm-load-balance/cosmos_framework/scripts/train.py", line 242, in _run_training
[rank1]:   File "/share/project/eai_pwm/home/hcr/worktrees/cosmos-framework-pwm-load-balance/cosmos_framework/trainer/__init__.py", line 321, in train
[rank1]:     data_batch, stop_signal = self._fetch_data_batch(
[rank1]:                               ^^^^^^^^^^^^^^^^^^^^^^^
[rank1]:   File "/share/project/eai_pwm/home/hcr/worktrees/cosmos-framework-pwm-load-balance/cosmos_framework/trainer/__init__.py", line 213, in _fetch_data_batch
[rank1]:     return next(dataloader_iter), False
[rank1]:            ^^^^^^^^^^^^^^^^^^^^^
[rank1]:   File "/share/project/eai_pwm/home/hcr/worktrees/cosmos-framework-pwm-load-balance/cosmos_framework/data/generator/dataflow/loader.py", line 340, in __iter__
[rank1]:     batch = next(self._iterators[idx])
[rank1]:             ^^^^^^^^^^^^^^^^^^^^^^^^^^
[rank1]:   File "/usr/local/lib/python3.12/dist-packages/torch/utils/data/dataloader.py", line 741, in __next__
[rank1]:     data = self._next_data()
    def _distributed_excepthook(*args):

  File "/usr/local/lib/python3.12/dist-packages/torch/utils/data/_utils/signal_handling.py", line 73, in handler
    _error_if_any_worker_fails()
RuntimeError: DataLoader worker (pid 292958) is killed by signal: Terminated. 

Original exception was:
Traceback (most recent call last):
  File "/usr/local/lib/python3.12/dist-packages/torch/utils/data/dataloader.py", line 1310, in _try_get_data
    data = self._data_queue.get(timeout=timeout)
Exception ignored in atexit callback  :  <function dump_compile_times at 0x7f76c0222de0> 
 Traceback (most recent call last):
 Exception ignored in atexit callback  File "/usr/local/lib/python3.12/dist-packages/torch/_dynamo/utils.py", line 916, in dump_compile_times
 :  <function dump_compile_times at 0x7fe34a9aade0> 
 Traceback (most recent call last):
   File "/usr/local/lib/python3.12/dist-packages/torch/_dynamo/utils.py", line 916, in dump_compile_times
^^object address  : 0x7f7489850fa0
object refcount : 4
object type     : 0xa330c0
object type name: RuntimeError
object repr     :   File "/usr/local/lib/python3.12/dist-packages/torch/_dynamo/utils.py", line 902, in compile_times
RuntimeError('DataLoader worker (pid 289308) is killed by signal: Terminated. ')
lost sys.stderr
  File "/usr/local/lib/python3.12/dist-packages/torch/_dynamo/utils.py", line 902, in compile_times
    out += tabulate(rows, headers=("Function", "Runtimes (s)"))
    out += tabulate(rows, headers=("Function", "Runtimes (s)")) 
Exception ignored in atexit callback[rank4]: Traceback (most recent call last):
[rank4]:   File "/usr/lib/python3.12/weakref.py", line 666, in _exitfunc
[rank4]:     f()
[rank4]:   File "/usr/lib/python3.12/weakref.py", line 590, in __call__
[rank4]:     return info.func(*info.args, **(info.kwargs or {}))
[rank4]:            ^^^^^^^^^^^^^^^^^^^^^^^^^^^^^^^^^^^^^^^^^^^^
[rank4]:   File "/usr/local/lib/python3.12/dist-packages/torch/library.py", line 479, in _del_library
[rank4]:     m.reset()
[rank4]:   File "/usr/local/lib/python3.12/dist-packages/torch/utils/data/_utils/signal_handling.py", line 73, in handler
[rank4]:     _error_if_any_worker_fails()
[rank4]: RuntimeError: DataLoader worker (pid 289227) is killed by signal: Terminated. 
--- Logging error in Loguru Handler #0 ---
Exception ignored in atexit callback  File "/usr/local/lib/python3.12/dist-packages/torch/_dynamo/utils.py", line 254, in tabulate
Exception ignored in sys.unraisablehookRuntimeError: : <built-in function unraisablehook>    
: <bound method TemporaryDirectory.cleanup of <TemporaryDirectory '/share/project/eai_pwm/home/hcr/worktrees/cosmos-framework-pwm-load-balance/plans/v0.2.3c_kernel_list/runs/usr_capture002/cache/tmp/tmpa5ai72jmwandb-media'>>return tabulate.tabulate(rows, headers=headers)Traceback (most recent call last):
DataLoader worker (pid 294489) is killed by signal: Terminated. 

  File "/opt/venv/lib/python3.12/site-packages/wandb/sdk/lib/console_capture.py", line 184, in write_with_callbacks

Traceback (most recent call last):
   File "/usr/lib/python3.12/tempfile.py", line 1089, in cleanup
          ^^^    ^n = orig_write(s)^
^^    ^ self._rmtree(self.name, ignore_errors=self._ignore_cleanup_errors)^ 
^ ^ ^ ^  File "/usr/lib/python3.12/tempfile.py", line 1069, in _rmtree
 ^ ^ ^^^^^^^^^^^^^^^^^^^    ^^_rmtree(name, onexc=onexc)^^
^^^^  File "/usr/lib/python3.12/shutil.py", line 794, in rmtree

^  File "/usr/local/lib/python3.12/dist-packages/torch/utils/data/_utils/signal_handling.py", line 73, in handler
^^^^^^    ^_error_if_any_worker_fails()^
^    ^RuntimeErroros.rmdir(path, dir_fd=dir_fd)
: 
  File "/opt/venv/lib/python3.12/site-packages/tabulate/__init__.py", line 2395, in tabulate
DataLoader worker (pid 291236) is killed by signal: Terminated. 
  File "/usr/local/lib/python3.12/dist-packages/torch/utils/data/_utils/signal_handling.py", line 73, in handler
    _error_if_any_worker_fails()
RuntimeError: DataLoader worker (pid 289315) is killed by signal: Terminated. 
    if isinstance(floatfmt, str):  # old version
       ^^^^^^^^^^^^^^^^^^^^^^^^^
  File "/usr/local/lib/python3.12/dist-packages/torch/utils/data/_utils/signal_handling.py", line 73, in handler
    _error_if_any_worker_fails()
RuntimeError: DataLoader worker (pid 289296) is killed by signal: Terminated. 
Exception ignored in atexit callback: <bound method TemporaryDirectory.cleanup of <TemporaryDirectory '/share/project/eai_pwm/home/hcr/worktrees/cosmos-framework-pwm-load-balance/plans/v0.2.3c_kernel_list/runs/usr_capture002/cache/tmp/tmpt2iaf98kwandb-media'>>
Traceback (most recent call last):
  File "/usr/lib/python3.12/tempfile.py", line 1089, in cleanup
    self._rmtree(self.name, ignore_errors=self._ignore_cleanup_errors)
  File "/usr/lib/python3.12/tempfile.py", line 1069, in _rmtree
    _rmtree(name, onexc=onexc)
  File "/usr/lib/python3.12/shutil.py", line 794, in rmtree
    os.rmdir(path, dir_fd=dir_fd)
  File "/usr/local/lib/python3.12/dist-packages/torch/utils/data/_utils/signal_handling.py", line 73, in handler
    _error_if_any_worker_fails()
RuntimeError: DataLoader worker (pid 294217) is killed by signal: Terminated. 
[rank7]: Traceback (most recent call last):
[rank7]:   File "/usr/local/lib/python3.12/dist-packages/torch/utils/data/dataloader.py", line 1310, in _try_get_data
[rank7]:     data = self._data_queue.get(timeout=timeout)
[rank7]:            ^^^^^^^^^^^^^^^^^^^^^^^^^^^^^^^^^^^^^
[rank7]:   File "/usr/lib/python3.12/multiprocessing/queues.py", line 113, in get
[rank7]:     if not self._poll(timeout):
[rank7]:            ^^^^^^^^^^^^^^^^^^^
[rank7]:   File "/usr/lib/python3.12/multiprocessing/connection.py", line 257, in poll
[rank7]:     return self._poll(timeout)
[rank7]:            ^^^^^^^^^^^^^^^^^^^
[rank7]:   File "/usr/lib/python3.12/multiprocessing/connection.py", line 440, in _poll
[rank7]:     r = wait([self], timeout)
[rank7]:         ^^^^^^^^^^^^^^^^^^^^^
[rank7]:   File "/usr/lib/python3.12/multiprocessing/connection.py", line 1136, in wait
[rank7]:     ready = selector.select(timeout)
[rank7]:             ^^^^^^^^^^^^^^^^^^^^^^^^
[rank7]:   File "/usr/lib/python3.12/selectors.py", line 415, in select
[rank7]:     fd_event_list = self._selector.poll(timeout)
[rank7]:                     ^^^^^^^^^^^^^^^^^^^^^^^^^^^^
[rank7]:   File "/usr/local/lib/python3.12/dist-packages/torch/utils/data/_utils/signal_handling.py", line 73, in handler
[rank7]:     _error_if_any_worker_fails()
[rank7]: RuntimeError: DataLoader worker (pid 295096) is killed by signal: Terminated. 

[rank7]: During handling of the above exception, another exception occurred:

[rank7]: Traceback (most recent call last):
[rank7]:   File "/usr/local/lib/python3.12/dist-packages/torch/utils/data/dataloader.py", line 741, in __next__
[rank7]:     data = self._next_data()
[rank7]:            ^^^^^^^^^^^^^^^^^
[rank7]:   File "/usr/local/lib/python3.12/dist-packages/torch/utils/data/dataloader.py", line 1524, in _next_data
[rank7]:     idx, data = self._get_data()
[rank7]:                 ^^^^^^^^^^^^^^^^
[rank7]:   File "/usr/local/lib/python3.12/dist-packages/torch/utils/data/dataloader.py", line 1483, in _get_data
[rank7]:     success, data = self._try_get_data()
[rank7]:                     ^^^^^^^^^^^^^^^^^^^^
[rank7]:   File "/usr/local/lib/python3.12/dist-packages/torch/utils/data/dataloader.py", line 1318, in _try_get_data
[rank7]:     if self._workers_status[worker_id] and not w.is_alive():
[rank7]:                                                ^^^^^^^^^^^^
[rank7]:   File "/usr/lib/python3.12/multiprocessing/process.py", line 165, in is_alive
[rank7]:     returncode = self._popen.poll()
[rank7]:                  ^^^^^^^^^^^^^^^^^^
[rank7]:   File "/usr/lib/python3.12/multiprocessing/popen_fork.py", line 27, in poll
[rank7]:     pid, sts = os.waitpid(self.pid, flag)
[rank7]:                ^^^^^^^^^^^^^^^^^^^^^^^^^^
[rank7]:   File "/usr/local/lib/python3.12/dist-packages/torch/utils/data/_utils/signal_handling.py", line 73, in handler
[rank7]:     _error_if_any_worker_fails()
[rank7]: RuntimeError: DataLoader worker (pid 289233) is killed by signal: Terminated. 

[rank7]: During handling of the above exception, another exception occurred:

[rank7]: Traceback (most recent call last):
[rank7]:   File "/opt/venv/lib/python3.12/site-packages/loguru/_logger.py", line 1297, in catch_wrapper
[rank7]:     return function(*args, **kwargs)
[rank7]:            ^^^^^^^^^^^^^^^^^^^^^^^^^
[rank7]:   File "/share/project/eai_pwm/home/hcr/worktrees/cosmos-framework-pwm-load-balance/cosmos_framework/utils/training_telemetry/telemetry.py", line 65, in wrapper
[rank7]:     return func(config, *args, **kwargs)
[rank7]:            ^^^^^^^^^^^^^^^^^^^^^^^^^^^^^
[rank7]:   File "/share/project/eai_pwm/home/hcr/worktrees/cosmos-framework-pwm-load-balance/cosmos_framework/scripts/train.py", line 197, in launch
[rank7]:     _run_training(config, args)
[rank7]:   File "/share/project/eai_pwm/home/hcr/worktrees/cosmos-framework-pwm-load-balance/cosmos_framework/scripts/train.py", line 242, in _run_training
[rank7]:     trainer.train(
[rank7]:   File "/share/project/eai_pwm/home/hcr/worktrees/cosmos-framework-pwm-load-balance/cosmos_framework/trainer/__init__.py", line 321, in train
[rank7]:     data_batch, stop_signal = self._fetch_data_batch(
[rank7]:                               ^^^^^^^^^^^^^^^^^^^^^^^
[rank7]:   File "/share/project/eai_pwm/home/hcr/worktrees/cosmos-framework-pwm-load-balance/cosmos_framework/trainer/__init__.py", line 213, in _fetch_data_batch
[rank7]:     return next(dataloader_iter), False
[rank7]:            ^^^^^^^^^^^^^^^^^^^^^
[rank7]:   File "/share/project/eai_pwm/home/hcr/worktrees/cosmos-framework-pwm-load-balance/cosmos_framework/data/generator/dataflow/loader.py", line 340, in __iter__
[rank7]:     batch = next(self._iterators[idx])
[rank7]:             ^^^^^^^^^^^^^^^^^^^^^^^^^^
[rank7]:   File "/usr/local/lib/python3.12/dist-packages/torch/utils/data/dataloader.py", line 737, in __next__
[rank7]:     with torch.autograd.profiler.record_function(self._profile_name):
[rank7]:   File "/usr/local/lib/python3.12/dist-packages/torch/autograd/profiler.py", line 873, in __exit__
[rank7]:     torch.ops.profiler._record_function_exit._RecordFunction(record)
[rank7]:   File "/usr/local/lib/python3.12/dist-packages/torch/_ops.py", line 1085, in __call__
[rank7]:     def __call__(self, /, *args: _P.args, **kwargs: _P.kwargs) -> _T:

[rank7]:   File "/usr/local/lib/python3.12/dist-packages/torch/utils/data/_utils/signal_handling.py", line 73, in handler
[rank7]:     _error_if_any_worker_fails()
[rank7]: RuntimeError: DataLoader worker (pid 291782) is killed by signal: Terminated. 

[rank7]: During handling of the above exception, another exception occurred:

[rank7]: Traceback (most recent call last):
[rank7]:   File "/opt/venv/lib/python3.12/site-packages/loguru/_handler.py", line 147, in emit
[rank7]:     formatter_record["exception"] = "".join(lines)
[rank7]:                                     ^^^^^^^^^^^^^^
[rank7]:   File "/opt/venv/lib/python3.12/site-packages/loguru/_better_exceptions.py", line 572, in format_exception
[rank7]:     def format_exception(self, type_, value, tb, *, from_decorator=False):

[rank7]:   File "/usr/local/lib/python3.12/dist-packages/torch/utils/data/_utils/signal_handling.py", line 73, in handler
[rank7]:     _error_if_any_worker_fails()
[rank7]: RuntimeError: DataLoader worker (pid 291226) is killed by signal: Terminated. 

[rank7]: During handling of the above exception, another exception occurred:

[rank7]: Traceback (most recent call last):
[rank7]:   File "/share/project/eai_pwm/home/hcr/worktrees/cosmos-framework-pwm-load-balance/plans/v0.2.3c_kernel_list/run_profile.py", line 43, in <module>
[rank7]:     main()
[rank7]:   File "/share/project/eai_pwm/home/hcr/worktrees/cosmos-framework-pwm-load-balance/plans/v0.2.3c_kernel_list/run_profile.py", line 37, in main
[rank7]:     runpy.run_module("cosmos_framework.scripts.train", run_name="__main__")
[rank7]:   File "<frozen runpy>", line 229, in run_module
[rank7]:   File "<frozen runpy>", line 88, in _run_code
[rank7]:   File "/share/project/eai_pwm/home/hcr/worktrees/cosmos-framework-pwm-load-balance/cosmos_framework/scripts/train.py", line 320, in <module>
[rank7]:     launch(config, args)
[rank7]:   File "/opt/venv/lib/python3.12/site-packages/loguru/_logger.py", line 1296, in catch_wrapper
[rank7]:     with catcher:
[rank7]:   File "/opt/venv/lib/python3.12/site-packages/loguru/_logger.py", line 1261, in __exit__
[rank7]:     logger._log(level, from_decorator, catch_options, message, (), {})
[rank7]:   File "/opt/venv/lib/python3.12/site-packages/loguru/_logger.py", line 2066, in _log
[rank7]:     handler.emit(log_record, level_id, from_decorator, raw, colored_message)
[rank7]:   File "/opt/venv/lib/python3.12/site-packages/loguru/_handler.py", line 210, in emit
[rank7]:     self._error_interceptor.print(record)
[rank7]:   File "/opt/venv/lib/python3.12/site-packages/loguru/_error_interceptor.py", line 23, in print
[rank7]:     sys.stderr.write("--- Logging error in Loguru Handler #%d ---\n" % self._handler_id)
[rank7]:   File "/opt/venv/lib/python3.12/site-packages/wandb/sdk/lib/console_capture.py", line 184, in write_with_callbacks
[rank7]:     n = orig_write(s)
[rank7]:         ^^^^^^^^^^^^^
[rank7]:   File "/usr/local/lib/python3.12/dist-packages/torch/utils/data/_utils/signal_handling.py", line 73, in handler
[rank7]:     _error_if_any_worker_fails()
[rank7]: RuntimeError: DataLoader worker (pid 290119) is killed by signal: Terminated. 
Traceback (most recent call last):
  File "<frozen runpy>", line 198, in _run_module_as_main
  File "<frozen runpy>", line 88, in _run_code
  File "/usr/local/lib/python3.12/dist-packages/torch/distributed/run.py", line 1020, in <module>
    main()
  File "/usr/local/lib/python3.12/dist-packages/torch/distributed/elastic/multiprocessing/errors/__init__.py", line 367, in wrapper
    return f(*args, **kwargs)
           ^^^^^^^^^^^^^^^^^^
  File "/usr/local/lib/python3.12/dist-packages/torch/distributed/run.py", line 1016, in main
    run(args)
  File "/usr/local/lib/python3.12/dist-packages/torch/distributed/run.py", line 1007, in run
    elastic_launch(
  File "/usr/local/lib/python3.12/dist-packages/torch/distributed/launcher/api.py", line 184, in __call__
    return launch_agent(self._config, self._entrypoint, list(args))
           ^^^^^^^^^^^^^^^^^^^^^^^^^^^^^^^^^^^^^^^^^^^^^^^^^^^^^^^^
  File "/usr/local/lib/python3.12/dist-packages/torch/distributed/launcher/api.py", line 323, in launch_agent
    result = agent.run()
             ^^^^^^^^^^^
  File "/usr/local/lib/python3.12/dist-packages/torch/distributed/elastic/metrics/api.py", line 134, in wrapper
    result = f(*args, **kwargs)
             ^^^^^^^^^^^^^^^^^^
  File "/usr/local/lib/python3.12/dist-packages/torch/distributed/elastic/agent/server/api.py", line 744, in run
    result = self._invoke_run(role)
             ^^^^^^^^^^^^^^^^^^^^^^
  File "/usr/local/lib/python3.12/dist-packages/torch/distributed/elastic/agent/server/api.py", line 922, in _invoke_run
    time.sleep(monitor_interval)
  File "/usr/local/lib/python3.12/dist-packages/torch/distributed/elastic/multiprocessing/api.py", line 86, in _terminate_process_handler
    raise SignalException(f"Process {os.getpid()} got signal: {sigval}", sigval=sigval)
torch.distributed.elastic.multiprocessing.api.SignalException: Process 286466 got signal: 15
