custom_operator,execution_operator,kernel_name,variant_index,mapping_status,input_shapes,input_dtypes,candidate_operators,kernel_event_count,kernel_time_us
null,aten::_efficient_attention_forward,"fmha_cutlassF_bf16_aligned_32x128_gmem_sm80(PyTorchMemEffAttention::AttentionKernel<cutlass::bfloat16_t, cutlass::arch::Sm80, true, 32, 128, 65536, true, true>::Params)",1,operator_shape_matched,"[[1,1564,1,1024],[1,1564,1,1024],[1,1564,1,1024],[],[],[],[],[],[],[],[],[],[],[]]","[""c10::BFloat16"",""c10::BFloat16"",""c10::BFloat16"","""","""","""","""","""",""Scalar"",""Scalar"",""Scalar"","""","""",""""]",null,141,36123.645
null,aten::_efficient_attention_forward,"fmha_cutlassF_bf16_aligned_32x128_gmem_sm80(PyTorchMemEffAttention::AttentionKernel<cutlass::bfloat16_t, cutlass::arch::Sm80, true, 32, 128, 65536, true, true>::Params)",2,operator_shape_matched,"[[6,1564,1,640],[6,1564,1,640],[6,1564,1,640],[],[],[],[],[],[],[],[],[],[],[]]","[""c10::BFloat16"",""c10::BFloat16"",""c10::BFloat16"","""","""","""","""","""",""Scalar"",""Scalar"",""Scalar"","""","""",""""]",null,25,8636.435
null,aten::_efficient_attention_forward,"fmha_cutlassF_bf16_aligned_32x128_gmem_sm80(PyTorchMemEffAttention::AttentionKernel<cutlass::bfloat16_t, cutlass::arch::Sm80, true, 32, 128, 65536, true, true>::Params)",3,operator_shape_matched,"[[1,1564,1,640],[1,1564,1,640],[1,1564,1,640],[],[],[],[],[],[],[],[],[],[],[]]","[""c10::BFloat16"",""c10::BFloat16"",""c10::BFloat16"","""","""","""","""","""",""Scalar"",""Scalar"",""Scalar"","""","""",""""]",null,4,653.414
null,aten::_foreach_copy_,"void at::native::(anonymous namespace)::multi_tensor_apply_kernel<at::native::(anonymous namespace)::TensorListMetadata<2>, at::native::(anonymous namespace)::UnaryOpFunctor<c10::BFloat16, 2, 1, 1>, at::native::Copy<c10::BFloat16, c10::BFloat16> >(at::native::(anonymous namespace)::TensorListMetadata<2>, at::native::(anonymous namespace)::UnaryOpFunctor<c10::BFloat16, 2, 1, 1>, at::native::Copy<c10::BFloat16, c10::BFloat16>)",1,operator_shape_matched,"[[],[],[]]",[],null,18000,785154.243
null,aten::_index_put_impl_,"void at::native::index_elementwise_kernel<128, 4, at::native::gpu_index_kernel<at::native::index_put_kernel_impl<at::native::OpaqueType<2> >(at::TensorIterator&, c10::ArrayRef<long>, c10::ArrayRef<long>)::{lambda(char*, char const*, long)#1}>(at::TensorIteratorBase&, c10::ArrayRef<long>, c10::ArrayRef<long>, at::native::index_put_kernel_impl<at::native::OpaqueType<2> >(at::TensorIterator&, c10::ArrayRef<long>, c10::ArrayRef<long>)::{lambda(char*, char const*, long)#1} const&, bool)::{lambda(int)#1}>(long, at::native::gpu_index_kernel<at::native::index_put_kernel_impl<at::native::OpaqueType<2> >(at::TensorIterator&, c10::ArrayRef<long>, c10::ArrayRef<long>)::{lambda(char*, char const*, long)#1}>(at::TensorIteratorBase&, c10::ArrayRef<long>, c10::ArrayRef<long>, at::native::index_put_kernel_impl<at::native::OpaqueType<2> >(at::TensorIterator&, c10::ArrayRef<long>, c10::ArrayRef<long>)::{lambda(char*, char const*, long)#1} const&, bool)::{lambda(int)#1})",1,operator_shape_matched,"[[66503,4096],[],[55131,4096],[],[]]","[""c10::BFloat16"","""",""c10::BFloat16"",""Scalar"",""Scalar""]",null,100,132012.5
null,aten::_index_put_impl_,"void at::native::index_elementwise_kernel<128, 4, at::native::gpu_index_kernel<at::native::index_put_kernel_impl<at::native::OpaqueType<2> >(at::TensorIterator&, c10::ArrayRef<long>, c10::ArrayRef<long>)::{lambda(char*, char const*, long)#1}>(at::TensorIteratorBase&, c10::ArrayRef<long>, c10::ArrayRef<long>, at::native::index_put_kernel_impl<at::native::OpaqueType<2> >(at::TensorIterator&, c10::ArrayRef<long>, c10::ArrayRef<long>)::{lambda(char*, char const*, long)#1} const&, bool)::{lambda(int)#1}>(long, at::native::gpu_index_kernel<at::native::index_put_kernel_impl<at::native::OpaqueType<2> >(at::TensorIterator&, c10::ArrayRef<long>, c10::ArrayRef<long>)::{lambda(char*, char const*, long)#1}>(at::TensorIteratorBase&, c10::ArrayRef<long>, c10::ArrayRef<long>, at::native::index_put_kernel_impl<at::native::OpaqueType<2> >(at::TensorIterator&, c10::ArrayRef<long>, c10::ArrayRef<long>)::{lambda(char*, char const*, long)#1} const&, bool)::{lambda(int)#1})",2,operator_shape_matched,"[[56049,4096],[],[55131,4096],[],[]]","[""c10::BFloat16"","""",""c10::BFloat16"",""Scalar"",""Scalar""]",null,100,117683.976
null,aten::_index_put_impl_,"void at::native::index_elementwise_kernel<128, 4, at::native::gpu_index_kernel<at::native::index_put_kernel_impl<at::native::OpaqueType<2> >(at::TensorIterator&, c10::ArrayRef<long>, c10::ArrayRef<long>)::{lambda(char*, char const*, long)#1}>(at::TensorIteratorBase&, c10::ArrayRef<long>, c10::ArrayRef<long>, at::native::index_put_kernel_impl<at::native::OpaqueType<2> >(at::TensorIterator&, c10::ArrayRef<long>, c10::ArrayRef<long>)::{lambda(char*, char const*, long)#1} const&, bool)::{lambda(int)#1}>(long, at::native::gpu_index_kernel<at::native::index_put_kernel_impl<at::native::OpaqueType<2> >(at::TensorIterator&, c10::ArrayRef<long>, c10::ArrayRef<long>)::{lambda(char*, char const*, long)#1}>(at::TensorIteratorBase&, c10::ArrayRef<long>, c10::ArrayRef<long>, at::native::index_put_kernel_impl<at::native::OpaqueType<2> >(at::TensorIterator&, c10::ArrayRef<long>, c10::ArrayRef<long>)::{lambda(char*, char const*, long)#1} const&, bool)::{lambda(int)#1})",3,operator_shape_matched,"[[66503,4096],[],[11372,4096],[],[]]","[""c10::BFloat16"","""",""c10::BFloat16"",""Scalar"",""Scalar""]",null,100,26296.967
null,aten::_index_put_impl_,"void at::native::index_elementwise_kernel<128, 4, at::native::gpu_index_kernel<at::native::index_put_kernel_impl<at::native::OpaqueType<2> >(at::TensorIterator&, c10::ArrayRef<long>, c10::ArrayRef<long>)::{lambda(char*, char const*, long)#1}>(at::TensorIteratorBase&, c10::ArrayRef<long>, c10::ArrayRef<long>, at::native::index_put_kernel_impl<at::native::OpaqueType<2> >(at::TensorIterator&, c10::ArrayRef<long>, c10::ArrayRef<long>)::{lambda(char*, char const*, long)#1} const&, bool)::{lambda(int)#1}>(long, at::native::gpu_index_kernel<at::native::index_put_kernel_impl<at::native::OpaqueType<2> >(at::TensorIterator&, c10::ArrayRef<long>, c10::ArrayRef<long>)::{lambda(char*, char const*, long)#1}>(at::TensorIteratorBase&, c10::ArrayRef<long>, c10::ArrayRef<long>, at::native::index_put_kernel_impl<at::native::OpaqueType<2> >(at::TensorIterator&, c10::ArrayRef<long>, c10::ArrayRef<long>)::{lambda(char*, char const*, long)#1} const&, bool)::{lambda(int)#1})",4,operator_shape_matched,"[[56049,4096],[],[918,4096],[],[]]","[""c10::BFloat16"","""",""c10::BFloat16"",""Scalar"",""Scalar""]",null,100,2286.384
null,aten::_index_put_impl_,"void at::native::index_elementwise_kernel<128, 4, at::native::gpu_index_kernel<at::native::index_put_kernel_impl<at::native::OpaqueType<2> >(at::TensorIterator&, c10::ArrayRef<long>, c10::ArrayRef<long>)::{lambda(char*, char const*, long)#1}>(at::TensorIteratorBase&, c10::ArrayRef<long>, c10::ArrayRef<long>, at::native::index_put_kernel_impl<at::native::OpaqueType<2> >(at::TensorIterator&, c10::ArrayRef<long>, c10::ArrayRef<long>)::{lambda(char*, char const*, long)#1} const&, bool)::{lambda(int)#1}>(long, at::native::gpu_index_kernel<at::native::index_put_kernel_impl<at::native::OpaqueType<2> >(at::TensorIterator&, c10::ArrayRef<long>, c10::ArrayRef<long>)::{lambda(char*, char const*, long)#1}>(at::TensorIteratorBase&, c10::ArrayRef<long>, c10::ArrayRef<long>, at::native::index_put_kernel_impl<at::native::OpaqueType<2> >(at::TensorIterator&, c10::ArrayRef<long>, c10::ArrayRef<long>)::{lambda(char*, char const*, long)#1} const&, bool)::{lambda(int)#1})",5,operator_shape_matched,"[[48,45,34,46],[],[48,45,34,46],[],[]]","[""c10::BFloat16"","""",""c10::BFloat16"",""Scalar"",""Scalar""]",null,100,2129.648
null,aten::_index_put_impl_,"void at::native::index_elementwise_kernel<128, 4, at::native::gpu_index_kernel<at::native::index_put_kernel_impl<at::native::OpaqueType<2> >(at::TensorIterator&, c10::ArrayRef<long>, c10::ArrayRef<long>)::{lambda(char*, char const*, long)#1}>(at::TensorIteratorBase&, c10::ArrayRef<long>, c10::ArrayRef<long>, at::native::index_put_kernel_impl<at::native::OpaqueType<2> >(at::TensorIterator&, c10::ArrayRef<long>, c10::ArrayRef<long>)::{lambda(char*, char const*, long)#1} const&, bool)::{lambda(int)#1}>(long, at::native::gpu_index_kernel<at::native::index_put_kernel_impl<at::native::OpaqueType<2> >(at::TensorIterator&, c10::ArrayRef<long>, c10::ArrayRef<long>)::{lambda(char*, char const*, long)#1}>(at::TensorIteratorBase&, c10::ArrayRef<long>, c10::ArrayRef<long>, at::native::index_put_kernel_impl<at::native::OpaqueType<2> >(at::TensorIterator&, c10::ArrayRef<long>, c10::ArrayRef<long>)::{lambda(char*, char const*, long)#1} const&, bool)::{lambda(int)#1})",6,operator_shape_matched,"[[48,39,34,46],[],[48,39,34,46],[],[]]","[""c10::BFloat16"","""",""c10::BFloat16"",""Scalar"",""Scalar""]",null,100,1870.16
null,aten::_index_put_impl_,"void at::native::index_elementwise_kernel<128, 4, at::native::gpu_index_kernel<at::native::index_put_kernel_impl<at::native::OpaqueType<2> >(at::TensorIterator&, c10::ArrayRef<long>, c10::ArrayRef<long>)::{lambda(char*, char const*, long)#1}>(at::TensorIteratorBase&, c10::ArrayRef<long>, c10::ArrayRef<long>, at::native::index_put_kernel_impl<at::native::OpaqueType<2> >(at::TensorIterator&, c10::ArrayRef<long>, c10::ArrayRef<long>)::{lambda(char*, char const*, long)#1} const&, bool)::{lambda(int)#1}>(long, at::native::gpu_index_kernel<at::native::index_put_kernel_impl<at::native::OpaqueType<2> >(at::TensorIterator&, c10::ArrayRef<long>, c10::ArrayRef<long>)::{lambda(char*, char const*, long)#1}>(at::TensorIteratorBase&, c10::ArrayRef<long>, c10::ArrayRef<long>, at::native::index_put_kernel_impl<at::native::OpaqueType<2> >(at::TensorIterator&, c10::ArrayRef<long>, c10::ArrayRef<long>)::{lambda(char*, char const*, long)#1} const&, bool)::{lambda(int)#1})",7,operator_shape_matched,"[[48,30,34,46],[],[48,30,34,46],[],[]]","[""c10::BFloat16"","""",""c10::BFloat16"",""Scalar"",""Scalar""]",null,100,1502.602
null,aten::_index_put_impl_,"void at::native::index_elementwise_kernel<128, 4, at::native::gpu_index_kernel<at::native::index_put_kernel_impl<at::native::OpaqueType<2> >(at::TensorIterator&, c10::ArrayRef<long>, c10::ArrayRef<long>)::{lambda(char*, char const*, long)#1}>(at::TensorIteratorBase&, c10::ArrayRef<long>, c10::ArrayRef<long>, at::native::index_put_kernel_impl<at::native::OpaqueType<2> >(at::TensorIterator&, c10::ArrayRef<long>, c10::ArrayRef<long>)::{lambda(char*, char const*, long)#1} const&, bool)::{lambda(int)#1}>(long, at::native::gpu_index_kernel<at::native::index_put_kernel_impl<at::native::OpaqueType<2> >(at::TensorIterator&, c10::ArrayRef<long>, c10::ArrayRef<long>)::{lambda(char*, char const*, long)#1}>(at::TensorIteratorBase&, c10::ArrayRef<long>, c10::ArrayRef<long>, at::native::index_put_kernel_impl<at::native::OpaqueType<2> >(at::TensorIterator&, c10::ArrayRef<long>, c10::ArrayRef<long>)::{lambda(char*, char const*, long)#1} const&, bool)::{lambda(int)#1})",8,operator_shape_matched,"[[48,27,34,46],[],[48,27,34,46],[],[]]","[""c10::BFloat16"","""",""c10::BFloat16"",""Scalar"",""Scalar""]",null,100,1381.939
null,aten::_upsample_nearest_exact2d,"void at::native::(anonymous namespace)::upsample_nearest2d_out_frame<float, &at::native::nearest_neighbor_exact_compute_source_index>(float const*, float*, unsigned long, unsigned long, unsigned long, unsigned long, unsigned long, float, float)",1,operator_shape_matched,"[[4,512,136,184],[],[]]","[""float"","""",""ScalarList""]",null,137,93286.936
null,aten::_upsample_nearest_exact2d,"void at::native::(anonymous namespace)::upsample_nearest2d_out_frame<float, &at::native::nearest_neighbor_exact_compute_source_index>(float const*, float*, unsigned long, unsigned long, unsigned long, unsigned long, unsigned long, float, float)",2,operator_shape_matched,"[[4,1024,68,92],[],[]]","[""float"","""",""ScalarList""]",null,137,50038.049
null,aten::_upsample_nearest_exact2d,"void at::native::(anonymous namespace)::upsample_nearest2d_out_frame<float, &at::native::nearest_neighbor_exact_compute_source_index>(float const*, float*, unsigned long, unsigned long, unsigned long, unsigned long, unsigned long, float, float)",3,operator_shape_matched,"[[2,1024,34,46],[],[]]","[""float"","""",""ScalarList""]",null,137,5850.084
null,aten::_upsample_nearest_exact2d,"void at::native::(anonymous namespace)::upsample_nearest2d_out_frame<float, &at::native::nearest_neighbor_exact_compute_source_index>(float const*, float*, unsigned long, unsigned long, unsigned long, unsigned long, unsigned long, float, float)",4,operator_shape_matched,"[[1,512,136,184],[],[]]","[""float"","""",""ScalarList""]",null,4,702.278
null,aten::_upsample_nearest_exact2d,"void at::native::(anonymous namespace)::upsample_nearest2d_out_frame<float, &at::native::nearest_neighbor_exact_compute_source_index>(float const*, float*, unsigned long, unsigned long, unsigned long, unsigned long, unsigned long, float, float)",5,operator_shape_matched,"[[1,1024,68,92],[],[]]","[""float"","""",""ScalarList""]",null,4,370.146
null,aten::_upsample_nearest_exact2d,"void at::native::(anonymous namespace)::upsample_nearest2d_out_frame<float, &at::native::nearest_neighbor_exact_compute_source_index>(float const*, float*, unsigned long, unsigned long, unsigned long, unsigned long, unsigned long, float, float)",6,operator_shape_matched,"[[1,1024,34,46],[],[]]","[""float"","""",""ScalarList""]",null,4,76.193
null,aten::add,"void at::native::elementwise_kernel<128, 2, at::native::gpu_kernel_impl_nocast<at::native::CUDAFunctor_add<long> >(at::TensorIteratorBase&, at::native::CUDAFunctor_add<long> const&)::{lambda(int)#1}>(int, at::native::gpu_kernel_impl_nocast<at::native::CUDAFunctor_add<long> >(at::TensorIteratorBase&, at::native::CUDAFunctor_add<long> const&)::{lambda(int)#1})",1,operator_shape_matched,"[[45,391],[391],[]]","[""long int"",""long int"",""Scalar""]",null,100,198.626
null,aten::add,"void at::native::elementwise_kernel<128, 2, at::native::gpu_kernel_impl_nocast<at::native::CUDAFunctor_add<long> >(at::TensorIteratorBase&, at::native::CUDAFunctor_add<long> const&)::{lambda(int)#1}>(int, at::native::gpu_kernel_impl_nocast<at::native::CUDAFunctor_add<long> >(at::TensorIteratorBase&, at::native::CUDAFunctor_add<long> const&)::{lambda(int)#1})",2,operator_shape_matched,"[[30,391],[391],[]]","[""long int"",""long int"",""Scalar""]",null,100,178.59
null,aten::add,"void at::native::elementwise_kernel<128, 2, at::native::gpu_kernel_impl_nocast<at::native::CUDAFunctor_add<long> >(at::TensorIteratorBase&, at::native::CUDAFunctor_add<long> const&)::{lambda(int)#1}>(int, at::native::gpu_kernel_impl_nocast<at::native::CUDAFunctor_add<long> >(at::TensorIteratorBase&, at::native::CUDAFunctor_add<long> const&)::{lambda(int)#1})",3,operator_shape_matched,"[[39,391],[391],[]]","[""long int"",""long int"",""Scalar""]",null,100,173.657
null,aten::add,"void at::native::elementwise_kernel<128, 2, at::native::gpu_kernel_impl_nocast<at::native::CUDAFunctor_add<long> >(at::TensorIteratorBase&, at::native::CUDAFunctor_add<long> const&)::{lambda(int)#1}>(int, at::native::gpu_kernel_impl_nocast<at::native::CUDAFunctor_add<long> >(at::TensorIteratorBase&, at::native::CUDAFunctor_add<long> const&)::{lambda(int)#1})",4,operator_shape_matched,"[[27,391],[391],[]]","[""long int"",""long int"",""Scalar""]",null,100,166.152
null,aten::add,"void at::native::elementwise_kernel<128, 4, at::native::gpu_kernel_impl_nocast<at::native::CUDAFunctor_add<c10::BFloat16> >(at::TensorIteratorBase&, at::native::CUDAFunctor_add<c10::BFloat16> const&)::{lambda(int)#1}>(int, at::native::gpu_kernel_impl_nocast<at::native::CUDAFunctor_add<c10::BFloat16> >(at::TensorIteratorBase&, at::native::CUDAFunctor_add<c10::BFloat16> const&)::{lambda(int)#1})",1,operator_shape_matched,"[[1,512,4,272,368],[1,512,4,272,368],[]]","[""c10::BFloat16"",""c10::BFloat16"",""Scalar""]",null,137,90559.923
null,aten::add,"void at::native::elementwise_kernel<128, 4, at::native::gpu_kernel_impl_nocast<at::native::CUDAFunctor_add<c10::BFloat16> >(at::TensorIteratorBase&, at::native::CUDAFunctor_add<c10::BFloat16> const&)::{lambda(int)#1}>(int, at::native::gpu_kernel_impl_nocast<at::native::CUDAFunctor_add<c10::BFloat16> >(at::TensorIteratorBase&, at::native::CUDAFunctor_add<c10::BFloat16> const&)::{lambda(int)#1})",2,operator_shape_matched,"[[1,1024,4,136,184],[1,1024,4,136,184],[]]","[""c10::BFloat16"",""c10::BFloat16"",""Scalar""]",null,137,45648.173
null,aten::add,"void at::native::elementwise_kernel<128, 4, at::native::gpu_kernel_impl_nocast<at::native::CUDAFunctor_add<c10::BFloat16> >(at::TensorIteratorBase&, at::native::CUDAFunctor_add<c10::BFloat16> const&)::{lambda(int)#1}>(int, at::native::gpu_kernel_impl_nocast<at::native::CUDAFunctor_add<c10::BFloat16> >(at::TensorIteratorBase&, at::native::CUDAFunctor_add<c10::BFloat16> const&)::{lambda(int)#1})",3,operator_shape_matched,"[[1,1024,2,68,92],[1,1024,2,68,92],[]]","[""c10::BFloat16"",""c10::BFloat16"",""Scalar""]",null,274,12289.757
null,aten::add,"void at::native::elementwise_kernel<128, 4, at::native::gpu_kernel_impl_nocast<at::native::CUDAFunctor_add<c10::BFloat16> >(at::TensorIteratorBase&, at::native::CUDAFunctor_add<c10::BFloat16> const&)::{lambda(int)#1}>(int, at::native::gpu_kernel_impl_nocast<at::native::CUDAFunctor_add<c10::BFloat16> >(at::TensorIteratorBase&, at::native::CUDAFunctor_add<c10::BFloat16> const&)::{lambda(int)#1})",4,operator_shape_matched,"[[1,160,24,136,184],[1,160,24,136,184],[]]","[""c10::BFloat16"",""c10::BFloat16"",""Scalar""]",null,25,7799.597
null,aten::add,"void at::native::elementwise_kernel<128, 4, at::native::gpu_kernel_impl_nocast<at::native::CUDAFunctor_add<c10::BFloat16> >(at::TensorIteratorBase&, at::native::CUDAFunctor_add<c10::BFloat16> const&)::{lambda(int)#1}>(int, at::native::gpu_kernel_impl_nocast<at::native::CUDAFunctor_add<c10::BFloat16> >(at::TensorIteratorBase&, at::native::CUDAFunctor_add<c10::BFloat16> const&)::{lambda(int)#1})",5,operator_shape_matched,"[[1,640,6,34,46],[1,640,6,34,46],[]]","[""c10::BFloat16"",""c10::BFloat16"",""Scalar""]",null,50,1021.193
null,aten::add,"void at::native::elementwise_kernel<128, 4, at::native::gpu_kernel_impl_nocast<at::native::CUDAFunctor_add<c10::BFloat16> >(at::TensorIteratorBase&, at::native::CUDAFunctor_add<c10::BFloat16> const&)::{lambda(int)#1}>(int, at::native::gpu_kernel_impl_nocast<at::native::CUDAFunctor_add<c10::BFloat16> >(at::TensorIteratorBase&, at::native::CUDAFunctor_add<c10::BFloat16> const&)::{lambda(int)#1})",6,operator_shape_matched,"[[1,1024,1,136,184],[1,1024,1,136,184],[]]","[""c10::BFloat16"",""c10::BFloat16"",""Scalar""]",null,4,335.394
null,aten::add,"void at::native::elementwise_kernel<128, 4, at::native::gpu_kernel_impl_nocast<at::native::CUDAFunctor_add<c10::BFloat16> >(at::TensorIteratorBase&, at::native::CUDAFunctor_add<c10::BFloat16> const&)::{lambda(int)#1}>(int, at::native::gpu_kernel_impl_nocast<at::native::CUDAFunctor_add<c10::BFloat16> >(at::TensorIteratorBase&, at::native::CUDAFunctor_add<c10::BFloat16> const&)::{lambda(int)#1})",7,operator_shape_matched,"[[1,1024,1,68,92],[1,1024,1,68,92],[]]","[""c10::BFloat16"",""c10::BFloat16"",""Scalar""]",null,4,82.464
null,aten::add,"void at::native::elementwise_kernel<128, 4, at::native::gpu_kernel_impl_nocast<at::native::CUDAFunctor_add<c10::BFloat16> >(at::TensorIteratorBase&, at::native::CUDAFunctor_add<c10::BFloat16> const&)::{lambda(int)#1}>(int, at::native::gpu_kernel_impl_nocast<at::native::CUDAFunctor_add<c10::BFloat16> >(at::TensorIteratorBase&, at::native::CUDAFunctor_add<c10::BFloat16> const&)::{lambda(int)#1})",8,operator_shape_matched,"[[1,48,45,34,46],[1,48,1,1,1],[]]","[""c10::BFloat16"",""c10::BFloat16"",""Scalar""]",null,1,12.032
null,aten::add,"void at::native::elementwise_kernel<128, 4, at::native::gpu_kernel_impl_nocast<at::native::CUDAFunctor_add<c10::BFloat16> >(at::TensorIteratorBase&, at::native::CUDAFunctor_add<c10::BFloat16> const&)::{lambda(int)#1}>(int, at::native::gpu_kernel_impl_nocast<at::native::CUDAFunctor_add<c10::BFloat16> >(at::TensorIteratorBase&, at::native::CUDAFunctor_add<c10::BFloat16> const&)::{lambda(int)#1})",9,operator_shape_matched,"[[1,48,39,34,46],[1,48,1,1,1],[]]","[""c10::BFloat16"",""c10::BFloat16"",""Scalar""]",null,1,8.736
null,aten::add,"void at::native::elementwise_kernel<128, 4, at::native::gpu_kernel_impl_nocast<at::native::CUDAFunctor_add<c10::BFloat16> >(at::TensorIteratorBase&, at::native::CUDAFunctor_add<c10::BFloat16> const&)::{lambda(int)#1}>(int, at::native::gpu_kernel_impl_nocast<at::native::CUDAFunctor_add<c10::BFloat16> >(at::TensorIteratorBase&, at::native::CUDAFunctor_add<c10::BFloat16> const&)::{lambda(int)#1})",10,operator_shape_matched,"[[1,48,30,34,46],[1,48,1,1,1],[]]","[""c10::BFloat16"",""c10::BFloat16"",""Scalar""]",null,1,7.264
null,aten::add,"void at::native::elementwise_kernel<128, 4, at::native::gpu_kernel_impl_nocast<at::native::CUDAFunctor_add<c10::BFloat16> >(at::TensorIteratorBase&, at::native::CUDAFunctor_add<c10::BFloat16> const&)::{lambda(int)#1}>(int, at::native::gpu_kernel_impl_nocast<at::native::CUDAFunctor_add<c10::BFloat16> >(at::TensorIteratorBase&, at::native::CUDAFunctor_add<c10::BFloat16> const&)::{lambda(int)#1})",11,operator_shape_matched,"[[1,48,27,34,46],[1,48,1,1,1],[]]","[""c10::BFloat16"",""c10::BFloat16"",""Scalar""]",null,1,6.944
null,aten::add,"void at::native::vectorized_elementwise_kernel<2, at::native::CUDAFunctorOnSelf_add<long>, std::array<char*, 2ul> >(int, at::native::CUDAFunctorOnSelf_add<long>, std::array<char*, 2ul>)",1,operator_shape_matched,"[[39,391],[],[]]","[""long int"",""long int"",""Scalar""]",null,100,162.435
null,aten::add,"void at::native::vectorized_elementwise_kernel<2, at::native::CUDAFunctorOnSelf_add<long>, std::array<char*, 2ul> >(int, at::native::CUDAFunctorOnSelf_add<long>, std::array<char*, 2ul>)",2,operator_shape_matched,"[[45,391],[],[]]","[""long int"",""long int"",""Scalar""]",null,100,159.809
null,aten::add,"void at::native::vectorized_elementwise_kernel<2, at::native::CUDAFunctorOnSelf_add<long>, std::array<char*, 2ul> >(int, at::native::CUDAFunctorOnSelf_add<long>, std::array<char*, 2ul>)",3,operator_shape_matched,"[[27,391],[],[]]","[""long int"",""long int"",""Scalar""]",null,100,157.63
null,aten::add,"void at::native::vectorized_elementwise_kernel<2, at::native::CUDAFunctorOnSelf_add<long>, std::array<char*, 2ul> >(int, at::native::CUDAFunctorOnSelf_add<long>, std::array<char*, 2ul>)",4,operator_shape_matched,"[[30,391],[],[]]","[""long int"",""long int"",""Scalar""]",null,100,141.73
null,aten::add,"void at::native::vectorized_elementwise_kernel<4, at::native::CUDAFunctorOnSelf_add<float>, std::array<char*, 2ul> >(int, at::native::CUDAFunctorOnSelf_add<float>, std::array<char*, 2ul>)",1,operator_shape_matched,"[[1,3,177,544,736],[],[]]","[""float"",""double"",""Scalar""]",null,1,558.598
null,aten::add,"void at::native::vectorized_elementwise_kernel<4, at::native::CUDAFunctorOnSelf_add<float>, std::array<char*, 2ul> >(int, at::native::CUDAFunctorOnSelf_add<float>, std::array<char*, 2ul>)",2,operator_shape_matched,"[[1,3,153,544,736],[],[]]","[""float"",""double"",""Scalar""]",null,1,483.588
null,aten::add,"void at::native::vectorized_elementwise_kernel<4, at::native::CUDAFunctorOnSelf_add<float>, std::array<char*, 2ul> >(int, at::native::CUDAFunctorOnSelf_add<float>, std::array<char*, 2ul>)",3,operator_shape_matched,"[[1,3,117,544,736],[],[]]","[""float"",""double"",""Scalar""]",null,1,371.46
null,aten::add,"void at::native::vectorized_elementwise_kernel<4, at::native::CUDAFunctorOnSelf_add<float>, std::array<char*, 2ul> >(int, at::native::CUDAFunctorOnSelf_add<float>, std::array<char*, 2ul>)",4,operator_shape_matched,"[[1,3,105,544,736],[],[]]","[""float"",""double"",""Scalar""]",null,1,333.283
null,aten::add,"void at::native::vectorized_elementwise_kernel<4, at::native::CUDAFunctorOnSelf_add<float>, std::array<char*, 2ul> >(int, at::native::CUDAFunctorOnSelf_add<float>, std::array<char*, 2ul>)",5,operator_shape_matched,"[[55131,1],[],[]]","[""float"",""double"",""Scalar""]",null,100,183.456
null,aten::add,"void at::native::vectorized_elementwise_kernel<4, at::native::CUDAFunctorOnSelf_add<float>, std::array<char*, 2ul> >(int, at::native::CUDAFunctorOnSelf_add<float>, std::array<char*, 2ul>)",6,operator_shape_matched,"[[918,1],[],[]]","[""float"",""double"",""Scalar""]",null,50,88.069
null,aten::add,"void at::native::vectorized_elementwise_kernel<4, at::native::CUDAFunctorOnSelf_add<float>, std::array<char*, 2ul> >(int, at::native::CUDAFunctorOnSelf_add<float>, std::array<char*, 2ul>)",7,operator_shape_matched,"[[11372,1],[],[]]","[""float"",""double"",""Scalar""]",null,50,86.528
null,aten::add,"void at::native::vectorized_elementwise_kernel<4, at::native::CUDAFunctorOnSelf_add<float>, std::array<char*, 2ul> >(int, at::native::CUDAFunctorOnSelf_add<float>, std::array<char*, 2ul>)",8,operator_shape_matched,"[[1,3378240],[],[]]","[""float"",""long int"",""Scalar""]",null,1,7.232
null,aten::add,"void at::native::vectorized_elementwise_kernel<4, at::native::CUDAFunctorOnSelf_add<float>, std::array<char*, 2ul> >(int, at::native::CUDAFunctorOnSelf_add<float>, std::array<char*, 2ul>)",9,operator_shape_matched,"[[1,2927808],[],[]]","[""float"",""long int"",""Scalar""]",null,1,5.888
null,aten::add,"void at::native::vectorized_elementwise_kernel<4, at::native::CUDAFunctorOnSelf_add<float>, std::array<char*, 2ul> >(int, at::native::CUDAFunctorOnSelf_add<float>, std::array<char*, 2ul>)",10,operator_shape_matched,"[[1,2252160],[],[]]","[""float"",""long int"",""Scalar""]",null,1,4.544
null,aten::add,"void at::native::vectorized_elementwise_kernel<4, at::native::CUDAFunctorOnSelf_add<float>, std::array<char*, 2ul> >(int, at::native::CUDAFunctorOnSelf_add<float>, std::array<char*, 2ul>)",11,operator_shape_matched,"[[1,2026944],[],[]]","[""float"",""long int"",""Scalar""]",null,1,4.096
null,aten::add,"void at::native::vectorized_elementwise_kernel<4, at::native::CUDAFunctor_add<float>, std::array<char*, 3ul> >(int, at::native::CUDAFunctor_add<float>, std::array<char*, 3ul>)",1,operator_shape_matched,"[[1,3378240],[1,3378240],[]]","[""float"",""float"",""Scalar""]",null,48,545.253
null,aten::add,"void at::native::vectorized_elementwise_kernel<4, at::native::CUDAFunctor_add<float>, std::array<char*, 3ul> >(int, at::native::CUDAFunctor_add<float>, std::array<char*, 3ul>)",2,operator_shape_matched,"[[1,2927808],[1,2927808],[]]","[""float"",""float"",""Scalar""]",null,48,466.089
null,aten::add,"void at::native::vectorized_elementwise_kernel<4, at::native::CUDAFunctor_add<float>, std::array<char*, 3ul> >(int, at::native::CUDAFunctor_add<float>, std::array<char*, 3ul>)",3,operator_shape_matched,"[[1,2252160],[1,2252160],[]]","[""float"",""float"",""Scalar""]",null,48,349.927
null,aten::add,"void at::native::vectorized_elementwise_kernel<4, at::native::CUDAFunctor_add<float>, std::array<char*, 3ul> >(int, at::native::CUDAFunctor_add<float>, std::array<char*, 3ul>)",4,operator_shape_matched,"[[1,2026944],[1,2026944],[]]","[""float"",""float"",""Scalar""]",null,48,297.473
null,aten::add,"void at::native::vectorized_elementwise_kernel<4, at::native::CUDAFunctor_add<float>, std::array<char*, 3ul> >(int, at::native::CUDAFunctor_add<float>, std::array<char*, 3ul>)",5,operator_shape_matched,"[[1,48,45,34,46],[1,48,45,34,46],[]]","[""float"",""float"",""Scalar""]",null,1,10.464
null,aten::add,"void at::native::vectorized_elementwise_kernel<4, at::native::CUDAFunctor_add<float>, std::array<char*, 3ul> >(int, at::native::CUDAFunctor_add<float>, std::array<char*, 3ul>)",6,operator_shape_matched,"[[1,48,39,34,46],[1,48,39,34,46],[]]","[""float"",""float"",""Scalar""]",null,1,8.512
null,aten::add,"void at::native::vectorized_elementwise_kernel<4, at::native::CUDAFunctor_add<float>, std::array<char*, 3ul> >(int, at::native::CUDAFunctor_add<float>, std::array<char*, 3ul>)",7,operator_shape_matched,"[[1,48,30,34,46],[1,48,30,34,46],[]]","[""float"",""float"",""Scalar""]",null,1,6.304
null,aten::add,"void at::native::vectorized_elementwise_kernel<4, at::native::CUDAFunctor_add<float>, std::array<char*, 3ul> >(int, at::native::CUDAFunctor_add<float>, std::array<char*, 3ul>)",8,operator_shape_matched,"[[1,48,27,34,46],[1,48,27,34,46],[]]","[""float"",""float"",""Scalar""]",null,1,5.376
null,aten::add,"void at::native::vectorized_elementwise_kernel<8, at::native::CUDAFunctorOnSelf_add<c10::BFloat16>, std::array<char*, 2ul> >(int, at::native::CUDAFunctorOnSelf_add<c10::BFloat16>, std::array<char*, 2ul>)",1,operator_shape_matched,"[[1,256,4,272,368],[],[]]","[""c10::BFloat16"",""double"",""Scalar""]",null,822,109978.16
null,aten::add,"void at::native::vectorized_elementwise_kernel<8, at::native::CUDAFunctorOnSelf_add<c10::BFloat16>, std::array<char*, 2ul> >(int, at::native::CUDAFunctorOnSelf_add<c10::BFloat16>, std::array<char*, 2ul>)",2,operator_shape_matched,"[[1,160,24,272,368],[],[]]","[""c10::BFloat16"",""double"",""Scalar""]",null,100,50249.885
null,aten::add,"void at::native::vectorized_elementwise_kernel<8, at::native::CUDAFunctorOnSelf_add<c10::BFloat16>, std::array<char*, 2ul> >(int, at::native::CUDAFunctorOnSelf_add<c10::BFloat16>, std::array<char*, 2ul>)",3,operator_shape_matched,"[[1,512,4,136,184],[],[]]","[""c10::BFloat16"",""double"",""Scalar""]",null,685,45694.585
null,aten::add,"void at::native::vectorized_elementwise_kernel<8, at::native::CUDAFunctorOnSelf_add<c10::BFloat16>, std::array<char*, 2ul> >(int, at::native::CUDAFunctorOnSelf_add<c10::BFloat16>, std::array<char*, 2ul>)",4,operator_shape_matched,"[[1,512,4,272,368],[],[]]","[""c10::BFloat16"",""double"",""Scalar""]",null,137,36686.644
null,aten::add,"void at::native::vectorized_elementwise_kernel<8, at::native::CUDAFunctorOnSelf_add<c10::BFloat16>, std::array<char*, 2ul> >(int, at::native::CUDAFunctorOnSelf_add<c10::BFloat16>, std::array<char*, 2ul>)",5,operator_shape_matched,"[[1,320,24,136,184],[],[]]","[""c10::BFloat16"",""double"",""Scalar""]",null,75,18821.121
null,aten::add,"void at::native::vectorized_elementwise_kernel<8, at::native::CUDAFunctorOnSelf_add<c10::BFloat16>, std::array<char*, 2ul> >(int, at::native::CUDAFunctorOnSelf_add<c10::BFloat16>, std::array<char*, 2ul>)",6,operator_shape_matched,"[[1,1024,4,136,184],[],[]]","[""c10::BFloat16"",""double"",""Scalar""]",null,137,18321.115
null,aten::add,"void at::native::vectorized_elementwise_kernel<8, at::native::CUDAFunctorOnSelf_add<c10::BFloat16>, std::array<char*, 2ul> >(int, at::native::CUDAFunctorOnSelf_add<c10::BFloat16>, std::array<char*, 2ul>)",7,operator_shape_matched,"[[1,1024,2,68,92],[],[]]","[""c10::BFloat16"",""double"",""Scalar""]",null,822,12258.355
null,aten::add,"void at::native::vectorized_elementwise_kernel<8, at::native::CUDAFunctorOnSelf_add<c10::BFloat16>, std::array<char*, 2ul> >(int, at::native::CUDAFunctorOnSelf_add<c10::BFloat16>, std::array<char*, 2ul>)",8,operator_shape_matched,"[[1,640,12,68,92],[],[]]","[""c10::BFloat16"",""double"",""Scalar""]",null,75,4691.414
null,aten::add,"void at::native::vectorized_elementwise_kernel<8, at::native::CUDAFunctorOnSelf_add<c10::BFloat16>, std::array<char*, 2ul> >(int, at::native::CUDAFunctorOnSelf_add<c10::BFloat16>, std::array<char*, 2ul>)",9,operator_shape_matched,"[[1,1024,1,34,46],[],[]]","[""c10::BFloat16"",""double"",""Scalar""]",null,1410,3301.235
null,aten::add,"void at::native::vectorized_elementwise_kernel<8, at::native::CUDAFunctorOnSelf_add<c10::BFloat16>, std::array<char*, 2ul> >(int, at::native::CUDAFunctorOnSelf_add<c10::BFloat16>, std::array<char*, 2ul>)",10,operator_shape_matched,"[[1,160,24,136,184],[],[]]","[""c10::BFloat16"",""double"",""Scalar""]",null,25,3137.343
null,aten::add,"void at::native::vectorized_elementwise_kernel<8, at::native::CUDAFunctorOnSelf_add<c10::BFloat16>, std::array<char*, 2ul> >(int, at::native::CUDAFunctorOnSelf_add<c10::BFloat16>, std::array<char*, 2ul>)",11,operator_shape_matched,"[[1,640,6,34,46],[],[]]","[""c10::BFloat16"",""double"",""Scalar""]",null,225,1311.764
null,aten::add,"void at::native::vectorized_elementwise_kernel<8, at::native::CUDAFunctorOnSelf_add<c10::BFloat16>, std::array<char*, 2ul> >(int, at::native::CUDAFunctorOnSelf_add<c10::BFloat16>, std::array<char*, 2ul>)",12,operator_shape_matched,"[[1,256,1,272,368],[],[]]","[""c10::BFloat16"",""double"",""Scalar""]",null,24,800.26
null,aten::add,"void at::native::vectorized_elementwise_kernel<8, at::native::CUDAFunctorOnSelf_add<c10::BFloat16>, std::array<char*, 2ul> >(int, at::native::CUDAFunctorOnSelf_add<c10::BFloat16>, std::array<char*, 2ul>)",13,operator_shape_matched,"[[1,320,12,68,92],[],[]]","[""c10::BFloat16"",""double"",""Scalar""]",null,25,782.124
null,aten::add,"void at::native::vectorized_elementwise_kernel<8, at::native::CUDAFunctorOnSelf_add<c10::BFloat16>, std::array<char*, 2ul> >(int, at::native::CUDAFunctorOnSelf_add<c10::BFloat16>, std::array<char*, 2ul>)",14,operator_shape_matched,"[[1,1024,34,46],[],[]]","[""c10::BFloat16"",""double"",""Scalar""]",null,141,329.095
null,aten::add,"void at::native::vectorized_elementwise_kernel<8, at::native::CUDAFunctorOnSelf_add<c10::BFloat16>, std::array<char*, 2ul> >(int, at::native::CUDAFunctorOnSelf_add<c10::BFloat16>, std::array<char*, 2ul>)",15,operator_shape_matched,"[[1,160,1,272,368],[],[]]","[""c10::BFloat16"",""double"",""Scalar""]",null,16,323.744
null,aten::add,"void at::native::vectorized_elementwise_kernel<8, at::native::CUDAFunctorOnSelf_add<c10::BFloat16>, std::array<char*, 2ul> >(int, at::native::CUDAFunctorOnSelf_add<c10::BFloat16>, std::array<char*, 2ul>)",16,operator_shape_matched,"[[1,512,1,136,184],[],[]]","[""c10::BFloat16"",""double"",""Scalar""]",null,20,300.26
null,aten::add,"void at::native::vectorized_elementwise_kernel<8, at::native::CUDAFunctorOnSelf_add<c10::BFloat16>, std::array<char*, 2ul> >(int, at::native::CUDAFunctorOnSelf_add<c10::BFloat16>, std::array<char*, 2ul>)",17,operator_shape_matched,"[[1,512,1,272,368],[],[]]","[""c10::BFloat16"",""double"",""Scalar""]",null,4,266.69
null,aten::add,"void at::native::vectorized_elementwise_kernel<8, at::native::CUDAFunctorOnSelf_add<c10::BFloat16>, std::array<char*, 2ul> >(int, at::native::CUDAFunctorOnSelf_add<c10::BFloat16>, std::array<char*, 2ul>)",18,operator_shape_matched,"[[1,1024,1,68,92],[],[]]","[""c10::BFloat16"",""double"",""Scalar""]",null,24,150.08
null,aten::add,"void at::native::vectorized_elementwise_kernel<8, at::native::CUDAFunctorOnSelf_add<c10::BFloat16>, std::array<char*, 2ul> >(int, at::native::CUDAFunctorOnSelf_add<c10::BFloat16>, std::array<char*, 2ul>)",19,operator_shape_matched,"[[6,640,34,46],[],[]]","[""c10::BFloat16"",""double"",""Scalar""]",null,25,145.248
null,aten::add,"void at::native::vectorized_elementwise_kernel<8, at::native::CUDAFunctorOnSelf_add<c10::BFloat16>, std::array<char*, 2ul> >(int, at::native::CUDAFunctorOnSelf_add<c10::BFloat16>, std::array<char*, 2ul>)",20,operator_shape_matched,"[[1,1024,1,136,184],[],[]]","[""c10::BFloat16"",""double"",""Scalar""]",null,4,135.137
null,aten::add,"void at::native::vectorized_elementwise_kernel<8, at::native::CUDAFunctorOnSelf_add<c10::BFloat16>, std::array<char*, 2ul> >(int, at::native::CUDAFunctorOnSelf_add<c10::BFloat16>, std::array<char*, 2ul>)",21,operator_shape_matched,"[[1,320,1,136,184],[],[]]","[""c10::BFloat16"",""double"",""Scalar""]",null,12,92.417
null,aten::add,"void at::native::vectorized_elementwise_kernel<8, at::native::CUDAFunctorOnSelf_add<c10::BFloat16>, std::array<char*, 2ul> >(int, at::native::CUDAFunctorOnSelf_add<c10::BFloat16>, std::array<char*, 2ul>)",22,operator_shape_matched,"[[1,640,1,34,46],[],[]]","[""c10::BFloat16"",""double"",""Scalar""]",null,36,68.608
null,aten::add,"void at::native::vectorized_elementwise_kernel<8, at::native::CUDAFunctorOnSelf_add<c10::BFloat16>, std::array<char*, 2ul> >(int, at::native::CUDAFunctorOnSelf_add<c10::BFloat16>, std::array<char*, 2ul>)",23,operator_shape_matched,"[[1,640,1,68,92],[],[]]","[""c10::BFloat16"",""double"",""Scalar""]",null,12,51.904
null,aten::add,"void at::native::vectorized_elementwise_kernel<8, at::native::CUDAFunctorOnSelf_add<c10::BFloat16>, std::array<char*, 2ul> >(int, at::native::CUDAFunctorOnSelf_add<c10::BFloat16>, std::array<char*, 2ul>)",24,operator_shape_matched,"[[1,160,1,136,184],[],[]]","[""c10::BFloat16"",""double"",""Scalar""]",null,4,17.216
null,aten::add,"void at::native::vectorized_elementwise_kernel<8, at::native::CUDAFunctorOnSelf_add<c10::BFloat16>, std::array<char*, 2ul> >(int, at::native::CUDAFunctorOnSelf_add<c10::BFloat16>, std::array<char*, 2ul>)",25,operator_shape_matched,"[[1,320,1,68,92],[],[]]","[""c10::BFloat16"",""double"",""Scalar""]",null,4,10.88
null,aten::add,"void at::native::vectorized_elementwise_kernel<8, at::native::CUDAFunctorOnSelf_add<c10::BFloat16>, std::array<char*, 2ul> >(int, at::native::CUDAFunctorOnSelf_add<c10::BFloat16>, std::array<char*, 2ul>)",26,operator_shape_matched,"[[1,640,34,46],[],[]]","[""c10::BFloat16"",""double"",""Scalar""]",null,4,7.68
null,aten::add,"void at::native::vectorized_elementwise_kernel<8, at::native::CUDAFunctor_add<c10::BFloat16>, std::array<char*, 3ul> >(int, at::native::CUDAFunctor_add<c10::BFloat16>, std::array<char*, 3ul>)",1,operator_shape_matched,"[[1,256,4,272,368],[1,256,4,272,368],[]]","[""c10::BFloat16"",""c10::BFloat16"",""Scalar""]",null,411,82279.047
null,aten::add,"void at::native::vectorized_elementwise_kernel<8, at::native::CUDAFunctor_add<c10::BFloat16>, std::array<char*, 3ul> >(int, at::native::CUDAFunctor_add<c10::BFloat16>, std::array<char*, 3ul>)",2,operator_shape_matched,"[[1,512,4,136,184],[1,512,4,136,184],[]]","[""c10::BFloat16"",""c10::BFloat16"",""Scalar""]",null,411,41794.892
null,aten::add,"void at::native::vectorized_elementwise_kernel<8, at::native::CUDAFunctor_add<c10::BFloat16>, std::array<char*, 3ul> >(int, at::native::CUDAFunctor_add<c10::BFloat16>, std::array<char*, 3ul>)",3,operator_shape_matched,"[[1,160,24,272,368],[1,160,24,272,368],[]]","[""c10::BFloat16"",""c10::BFloat16"",""Scalar""]",null,50,37121.242
null,aten::add,"void at::native::vectorized_elementwise_kernel<8, at::native::CUDAFunctor_add<c10::BFloat16>, std::array<char*, 3ul> >(int, at::native::CUDAFunctor_add<c10::BFloat16>, std::array<char*, 3ul>)",4,operator_shape_matched,"[[1,320,24,136,184],[1,320,24,136,184],[]]","[""c10::BFloat16"",""c10::BFloat16"",""Scalar""]",null,50,18633.243
null,aten::add,"void at::native::vectorized_elementwise_kernel<8, at::native::CUDAFunctor_add<c10::BFloat16>, std::array<char*, 3ul> >(int, at::native::CUDAFunctor_add<c10::BFloat16>, std::array<char*, 3ul>)",5,operator_shape_matched,"[[1,1024,2,68,92],[1,1024,2,68,92],[]]","[""c10::BFloat16"",""c10::BFloat16"",""Scalar""]",null,274,6566.027
null,aten::add,"void at::native::vectorized_elementwise_kernel<8, at::native::CUDAFunctor_add<c10::BFloat16>, std::array<char*, 3ul> >(int, at::native::CUDAFunctor_add<c10::BFloat16>, std::array<char*, 3ul>)",6,operator_shape_matched,"[[1,640,12,68,92],[1,640,12,68,92],[]]","[""c10::BFloat16"",""c10::BFloat16"",""Scalar""]",null,50,4778.792
null,aten::add,"void at::native::vectorized_elementwise_kernel<8, at::native::CUDAFunctor_add<c10::BFloat16>, std::array<char*, 3ul> >(int, at::native::CUDAFunctor_add<c10::BFloat16>, std::array<char*, 3ul>)",7,operator_shape_matched,"[[1,1024,1,34,46],[1,1024,1,34,46],[]]","[""c10::BFloat16"",""c10::BFloat16"",""Scalar""]",null,846,2929.379
null,aten::add,"void at::native::vectorized_elementwise_kernel<8, at::native::CUDAFunctor_add<c10::BFloat16>, std::array<char*, 3ul> >(int, at::native::CUDAFunctor_add<c10::BFloat16>, std::array<char*, 3ul>)",8,operator_shape_matched,"[[1,320,12,68,92],[1,320,12,68,92],[]]","[""c10::BFloat16"",""c10::BFloat16"",""Scalar""]",null,25,1233.166
null,aten::add,"void at::native::vectorized_elementwise_kernel<8, at::native::CUDAFunctor_add<c10::BFloat16>, std::array<char*, 3ul> >(int, at::native::CUDAFunctor_add<c10::BFloat16>, std::array<char*, 3ul>)",9,operator_shape_matched,"[[1,640,6,34,46],[1,640,6,34,46],[]]","[""c10::BFloat16"",""c10::BFloat16"",""Scalar""]",null,125,1155.493
null,aten::add,"void at::native::vectorized_elementwise_kernel<8, at::native::CUDAFunctor_add<c10::BFloat16>, std::array<char*, 3ul> >(int, at::native::CUDAFunctor_add<c10::BFloat16>, std::array<char*, 3ul>)",10,operator_shape_matched,"[[1,256,1,272,368],[1,256,1,272,368],[]]","[""c10::BFloat16"",""c10::BFloat16"",""Scalar""]",null,12,629.927
null,aten::add,"void at::native::vectorized_elementwise_kernel<8, at::native::CUDAFunctor_add<c10::BFloat16>, std::array<char*, 3ul> >(int, at::native::CUDAFunctor_add<c10::BFloat16>, std::array<char*, 3ul>)",11,operator_shape_matched,"[[1,512,1,272,368],[1,512,1,272,368],[]]","[""c10::BFloat16"",""c10::BFloat16"",""Scalar""]",null,4,406.501
null,aten::add,"void at::native::vectorized_elementwise_kernel<8, at::native::CUDAFunctor_add<c10::BFloat16>, std::array<char*, 3ul> >(int, at::native::CUDAFunctor_add<c10::BFloat16>, std::array<char*, 3ul>)",12,operator_shape_matched,"[[1,512,1,136,184],[1,512,1,136,184],[]]","[""c10::BFloat16"",""c10::BFloat16"",""Scalar""]",null,12,287.554
null,aten::add,"void at::native::vectorized_elementwise_kernel<8, at::native::CUDAFunctor_add<c10::BFloat16>, std::array<char*, 3ul> >(int, at::native::CUDAFunctor_add<c10::BFloat16>, std::array<char*, 3ul>)",13,operator_shape_matched,"[[1,160,1,272,368],[1,160,1,272,368],[]]","[""c10::BFloat16"",""c10::BFloat16"",""Scalar""]",null,8,262.018
null,aten::add,"void at::native::vectorized_elementwise_kernel<8, at::native::CUDAFunctor_add<c10::BFloat16>, std::array<char*, 3ul> >(int, at::native::CUDAFunctor_add<c10::BFloat16>, std::array<char*, 3ul>)",14,operator_shape_matched,"[[3378240],[3378240],[]]","[""c10::BFloat16"",""c10::BFloat16"",""Scalar""]",null,50,244.515
null,aten::add,"void at::native::vectorized_elementwise_kernel<8, at::native::CUDAFunctor_add<c10::BFloat16>, std::array<char*, 3ul> >(int, at::native::CUDAFunctor_add<c10::BFloat16>, std::array<char*, 3ul>)",15,operator_shape_matched,"[[2927808],[2927808],[]]","[""c10::BFloat16"",""c10::BFloat16"",""Scalar""]",null,50,218.722
null,aten::add,"void at::native::vectorized_elementwise_kernel<8, at::native::CUDAFunctor_add<c10::BFloat16>, std::array<char*, 3ul> >(int, at::native::CUDAFunctor_add<c10::BFloat16>, std::array<char*, 3ul>)",16,operator_shape_matched,"[[2252160],[2252160],[]]","[""c10::BFloat16"",""c10::BFloat16"",""Scalar""]",null,50,185.153
null,aten::add,"void at::native::vectorized_elementwise_kernel<8, at::native::CUDAFunctor_add<c10::BFloat16>, std::array<char*, 3ul> >(int, at::native::CUDAFunctor_add<c10::BFloat16>, std::array<char*, 3ul>)",17,operator_shape_matched,"[[2026944],[2026944],[]]","[""c10::BFloat16"",""c10::BFloat16"",""Scalar""]",null,50,162.909
null,aten::add,"void at::native::vectorized_elementwise_kernel<8, at::native::CUDAFunctor_add<c10::BFloat16>, std::array<char*, 3ul> >(int, at::native::CUDAFunctor_add<c10::BFloat16>, std::array<char*, 3ul>)",18,operator_shape_matched,"[[1,1024,1,68,92],[1,1024,1,68,92],[]]","[""c10::BFloat16"",""c10::BFloat16"",""Scalar""]",null,12,116.547
null,aten::add,"void at::native::vectorized_elementwise_kernel<8, at::native::CUDAFunctor_add<c10::BFloat16>, std::array<char*, 3ul> >(int, at::native::CUDAFunctor_add<c10::BFloat16>, std::array<char*, 3ul>)",19,operator_shape_matched,"[[1,320,1,136,184],[1,320,1,136,184],[]]","[""c10::BFloat16"",""c10::BFloat16"",""Scalar""]",null,8,104.706
null,aten::add,"void at::native::vectorized_elementwise_kernel<8, at::native::CUDAFunctor_add<c10::BFloat16>, std::array<char*, 3ul> >(int, at::native::CUDAFunctor_add<c10::BFloat16>, std::array<char*, 3ul>)",20,operator_shape_matched,"[[1,640,1,34,46],[1,640,1,34,46],[]]","[""c10::BFloat16"",""c10::BFloat16"",""Scalar""]",null,28,78.69
null,aten::add,"void at::native::vectorized_elementwise_kernel<8, at::native::CUDAFunctor_add<c10::BFloat16>, std::array<char*, 3ul> >(int, at::native::CUDAFunctor_add<c10::BFloat16>, std::array<char*, 3ul>)",21,operator_shape_matched,"[[1,640,1,68,92],[1,640,1,68,92],[]]","[""c10::BFloat16"",""c10::BFloat16"",""Scalar""]",null,8,51.009
null,aten::add,"void at::native::vectorized_elementwise_kernel<8, at::native::CUDAFunctor_add<c10::BFloat16>, std::array<char*, 3ul> >(int, at::native::CUDAFunctor_add<c10::BFloat16>, std::array<char*, 3ul>)",22,operator_shape_matched,"[[1,160,1,136,184],[1,160,1,136,184],[]]","[""c10::BFloat16"",""c10::BFloat16"",""Scalar""]",null,4,25.024
null,aten::add,"void at::native::vectorized_elementwise_kernel<8, at::native::CUDAFunctor_add<c10::BFloat16>, std::array<char*, 3ul> >(int, at::native::CUDAFunctor_add<c10::BFloat16>, std::array<char*, 3ul>)",23,operator_shape_matched,"[[1,320,1,68,92],[1,320,1,68,92],[]]","[""c10::BFloat16"",""c10::BFloat16"",""Scalar""]",null,4,18.591
null,aten::add_,"void at::native::elementwise_kernel<128, 4, at::native::gpu_kernel_impl_nocast<at::native::CUDAFunctor_add<c10::BFloat16> >(at::TensorIteratorBase&, at::native::CUDAFunctor_add<c10::BFloat16> const&)::{lambda(int)#1}>(int, at::native::gpu_kernel_impl_nocast<at::native::CUDAFunctor_add<c10::BFloat16> >(at::TensorIteratorBase&, at::native::CUDAFunctor_add<c10::BFloat16> const&)::{lambda(int)#1})",1,operator_shape_matched,"[[1,256,4,272,368],[1,256,1,1,1],[]]","[""c10::BFloat16"",""c10::BFloat16"",""Scalar""]",null,959,304606.898
null,aten::add_,"void at::native::elementwise_kernel<128, 4, at::native::gpu_kernel_impl_nocast<at::native::CUDAFunctor_add<c10::BFloat16> >(at::TensorIteratorBase&, at::native::CUDAFunctor_add<c10::BFloat16> const&)::{lambda(int)#1}>(int, at::native::gpu_kernel_impl_nocast<at::native::CUDAFunctor_add<c10::BFloat16> >(at::TensorIteratorBase&, at::native::CUDAFunctor_add<c10::BFloat16> const&)::{lambda(int)#1})",2,operator_shape_matched,"[[1,512,4,136,184],[1,512,1,1,1],[]]","[""c10::BFloat16"",""c10::BFloat16"",""Scalar""]",null,959,152609.089
null,aten::add_,"void at::native::elementwise_kernel<128, 4, at::native::gpu_kernel_impl_nocast<at::native::CUDAFunctor_add<c10::BFloat16> >(at::TensorIteratorBase&, at::native::CUDAFunctor_add<c10::BFloat16> const&)::{lambda(int)#1}>(int, at::native::gpu_kernel_impl_nocast<at::native::CUDAFunctor_add<c10::BFloat16> >(at::TensorIteratorBase&, at::native::CUDAFunctor_add<c10::BFloat16> const&)::{lambda(int)#1})",3,operator_shape_matched,"[[1,160,24,272,368],[1,160,1,1,1],[]]","[""c10::BFloat16"",""c10::BFloat16"",""Scalar""]",null,125,146400.96
null,aten::add_,"void at::native::elementwise_kernel<128, 4, at::native::gpu_kernel_impl_nocast<at::native::CUDAFunctor_add<c10::BFloat16> >(at::TensorIteratorBase&, at::native::CUDAFunctor_add<c10::BFloat16> const&)::{lambda(int)#1}>(int, at::native::gpu_kernel_impl_nocast<at::native::CUDAFunctor_add<c10::BFloat16> >(at::TensorIteratorBase&, at::native::CUDAFunctor_add<c10::BFloat16> const&)::{lambda(int)#1})",4,operator_shape_matched,"[[4,512,272,368],[1,512,1,1],[]]","[""c10::BFloat16"",""c10::BFloat16"",""Scalar""]",null,137,95744.796
null,aten::add_,"void at::native::elementwise_kernel<128, 4, at::native::gpu_kernel_impl_nocast<at::native::CUDAFunctor_add<c10::BFloat16> >(at::TensorIteratorBase&, at::native::CUDAFunctor_add<c10::BFloat16> const&)::{lambda(int)#1}>(int, at::native::gpu_kernel_impl_nocast<at::native::CUDAFunctor_add<c10::BFloat16> >(at::TensorIteratorBase&, at::native::CUDAFunctor_add<c10::BFloat16> const&)::{lambda(int)#1})",5,operator_shape_matched,"[[1,320,24,136,184],[1,320,1,1,1],[]]","[""c10::BFloat16"",""c10::BFloat16"",""Scalar""]",null,125,73328.066
null,aten::add_,"void at::native::elementwise_kernel<128, 4, at::native::gpu_kernel_impl_nocast<at::native::CUDAFunctor_add<c10::BFloat16> >(at::TensorIteratorBase&, at::native::CUDAFunctor_add<c10::BFloat16> const&)::{lambda(int)#1}>(int, at::native::gpu_kernel_impl_nocast<at::native::CUDAFunctor_add<c10::BFloat16> >(at::TensorIteratorBase&, at::native::CUDAFunctor_add<c10::BFloat16> const&)::{lambda(int)#1})",6,operator_shape_matched,"[[4,1024,136,184],[1,1024,1,1],[]]","[""c10::BFloat16"",""c10::BFloat16"",""Scalar""]",null,137,47603.233
null,aten::add_,"void at::native::elementwise_kernel<128, 4, at::native::gpu_kernel_impl_nocast<at::native::CUDAFunctor_add<c10::BFloat16> >(at::TensorIteratorBase&, at::native::CUDAFunctor_add<c10::BFloat16> const&)::{lambda(int)#1}>(int, at::native::gpu_kernel_impl_nocast<at::native::CUDAFunctor_add<c10::BFloat16> >(at::TensorIteratorBase&, at::native::CUDAFunctor_add<c10::BFloat16> const&)::{lambda(int)#1})",7,operator_shape_matched,"[[1,1024,2,68,92],[1,1024,1,1,1],[]]","[""c10::BFloat16"",""c10::BFloat16"",""Scalar""]",null,822,30311.443
null,aten::add_,"void at::native::elementwise_kernel<128, 4, at::native::gpu_kernel_impl_nocast<at::native::CUDAFunctor_add<c10::BFloat16> >(at::TensorIteratorBase&, at::native::CUDAFunctor_add<c10::BFloat16> const&)::{lambda(int)#1}>(int, at::native::gpu_kernel_impl_nocast<at::native::CUDAFunctor_add<c10::BFloat16> >(at::TensorIteratorBase&, at::native::CUDAFunctor_add<c10::BFloat16> const&)::{lambda(int)#1})",8,operator_shape_matched,"[[1,640,12,68,92],[1,640,1,1,1],[]]","[""c10::BFloat16"",""c10::BFloat16"",""Scalar""]",null,125,18556.533
null,aten::add_,"void at::native::elementwise_kernel<128, 4, at::native::gpu_kernel_impl_nocast<at::native::CUDAFunctor_add<c10::BFloat16> >(at::TensorIteratorBase&, at::native::CUDAFunctor_add<c10::BFloat16> const&)::{lambda(int)#1}>(int, at::native::gpu_kernel_impl_nocast<at::native::CUDAFunctor_add<c10::BFloat16> >(at::TensorIteratorBase&, at::native::CUDAFunctor_add<c10::BFloat16> const&)::{lambda(int)#1})",9,operator_shape_matched,"[[1,2048,2,68,92],[1,2048,1,1,1],[]]","[""c10::BFloat16"",""c10::BFloat16"",""Scalar""]",null,137,11026.805
null,aten::add_,"void at::native::elementwise_kernel<128, 4, at::native::gpu_kernel_impl_nocast<at::native::CUDAFunctor_add<c10::BFloat16> >(at::TensorIteratorBase&, at::native::CUDAFunctor_add<c10::BFloat16> const&)::{lambda(int)#1}>(int, at::native::gpu_kernel_impl_nocast<at::native::CUDAFunctor_add<c10::BFloat16> >(at::TensorIteratorBase&, at::native::CUDAFunctor_add<c10::BFloat16> const&)::{lambda(int)#1})",10,operator_shape_matched,"[[1,1024,1,34,46],[1,1024,1,1,1],[]]","[""c10::BFloat16"",""c10::BFloat16"",""Scalar""]",null,1551,9159.317
null,aten::add_,"void at::native::elementwise_kernel<128, 4, at::native::gpu_kernel_impl_nocast<at::native::CUDAFunctor_add<c10::BFloat16> >(at::TensorIteratorBase&, at::native::CUDAFunctor_add<c10::BFloat16> const&)::{lambda(int)#1}>(int, at::native::gpu_kernel_impl_nocast<at::native::CUDAFunctor_add<c10::BFloat16> >(at::TensorIteratorBase&, at::native::CUDAFunctor_add<c10::BFloat16> const&)::{lambda(int)#1})",11,operator_shape_matched,"[[24,160,136,184],[1,160,1,1],[]]","[""c10::BFloat16"",""c10::BFloat16"",""Scalar""]",null,25,8087.635
null,aten::add_,"void at::native::elementwise_kernel<128, 4, at::native::gpu_kernel_impl_nocast<at::native::CUDAFunctor_add<c10::BFloat16> >(at::TensorIteratorBase&, at::native::CUDAFunctor_add<c10::BFloat16> const&)::{lambda(int)#1}>(int, at::native::gpu_kernel_impl_nocast<at::native::CUDAFunctor_add<c10::BFloat16> >(at::TensorIteratorBase&, at::native::CUDAFunctor_add<c10::BFloat16> const&)::{lambda(int)#1})",12,operator_shape_matched,"[[2,1024,68,92],[1,1024,1,1],[]]","[""c10::BFloat16"",""c10::BFloat16"",""Scalar""]",null,137,5687.365
null,aten::add_,"void at::native::elementwise_kernel<128, 4, at::native::gpu_kernel_impl_nocast<at::native::CUDAFunctor_add<c10::BFloat16> >(at::TensorIteratorBase&, at::native::CUDAFunctor_add<c10::BFloat16> const&)::{lambda(int)#1}>(int, at::native::gpu_kernel_impl_nocast<at::native::CUDAFunctor_add<c10::BFloat16> >(at::TensorIteratorBase&, at::native::CUDAFunctor_add<c10::BFloat16> const&)::{lambda(int)#1})",13,operator_shape_matched,"[[24,320,68,92],[1,320,1,1],[]]","[""c10::BFloat16"",""c10::BFloat16"",""Scalar""]",null,25,4074.952
null,aten::add_,"void at::native::elementwise_kernel<128, 4, at::native::gpu_kernel_impl_nocast<at::native::CUDAFunctor_add<c10::BFloat16> >(at::TensorIteratorBase&, at::native::CUDAFunctor_add<c10::BFloat16> const&)::{lambda(int)#1}>(int, at::native::gpu_kernel_impl_nocast<at::native::CUDAFunctor_add<c10::BFloat16> >(at::TensorIteratorBase&, at::native::CUDAFunctor_add<c10::BFloat16> const&)::{lambda(int)#1})",14,operator_shape_matched,"[[1,640,6,34,46],[1,640,1,1,1],[]]","[""c10::BFloat16"",""c10::BFloat16"",""Scalar""]",null,225,3543.226
null,aten::add_,"void at::native::elementwise_kernel<128, 4, at::native::gpu_kernel_impl_nocast<at::native::CUDAFunctor_add<c10::BFloat16> >(at::TensorIteratorBase&, at::native::CUDAFunctor_add<c10::BFloat16> const&)::{lambda(int)#1}>(int, at::native::gpu_kernel_impl_nocast<at::native::CUDAFunctor_add<c10::BFloat16> >(at::TensorIteratorBase&, at::native::CUDAFunctor_add<c10::BFloat16> const&)::{lambda(int)#1})",15,operator_shape_matched,"[[1,256,1,272,368],[1,256,1,1,1],[]]","[""c10::BFloat16"",""c10::BFloat16"",""Scalar""]",null,28,2305.145
null,aten::add_,"void at::native::elementwise_kernel<128, 4, at::native::gpu_kernel_impl_nocast<at::native::CUDAFunctor_add<c10::BFloat16> >(at::TensorIteratorBase&, at::native::CUDAFunctor_add<c10::BFloat16> const&)::{lambda(int)#1}>(int, at::native::gpu_kernel_impl_nocast<at::native::CUDAFunctor_add<c10::BFloat16> >(at::TensorIteratorBase&, at::native::CUDAFunctor_add<c10::BFloat16> const&)::{lambda(int)#1})",16,operator_shape_matched,"[[1,320,12,68,92],[1,320,1,1,1],[]]","[""c10::BFloat16"",""c10::BFloat16"",""Scalar""]",null,25,1875.502
null,aten::add_,"void at::native::elementwise_kernel<128, 4, at::native::gpu_kernel_impl_nocast<at::native::CUDAFunctor_add<c10::BFloat16> >(at::TensorIteratorBase&, at::native::CUDAFunctor_add<c10::BFloat16> const&)::{lambda(int)#1}>(int, at::native::gpu_kernel_impl_nocast<at::native::CUDAFunctor_add<c10::BFloat16> >(at::TensorIteratorBase&, at::native::CUDAFunctor_add<c10::BFloat16> const&)::{lambda(int)#1})",17,operator_shape_matched,"[[1,3072,34,46],[1,3072,1,1],[]]","[""c10::BFloat16"",""c10::BFloat16"",""Scalar""]",null,141,1844.882
null,aten::add_,"void at::native::elementwise_kernel<128, 4, at::native::gpu_kernel_impl_nocast<at::native::CUDAFunctor_add<c10::BFloat16> >(at::TensorIteratorBase&, at::native::CUDAFunctor_add<c10::BFloat16> const&)::{lambda(int)#1}>(int, at::native::gpu_kernel_impl_nocast<at::native::CUDAFunctor_add<c10::BFloat16> >(at::TensorIteratorBase&, at::native::CUDAFunctor_add<c10::BFloat16> const&)::{lambda(int)#1})",18,operator_shape_matched,"[[1,12,4,272,368],[1,12,1,1,1],[]]","[""c10::BFloat16"",""c10::BFloat16"",""Scalar""]",null,137,1801.903
null,aten::add_,"void at::native::elementwise_kernel<128, 4, at::native::gpu_kernel_impl_nocast<at::native::CUDAFunctor_add<c10::BFloat16> >(at::TensorIteratorBase&, at::native::CUDAFunctor_add<c10::BFloat16> const&)::{lambda(int)#1}>(int, at::native::gpu_kernel_impl_nocast<at::native::CUDAFunctor_add<c10::BFloat16> >(at::TensorIteratorBase&, at::native::CUDAFunctor_add<c10::BFloat16> const&)::{lambda(int)#1})",19,operator_shape_matched,"[[6,1920,34,46],[1,1920,1,1],[]]","[""c10::BFloat16"",""c10::BFloat16"",""Scalar""]",null,25,1549.745
null,aten::add_,"void at::native::elementwise_kernel<128, 4, at::native::gpu_kernel_impl_nocast<at::native::CUDAFunctor_add<c10::BFloat16> >(at::TensorIteratorBase&, at::native::CUDAFunctor_add<c10::BFloat16> const&)::{lambda(int)#1}>(int, at::native::gpu_kernel_impl_nocast<at::native::CUDAFunctor_add<c10::BFloat16> >(at::TensorIteratorBase&, at::native::CUDAFunctor_add<c10::BFloat16> const&)::{lambda(int)#1})",20,operator_shape_matched,"[[1,2048,1,34,46],[1,2048,1,1,1],[]]","[""c10::BFloat16"",""c10::BFloat16"",""Scalar""]",null,137,1350.252
null,aten::add_,"void at::native::elementwise_kernel<128, 4, at::native::gpu_kernel_impl_nocast<at::native::CUDAFunctor_add<c10::BFloat16> >(at::TensorIteratorBase&, at::native::CUDAFunctor_add<c10::BFloat16> const&)::{lambda(int)#1}>(int, at::native::gpu_kernel_impl_nocast<at::native::CUDAFunctor_add<c10::BFloat16> >(at::TensorIteratorBase&, at::native::CUDAFunctor_add<c10::BFloat16> const&)::{lambda(int)#1})",21,operator_shape_matched,"[[1,512,1,136,184],[1,512,1,1,1],[]]","[""c10::BFloat16"",""c10::BFloat16"",""Scalar""]",null,28,1070.637
null,aten::add_,"void at::native::elementwise_kernel<128, 4, at::native::gpu_kernel_impl_nocast<at::native::CUDAFunctor_add<c10::BFloat16> >(at::TensorIteratorBase&, at::native::CUDAFunctor_add<c10::BFloat16> const&)::{lambda(int)#1}>(int, at::native::gpu_kernel_impl_nocast<at::native::CUDAFunctor_add<c10::BFloat16> >(at::TensorIteratorBase&, at::native::CUDAFunctor_add<c10::BFloat16> const&)::{lambda(int)#1})",22,operator_shape_matched,"[[1,160,1,272,368],[1,160,1,1,1],[]]","[""c10::BFloat16"",""c10::BFloat16"",""Scalar""]",null,20,990.312
null,aten::add_,"void at::native::elementwise_kernel<128, 4, at::native::gpu_kernel_impl_nocast<at::native::CUDAFunctor_add<c10::BFloat16> >(at::TensorIteratorBase&, at::native::CUDAFunctor_add<c10::BFloat16> const&)::{lambda(int)#1}>(int, at::native::gpu_kernel_impl_nocast<at::native::CUDAFunctor_add<c10::BFloat16> >(at::TensorIteratorBase&, at::native::CUDAFunctor_add<c10::BFloat16> const&)::{lambda(int)#1})",23,operator_shape_matched,"[[12,640,34,46],[1,640,1,1],[]]","[""c10::BFloat16"",""c10::BFloat16"",""Scalar""]",null,25,935.623
null,aten::add_,"void at::native::elementwise_kernel<128, 4, at::native::gpu_kernel_impl_nocast<at::native::CUDAFunctor_add<c10::BFloat16> >(at::TensorIteratorBase&, at::native::CUDAFunctor_add<c10::BFloat16> const&)::{lambda(int)#1}>(int, at::native::gpu_kernel_impl_nocast<at::native::CUDAFunctor_add<c10::BFloat16> >(at::TensorIteratorBase&, at::native::CUDAFunctor_add<c10::BFloat16> const&)::{lambda(int)#1})",24,operator_shape_matched,"[[1,1024,34,46],[1,1024,1,1],[]]","[""c10::BFloat16"",""c10::BFloat16"",""Scalar""]",null,141,835.265
null,aten::add_,"void at::native::elementwise_kernel<128, 4, at::native::gpu_kernel_impl_nocast<at::native::CUDAFunctor_add<c10::BFloat16> >(at::TensorIteratorBase&, at::native::CUDAFunctor_add<c10::BFloat16> const&)::{lambda(int)#1}>(int, at::native::gpu_kernel_impl_nocast<at::native::CUDAFunctor_add<c10::BFloat16> >(at::TensorIteratorBase&, at::native::CUDAFunctor_add<c10::BFloat16> const&)::{lambda(int)#1})",25,operator_shape_matched,"[[1,512,272,368],[1,512,1,1],[]]","[""c10::BFloat16"",""c10::BFloat16"",""Scalar""]",null,4,653.991
null,aten::add_,"void at::native::elementwise_kernel<128, 4, at::native::gpu_kernel_impl_nocast<at::native::CUDAFunctor_add<c10::BFloat16> >(at::TensorIteratorBase&, at::native::CUDAFunctor_add<c10::BFloat16> const&)::{lambda(int)#1}>(int, at::native::gpu_kernel_impl_nocast<at::native::CUDAFunctor_add<c10::BFloat16> >(at::TensorIteratorBase&, at::native::CUDAFunctor_add<c10::BFloat16> const&)::{lambda(int)#1})",26,operator_shape_matched,"[[6,640,34,46],[1,640,1,1],[]]","[""c10::BFloat16"",""c10::BFloat16"",""Scalar""]",null,25,462.723
null,aten::add_,"void at::native::elementwise_kernel<128, 4, at::native::gpu_kernel_impl_nocast<at::native::CUDAFunctor_add<c10::BFloat16> >(at::TensorIteratorBase&, at::native::CUDAFunctor_add<c10::BFloat16> const&)::{lambda(int)#1}>(int, at::native::gpu_kernel_impl_nocast<at::native::CUDAFunctor_add<c10::BFloat16> >(at::TensorIteratorBase&, at::native::CUDAFunctor_add<c10::BFloat16> const&)::{lambda(int)#1})",27,operator_shape_matched,"[[1,1024,1,68,92],[1,1024,1,1,1],[]]","[""c10::BFloat16"",""c10::BFloat16"",""Scalar""]",null,24,423.747
null,aten::add_,"void at::native::elementwise_kernel<128, 4, at::native::gpu_kernel_impl_nocast<at::native::CUDAFunctor_add<c10::BFloat16> >(at::TensorIteratorBase&, at::native::CUDAFunctor_add<c10::BFloat16> const&)::{lambda(int)#1}>(int, at::native::gpu_kernel_impl_nocast<at::native::CUDAFunctor_add<c10::BFloat16> >(at::TensorIteratorBase&, at::native::CUDAFunctor_add<c10::BFloat16> const&)::{lambda(int)#1})",28,operator_shape_matched,"[[1,320,1,136,184],[1,320,1,1,1],[]]","[""c10::BFloat16"",""c10::BFloat16"",""Scalar""]",null,20,404.006
null,aten::add_,"void at::native::elementwise_kernel<128, 4, at::native::gpu_kernel_impl_nocast<at::native::CUDAFunctor_add<c10::BFloat16> >(at::TensorIteratorBase&, at::native::CUDAFunctor_add<c10::BFloat16> const&)::{lambda(int)#1}>(int, at::native::gpu_kernel_impl_nocast<at::native::CUDAFunctor_add<c10::BFloat16> >(at::TensorIteratorBase&, at::native::CUDAFunctor_add<c10::BFloat16> const&)::{lambda(int)#1})",29,operator_shape_matched,"[[1,1024,136,184],[1,1024,1,1],[]]","[""c10::BFloat16"",""c10::BFloat16"",""Scalar""]",null,4,332.994
null,aten::add_,"void at::native::elementwise_kernel<128, 4, at::native::gpu_kernel_impl_nocast<at::native::CUDAFunctor_add<c10::BFloat16> >(at::TensorIteratorBase&, at::native::CUDAFunctor_add<c10::BFloat16> const&)::{lambda(int)#1}>(int, at::native::gpu_kernel_impl_nocast<at::native::CUDAFunctor_add<c10::BFloat16> >(at::TensorIteratorBase&, at::native::CUDAFunctor_add<c10::BFloat16> const&)::{lambda(int)#1})",30,operator_shape_matched,"[[1,640,1,68,92],[1,640,1,1,1],[]]","[""c10::BFloat16"",""c10::BFloat16"",""Scalar""]",null,20,224.486
null,aten::add_,"void at::native::elementwise_kernel<128, 4, at::native::gpu_kernel_impl_nocast<at::native::CUDAFunctor_add<c10::BFloat16> >(at::TensorIteratorBase&, at::native::CUDAFunctor_add<c10::BFloat16> const&)::{lambda(int)#1}>(int, at::native::gpu_kernel_impl_nocast<at::native::CUDAFunctor_add<c10::BFloat16> >(at::TensorIteratorBase&, at::native::CUDAFunctor_add<c10::BFloat16> const&)::{lambda(int)#1})",31,operator_shape_matched,"[[1,96,6,34,46],[1,96,1,1,1],[]]","[""c10::BFloat16"",""c10::BFloat16"",""Scalar""]",null,50,205.087
null,aten::add_,"void at::native::elementwise_kernel<128, 4, at::native::gpu_kernel_impl_nocast<at::native::CUDAFunctor_add<c10::BFloat16> >(at::TensorIteratorBase&, at::native::CUDAFunctor_add<c10::BFloat16> const&)::{lambda(int)#1}>(int, at::native::gpu_kernel_impl_nocast<at::native::CUDAFunctor_add<c10::BFloat16> >(at::TensorIteratorBase&, at::native::CUDAFunctor_add<c10::BFloat16> const&)::{lambda(int)#1})",32,operator_shape_matched,"[[1,640,1,34,46],[1,640,1,1,1],[]]","[""c10::BFloat16"",""c10::BFloat16"",""Scalar""]",null,32,139.617
null,aten::add_,"void at::native::elementwise_kernel<128, 4, at::native::gpu_kernel_impl_nocast<at::native::CUDAFunctor_add<c10::BFloat16> >(at::TensorIteratorBase&, at::native::CUDAFunctor_add<c10::BFloat16> const&)::{lambda(int)#1}>(int, at::native::gpu_kernel_impl_nocast<at::native::CUDAFunctor_add<c10::BFloat16> >(at::TensorIteratorBase&, at::native::CUDAFunctor_add<c10::BFloat16> const&)::{lambda(int)#1})",33,operator_shape_matched,"[[1,1024,68,92],[1,1024,1,1],[]]","[""c10::BFloat16"",""c10::BFloat16"",""Scalar""]",null,4,71.84
null,aten::add_,"void at::native::elementwise_kernel<128, 4, at::native::gpu_kernel_impl_nocast<at::native::CUDAFunctor_add<c10::BFloat16> >(at::TensorIteratorBase&, at::native::CUDAFunctor_add<c10::BFloat16> const&)::{lambda(int)#1}>(int, at::native::gpu_kernel_impl_nocast<at::native::CUDAFunctor_add<c10::BFloat16> >(at::TensorIteratorBase&, at::native::CUDAFunctor_add<c10::BFloat16> const&)::{lambda(int)#1})",34,operator_shape_matched,"[[1,160,136,184],[1,160,1,1],[]]","[""c10::BFloat16"",""c10::BFloat16"",""Scalar""]",null,4,43.393
null,aten::add_,"void at::native::elementwise_kernel<128, 4, at::native::gpu_kernel_impl_nocast<at::native::CUDAFunctor_add<c10::BFloat16> >(at::TensorIteratorBase&, at::native::CUDAFunctor_add<c10::BFloat16> const&)::{lambda(int)#1}>(int, at::native::gpu_kernel_impl_nocast<at::native::CUDAFunctor_add<c10::BFloat16> >(at::TensorIteratorBase&, at::native::CUDAFunctor_add<c10::BFloat16> const&)::{lambda(int)#1})",35,operator_shape_matched,"[[1,1920,34,46],[1,1920,1,1],[]]","[""c10::BFloat16"",""c10::BFloat16"",""Scalar""]",null,4,34.305
null,aten::add_,"void at::native::elementwise_kernel<128, 4, at::native::gpu_kernel_impl_nocast<at::native::CUDAFunctor_add<c10::BFloat16> >(at::TensorIteratorBase&, at::native::CUDAFunctor_add<c10::BFloat16> const&)::{lambda(int)#1}>(int, at::native::gpu_kernel_impl_nocast<at::native::CUDAFunctor_add<c10::BFloat16> >(at::TensorIteratorBase&, at::native::CUDAFunctor_add<c10::BFloat16> const&)::{lambda(int)#1})",36,operator_shape_matched,"[[1,640,34,46],[1,640,1,1],[]]","[""c10::BFloat16"",""c10::BFloat16"",""Scalar""]",null,8,33.441
null,aten::add_,"void at::native::elementwise_kernel<128, 4, at::native::gpu_kernel_impl_nocast<at::native::CUDAFunctor_add<c10::BFloat16> >(at::TensorIteratorBase&, at::native::CUDAFunctor_add<c10::BFloat16> const&)::{lambda(int)#1}>(int, at::native::gpu_kernel_impl_nocast<at::native::CUDAFunctor_add<c10::BFloat16> >(at::TensorIteratorBase&, at::native::CUDAFunctor_add<c10::BFloat16> const&)::{lambda(int)#1})",37,operator_shape_matched,"[[1,320,68,92],[1,320,1,1],[]]","[""c10::BFloat16"",""c10::BFloat16"",""Scalar""]",null,4,26.432
null,aten::add_,"void at::native::elementwise_kernel<128, 4, at::native::gpu_kernel_impl_nocast<at::native::CUDAFunctor_add<c10::BFloat16> >(at::TensorIteratorBase&, at::native::CUDAFunctor_add<c10::BFloat16> const&)::{lambda(int)#1}>(int, at::native::gpu_kernel_impl_nocast<at::native::CUDAFunctor_add<c10::BFloat16> >(at::TensorIteratorBase&, at::native::CUDAFunctor_add<c10::BFloat16> const&)::{lambda(int)#1})",38,operator_shape_matched,"[[1,96,1,34,46],[1,96,1,1,1],[]]","[""c10::BFloat16"",""c10::BFloat16"",""Scalar""]",null,8,22.752
null,aten::add_,"void at::native::elementwise_kernel<128, 4, at::native::gpu_kernel_impl_nocast<at::native::CUDAFunctor_add<c10::BFloat16> >(at::TensorIteratorBase&, at::native::CUDAFunctor_add<c10::BFloat16> const&)::{lambda(int)#1}>(int, at::native::gpu_kernel_impl_nocast<at::native::CUDAFunctor_add<c10::BFloat16> >(at::TensorIteratorBase&, at::native::CUDAFunctor_add<c10::BFloat16> const&)::{lambda(int)#1})",39,operator_shape_matched,"[[1,12,1,272,368],[1,12,1,1,1],[]]","[""c10::BFloat16"",""c10::BFloat16"",""Scalar""]",null,4,20.992
null,aten::add_,"void at::native::elementwise_kernel<128, 4, at::native::gpu_kernel_impl_nocast<at::native::CUDAFunctor_add<c10::BFloat16> >(at::TensorIteratorBase&, at::native::CUDAFunctor_add<c10::BFloat16> const&)::{lambda(int)#1}>(int, at::native::gpu_kernel_impl_nocast<at::native::CUDAFunctor_add<c10::BFloat16> >(at::TensorIteratorBase&, at::native::CUDAFunctor_add<c10::BFloat16> const&)::{lambda(int)#1})",40,operator_shape_matched,"[[1,48,45,34,46],[1,48,1,1,1],[]]","[""c10::BFloat16"",""c10::BFloat16"",""Scalar""]",null,1,11.712
null,aten::add_,"void at::native::elementwise_kernel<128, 4, at::native::gpu_kernel_impl_nocast<at::native::CUDAFunctor_add<c10::BFloat16> >(at::TensorIteratorBase&, at::native::CUDAFunctor_add<c10::BFloat16> const&)::{lambda(int)#1}>(int, at::native::gpu_kernel_impl_nocast<at::native::CUDAFunctor_add<c10::BFloat16> >(at::TensorIteratorBase&, at::native::CUDAFunctor_add<c10::BFloat16> const&)::{lambda(int)#1})",41,operator_shape_matched,"[[1,48,39,34,46],[1,48,1,1,1],[]]","[""c10::BFloat16"",""c10::BFloat16"",""Scalar""]",null,1,8.512
null,aten::add_,"void at::native::elementwise_kernel<128, 4, at::native::gpu_kernel_impl_nocast<at::native::CUDAFunctor_add<c10::BFloat16> >(at::TensorIteratorBase&, at::native::CUDAFunctor_add<c10::BFloat16> const&)::{lambda(int)#1}>(int, at::native::gpu_kernel_impl_nocast<at::native::CUDAFunctor_add<c10::BFloat16> >(at::TensorIteratorBase&, at::native::CUDAFunctor_add<c10::BFloat16> const&)::{lambda(int)#1})",42,operator_shape_matched,"[[1,48,30,34,46],[1,48,1,1,1],[]]","[""c10::BFloat16"",""c10::BFloat16"",""Scalar""]",null,1,7.04
null,aten::add_,"void at::native::elementwise_kernel<128, 4, at::native::gpu_kernel_impl_nocast<at::native::CUDAFunctor_add<c10::BFloat16> >(at::TensorIteratorBase&, at::native::CUDAFunctor_add<c10::BFloat16> const&)::{lambda(int)#1}>(int, at::native::gpu_kernel_impl_nocast<at::native::CUDAFunctor_add<c10::BFloat16> >(at::TensorIteratorBase&, at::native::CUDAFunctor_add<c10::BFloat16> const&)::{lambda(int)#1})",43,operator_shape_matched,"[[1,48,27,34,46],[1,48,1,1,1],[]]","[""c10::BFloat16"",""c10::BFloat16"",""Scalar""]",null,1,6.72
null,aten::addmm,nvjet_sm90_tst_192x144_64x5_1x2_h_bz_coopB_bias_TNT,1,operator_shape_matched,"[[192],[55131,4096],[4096,192],[],[]]","[""c10::BFloat16"",""c10::BFloat16"",""c10::BFloat16"",""Scalar"",""Scalar""]",null,100,17343.635
null,aten::addmm,nvjet_sm90_tst_256x152_64x4_2x1_v_bz_coopA_bias_TNT,1,operator_shape_matched,"[[4096],[55131,192],[192,4096],[],[]]","[""c10::BFloat16"",""c10::BFloat16"",""c10::BFloat16"",""Scalar"",""Scalar""]",null,100,18775.866
null,aten::addmm,sm80_xmma_gemm_f32f32_f32f32_f32_tn_n_tilesize128x128x8_stage3_warpsize2x2x1_ffma_aligna4_alignc4_execute_kernel__5x_cublas,1,operator_shape_matched,"[[4096],[55131,4096],[4096,4096],[],[]]","[""float"",""float"",""float"",""Scalar"",""Scalar""]",null,100,4559543.482
null,aten::addmm,sm80_xmma_gemm_f32f32_f32f32_f32_tn_n_tilesize128x128x8_stage3_warpsize2x2x1_ffma_aligna4_alignc4_execute_kernel__5x_cublas,2,operator_shape_matched,"[[4096],[55131,256],[256,4096],[],[]]","[""float"",""float"",""float"",""Scalar"",""Scalar""]",null,100,307039.751
null,aten::all,"void at::native::reduce_kernel<512, 1, at::native::ReduceOp<bool, at::native::func_wrapper_t<bool, at::native::and_kernel_cuda(at::TensorIterator&)::{lambda()#1}::operator()() const::{lambda()#12}::operator()() const::{lambda(bool, bool)#1}>, unsigned int, bool, 4, 4> >(at::native::ReduceOp<bool, at::native::func_wrapper_t<bool, at::native::and_kernel_cuda(at::TensorIterator&)::{lambda()#1}::operator()() const::{lambda()#12}::operator()() const::{lambda(bool, bool)#1}>, unsigned int, bool, 4, 4>)",1,operator_shape_matched,"[[1,3,177,544,736]]","[""bool""]",null,1,135.745
null,aten::all,"void at::native::reduce_kernel<512, 1, at::native::ReduceOp<bool, at::native::func_wrapper_t<bool, at::native::and_kernel_cuda(at::TensorIterator&)::{lambda()#1}::operator()() const::{lambda()#12}::operator()() const::{lambda(bool, bool)#1}>, unsigned int, bool, 4, 4> >(at::native::ReduceOp<bool, at::native::func_wrapper_t<bool, at::native::and_kernel_cuda(at::TensorIterator&)::{lambda()#1}::operator()() const::{lambda()#12}::operator()() const::{lambda(bool, bool)#1}>, unsigned int, bool, 4, 4>)",2,operator_shape_matched,"[[1,3,153,544,736]]","[""bool""]",null,1,110.337
null,aten::all,"void at::native::reduce_kernel<512, 1, at::native::ReduceOp<bool, at::native::func_wrapper_t<bool, at::native::and_kernel_cuda(at::TensorIterator&)::{lambda()#1}::operator()() const::{lambda()#12}::operator()() const::{lambda(bool, bool)#1}>, unsigned int, bool, 4, 4> >(at::native::ReduceOp<bool, at::native::func_wrapper_t<bool, at::native::and_kernel_cuda(at::TensorIterator&)::{lambda()#1}::operator()() const::{lambda()#12}::operator()() const::{lambda(bool, bool)#1}>, unsigned int, bool, 4, 4>)",3,operator_shape_matched,"[[1,3,117,544,736]]","[""bool""]",null,1,101.504
null,aten::all,"void at::native::reduce_kernel<512, 1, at::native::ReduceOp<bool, at::native::func_wrapper_t<bool, at::native::and_kernel_cuda(at::TensorIterator&)::{lambda()#1}::operator()() const::{lambda()#12}::operator()() const::{lambda(bool, bool)#1}>, unsigned int, bool, 4, 4> >(at::native::ReduceOp<bool, at::native::func_wrapper_t<bool, at::native::and_kernel_cuda(at::TensorIterator&)::{lambda()#1}::operator()() const::{lambda()#12}::operator()() const::{lambda(bool, bool)#1}>, unsigned int, bool, 4, 4>)",4,operator_shape_matched,"[[1,3,105,544,736]]","[""bool""]",null,1,79.041
null,aten::arange,"void (anonymous namespace)::elementwise_kernel_with_index<int, at::native::arange_cuda_out(c10::Scalar const&, c10::Scalar const&, c10::Scalar const&, at::Tensor&)::{lambda()#1}::operator()() const::{lambda()#4}::operator()() const::{lambda(long)#1}>(int, at::native::arange_cuda_out(c10::Scalar const&, c10::Scalar const&, c10::Scalar const&, at::Tensor&)::{lambda()#1}::operator()() const::{lambda()#4}::operator()() const::{lambda(long)#1}, function_traits<at::native::arange_cuda_out(c10::Scalar const&, c10::Scalar const&, c10::Scalar const&, at::Tensor&)::{lambda()#1}::operator()() const::{lambda()#4}::operator()() const::{lambda(long)#1}>::result_type*)",1,operator_shape_matched,"[[],[],[],[0]]","[""Scalar"",""Scalar"",""Scalar"",""long int""]",null,986,1096.315
null,aten::bitwise_and,"void at::native::vectorized_elementwise_kernel<4, at::native::BinaryFunctor<bool, bool, bool, at::native::BitwiseAndFunctor<bool> >, std::array<char*, 3ul> >(int, at::native::BinaryFunctor<bool, bool, bool, at::native::BitwiseAndFunctor<bool> >, std::array<char*, 3ul>)",1,operator_shape_matched,"[[1,3,177,544,736],[1,3,177,544,736]]","[""bool"",""bool""]",null,1,203.586
null,aten::bitwise_and,"void at::native::vectorized_elementwise_kernel<4, at::native::BinaryFunctor<bool, bool, bool, at::native::BitwiseAndFunctor<bool> >, std::array<char*, 3ul> >(int, at::native::BinaryFunctor<bool, bool, bool, at::native::BitwiseAndFunctor<bool> >, std::array<char*, 3ul>)",2,operator_shape_matched,"[[1,3,153,544,736],[1,3,153,544,736]]","[""bool"",""bool""]",null,1,176.194
null,aten::bitwise_and,"void at::native::vectorized_elementwise_kernel<4, at::native::BinaryFunctor<bool, bool, bool, at::native::BitwiseAndFunctor<bool> >, std::array<char*, 3ul> >(int, at::native::BinaryFunctor<bool, bool, bool, at::native::BitwiseAndFunctor<bool> >, std::array<char*, 3ul>)",3,operator_shape_matched,"[[1,3,117,544,736],[1,3,117,544,736]]","[""bool"",""bool""]",null,1,133.857
null,aten::bitwise_and,"void at::native::vectorized_elementwise_kernel<4, at::native::BinaryFunctor<bool, bool, bool, at::native::BitwiseAndFunctor<bool> >, std::array<char*, 3ul> >(int, at::native::BinaryFunctor<bool, bool, bool, at::native::BitwiseAndFunctor<bool> >, std::array<char*, 3ul>)",4,operator_shape_matched,"[[1,3,105,544,736],[1,3,105,544,736]]","[""bool"",""bool""]",null,1,120.417
null,aten::bmm,sm80_xmma_gemm_f32f32_f32f32_f32_nn_n_tilesize64x64x8_stage3_warpsize1x4x1_ffma_aligna4_alignc4_execute_kernel__5x_cublas,1,operator_shape_matched,"[[3,64,1],[3,1,66503]]","[""float"",""float""]",null,50,1697.203
null,aten::bmm,void cutlass::Kernel2<cutlass_80_simt_sgemm_128x32_8x5_nn_align1>(cutlass_80_simt_sgemm_128x32_8x5_nn_align1::Params),1,operator_shape_matched,"[[3,64,1],[3,1,56049]]","[""float"",""float""]",null,50,1072.461
null,aten::cat,"void at::native::(anonymous namespace)::CatArrayBatchedCopy<at::native::(anonymous namespace)::OpaqueType<4u>, unsigned int, 3, 64, 64>(at::native::(anonymous namespace)::OpaqueType<4u>*, at::native::(anonymous namespace)::CatArrInputTensorMetadata<at::native::(anonymous namespace)::OpaqueType<4u>, unsigned int, 64, 64>, at::native::(anonymous namespace)::TensorSizeStride<unsigned int, 4u>, int, unsigned int)",1,operator_shape_matched,"[[],[]]",[],null,100,4115.717
null,aten::cat,"void at::native::(anonymous namespace)::CatArrayBatchedCopy_alignedK_contig<at::native::(anonymous namespace)::OpaqueType<4u>, unsigned int, 1, 128, 1, 16>(at::native::(anonymous namespace)::OpaqueType<4u>*, at::native::(anonymous namespace)::CatArrInputTensorMetadata<at::native::(anonymous namespace)::OpaqueType<4u>, unsigned int, 128, 1>, at::native::(anonymous namespace)::TensorSizeStride<unsigned int, 4u>, int, unsigned int)",1,operator_shape_matched,"[[],[]]",[],null,384,633.47
null,aten::cat,"void at::native::(anonymous namespace)::CatArrayBatchedCopy_alignedK_contig<at::native::(anonymous namespace)::OpaqueType<8u>, unsigned int, 1, 128, 1, 16>(at::native::(anonymous namespace)::OpaqueType<8u>*, at::native::(anonymous namespace)::CatArrInputTensorMetadata<at::native::(anonymous namespace)::OpaqueType<8u>, unsigned int, 128, 1>, at::native::(anonymous namespace)::TensorSizeStride<unsigned int, 4u>, int, unsigned int)",1,operator_shape_matched,"[[],[]]",[],null,100,176.744
null,aten::cat,"void at::native::(anonymous namespace)::CatArrayBatchedCopy_vectorized<at::native::(anonymous namespace)::OpaqueType<2u>, unsigned int, 1, 128, 1, 16, 8>(char*, at::native::(anonymous namespace)::CatArrInputTensorMetadata<at::native::(anonymous namespace)::OpaqueType<2u>, unsigned int, 128, 1>, at::native::(anonymous namespace)::TensorSizeStride<unsigned int, 4u>, int, unsigned int)",1,operator_shape_matched,"[[],[]]",[],null,100,1206.766
null,aten::cat,"void at::native::(anonymous namespace)::CatArrayBatchedCopy_vectorized<at::native::(anonymous namespace)::OpaqueType<4u>, unsigned int, 2, 128, 1, 16, 4>(char*, at::native::(anonymous namespace)::CatArrInputTensorMetadata<at::native::(anonymous namespace)::OpaqueType<4u>, unsigned int, 128, 1>, at::native::(anonymous namespace)::TensorSizeStride<unsigned int, 4u>, int, unsigned int)",1,operator_shape_matched,"[[],[]]",[],null,100,4049.517
null,aten::cat,"void at::native::elementwise_kernel<128, 4, at::native::gpu_kernel_impl_nocast<at::native::direct_copy_kernel_cuda(at::TensorIteratorBase&)::{lambda()#3}::operator()() const::{lambda()#12}::operator()() const::{lambda(c10::BFloat16)#1}>(at::TensorIteratorBase&, at::native::direct_copy_kernel_cuda(at::TensorIteratorBase&)::{lambda()#3}::operator()() const::{lambda()#12}::operator()() const::{lambda(c10::BFloat16)#1} const&)::{lambda(int)#1}>(int, at::native::gpu_kernel_impl_nocast<at::native::direct_copy_kernel_cuda(at::TensorIteratorBase&)::{lambda()#3}::operator()() const::{lambda()#12}::operator()() const::{lambda(c10::BFloat16)#1}>(at::TensorIteratorBase&, at::native::direct_copy_kernel_cuda(at::TensorIteratorBase&)::{lambda()#3}::operator()() const::{lambda()#12}::operator()() const::{lambda(c10::BFloat16)#1} const&)::{lambda(int)#1})",1,operator_shape_matched,"[[],[]]",[],null,13964,930456.618
null,aten::cat,"void at::native::elementwise_kernel<128, 4, at::native::gpu_kernel_impl_nocast<at::native::direct_copy_kernel_cuda(at::TensorIteratorBase&)::{lambda()#3}::operator()() const::{lambda()#12}::operator()() const::{lambda(c10::BFloat16)#1}>(at::TensorIteratorBase&, at::native::direct_copy_kernel_cuda(at::TensorIteratorBase&)::{lambda()#3}::operator()() const::{lambda()#12}::operator()() const::{lambda(c10::BFloat16)#1} const&)::{lambda(int)#1}>(int, at::native::gpu_kernel_impl_nocast<at::native::direct_copy_kernel_cuda(at::TensorIteratorBase&)::{lambda()#3}::operator()() const::{lambda()#12}::operator()() const::{lambda(c10::BFloat16)#1}>(at::TensorIteratorBase&, at::native::direct_copy_kernel_cuda(at::TensorIteratorBase&)::{lambda()#3}::operator()() const::{lambda()#12}::operator()() const::{lambda(c10::BFloat16)#1} const&)::{lambda(int)#1})",2,operator_shape_matched,"[[],[]]","[""TensorList"",""Scalar""]",null,10,4143.592
null,aten::clamp,"void at::native::vectorized_elementwise_kernel<4, at::native::(anonymous namespace)::launch_clamp_scalar(at::TensorIteratorBase&, c10::Scalar, c10::Scalar, at::native::detail::ClampLimits)::{lambda()#1}::operator()() const::{lambda()#7}::operator()() const::{lambda(float)#1}, std::array<char*, 2ul> >(int, at::native::(anonymous namespace)::launch_clamp_scalar(at::TensorIteratorBase&, c10::Scalar, c10::Scalar, at::native::detail::ClampLimits)::{lambda()#1}::operator()() const::{lambda()#7}::operator()() const::{lambda(float)#1}, std::array<char*, 2ul>)",1,operator_shape_matched,"[[3,177,544,736],[],[]]","[""float"",""Scalar"",""Scalar""]",null,1,559.941
null,aten::clamp,"void at::native::vectorized_elementwise_kernel<4, at::native::(anonymous namespace)::launch_clamp_scalar(at::TensorIteratorBase&, c10::Scalar, c10::Scalar, at::native::detail::ClampLimits)::{lambda()#1}::operator()() const::{lambda()#7}::operator()() const::{lambda(float)#1}, std::array<char*, 2ul> >(int, at::native::(anonymous namespace)::launch_clamp_scalar(at::TensorIteratorBase&, c10::Scalar, c10::Scalar, at::native::detail::ClampLimits)::{lambda()#1}::operator()() const::{lambda()#7}::operator()() const::{lambda(float)#1}, std::array<char*, 2ul>)",2,operator_shape_matched,"[[1,3,177,544,736],[],[]]","[""float"",""Scalar"",""Scalar""]",null,1,559.045
null,aten::clamp,"void at::native::vectorized_elementwise_kernel<4, at::native::(anonymous namespace)::launch_clamp_scalar(at::TensorIteratorBase&, c10::Scalar, c10::Scalar, at::native::detail::ClampLimits)::{lambda()#1}::operator()() const::{lambda()#7}::operator()() const::{lambda(float)#1}, std::array<char*, 2ul> >(int, at::native::(anonymous namespace)::launch_clamp_scalar(at::TensorIteratorBase&, c10::Scalar, c10::Scalar, at::native::detail::ClampLimits)::{lambda()#1}::operator()() const::{lambda()#7}::operator()() const::{lambda(float)#1}, std::array<char*, 2ul>)",3,operator_shape_matched,"[[1,3,153,544,736],[],[]]","[""float"",""Scalar"",""Scalar""]",null,1,484.71
null,aten::clamp,"void at::native::vectorized_elementwise_kernel<4, at::native::(anonymous namespace)::launch_clamp_scalar(at::TensorIteratorBase&, c10::Scalar, c10::Scalar, at::native::detail::ClampLimits)::{lambda()#1}::operator()() const::{lambda()#7}::operator()() const::{lambda(float)#1}, std::array<char*, 2ul> >(int, at::native::(anonymous namespace)::launch_clamp_scalar(at::TensorIteratorBase&, c10::Scalar, c10::Scalar, at::native::detail::ClampLimits)::{lambda()#1}::operator()() const::{lambda()#7}::operator()() const::{lambda(float)#1}, std::array<char*, 2ul>)",4,operator_shape_matched,"[[3,153,544,736],[],[]]","[""float"",""Scalar"",""Scalar""]",null,1,481.54
null,aten::clamp,"void at::native::vectorized_elementwise_kernel<4, at::native::(anonymous namespace)::launch_clamp_scalar(at::TensorIteratorBase&, c10::Scalar, c10::Scalar, at::native::detail::ClampLimits)::{lambda()#1}::operator()() const::{lambda()#7}::operator()() const::{lambda(float)#1}, std::array<char*, 2ul> >(int, at::native::(anonymous namespace)::launch_clamp_scalar(at::TensorIteratorBase&, c10::Scalar, c10::Scalar, at::native::detail::ClampLimits)::{lambda()#1}::operator()() const::{lambda()#7}::operator()() const::{lambda(float)#1}, std::array<char*, 2ul>)",5,operator_shape_matched,"[[1,3,117,544,736],[],[]]","[""float"",""Scalar"",""Scalar""]",null,1,369.828
null,aten::clamp,"void at::native::vectorized_elementwise_kernel<4, at::native::(anonymous namespace)::launch_clamp_scalar(at::TensorIteratorBase&, c10::Scalar, c10::Scalar, at::native::detail::ClampLimits)::{lambda()#1}::operator()() const::{lambda()#7}::operator()() const::{lambda(float)#1}, std::array<char*, 2ul> >(int, at::native::(anonymous namespace)::launch_clamp_scalar(at::TensorIteratorBase&, c10::Scalar, c10::Scalar, at::native::detail::ClampLimits)::{lambda()#1}::operator()() const::{lambda()#7}::operator()() const::{lambda(float)#1}, std::array<char*, 2ul>)",6,operator_shape_matched,"[[3,117,544,736],[],[]]","[""float"",""Scalar"",""Scalar""]",null,1,369.572
null,aten::clamp,"void at::native::vectorized_elementwise_kernel<4, at::native::(anonymous namespace)::launch_clamp_scalar(at::TensorIteratorBase&, c10::Scalar, c10::Scalar, at::native::detail::ClampLimits)::{lambda()#1}::operator()() const::{lambda()#7}::operator()() const::{lambda(float)#1}, std::array<char*, 2ul> >(int, at::native::(anonymous namespace)::launch_clamp_scalar(at::TensorIteratorBase&, c10::Scalar, c10::Scalar, at::native::detail::ClampLimits)::{lambda()#1}::operator()() const::{lambda()#7}::operator()() const::{lambda(float)#1}, std::array<char*, 2ul>)",7,operator_shape_matched,"[[1,3,105,544,736],[],[]]","[""float"",""Scalar"",""Scalar""]",null,1,333.092
null,aten::clamp,"void at::native::vectorized_elementwise_kernel<4, at::native::(anonymous namespace)::launch_clamp_scalar(at::TensorIteratorBase&, c10::Scalar, c10::Scalar, at::native::detail::ClampLimits)::{lambda()#1}::operator()() const::{lambda()#7}::operator()() const::{lambda(float)#1}, std::array<char*, 2ul> >(int, at::native::(anonymous namespace)::launch_clamp_scalar(at::TensorIteratorBase&, c10::Scalar, c10::Scalar, at::native::detail::ClampLimits)::{lambda()#1}::operator()() const::{lambda()#7}::operator()() const::{lambda(float)#1}, std::array<char*, 2ul>)",8,operator_shape_matched,"[[3,105,544,736],[],[]]","[""float"",""Scalar"",""Scalar""]",null,1,331.939
null,aten::clamp_min,"void at::native::vectorized_elementwise_kernel<8, at::native::(anonymous namespace)::launch_clamp_scalar(at::TensorIteratorBase&, c10::Scalar, c10::Scalar, at::native::detail::ClampLimits)::{lambda()#1}::operator()() const::{lambda()#9}::operator()() const::{lambda(c10::BFloat16)#1}, std::array<char*, 2ul> >(int, at::native::(anonymous namespace)::launch_clamp_scalar(at::TensorIteratorBase&, c10::Scalar, c10::Scalar, at::native::detail::ClampLimits)::{lambda()#1}::operator()() const::{lambda()#9}::operator()() const::{lambda(c10::BFloat16)#1}, std::array<char*, 2ul>)",1,operator_shape_matched,"[[1,1,1,34,46],[]]","[""c10::BFloat16"",""Scalar""]",null,1446,2606.987
null,aten::clamp_min,"void at::native::vectorized_elementwise_kernel<8, at::native::(anonymous namespace)::launch_clamp_scalar(at::TensorIteratorBase&, c10::Scalar, c10::Scalar, at::native::detail::ClampLimits)::{lambda()#1}::operator()() const::{lambda()#9}::operator()() const::{lambda(c10::BFloat16)#1}, std::array<char*, 2ul> >(int, at::native::(anonymous namespace)::launch_clamp_scalar(at::TensorIteratorBase&, c10::Scalar, c10::Scalar, at::native::detail::ClampLimits)::{lambda()#1}::operator()() const::{lambda()#9}::operator()() const::{lambda(c10::BFloat16)#1}, std::array<char*, 2ul>)",2,operator_shape_matched,"[[1,1,4,272,368],[]]","[""c10::BFloat16"",""Scalar""]",null,959,2049.451
null,aten::clamp_min,"void at::native::vectorized_elementwise_kernel<8, at::native::(anonymous namespace)::launch_clamp_scalar(at::TensorIteratorBase&, c10::Scalar, c10::Scalar, at::native::detail::ClampLimits)::{lambda()#1}::operator()() const::{lambda()#9}::operator()() const::{lambda(c10::BFloat16)#1}, std::array<char*, 2ul> >(int, at::native::(anonymous namespace)::launch_clamp_scalar(at::TensorIteratorBase&, c10::Scalar, c10::Scalar, at::native::detail::ClampLimits)::{lambda()#1}::operator()() const::{lambda()#9}::operator()() const::{lambda(c10::BFloat16)#1}, std::array<char*, 2ul>)",3,operator_shape_matched,"[[1,1,4,136,184],[]]","[""c10::BFloat16"",""Scalar""]",null,822,1443.064
null,aten::clamp_min,"void at::native::vectorized_elementwise_kernel<8, at::native::(anonymous namespace)::launch_clamp_scalar(at::TensorIteratorBase&, c10::Scalar, c10::Scalar, at::native::detail::ClampLimits)::{lambda()#1}::operator()() const::{lambda()#9}::operator()() const::{lambda(c10::BFloat16)#1}, std::array<char*, 2ul> >(int, at::native::(anonymous namespace)::launch_clamp_scalar(at::TensorIteratorBase&, c10::Scalar, c10::Scalar, at::native::detail::ClampLimits)::{lambda()#1}::operator()() const::{lambda()#9}::operator()() const::{lambda(c10::BFloat16)#1}, std::array<char*, 2ul>)",4,operator_shape_matched,"[[1,1,2,68,92],[]]","[""c10::BFloat16"",""Scalar""]",null,822,1209.927
null,aten::clamp_min,"void at::native::vectorized_elementwise_kernel<8, at::native::(anonymous namespace)::launch_clamp_scalar(at::TensorIteratorBase&, c10::Scalar, c10::Scalar, at::native::detail::ClampLimits)::{lambda()#1}::operator()() const::{lambda()#9}::operator()() const::{lambda(c10::BFloat16)#1}, std::array<char*, 2ul> >(int, at::native::(anonymous namespace)::launch_clamp_scalar(at::TensorIteratorBase&, c10::Scalar, c10::Scalar, at::native::detail::ClampLimits)::{lambda()#1}::operator()() const::{lambda()#9}::operator()() const::{lambda(c10::BFloat16)#1}, std::array<char*, 2ul>)",5,operator_shape_matched,"[[1,1,24,272,368],[]]","[""c10::BFloat16"",""Scalar""]",null,100,411.041
null,aten::clamp_min,"void at::native::vectorized_elementwise_kernel<8, at::native::(anonymous namespace)::launch_clamp_scalar(at::TensorIteratorBase&, c10::Scalar, c10::Scalar, at::native::detail::ClampLimits)::{lambda()#1}::operator()() const::{lambda()#9}::operator()() const::{lambda(c10::BFloat16)#1}, std::array<char*, 2ul> >(int, at::native::(anonymous namespace)::launch_clamp_scalar(at::TensorIteratorBase&, c10::Scalar, c10::Scalar, at::native::detail::ClampLimits)::{lambda()#1}::operator()() const::{lambda()#9}::operator()() const::{lambda(c10::BFloat16)#1}, std::array<char*, 2ul>)",6,operator_shape_matched,"[[1,1,6,34,46],[]]","[""c10::BFloat16"",""Scalar""]",null,225,399.012
null,aten::clamp_min,"void at::native::vectorized_elementwise_kernel<8, at::native::(anonymous namespace)::launch_clamp_scalar(at::TensorIteratorBase&, c10::Scalar, c10::Scalar, at::native::detail::ClampLimits)::{lambda()#1}::operator()() const::{lambda()#9}::operator()() const::{lambda(c10::BFloat16)#1}, std::array<char*, 2ul> >(int, at::native::(anonymous namespace)::launch_clamp_scalar(at::TensorIteratorBase&, c10::Scalar, c10::Scalar, at::native::detail::ClampLimits)::{lambda()#1}::operator()() const::{lambda()#9}::operator()() const::{lambda(c10::BFloat16)#1}, std::array<char*, 2ul>)",7,operator_shape_matched,"[[1,1,34,46],[]]","[""c10::BFloat16"",""Scalar""]",null,145,261.444
null,aten::clamp_min,"void at::native::vectorized_elementwise_kernel<8, at::native::(anonymous namespace)::launch_clamp_scalar(at::TensorIteratorBase&, c10::Scalar, c10::Scalar, at::native::detail::ClampLimits)::{lambda()#1}::operator()() const::{lambda()#9}::operator()() const::{lambda(c10::BFloat16)#1}, std::array<char*, 2ul> >(int, at::native::(anonymous namespace)::launch_clamp_scalar(at::TensorIteratorBase&, c10::Scalar, c10::Scalar, at::native::detail::ClampLimits)::{lambda()#1}::operator()() const::{lambda()#9}::operator()() const::{lambda(c10::BFloat16)#1}, std::array<char*, 2ul>)",8,operator_shape_matched,"[[1,1,24,136,184],[]]","[""c10::BFloat16"",""Scalar""]",null,100,217.734
null,aten::clamp_min,"void at::native::vectorized_elementwise_kernel<8, at::native::(anonymous namespace)::launch_clamp_scalar(at::TensorIteratorBase&, c10::Scalar, c10::Scalar, at::native::detail::ClampLimits)::{lambda()#1}::operator()() const::{lambda()#9}::operator()() const::{lambda(c10::BFloat16)#1}, std::array<char*, 2ul> >(int, at::native::(anonymous namespace)::launch_clamp_scalar(at::TensorIteratorBase&, c10::Scalar, c10::Scalar, at::native::detail::ClampLimits)::{lambda()#1}::operator()() const::{lambda()#9}::operator()() const::{lambda(c10::BFloat16)#1}, std::array<char*, 2ul>)",9,operator_shape_matched,"[[1,1,12,68,92],[]]","[""c10::BFloat16"",""Scalar""]",null,100,159.944
null,aten::clamp_min,"void at::native::vectorized_elementwise_kernel<8, at::native::(anonymous namespace)::launch_clamp_scalar(at::TensorIteratorBase&, c10::Scalar, c10::Scalar, at::native::detail::ClampLimits)::{lambda()#1}::operator()() const::{lambda()#9}::operator()() const::{lambda(c10::BFloat16)#1}, std::array<char*, 2ul> >(int, at::native::(anonymous namespace)::launch_clamp_scalar(at::TensorIteratorBase&, c10::Scalar, c10::Scalar, at::native::detail::ClampLimits)::{lambda()#1}::operator()() const::{lambda()#9}::operator()() const::{lambda(c10::BFloat16)#1}, std::array<char*, 2ul>)",10,operator_shape_matched,"[[1,1,1,272,368],[]]","[""c10::BFloat16"",""Scalar""]",null,44,77.249
null,aten::clamp_min,"void at::native::vectorized_elementwise_kernel<8, at::native::(anonymous namespace)::launch_clamp_scalar(at::TensorIteratorBase&, c10::Scalar, c10::Scalar, at::native::detail::ClampLimits)::{lambda()#1}::operator()() const::{lambda()#9}::operator()() const::{lambda(c10::BFloat16)#1}, std::array<char*, 2ul> >(int, at::native::(anonymous namespace)::launch_clamp_scalar(at::TensorIteratorBase&, c10::Scalar, c10::Scalar, at::native::detail::ClampLimits)::{lambda()#1}::operator()() const::{lambda()#9}::operator()() const::{lambda(c10::BFloat16)#1}, std::array<char*, 2ul>)",11,operator_shape_matched,"[[1,1,1,136,184],[]]","[""c10::BFloat16"",""Scalar""]",null,40,63.486
null,aten::clamp_min,"void at::native::vectorized_elementwise_kernel<8, at::native::(anonymous namespace)::launch_clamp_scalar(at::TensorIteratorBase&, c10::Scalar, c10::Scalar, at::native::detail::ClampLimits)::{lambda()#1}::operator()() const::{lambda()#9}::operator()() const::{lambda(c10::BFloat16)#1}, std::array<char*, 2ul> >(int, at::native::(anonymous namespace)::launch_clamp_scalar(at::TensorIteratorBase&, c10::Scalar, c10::Scalar, at::native::detail::ClampLimits)::{lambda()#1}::operator()() const::{lambda()#9}::operator()() const::{lambda(c10::BFloat16)#1}, std::array<char*, 2ul>)",12,operator_shape_matched,"[[1,1,1,68,92],[]]","[""c10::BFloat16"",""Scalar""]",null,40,56.377
null,aten::clamp_min,"void at::native::vectorized_elementwise_kernel<8, at::native::(anonymous namespace)::launch_clamp_scalar(at::TensorIteratorBase&, c10::Scalar, c10::Scalar, at::native::detail::ClampLimits)::{lambda()#1}::operator()() const::{lambda()#9}::operator()() const::{lambda(c10::BFloat16)#1}, std::array<char*, 2ul> >(int, at::native::(anonymous namespace)::launch_clamp_scalar(at::TensorIteratorBase&, c10::Scalar, c10::Scalar, at::native::detail::ClampLimits)::{lambda()#1}::operator()() const::{lambda()#9}::operator()() const::{lambda(c10::BFloat16)#1}, std::array<char*, 2ul>)",13,operator_shape_matched,"[[6,1,34,46],[]]","[""c10::BFloat16"",""Scalar""]",null,25,44.611
null,aten::copy_,"void at::native::elementwise_kernel<128, 2, at::native::gpu_kernel_impl_nocast<at::native::direct_copy_kernel_cuda(at::TensorIteratorBase&)::{lambda()#3}::operator()() const::{lambda()#4}::operator()() const::{lambda(long)#1}>(at::TensorIteratorBase&, at::native::direct_copy_kernel_cuda(at::TensorIteratorBase&)::{lambda()#3}::operator()() const::{lambda()#4}::operator()() const::{lambda(long)#1} const&)::{lambda(int)#1}>(int, at::native::gpu_kernel_impl_nocast<at::native::direct_copy_kernel_cuda(at::TensorIteratorBase&)::{lambda()#3}::operator()() const::{lambda()#4}::operator()() const::{lambda(long)#1}>(at::TensorIteratorBase&, at::native::direct_copy_kernel_cuda(at::TensorIteratorBase&)::{lambda()#3}::operator()() const::{lambda()#4}::operator()() const::{lambda(long)#1} const&)::{lambda(int)#1})",1,operator_shape_matched,"[[45,391],[45,391],[]]","[""long int"",""long int"",""Scalar""]",null,100,173.053
null,aten::copy_,"void at::native::elementwise_kernel<128, 2, at::native::gpu_kernel_impl_nocast<at::native::direct_copy_kernel_cuda(at::TensorIteratorBase&)::{lambda()#3}::operator()() const::{lambda()#4}::operator()() const::{lambda(long)#1}>(at::TensorIteratorBase&, at::native::direct_copy_kernel_cuda(at::TensorIteratorBase&)::{lambda()#3}::operator()() const::{lambda()#4}::operator()() const::{lambda(long)#1} const&)::{lambda(int)#1}>(int, at::native::gpu_kernel_impl_nocast<at::native::direct_copy_kernel_cuda(at::TensorIteratorBase&)::{lambda()#3}::operator()() const::{lambda()#4}::operator()() const::{lambda(long)#1}>(at::TensorIteratorBase&, at::native::direct_copy_kernel_cuda(at::TensorIteratorBase&)::{lambda()#3}::operator()() const::{lambda()#4}::operator()() const::{lambda(long)#1} const&)::{lambda(int)#1})",2,operator_shape_matched,"[[39,391],[39,391],[]]","[""long int"",""long int"",""Scalar""]",null,100,154.821
null,aten::copy_,"void at::native::elementwise_kernel<128, 2, at::native::gpu_kernel_impl_nocast<at::native::direct_copy_kernel_cuda(at::TensorIteratorBase&)::{lambda()#3}::operator()() const::{lambda()#4}::operator()() const::{lambda(long)#1}>(at::TensorIteratorBase&, at::native::direct_copy_kernel_cuda(at::TensorIteratorBase&)::{lambda()#3}::operator()() const::{lambda()#4}::operator()() const::{lambda(long)#1} const&)::{lambda(int)#1}>(int, at::native::gpu_kernel_impl_nocast<at::native::direct_copy_kernel_cuda(at::TensorIteratorBase&)::{lambda()#3}::operator()() const::{lambda()#4}::operator()() const::{lambda(long)#1}>(at::TensorIteratorBase&, at::native::direct_copy_kernel_cuda(at::TensorIteratorBase&)::{lambda()#3}::operator()() const::{lambda()#4}::operator()() const::{lambda(long)#1} const&)::{lambda(int)#1})",3,operator_shape_matched,"[[27,391],[27,391],[]]","[""long int"",""long int"",""Scalar""]",null,100,154.178
null,aten::copy_,"void at::native::elementwise_kernel<128, 2, at::native::gpu_kernel_impl_nocast<at::native::direct_copy_kernel_cuda(at::TensorIteratorBase&)::{lambda()#3}::operator()() const::{lambda()#4}::operator()() const::{lambda(long)#1}>(at::TensorIteratorBase&, at::native::direct_copy_kernel_cuda(at::TensorIteratorBase&)::{lambda()#3}::operator()() const::{lambda()#4}::operator()() const::{lambda(long)#1} const&)::{lambda(int)#1}>(int, at::native::gpu_kernel_impl_nocast<at::native::direct_copy_kernel_cuda(at::TensorIteratorBase&)::{lambda()#3}::operator()() const::{lambda()#4}::operator()() const::{lambda(long)#1}>(at::TensorIteratorBase&, at::native::direct_copy_kernel_cuda(at::TensorIteratorBase&)::{lambda()#3}::operator()() const::{lambda()#4}::operator()() const::{lambda(long)#1} const&)::{lambda(int)#1})",4,operator_shape_matched,"[[30,391],[30,391],[]]","[""long int"",""long int"",""Scalar""]",null,100,148.288
null,aten::copy_,"void at::native::elementwise_kernel<128, 2, at::native::gpu_kernel_impl_nocast<at::native::direct_copy_kernel_cuda(at::TensorIteratorBase&)::{lambda()#3}::operator()() const::{lambda()#4}::operator()() const::{lambda(long)#1}>(at::TensorIteratorBase&, at::native::direct_copy_kernel_cuda(at::TensorIteratorBase&)::{lambda()#3}::operator()() const::{lambda()#4}::operator()() const::{lambda(long)#1} const&)::{lambda(int)#1}>(int, at::native::gpu_kernel_impl_nocast<at::native::direct_copy_kernel_cuda(at::TensorIteratorBase&)::{lambda()#3}::operator()() const::{lambda()#4}::operator()() const::{lambda(long)#1}>(at::TensorIteratorBase&, at::native::direct_copy_kernel_cuda(at::TensorIteratorBase&)::{lambda()#3}::operator()() const::{lambda()#4}::operator()() const::{lambda(long)#1} const&)::{lambda(int)#1})",5,operator_shape_matched,"[[4,1,1,1],[4,1,1,1],[]]","[""long int"",""long int"",""Scalar""]",null,50,86.815
null,aten::copy_,"void at::native::elementwise_kernel<128, 2, at::native::gpu_kernel_impl_nocast<at::native::direct_copy_kernel_cuda(at::TensorIteratorBase&)::{lambda()#3}::operator()() const::{lambda()#7}::operator()() const::{lambda(float)#1}>(at::TensorIteratorBase&, at::native::direct_copy_kernel_cuda(at::TensorIteratorBase&)::{lambda()#3}::operator()() const::{lambda()#7}::operator()() const::{lambda(float)#1} const&)::{lambda(int)#1}>(int, at::native::gpu_kernel_impl_nocast<at::native::direct_copy_kernel_cuda(at::TensorIteratorBase&)::{lambda()#3}::operator()() const::{lambda()#7}::operator()() const::{lambda(float)#1}>(at::TensorIteratorBase&, at::native::direct_copy_kernel_cuda(at::TensorIteratorBase&)::{lambda()#3}::operator()() const::{lambda()#7}::operator()() const::{lambda(float)#1} const&)::{lambda(int)#1})",1,operator_shape_matched,"[[4,512,136,184],[4,512,136,184],[]]","[""float"",""float"",""Scalar""]",null,137,24484.48
null,aten::copy_,"void at::native::elementwise_kernel<128, 2, at::native::gpu_kernel_impl_nocast<at::native::direct_copy_kernel_cuda(at::TensorIteratorBase&)::{lambda()#3}::operator()() const::{lambda()#7}::operator()() const::{lambda(float)#1}>(at::TensorIteratorBase&, at::native::direct_copy_kernel_cuda(at::TensorIteratorBase&)::{lambda()#3}::operator()() const::{lambda()#7}::operator()() const::{lambda(float)#1} const&)::{lambda(int)#1}>(int, at::native::gpu_kernel_impl_nocast<at::native::direct_copy_kernel_cuda(at::TensorIteratorBase&)::{lambda()#3}::operator()() const::{lambda()#7}::operator()() const::{lambda(float)#1}>(at::TensorIteratorBase&, at::native::direct_copy_kernel_cuda(at::TensorIteratorBase&)::{lambda()#3}::operator()() const::{lambda()#7}::operator()() const::{lambda(float)#1} const&)::{lambda(int)#1})",2,operator_shape_matched,"[[4,1024,68,92],[4,1024,68,92],[]]","[""float"",""float"",""Scalar""]",null,137,12807.783
null,aten::copy_,"void at::native::elementwise_kernel<128, 2, at::native::gpu_kernel_impl_nocast<at::native::direct_copy_kernel_cuda(at::TensorIteratorBase&)::{lambda()#3}::operator()() const::{lambda()#7}::operator()() const::{lambda(float)#1}>(at::TensorIteratorBase&, at::native::direct_copy_kernel_cuda(at::TensorIteratorBase&)::{lambda()#3}::operator()() const::{lambda()#7}::operator()() const::{lambda(float)#1} const&)::{lambda(int)#1}>(int, at::native::gpu_kernel_impl_nocast<at::native::direct_copy_kernel_cuda(at::TensorIteratorBase&)::{lambda()#3}::operator()() const::{lambda()#7}::operator()() const::{lambda(float)#1}>(at::TensorIteratorBase&, at::native::direct_copy_kernel_cuda(at::TensorIteratorBase&)::{lambda()#3}::operator()() const::{lambda()#7}::operator()() const::{lambda(float)#1} const&)::{lambda(int)#1})",3,operator_shape_matched,"[[2,1024,34,46],[2,1024,34,46],[]]","[""float"",""float"",""Scalar""]",null,137,1326.532
null,aten::copy_,"void at::native::elementwise_kernel<128, 2, at::native::gpu_kernel_impl_nocast<at::native::direct_copy_kernel_cuda(at::TensorIteratorBase&)::{lambda()#3}::operator()() const::{lambda()#7}::operator()() const::{lambda(float)#1}>(at::TensorIteratorBase&, at::native::direct_copy_kernel_cuda(at::TensorIteratorBase&)::{lambda()#3}::operator()() const::{lambda()#7}::operator()() const::{lambda(float)#1} const&)::{lambda(int)#1}>(int, at::native::gpu_kernel_impl_nocast<at::native::direct_copy_kernel_cuda(at::TensorIteratorBase&)::{lambda()#3}::operator()() const::{lambda()#7}::operator()() const::{lambda(float)#1}>(at::TensorIteratorBase&, at::native::direct_copy_kernel_cuda(at::TensorIteratorBase&)::{lambda()#3}::operator()() const::{lambda()#7}::operator()() const::{lambda(float)#1} const&)::{lambda(int)#1})",4,operator_shape_matched,"[[1,66503,20],[1,66503,20],[]]","[""float"",""float"",""Scalar""]",null,100,595.396
null,aten::copy_,"void at::native::elementwise_kernel<128, 2, at::native::gpu_kernel_impl_nocast<at::native::direct_copy_kernel_cuda(at::TensorIteratorBase&)::{lambda()#3}::operator()() const::{lambda()#7}::operator()() const::{lambda(float)#1}>(at::TensorIteratorBase&, at::native::direct_copy_kernel_cuda(at::TensorIteratorBase&)::{lambda()#3}::operator()() const::{lambda()#7}::operator()() const::{lambda(float)#1} const&)::{lambda(int)#1}>(int, at::native::gpu_kernel_impl_nocast<at::native::direct_copy_kernel_cuda(at::TensorIteratorBase&)::{lambda()#3}::operator()() const::{lambda()#7}::operator()() const::{lambda(float)#1}>(at::TensorIteratorBase&, at::native::direct_copy_kernel_cuda(at::TensorIteratorBase&)::{lambda()#3}::operator()() const::{lambda()#7}::operator()() const::{lambda(float)#1} const&)::{lambda(int)#1})",5,operator_shape_matched,"[[1,56049,20],[1,56049,20],[]]","[""float"",""float"",""Scalar""]",null,100,472.863
null,aten::copy_,"void at::native::elementwise_kernel<128, 2, at::native::gpu_kernel_impl_nocast<at::native::direct_copy_kernel_cuda(at::TensorIteratorBase&)::{lambda()#3}::operator()() const::{lambda()#7}::operator()() const::{lambda(float)#1}>(at::TensorIteratorBase&, at::native::direct_copy_kernel_cuda(at::TensorIteratorBase&)::{lambda()#3}::operator()() const::{lambda()#7}::operator()() const::{lambda(float)#1} const&)::{lambda(int)#1}>(int, at::native::gpu_kernel_impl_nocast<at::native::direct_copy_kernel_cuda(at::TensorIteratorBase&)::{lambda()#3}::operator()() const::{lambda()#7}::operator()() const::{lambda(float)#1}>(at::TensorIteratorBase&, at::native::direct_copy_kernel_cuda(at::TensorIteratorBase&)::{lambda()#3}::operator()() const::{lambda()#7}::operator()() const::{lambda(float)#1} const&)::{lambda(int)#1})",6,operator_shape_matched,"[[55131],[55131],[]]","[""float"",""float"",""Scalar""]",null,100,185.062
null,aten::copy_,"void at::native::elementwise_kernel<128, 4, at::native::gpu_kernel_impl<at::native::direct_copy_kernel_cuda(at::TensorIteratorBase&)::{lambda()#3}::operator()() const::{lambda()#7}::operator()() const::{lambda(float)#1}>(at::TensorIteratorBase&, at::native::direct_copy_kernel_cuda(at::TensorIteratorBase&)::{lambda()#3}::operator()() const::{lambda()#7}::operator()() const::{lambda(float)#1} const&)::{lambda(int)#1}>(int, at::native::gpu_kernel_impl<at::native::direct_copy_kernel_cuda(at::TensorIteratorBase&)::{lambda()#3}::operator()() const::{lambda()#7}::operator()() const::{lambda(float)#1}>(at::TensorIteratorBase&, at::native::direct_copy_kernel_cuda(at::TensorIteratorBase&)::{lambda()#3}::operator()() const::{lambda()#7}::operator()() const::{lambda(float)#1} const&)::{lambda(int)#1})",1,operator_shape_matched,"[[1,48,45,34,46],[1,48,45,34,46],[]]","[""float"",""c10::BFloat16"",""Scalar""]",null,1,11.936
null,aten::copy_,"void at::native::elementwise_kernel<128, 4, at::native::gpu_kernel_impl<at::native::direct_copy_kernel_cuda(at::TensorIteratorBase&)::{lambda()#3}::operator()() const::{lambda()#7}::operator()() const::{lambda(float)#1}>(at::TensorIteratorBase&, at::native::direct_copy_kernel_cuda(at::TensorIteratorBase&)::{lambda()#3}::operator()() const::{lambda()#7}::operator()() const::{lambda(float)#1} const&)::{lambda(int)#1}>(int, at::native::gpu_kernel_impl<at::native::direct_copy_kernel_cuda(at::TensorIteratorBase&)::{lambda()#3}::operator()() const::{lambda()#7}::operator()() const::{lambda(float)#1}>(at::TensorIteratorBase&, at::native::direct_copy_kernel_cuda(at::TensorIteratorBase&)::{lambda()#3}::operator()() const::{lambda()#7}::operator()() const::{lambda(float)#1} const&)::{lambda(int)#1})",2,operator_shape_matched,"[[1,48,39,34,46],[1,48,39,34,46],[]]","[""float"",""c10::BFloat16"",""Scalar""]",null,1,10.624
null,aten::copy_,"void at::native::elementwise_kernel<128, 4, at::native::gpu_kernel_impl<at::native::direct_copy_kernel_cuda(at::TensorIteratorBase&)::{lambda()#3}::operator()() const::{lambda()#7}::operator()() const::{lambda(float)#1}>(at::TensorIteratorBase&, at::native::direct_copy_kernel_cuda(at::TensorIteratorBase&)::{lambda()#3}::operator()() const::{lambda()#7}::operator()() const::{lambda(float)#1} const&)::{lambda(int)#1}>(int, at::native::gpu_kernel_impl<at::native::direct_copy_kernel_cuda(at::TensorIteratorBase&)::{lambda()#3}::operator()() const::{lambda()#7}::operator()() const::{lambda(float)#1}>(at::TensorIteratorBase&, at::native::direct_copy_kernel_cuda(at::TensorIteratorBase&)::{lambda()#3}::operator()() const::{lambda()#7}::operator()() const::{lambda(float)#1} const&)::{lambda(int)#1})",3,operator_shape_matched,"[[1,48,30,34,46],[1,48,30,34,46],[]]","[""float"",""c10::BFloat16"",""Scalar""]",null,1,8.992
null,aten::copy_,"void at::native::elementwise_kernel<128, 4, at::native::gpu_kernel_impl<at::native::direct_copy_kernel_cuda(at::TensorIteratorBase&)::{lambda()#3}::operator()() const::{lambda()#7}::operator()() const::{lambda(float)#1}>(at::TensorIteratorBase&, at::native::direct_copy_kernel_cuda(at::TensorIteratorBase&)::{lambda()#3}::operator()() const::{lambda()#7}::operator()() const::{lambda(float)#1} const&)::{lambda(int)#1}>(int, at::native::gpu_kernel_impl<at::native::direct_copy_kernel_cuda(at::TensorIteratorBase&)::{lambda()#3}::operator()() const::{lambda()#7}::operator()() const::{lambda(float)#1}>(at::TensorIteratorBase&, at::native::direct_copy_kernel_cuda(at::TensorIteratorBase&)::{lambda()#3}::operator()() const::{lambda()#7}::operator()() const::{lambda(float)#1} const&)::{lambda(int)#1})",4,operator_shape_matched,"[[1,48,27,34,46],[1,48,27,34,46],[]]","[""float"",""c10::BFloat16"",""Scalar""]",null,1,8.352
null,aten::copy_,"void at::native::elementwise_kernel<128, 4, at::native::gpu_kernel_impl_nocast<at::native::direct_copy_kernel_cuda(at::TensorIteratorBase&)::{lambda()#3}::operator()() const::{lambda()#12}::operator()() const::{lambda(c10::BFloat16)#1}>(at::TensorIteratorBase&, at::native::direct_copy_kernel_cuda(at::TensorIteratorBase&)::{lambda()#3}::operator()() const::{lambda()#12}::operator()() const::{lambda(c10::BFloat16)#1} const&)::{lambda(int)#1}>(int, at::native::gpu_kernel_impl_nocast<at::native::direct_copy_kernel_cuda(at::TensorIteratorBase&)::{lambda()#3}::operator()() const::{lambda()#12}::operator()() const::{lambda(c10::BFloat16)#1}>(at::TensorIteratorBase&, at::native::direct_copy_kernel_cuda(at::TensorIteratorBase&)::{lambda()#3}::operator()() const::{lambda()#12}::operator()() const::{lambda(c10::BFloat16)#1} const&)::{lambda(int)#1})",1,operator_shape_matched,"[[1,256,6,272,368],[1,256,6,272,368],[]]","[""c10::BFloat16"",""c10::BFloat16"",""Scalar""]",null,798,343436.704
null,aten::copy_,"void at::native::elementwise_kernel<128, 4, at::native::gpu_kernel_impl_nocast<at::native::direct_copy_kernel_cuda(at::TensorIteratorBase&)::{lambda()#3}::operator()() const::{lambda()#12}::operator()() const::{lambda(c10::BFloat16)#1}>(at::TensorIteratorBase&, at::native::direct_copy_kernel_cuda(at::TensorIteratorBase&)::{lambda()#3}::operator()() const::{lambda()#12}::operator()() const::{lambda(c10::BFloat16)#1} const&)::{lambda(int)#1}>(int, at::native::gpu_kernel_impl_nocast<at::native::direct_copy_kernel_cuda(at::TensorIteratorBase&)::{lambda()#3}::operator()() const::{lambda()#12}::operator()() const::{lambda(c10::BFloat16)#1}>(at::TensorIteratorBase&, at::native::direct_copy_kernel_cuda(at::TensorIteratorBase&)::{lambda()#3}::operator()() const::{lambda()#12}::operator()() const::{lambda(c10::BFloat16)#1} const&)::{lambda(int)#1})",2,operator_shape_matched,"[[1,512,6,136,184],[1,512,6,136,184],[]]","[""c10::BFloat16"",""c10::BFloat16"",""Scalar""]",null,665,146677.818
null,aten::copy_,"void at::native::elementwise_kernel<128, 4, at::native::gpu_kernel_impl_nocast<at::native::direct_copy_kernel_cuda(at::TensorIteratorBase&)::{lambda()#3}::operator()() const::{lambda()#12}::operator()() const::{lambda(c10::BFloat16)#1}>(at::TensorIteratorBase&, at::native::direct_copy_kernel_cuda(at::TensorIteratorBase&)::{lambda()#3}::operator()() const::{lambda()#12}::operator()() const::{lambda(c10::BFloat16)#1} const&)::{lambda(int)#1}>(int, at::native::gpu_kernel_impl_nocast<at::native::direct_copy_kernel_cuda(at::TensorIteratorBase&)::{lambda()#3}::operator()() const::{lambda()#12}::operator()() const::{lambda(c10::BFloat16)#1}>(at::TensorIteratorBase&, at::native::direct_copy_kernel_cuda(at::TensorIteratorBase&)::{lambda()#3}::operator()() const::{lambda()#12}::operator()() const::{lambda(c10::BFloat16)#1} const&)::{lambda(int)#1})",3,operator_shape_matched,"[[1,512,6,272,368],[1,512,6,272,368],[]]","[""c10::BFloat16"",""c10::BFloat16"",""Scalar""]",null,133,114332.824
null,aten::copy_,"void at::native::elementwise_kernel<128, 4, at::native::gpu_kernel_impl_nocast<at::native::direct_copy_kernel_cuda(at::TensorIteratorBase&)::{lambda()#3}::operator()() const::{lambda()#12}::operator()() const::{lambda(c10::BFloat16)#1}>(at::TensorIteratorBase&, at::native::direct_copy_kernel_cuda(at::TensorIteratorBase&)::{lambda()#3}::operator()() const::{lambda()#12}::operator()() const::{lambda(c10::BFloat16)#1} const&)::{lambda(int)#1}>(int, at::native::gpu_kernel_impl_nocast<at::native::direct_copy_kernel_cuda(at::TensorIteratorBase&)::{lambda()#3}::operator()() const::{lambda()#12}::operator()() const::{lambda(c10::BFloat16)#1}>(at::TensorIteratorBase&, at::native::direct_copy_kernel_cuda(at::TensorIteratorBase&)::{lambda()#3}::operator()() const::{lambda()#12}::operator()() const::{lambda(c10::BFloat16)#1} const&)::{lambda(int)#1})",4,operator_shape_matched,"[[1,256,2,272,368],[1,256,2,272,368],[]]","[""c10::BFloat16"",""c10::BFloat16"",""Scalar""]",null,822,110467.182
null,aten::copy_,"void at::native::elementwise_kernel<128, 4, at::native::gpu_kernel_impl_nocast<at::native::direct_copy_kernel_cuda(at::TensorIteratorBase&)::{lambda()#3}::operator()() const::{lambda()#12}::operator()() const::{lambda(c10::BFloat16)#1}>(at::TensorIteratorBase&, at::native::direct_copy_kernel_cuda(at::TensorIteratorBase&)::{lambda()#3}::operator()() const::{lambda()#12}::operator()() const::{lambda(c10::BFloat16)#1} const&)::{lambda(int)#1}>(int, at::native::gpu_kernel_impl_nocast<at::native::direct_copy_kernel_cuda(at::TensorIteratorBase&)::{lambda()#3}::operator()() const::{lambda()#12}::operator()() const::{lambda(c10::BFloat16)#1}>(at::TensorIteratorBase&, at::native::direct_copy_kernel_cuda(at::TensorIteratorBase&)::{lambda()#3}::operator()() const::{lambda()#12}::operator()() const::{lambda(c10::BFloat16)#1} const&)::{lambda(int)#1})",5,operator_shape_matched,"[[1,160,26,272,368],[1,160,26,272,368],[]]","[""c10::BFloat16"",""c10::BFloat16"",""Scalar""]",null,84,96189.824
null,aten::copy_,"void at::native::elementwise_kernel<128, 4, at::native::gpu_kernel_impl_nocast<at::native::direct_copy_kernel_cuda(at::TensorIteratorBase&)::{lambda()#3}::operator()() const::{lambda()#12}::operator()() const::{lambda(c10::BFloat16)#1}>(at::TensorIteratorBase&, at::native::direct_copy_kernel_cuda(at::TensorIteratorBase&)::{lambda()#3}::operator()() const::{lambda()#12}::operator()() const::{lambda(c10::BFloat16)#1} const&)::{lambda(int)#1}>(int, at::native::gpu_kernel_impl_nocast<at::native::direct_copy_kernel_cuda(at::TensorIteratorBase&)::{lambda()#3}::operator()() const::{lambda()#12}::operator()() const::{lambda(c10::BFloat16)#1}>(at::TensorIteratorBase&, at::native::direct_copy_kernel_cuda(at::TensorIteratorBase&)::{lambda()#3}::operator()() const::{lambda()#12}::operator()() const::{lambda(c10::BFloat16)#1} const&)::{lambda(int)#1})",6,operator_shape_matched,"[[1,512,4,1,136,2,184,2],[1,512,4,1,136,2,184,2],[]]","[""c10::BFloat16"",""c10::BFloat16"",""Scalar""]",null,137,90534.594
null,aten::copy_,"void at::native::elementwise_kernel<128, 4, at::native::gpu_kernel_impl_nocast<at::native::direct_copy_kernel_cuda(at::TensorIteratorBase&)::{lambda()#3}::operator()() const::{lambda()#12}::operator()() const::{lambda(c10::BFloat16)#1}>(at::TensorIteratorBase&, at::native::direct_copy_kernel_cuda(at::TensorIteratorBase&)::{lambda()#3}::operator()() const::{lambda()#12}::operator()() const::{lambda(c10::BFloat16)#1} const&)::{lambda(int)#1}>(int, at::native::gpu_kernel_impl_nocast<at::native::direct_copy_kernel_cuda(at::TensorIteratorBase&)::{lambda()#3}::operator()() const::{lambda()#12}::operator()() const::{lambda(c10::BFloat16)#1}>(at::TensorIteratorBase&, at::native::direct_copy_kernel_cuda(at::TensorIteratorBase&)::{lambda()#3}::operator()() const::{lambda()#12}::operator()() const::{lambda(c10::BFloat16)#1} const&)::{lambda(int)#1})",7,operator_shape_matched,"[[1,512,4,272,368],[1,512,4,272,368],[]]","[""c10::BFloat16"",""c10::BFloat16"",""Scalar""]",null,137,76947.127
null,aten::copy_,"void at::native::elementwise_kernel<128, 4, at::native::gpu_kernel_impl_nocast<at::native::direct_copy_kernel_cuda(at::TensorIteratorBase&)::{lambda()#3}::operator()() const::{lambda()#12}::operator()() const::{lambda(c10::BFloat16)#1}>(at::TensorIteratorBase&, at::native::direct_copy_kernel_cuda(at::TensorIteratorBase&)::{lambda()#3}::operator()() const::{lambda()#12}::operator()() const::{lambda(c10::BFloat16)#1} const&)::{lambda(int)#1}>(int, at::native::gpu_kernel_impl_nocast<at::native::direct_copy_kernel_cuda(at::TensorIteratorBase&)::{lambda()#3}::operator()() const::{lambda()#12}::operator()() const::{lambda(c10::BFloat16)#1}>(at::TensorIteratorBase&, at::native::direct_copy_kernel_cuda(at::TensorIteratorBase&)::{lambda()#3}::operator()() const::{lambda()#12}::operator()() const::{lambda(c10::BFloat16)#1} const&)::{lambda(int)#1})",8,operator_shape_matched,"[[1,1024,2,4,136,184],[1,1024,2,4,136,184],[]]","[""c10::BFloat16"",""c10::BFloat16"",""Scalar""]",null,137,76840.185
null,aten::copy_,"void at::native::elementwise_kernel<128, 4, at::native::gpu_kernel_impl_nocast<at::native::direct_copy_kernel_cuda(at::TensorIteratorBase&)::{lambda()#3}::operator()() const::{lambda()#12}::operator()() const::{lambda(c10::BFloat16)#1}>(at::TensorIteratorBase&, at::native::direct_copy_kernel_cuda(at::TensorIteratorBase&)::{lambda()#3}::operator()() const::{lambda()#12}::operator()() const::{lambda(c10::BFloat16)#1} const&)::{lambda(int)#1}>(int, at::native::gpu_kernel_impl_nocast<at::native::direct_copy_kernel_cuda(at::TensorIteratorBase&)::{lambda()#3}::operator()() const::{lambda()#12}::operator()() const::{lambda(c10::BFloat16)#1}>(at::TensorIteratorBase&, at::native::direct_copy_kernel_cuda(at::TensorIteratorBase&)::{lambda()#3}::operator()() const::{lambda()#12}::operator()() const::{lambda(c10::BFloat16)#1} const&)::{lambda(int)#1})",9,operator_shape_matched,"[[1,1024,4,68,92],[1,1024,4,68,92],[]]","[""c10::BFloat16"",""c10::BFloat16"",""Scalar""]",null,798,63625.517
null,aten::copy_,"void at::native::elementwise_kernel<128, 4, at::native::gpu_kernel_impl_nocast<at::native::direct_copy_kernel_cuda(at::TensorIteratorBase&)::{lambda()#3}::operator()() const::{lambda()#12}::operator()() const::{lambda(c10::BFloat16)#1}>(at::TensorIteratorBase&, at::native::direct_copy_kernel_cuda(at::TensorIteratorBase&)::{lambda()#3}::operator()() const::{lambda()#12}::operator()() const::{lambda(c10::BFloat16)#1} const&)::{lambda(int)#1}>(int, at::native::gpu_kernel_impl_nocast<at::native::direct_copy_kernel_cuda(at::TensorIteratorBase&)::{lambda()#3}::operator()() const::{lambda()#12}::operator()() const::{lambda(c10::BFloat16)#1}>(at::TensorIteratorBase&, at::native::direct_copy_kernel_cuda(at::TensorIteratorBase&)::{lambda()#3}::operator()() const::{lambda()#12}::operator()() const::{lambda(c10::BFloat16)#1} const&)::{lambda(int)#1})",10,operator_shape_matched,"[[1,1024,6,136,184],[1,1024,6,136,184],[]]","[""c10::BFloat16"",""c10::BFloat16"",""Scalar""]",null,133,58049.494
null,aten::copy_,"void at::native::elementwise_kernel<128, 4, at::native::gpu_kernel_impl_nocast<at::native::direct_copy_kernel_cuda(at::TensorIteratorBase&)::{lambda()#3}::operator()() const::{lambda()#12}::operator()() const::{lambda(c10::BFloat16)#1}>(at::TensorIteratorBase&, at::native::direct_copy_kernel_cuda(at::TensorIteratorBase&)::{lambda()#3}::operator()() const::{lambda()#12}::operator()() const::{lambda(c10::BFloat16)#1} const&)::{lambda(int)#1}>(int, at::native::gpu_kernel_impl_nocast<at::native::direct_copy_kernel_cuda(at::TensorIteratorBase&)::{lambda()#3}::operator()() const::{lambda()#12}::operator()() const::{lambda(c10::BFloat16)#1}>(at::TensorIteratorBase&, at::native::direct_copy_kernel_cuda(at::TensorIteratorBase&)::{lambda()#3}::operator()() const::{lambda()#12}::operator()() const::{lambda(c10::BFloat16)#1} const&)::{lambda(int)#1})",11,operator_shape_matched,"[[1,1024,2,2,68,2,92,2],[1,1024,2,2,68,2,92,2],[]]","[""c10::BFloat16"",""c10::BFloat16"",""Scalar""]",null,137,57408.84
null,aten::copy_,"void at::native::elementwise_kernel<128, 4, at::native::gpu_kernel_impl_nocast<at::native::direct_copy_kernel_cuda(at::TensorIteratorBase&)::{lambda()#3}::operator()() const::{lambda()#12}::operator()() const::{lambda(c10::BFloat16)#1}>(at::TensorIteratorBase&, at::native::direct_copy_kernel_cuda(at::TensorIteratorBase&)::{lambda()#3}::operator()() const::{lambda()#12}::operator()() const::{lambda(c10::BFloat16)#1} const&)::{lambda(int)#1}>(int, at::native::gpu_kernel_impl_nocast<at::native::direct_copy_kernel_cuda(at::TensorIteratorBase&)::{lambda()#3}::operator()() const::{lambda()#12}::operator()() const::{lambda(c10::BFloat16)#1}>(at::TensorIteratorBase&, at::native::direct_copy_kernel_cuda(at::TensorIteratorBase&)::{lambda()#3}::operator()() const::{lambda()#12}::operator()() const::{lambda(c10::BFloat16)#1} const&)::{lambda(int)#1})",12,operator_shape_matched,"[[1,512,2,136,184],[1,512,2,136,184],[]]","[""c10::BFloat16"",""c10::BFloat16"",""Scalar""]",null,685,47218.98
null,aten::copy_,"void at::native::elementwise_kernel<128, 4, at::native::gpu_kernel_impl_nocast<at::native::direct_copy_kernel_cuda(at::TensorIteratorBase&)::{lambda()#3}::operator()() const::{lambda()#12}::operator()() const::{lambda(c10::BFloat16)#1}>(at::TensorIteratorBase&, at::native::direct_copy_kernel_cuda(at::TensorIteratorBase&)::{lambda()#3}::operator()() const::{lambda()#12}::operator()() const::{lambda(c10::BFloat16)#1} const&)::{lambda(int)#1}>(int, at::native::gpu_kernel_impl_nocast<at::native::direct_copy_kernel_cuda(at::TensorIteratorBase&)::{lambda()#3}::operator()() const::{lambda()#12}::operator()() const::{lambda(c10::BFloat16)#1}>(at::TensorIteratorBase&, at::native::direct_copy_kernel_cuda(at::TensorIteratorBase&)::{lambda()#3}::operator()() const::{lambda()#12}::operator()() const::{lambda(c10::BFloat16)#1} const&)::{lambda(int)#1})",13,operator_shape_matched,"[[1,512,2,272,368],[1,512,2,272,368],[]]","[""c10::BFloat16"",""c10::BFloat16"",""Scalar""]",null,137,38760.718
null,aten::copy_,"void at::native::elementwise_kernel<128, 4, at::native::gpu_kernel_impl_nocast<at::native::direct_copy_kernel_cuda(at::TensorIteratorBase&)::{lambda()#3}::operator()() const::{lambda()#12}::operator()() const::{lambda(c10::BFloat16)#1}>(at::TensorIteratorBase&, at::native::direct_copy_kernel_cuda(at::TensorIteratorBase&)::{lambda()#3}::operator()() const::{lambda()#12}::operator()() const::{lambda(c10::BFloat16)#1} const&)::{lambda(int)#1}>(int, at::native::gpu_kernel_impl_nocast<at::native::direct_copy_kernel_cuda(at::TensorIteratorBase&)::{lambda()#3}::operator()() const::{lambda()#12}::operator()() const::{lambda(c10::BFloat16)#1}>(at::TensorIteratorBase&, at::native::direct_copy_kernel_cuda(at::TensorIteratorBase&)::{lambda()#3}::operator()() const::{lambda()#12}::operator()() const::{lambda(c10::BFloat16)#1} const&)::{lambda(int)#1})",14,operator_shape_matched,"[[1,1024,4,136,184],[1,1024,4,136,184],[]]","[""c10::BFloat16"",""c10::BFloat16"",""Scalar""]",null,137,38669.773
null,aten::copy_,"void at::native::elementwise_kernel<128, 4, at::native::gpu_kernel_impl_nocast<at::native::direct_copy_kernel_cuda(at::TensorIteratorBase&)::{lambda()#3}::operator()() const::{lambda()#12}::operator()() const::{lambda(c10::BFloat16)#1}>(at::TensorIteratorBase&, at::native::direct_copy_kernel_cuda(at::TensorIteratorBase&)::{lambda()#3}::operator()() const::{lambda()#12}::operator()() const::{lambda(c10::BFloat16)#1} const&)::{lambda(int)#1}>(int, at::native::gpu_kernel_impl_nocast<at::native::direct_copy_kernel_cuda(at::TensorIteratorBase&)::{lambda()#3}::operator()() const::{lambda()#12}::operator()() const::{lambda(c10::BFloat16)#1}>(at::TensorIteratorBase&, at::native::direct_copy_kernel_cuda(at::TensorIteratorBase&)::{lambda()#3}::operator()() const::{lambda()#12}::operator()() const::{lambda(c10::BFloat16)#1} const&)::{lambda(int)#1})",15,operator_shape_matched,"[[1,1024,8,2,68,92],[1,1024,8,2,68,92],[]]","[""c10::BFloat16"",""c10::BFloat16"",""Scalar""]",null,137,38042.02
null,aten::copy_,"void at::native::elementwise_kernel<128, 4, at::native::gpu_kernel_impl_nocast<at::native::direct_copy_kernel_cuda(at::TensorIteratorBase&)::{lambda()#3}::operator()() const::{lambda()#12}::operator()() const::{lambda(c10::BFloat16)#1}>(at::TensorIteratorBase&, at::native::direct_copy_kernel_cuda(at::TensorIteratorBase&)::{lambda()#3}::operator()() const::{lambda()#12}::operator()() const::{lambda(c10::BFloat16)#1} const&)::{lambda(int)#1}>(int, at::native::gpu_kernel_impl_nocast<at::native::direct_copy_kernel_cuda(at::TensorIteratorBase&)::{lambda()#3}::operator()() const::{lambda()#12}::operator()() const::{lambda(c10::BFloat16)#1}>(at::TensorIteratorBase&, at::native::direct_copy_kernel_cuda(at::TensorIteratorBase&)::{lambda()#3}::operator()() const::{lambda()#12}::operator()() const::{lambda(c10::BFloat16)#1} const&)::{lambda(int)#1})",16,operator_shape_matched,"[[1,320,26,136,184],[1,320,26,136,184],[]]","[""c10::BFloat16"",""c10::BFloat16"",""Scalar""]",null,63,36972.147
null,aten::copy_,"void at::native::elementwise_kernel<128, 4, at::native::gpu_kernel_impl_nocast<at::native::direct_copy_kernel_cuda(at::TensorIteratorBase&)::{lambda()#3}::operator()() const::{lambda()#12}::operator()() const::{lambda(c10::BFloat16)#1}>(at::TensorIteratorBase&, at::native::direct_copy_kernel_cuda(at::TensorIteratorBase&)::{lambda()#3}::operator()() const::{lambda()#12}::operator()() const::{lambda(c10::BFloat16)#1} const&)::{lambda(int)#1}>(int, at::native::gpu_kernel_impl_nocast<at::native::direct_copy_kernel_cuda(at::TensorIteratorBase&)::{lambda()#3}::operator()() const::{lambda()#12}::operator()() const::{lambda(c10::BFloat16)#1}>(at::TensorIteratorBase&, at::native::direct_copy_kernel_cuda(at::TensorIteratorBase&)::{lambda()#3}::operator()() const::{lambda()#12}::operator()() const::{lambda(c10::BFloat16)#1} const&)::{lambda(int)#1})",17,operator_shape_matched,"[[1,160,1,2,2,24,136,184],[1,160,1,2,2,24,136,184],[]]","[""c10::BFloat16"",""c10::BFloat16"",""Scalar""]",null,25,30103.663
null,aten::copy_,"void at::native::elementwise_kernel<128, 4, at::native::gpu_kernel_impl_nocast<at::native::direct_copy_kernel_cuda(at::TensorIteratorBase&)::{lambda()#3}::operator()() const::{lambda()#12}::operator()() const::{lambda(c10::BFloat16)#1}>(at::TensorIteratorBase&, at::native::direct_copy_kernel_cuda(at::TensorIteratorBase&)::{lambda()#3}::operator()() const::{lambda()#12}::operator()() const::{lambda(c10::BFloat16)#1} const&)::{lambda(int)#1}>(int, at::native::gpu_kernel_impl_nocast<at::native::direct_copy_kernel_cuda(at::TensorIteratorBase&)::{lambda()#3}::operator()() const::{lambda()#12}::operator()() const::{lambda(c10::BFloat16)#1}>(at::TensorIteratorBase&, at::native::direct_copy_kernel_cuda(at::TensorIteratorBase&)::{lambda()#3}::operator()() const::{lambda()#12}::operator()() const::{lambda(c10::BFloat16)#1} const&)::{lambda(int)#1})",18,operator_shape_matched,"[[24,160,272,368],[24,160,272,368],[]]","[""c10::BFloat16"",""c10::BFloat16"",""Scalar""]",null,25,28595.588
null,aten::copy_,"void at::native::elementwise_kernel<128, 4, at::native::gpu_kernel_impl_nocast<at::native::direct_copy_kernel_cuda(at::TensorIteratorBase&)::{lambda()#3}::operator()() const::{lambda()#12}::operator()() const::{lambda(c10::BFloat16)#1}>(at::TensorIteratorBase&, at::native::direct_copy_kernel_cuda(at::TensorIteratorBase&)::{lambda()#3}::operator()() const::{lambda()#12}::operator()() const::{lambda(c10::BFloat16)#1} const&)::{lambda(int)#1}>(int, at::native::gpu_kernel_impl_nocast<at::native::direct_copy_kernel_cuda(at::TensorIteratorBase&)::{lambda()#3}::operator()() const::{lambda()#12}::operator()() const::{lambda(c10::BFloat16)#1}>(at::TensorIteratorBase&, at::native::direct_copy_kernel_cuda(at::TensorIteratorBase&)::{lambda()#3}::operator()() const::{lambda()#12}::operator()() const::{lambda(c10::BFloat16)#1} const&)::{lambda(int)#1})",19,operator_shape_matched,"[[1,1024,2,136,184],[1,1024,2,136,184],[]]","[""c10::BFloat16"",""c10::BFloat16"",""Scalar""]",null,137,19580.365
null,aten::copy_,"void at::native::elementwise_kernel<128, 4, at::native::gpu_kernel_impl_nocast<at::native::direct_copy_kernel_cuda(at::TensorIteratorBase&)::{lambda()#3}::operator()() const::{lambda()#12}::operator()() const::{lambda(c10::BFloat16)#1}>(at::TensorIteratorBase&, at::native::direct_copy_kernel_cuda(at::TensorIteratorBase&)::{lambda()#3}::operator()() const::{lambda()#12}::operator()() const::{lambda(c10::BFloat16)#1} const&)::{lambda(int)#1}>(int, at::native::gpu_kernel_impl_nocast<at::native::direct_copy_kernel_cuda(at::TensorIteratorBase&)::{lambda()#3}::operator()() const::{lambda()#12}::operator()() const::{lambda(c10::BFloat16)#1}>(at::TensorIteratorBase&, at::native::direct_copy_kernel_cuda(at::TensorIteratorBase&)::{lambda()#3}::operator()() const::{lambda()#12}::operator()() const::{lambda(c10::BFloat16)#1} const&)::{lambda(int)#1})",20,operator_shape_matched,"[[1,160,25,272,368],[1,160,25,272,368],[]]","[""c10::BFloat16"",""c10::BFloat16"",""Scalar""]",null,16,19019.041
null,aten::copy_,"void at::native::elementwise_kernel<128, 4, at::native::gpu_kernel_impl_nocast<at::native::direct_copy_kernel_cuda(at::TensorIteratorBase&)::{lambda()#3}::operator()() const::{lambda()#12}::operator()() const::{lambda(c10::BFloat16)#1}>(at::TensorIteratorBase&, at::native::direct_copy_kernel_cuda(at::TensorIteratorBase&)::{lambda()#3}::operator()() const::{lambda()#12}::operator()() const::{lambda(c10::BFloat16)#1} const&)::{lambda(int)#1}>(int, at::native::gpu_kernel_impl_nocast<at::native::direct_copy_kernel_cuda(at::TensorIteratorBase&)::{lambda()#3}::operator()() const::{lambda()#12}::operator()() const::{lambda(c10::BFloat16)#1}>(at::TensorIteratorBase&, at::native::direct_copy_kernel_cuda(at::TensorIteratorBase&)::{lambda()#3}::operator()() const::{lambda()#12}::operator()() const::{lambda(c10::BFloat16)#1} const&)::{lambda(int)#1})",21,operator_shape_matched,"[[1,1024,3,34,46],[1,1024,3,34,46],[]]","[""c10::BFloat16"",""c10::BFloat16"",""Scalar""]",null,1330,17033.87
null,aten::copy_,"void at::native::elementwise_kernel<128, 4, at::native::gpu_kernel_impl_nocast<at::native::direct_copy_kernel_cuda(at::TensorIteratorBase&)::{lambda()#3}::operator()() const::{lambda()#12}::operator()() const::{lambda(c10::BFloat16)#1}>(at::TensorIteratorBase&, at::native::direct_copy_kernel_cuda(at::TensorIteratorBase&)::{lambda()#3}::operator()() const::{lambda()#12}::operator()() const::{lambda(c10::BFloat16)#1} const&)::{lambda(int)#1}>(int, at::native::gpu_kernel_impl_nocast<at::native::direct_copy_kernel_cuda(at::TensorIteratorBase&)::{lambda()#3}::operator()() const::{lambda()#12}::operator()() const::{lambda(c10::BFloat16)#1}>(at::TensorIteratorBase&, at::native::direct_copy_kernel_cuda(at::TensorIteratorBase&)::{lambda()#3}::operator()() const::{lambda()#12}::operator()() const::{lambda(c10::BFloat16)#1} const&)::{lambda(int)#1})",22,operator_shape_matched,"[[24,320,136,184],[24,320,136,184],[]]","[""c10::BFloat16"",""c10::BFloat16"",""Scalar""]",null,25,14722.484
null,aten::copy_,"void at::native::elementwise_kernel<128, 4, at::native::gpu_kernel_impl_nocast<at::native::direct_copy_kernel_cuda(at::TensorIteratorBase&)::{lambda()#3}::operator()() const::{lambda()#12}::operator()() const::{lambda(c10::BFloat16)#1}>(at::TensorIteratorBase&, at::native::direct_copy_kernel_cuda(at::TensorIteratorBase&)::{lambda()#3}::operator()() const::{lambda()#12}::operator()() const::{lambda(c10::BFloat16)#1} const&)::{lambda(int)#1}>(int, at::native::gpu_kernel_impl_nocast<at::native::direct_copy_kernel_cuda(at::TensorIteratorBase&)::{lambda()#3}::operator()() const::{lambda()#12}::operator()() const::{lambda(c10::BFloat16)#1}>(at::TensorIteratorBase&, at::native::direct_copy_kernel_cuda(at::TensorIteratorBase&)::{lambda()#3}::operator()() const::{lambda()#12}::operator()() const::{lambda(c10::BFloat16)#1} const&)::{lambda(int)#1})",23,operator_shape_matched,"[[1,640,14,68,92],[1,640,14,68,92],[]]","[""c10::BFloat16"",""c10::BFloat16"",""Scalar""]",null,63,10626.698
null,aten::copy_,"void at::native::elementwise_kernel<128, 4, at::native::gpu_kernel_impl_nocast<at::native::direct_copy_kernel_cuda(at::TensorIteratorBase&)::{lambda()#3}::operator()() const::{lambda()#12}::operator()() const::{lambda(c10::BFloat16)#1}>(at::TensorIteratorBase&, at::native::direct_copy_kernel_cuda(at::TensorIteratorBase&)::{lambda()#3}::operator()() const::{lambda()#12}::operator()() const::{lambda(c10::BFloat16)#1} const&)::{lambda(int)#1}>(int, at::native::gpu_kernel_impl_nocast<at::native::direct_copy_kernel_cuda(at::TensorIteratorBase&)::{lambda()#3}::operator()() const::{lambda()#12}::operator()() const::{lambda(c10::BFloat16)#1}>(at::TensorIteratorBase&, at::native::direct_copy_kernel_cuda(at::TensorIteratorBase&)::{lambda()#3}::operator()() const::{lambda()#12}::operator()() const::{lambda(c10::BFloat16)#1} const&)::{lambda(int)#1})",24,operator_shape_matched,"[[1,160,2,2,2,12,68,92],[1,160,2,2,2,12,68,92],[]]","[""c10::BFloat16"",""c10::BFloat16"",""Scalar""]",null,25,9626.815
null,aten::copy_,"void at::native::elementwise_kernel<128, 4, at::native::gpu_kernel_impl_nocast<at::native::direct_copy_kernel_cuda(at::TensorIteratorBase&)::{lambda()#3}::operator()() const::{lambda()#12}::operator()() const::{lambda(c10::BFloat16)#1}>(at::TensorIteratorBase&, at::native::direct_copy_kernel_cuda(at::TensorIteratorBase&)::{lambda()#3}::operator()() const::{lambda()#12}::operator()() const::{lambda(c10::BFloat16)#1} const&)::{lambda(int)#1}>(int, at::native::gpu_kernel_impl_nocast<at::native::direct_copy_kernel_cuda(at::TensorIteratorBase&)::{lambda()#3}::operator()() const::{lambda()#12}::operator()() const::{lambda(c10::BFloat16)#1}>(at::TensorIteratorBase&, at::native::direct_copy_kernel_cuda(at::TensorIteratorBase&)::{lambda()#3}::operator()() const::{lambda()#12}::operator()() const::{lambda(c10::BFloat16)#1} const&)::{lambda(int)#1})",25,operator_shape_matched,"[[1,256,5,272,368],[1,256,5,272,368],[]]","[""c10::BFloat16"",""c10::BFloat16"",""Scalar""]",null,24,9366.686
null,aten::copy_,"void at::native::elementwise_kernel<128, 4, at::native::gpu_kernel_impl_nocast<at::native::direct_copy_kernel_cuda(at::TensorIteratorBase&)::{lambda()#3}::operator()() const::{lambda()#12}::operator()() const::{lambda(c10::BFloat16)#1}>(at::TensorIteratorBase&, at::native::direct_copy_kernel_cuda(at::TensorIteratorBase&)::{lambda()#3}::operator()() const::{lambda()#12}::operator()() const::{lambda(c10::BFloat16)#1} const&)::{lambda(int)#1}>(int, at::native::gpu_kernel_impl_nocast<at::native::direct_copy_kernel_cuda(at::TensorIteratorBase&)::{lambda()#3}::operator()() const::{lambda()#12}::operator()() const::{lambda(c10::BFloat16)#1}>(at::TensorIteratorBase&, at::native::direct_copy_kernel_cuda(at::TensorIteratorBase&)::{lambda()#3}::operator()() const::{lambda()#12}::operator()() const::{lambda(c10::BFloat16)#1} const&)::{lambda(int)#1})",26,operator_shape_matched,"[[1,160,2,272,368],[1,160,2,272,368],[]]","[""c10::BFloat16"",""c10::BFloat16"",""Scalar""]",null,100,8470.491
null,aten::copy_,"void at::native::elementwise_kernel<128, 4, at::native::gpu_kernel_impl_nocast<at::native::direct_copy_kernel_cuda(at::TensorIteratorBase&)::{lambda()#3}::operator()() const::{lambda()#12}::operator()() const::{lambda(c10::BFloat16)#1}>(at::TensorIteratorBase&, at::native::direct_copy_kernel_cuda(at::TensorIteratorBase&)::{lambda()#3}::operator()() const::{lambda()#12}::operator()() const::{lambda(c10::BFloat16)#1} const&)::{lambda(int)#1}>(int, at::native::gpu_kernel_impl_nocast<at::native::direct_copy_kernel_cuda(at::TensorIteratorBase&)::{lambda()#3}::operator()() const::{lambda()#12}::operator()() const::{lambda(c10::BFloat16)#1}>(at::TensorIteratorBase&, at::native::direct_copy_kernel_cuda(at::TensorIteratorBase&)::{lambda()#3}::operator()() const::{lambda()#12}::operator()() const::{lambda(c10::BFloat16)#1} const&)::{lambda(int)#1})",27,operator_shape_matched,"[[1,320,25,136,184],[1,320,25,136,184],[]]","[""c10::BFloat16"",""c10::BFloat16"",""Scalar""]",null,12,7271.079
null,aten::copy_,"void at::native::elementwise_kernel<128, 4, at::native::gpu_kernel_impl_nocast<at::native::direct_copy_kernel_cuda(at::TensorIteratorBase&)::{lambda()#3}::operator()() const::{lambda()#12}::operator()() const::{lambda(c10::BFloat16)#1}>(at::TensorIteratorBase&, at::native::direct_copy_kernel_cuda(at::TensorIteratorBase&)::{lambda()#3}::operator()() const::{lambda()#12}::operator()() const::{lambda(c10::BFloat16)#1} const&)::{lambda(int)#1}>(int, at::native::gpu_kernel_impl_nocast<at::native::direct_copy_kernel_cuda(at::TensorIteratorBase&)::{lambda()#3}::operator()() const::{lambda()#12}::operator()() const::{lambda(c10::BFloat16)#1}>(at::TensorIteratorBase&, at::native::direct_copy_kernel_cuda(at::TensorIteratorBase&)::{lambda()#3}::operator()() const::{lambda()#12}::operator()() const::{lambda(c10::BFloat16)#1} const&)::{lambda(int)#1})",28,operator_shape_matched,"[[1,160,24,136,184],[1,160,24,136,184],[]]","[""c10::BFloat16"",""c10::BFloat16"",""Scalar""]",null,25,6617.213
null,aten::copy_,"void at::native::elementwise_kernel<128, 4, at::native::gpu_kernel_impl_nocast<at::native::direct_copy_kernel_cuda(at::TensorIteratorBase&)::{lambda()#3}::operator()() const::{lambda()#12}::operator()() const::{lambda(c10::BFloat16)#1}>(at::TensorIteratorBase&, at::native::direct_copy_kernel_cuda(at::TensorIteratorBase&)::{lambda()#3}::operator()() const::{lambda()#12}::operator()() const::{lambda(c10::BFloat16)#1} const&)::{lambda(int)#1}>(int, at::native::gpu_kernel_impl_nocast<at::native::direct_copy_kernel_cuda(at::TensorIteratorBase&)::{lambda()#3}::operator()() const::{lambda()#12}::operator()() const::{lambda(c10::BFloat16)#1}>(at::TensorIteratorBase&, at::native::direct_copy_kernel_cuda(at::TensorIteratorBase&)::{lambda()#3}::operator()() const::{lambda()#12}::operator()() const::{lambda(c10::BFloat16)#1} const&)::{lambda(int)#1})",29,operator_shape_matched,"[[1,160,26,136,184],[1,160,26,136,184],[]]","[""c10::BFloat16"",""c10::BFloat16"",""Scalar""]",null,21,6202.398
null,aten::copy_,"void at::native::elementwise_kernel<128, 4, at::native::gpu_kernel_impl_nocast<at::native::direct_copy_kernel_cuda(at::TensorIteratorBase&)::{lambda()#3}::operator()() const::{lambda()#12}::operator()() const::{lambda(c10::BFloat16)#1}>(at::TensorIteratorBase&, at::native::direct_copy_kernel_cuda(at::TensorIteratorBase&)::{lambda()#3}::operator()() const::{lambda()#12}::operator()() const::{lambda(c10::BFloat16)#1} const&)::{lambda(int)#1}>(int, at::native::gpu_kernel_impl_nocast<at::native::direct_copy_kernel_cuda(at::TensorIteratorBase&)::{lambda()#3}::operator()() const::{lambda()#12}::operator()() const::{lambda(c10::BFloat16)#1}>(at::TensorIteratorBase&, at::native::direct_copy_kernel_cuda(at::TensorIteratorBase&)::{lambda()#3}::operator()() const::{lambda()#12}::operator()() const::{lambda(c10::BFloat16)#1} const&)::{lambda(int)#1})",30,operator_shape_matched,"[[1,1024,1,2,34,2,46,2],[1,1024,1,2,34,2,46,2],[]]","[""c10::BFloat16"",""c10::BFloat16"",""Scalar""]",null,141,6118.816
null,aten::copy_,"void at::native::elementwise_kernel<128, 4, at::native::gpu_kernel_impl_nocast<at::native::direct_copy_kernel_cuda(at::TensorIteratorBase&)::{lambda()#3}::operator()() const::{lambda()#12}::operator()() const::{lambda(c10::BFloat16)#1}>(at::TensorIteratorBase&, at::native::direct_copy_kernel_cuda(at::TensorIteratorBase&)::{lambda()#3}::operator()() const::{lambda()#12}::operator()() const::{lambda(c10::BFloat16)#1} const&)::{lambda(int)#1}>(int, at::native::gpu_kernel_impl_nocast<at::native::direct_copy_kernel_cuda(at::TensorIteratorBase&)::{lambda()#3}::operator()() const::{lambda()#12}::operator()() const::{lambda(c10::BFloat16)#1}>(at::TensorIteratorBase&, at::native::direct_copy_kernel_cuda(at::TensorIteratorBase&)::{lambda()#3}::operator()() const::{lambda()#12}::operator()() const::{lambda(c10::BFloat16)#1} const&)::{lambda(int)#1})",31,operator_shape_matched,"[[1,1,1564,3072],[1,1,1564,3072],[]]","[""c10::BFloat16"",""c10::BFloat16"",""Scalar""]",null,141,5067.111
null,aten::copy_,"void at::native::elementwise_kernel<128, 4, at::native::gpu_kernel_impl_nocast<at::native::direct_copy_kernel_cuda(at::TensorIteratorBase&)::{lambda()#3}::operator()() const::{lambda()#12}::operator()() const::{lambda(c10::BFloat16)#1}>(at::TensorIteratorBase&, at::native::direct_copy_kernel_cuda(at::TensorIteratorBase&)::{lambda()#3}::operator()() const::{lambda()#12}::operator()() const::{lambda(c10::BFloat16)#1} const&)::{lambda(int)#1}>(int, at::native::gpu_kernel_impl_nocast<at::native::direct_copy_kernel_cuda(at::TensorIteratorBase&)::{lambda()#3}::operator()() const::{lambda()#12}::operator()() const::{lambda(c10::BFloat16)#1}>(at::TensorIteratorBase&, at::native::direct_copy_kernel_cuda(at::TensorIteratorBase&)::{lambda()#3}::operator()() const::{lambda()#12}::operator()() const::{lambda(c10::BFloat16)#1} const&)::{lambda(int)#1})",32,operator_shape_matched,"[[1,1024,2,68,92],[1,1024,2,68,92],[]]","[""c10::BFloat16"",""c10::BFloat16"",""Scalar""]",null,137,4842.825
null,aten::copy_,"void at::native::elementwise_kernel<128, 4, at::native::gpu_kernel_impl_nocast<at::native::direct_copy_kernel_cuda(at::TensorIteratorBase&)::{lambda()#3}::operator()() const::{lambda()#12}::operator()() const::{lambda(c10::BFloat16)#1}>(at::TensorIteratorBase&, at::native::direct_copy_kernel_cuda(at::TensorIteratorBase&)::{lambda()#3}::operator()() const::{lambda()#12}::operator()() const::{lambda(c10::BFloat16)#1} const&)::{lambda(int)#1}>(int, at::native::gpu_kernel_impl_nocast<at::native::direct_copy_kernel_cuda(at::TensorIteratorBase&)::{lambda()#3}::operator()() const::{lambda()#12}::operator()() const::{lambda(c10::BFloat16)#1}>(at::TensorIteratorBase&, at::native::direct_copy_kernel_cuda(at::TensorIteratorBase&)::{lambda()#3}::operator()() const::{lambda()#12}::operator()() const::{lambda(c10::BFloat16)#1} const&)::{lambda(int)#1})",33,operator_shape_matched,"[[1,1024,8,1,34,46],[1,1024,8,1,34,46],[]]","[""c10::BFloat16"",""c10::BFloat16"",""Scalar""]",null,141,4306.264
null,aten::copy_,"void at::native::elementwise_kernel<128, 4, at::native::gpu_kernel_impl_nocast<at::native::direct_copy_kernel_cuda(at::TensorIteratorBase&)::{lambda()#3}::operator()() const::{lambda()#12}::operator()() const::{lambda(c10::BFloat16)#1}>(at::TensorIteratorBase&, at::native::direct_copy_kernel_cuda(at::TensorIteratorBase&)::{lambda()#3}::operator()() const::{lambda()#12}::operator()() const::{lambda(c10::BFloat16)#1} const&)::{lambda(int)#1}>(int, at::native::gpu_kernel_impl_nocast<at::native::direct_copy_kernel_cuda(at::TensorIteratorBase&)::{lambda()#3}::operator()() const::{lambda()#12}::operator()() const::{lambda(c10::BFloat16)#1}>(at::TensorIteratorBase&, at::native::direct_copy_kernel_cuda(at::TensorIteratorBase&)::{lambda()#3}::operator()() const::{lambda()#12}::operator()() const::{lambda(c10::BFloat16)#1} const&)::{lambda(int)#1})",34,operator_shape_matched,"[[1,640,8,34,46],[1,640,8,34,46],[]]","[""c10::BFloat16"",""c10::BFloat16"",""Scalar""]",null,189,4137.413
null,aten::copy_,"void at::native::elementwise_kernel<128, 4, at::native::gpu_kernel_impl_nocast<at::native::direct_copy_kernel_cuda(at::TensorIteratorBase&)::{lambda()#3}::operator()() const::{lambda()#12}::operator()() const::{lambda(c10::BFloat16)#1}>(at::TensorIteratorBase&, at::native::direct_copy_kernel_cuda(at::TensorIteratorBase&)::{lambda()#3}::operator()() const::{lambda()#12}::operator()() const::{lambda(c10::BFloat16)#1} const&)::{lambda(int)#1}>(int, at::native::gpu_kernel_impl_nocast<at::native::direct_copy_kernel_cuda(at::TensorIteratorBase&)::{lambda()#3}::operator()() const::{lambda()#12}::operator()() const::{lambda(c10::BFloat16)#1}>(at::TensorIteratorBase&, at::native::direct_copy_kernel_cuda(at::TensorIteratorBase&)::{lambda()#3}::operator()() const::{lambda()#12}::operator()() const::{lambda(c10::BFloat16)#1} const&)::{lambda(int)#1})",35,operator_shape_matched,"[[1,512,5,136,184],[1,512,5,136,184],[]]","[""c10::BFloat16"",""c10::BFloat16"",""Scalar""]",null,20,3987.303
null,aten::copy_,"void at::native::elementwise_kernel<128, 4, at::native::gpu_kernel_impl_nocast<at::native::direct_copy_kernel_cuda(at::TensorIteratorBase&)::{lambda()#3}::operator()() const::{lambda()#12}::operator()() const::{lambda(c10::BFloat16)#1}>(at::TensorIteratorBase&, at::native::direct_copy_kernel_cuda(at::TensorIteratorBase&)::{lambda()#3}::operator()() const::{lambda()#12}::operator()() const::{lambda(c10::BFloat16)#1} const&)::{lambda(int)#1}>(int, at::native::gpu_kernel_impl_nocast<at::native::direct_copy_kernel_cuda(at::TensorIteratorBase&)::{lambda()#3}::operator()() const::{lambda()#12}::operator()() const::{lambda(c10::BFloat16)#1}>(at::TensorIteratorBase&, at::native::direct_copy_kernel_cuda(at::TensorIteratorBase&)::{lambda()#3}::operator()() const::{lambda()#12}::operator()() const::{lambda(c10::BFloat16)#1} const&)::{lambda(int)#1})",36,operator_shape_matched,"[[12,640,68,92],[12,640,68,92],[]]","[""c10::BFloat16"",""c10::BFloat16"",""Scalar""]",null,25,3915.655
null,aten::copy_,"void at::native::elementwise_kernel<128, 4, at::native::gpu_kernel_impl_nocast<at::native::direct_copy_kernel_cuda(at::TensorIteratorBase&)::{lambda()#3}::operator()() const::{lambda()#12}::operator()() const::{lambda(c10::BFloat16)#1}>(at::TensorIteratorBase&, at::native::direct_copy_kernel_cuda(at::TensorIteratorBase&)::{lambda()#3}::operator()() const::{lambda()#12}::operator()() const::{lambda(c10::BFloat16)#1} const&)::{lambda(int)#1}>(int, at::native::gpu_kernel_impl_nocast<at::native::direct_copy_kernel_cuda(at::TensorIteratorBase&)::{lambda()#3}::operator()() const::{lambda()#12}::operator()() const::{lambda(c10::BFloat16)#1}>(at::TensorIteratorBase&, at::native::direct_copy_kernel_cuda(at::TensorIteratorBase&)::{lambda()#3}::operator()() const::{lambda()#12}::operator()() const::{lambda(c10::BFloat16)#1} const&)::{lambda(int)#1})",37,operator_shape_matched,"[[6,1,1564,1920],[6,1,1564,1920],[]]","[""c10::BFloat16"",""c10::BFloat16"",""Scalar""]",null,25,3524.163
null,aten::copy_,"void at::native::elementwise_kernel<128, 4, at::native::gpu_kernel_impl_nocast<at::native::direct_copy_kernel_cuda(at::TensorIteratorBase&)::{lambda()#3}::operator()() const::{lambda()#12}::operator()() const::{lambda(c10::BFloat16)#1}>(at::TensorIteratorBase&, at::native::direct_copy_kernel_cuda(at::TensorIteratorBase&)::{lambda()#3}::operator()() const::{lambda()#12}::operator()() const::{lambda(c10::BFloat16)#1} const&)::{lambda(int)#1}>(int, at::native::gpu_kernel_impl_nocast<at::native::direct_copy_kernel_cuda(at::TensorIteratorBase&)::{lambda()#3}::operator()() const::{lambda()#12}::operator()() const::{lambda(c10::BFloat16)#1}>(at::TensorIteratorBase&, at::native::direct_copy_kernel_cuda(at::TensorIteratorBase&)::{lambda()#3}::operator()() const::{lambda()#12}::operator()() const::{lambda(c10::BFloat16)#1} const&)::{lambda(int)#1})",38,operator_shape_matched,"[[1,320,2,136,184],[1,320,2,136,184],[]]","[""c10::BFloat16"",""c10::BFloat16"",""Scalar""]",null,75,3330.845
null,aten::copy_,"void at::native::elementwise_kernel<128, 4, at::native::gpu_kernel_impl_nocast<at::native::direct_copy_kernel_cuda(at::TensorIteratorBase&)::{lambda()#3}::operator()() const::{lambda()#12}::operator()() const::{lambda(c10::BFloat16)#1}>(at::TensorIteratorBase&, at::native::direct_copy_kernel_cuda(at::TensorIteratorBase&)::{lambda()#3}::operator()() const::{lambda()#12}::operator()() const::{lambda(c10::BFloat16)#1} const&)::{lambda(int)#1}>(int, at::native::gpu_kernel_impl_nocast<at::native::direct_copy_kernel_cuda(at::TensorIteratorBase&)::{lambda()#3}::operator()() const::{lambda()#12}::operator()() const::{lambda(c10::BFloat16)#1}>(at::TensorIteratorBase&, at::native::direct_copy_kernel_cuda(at::TensorIteratorBase&)::{lambda()#3}::operator()() const::{lambda()#12}::operator()() const::{lambda(c10::BFloat16)#1} const&)::{lambda(int)#1})",39,operator_shape_matched,"[[1,512,5,272,368],[1,512,5,272,368],[]]","[""c10::BFloat16"",""c10::BFloat16"",""Scalar""]",null,4,3124.642
null,aten::copy_,"void at::native::elementwise_kernel<128, 4, at::native::gpu_kernel_impl_nocast<at::native::direct_copy_kernel_cuda(at::TensorIteratorBase&)::{lambda()#3}::operator()() const::{lambda()#12}::operator()() const::{lambda(c10::BFloat16)#1}>(at::TensorIteratorBase&, at::native::direct_copy_kernel_cuda(at::TensorIteratorBase&)::{lambda()#3}::operator()() const::{lambda()#12}::operator()() const::{lambda(c10::BFloat16)#1} const&)::{lambda(int)#1}>(int, at::native::gpu_kernel_impl_nocast<at::native::direct_copy_kernel_cuda(at::TensorIteratorBase&)::{lambda()#3}::operator()() const::{lambda()#12}::operator()() const::{lambda(c10::BFloat16)#1}>(at::TensorIteratorBase&, at::native::direct_copy_kernel_cuda(at::TensorIteratorBase&)::{lambda()#3}::operator()() const::{lambda()#12}::operator()() const::{lambda(c10::BFloat16)#1} const&)::{lambda(int)#1})",40,operator_shape_matched,"[[48,45,17,2,23,2],[48,45,17,2,23,2],[]]","[""c10::BFloat16"",""c10::BFloat16"",""Scalar""]",null,100,2561.531
null,aten::copy_,"void at::native::elementwise_kernel<128, 4, at::native::gpu_kernel_impl_nocast<at::native::direct_copy_kernel_cuda(at::TensorIteratorBase&)::{lambda()#3}::operator()() const::{lambda()#12}::operator()() const::{lambda(c10::BFloat16)#1}>(at::TensorIteratorBase&, at::native::direct_copy_kernel_cuda(at::TensorIteratorBase&)::{lambda()#3}::operator()() const::{lambda()#12}::operator()() const::{lambda(c10::BFloat16)#1} const&)::{lambda(int)#1}>(int, at::native::gpu_kernel_impl_nocast<at::native::direct_copy_kernel_cuda(at::TensorIteratorBase&)::{lambda()#3}::operator()() const::{lambda()#12}::operator()() const::{lambda(c10::BFloat16)#1}>(at::TensorIteratorBase&, at::native::direct_copy_kernel_cuda(at::TensorIteratorBase&)::{lambda()#3}::operator()() const::{lambda()#12}::operator()() const::{lambda(c10::BFloat16)#1} const&)::{lambda(int)#1})",41,operator_shape_matched,"[[1,320,2,2,2,6,34,46],[1,320,2,2,2,6,34,46],[]]","[""c10::BFloat16"",""c10::BFloat16"",""Scalar""]",null,25,2471.673
null,aten::copy_,"void at::native::elementwise_kernel<128, 4, at::native::gpu_kernel_impl_nocast<at::native::direct_copy_kernel_cuda(at::TensorIteratorBase&)::{lambda()#3}::operator()() const::{lambda()#12}::operator()() const::{lambda(c10::BFloat16)#1}>(at::TensorIteratorBase&, at::native::direct_copy_kernel_cuda(at::TensorIteratorBase&)::{lambda()#3}::operator()() const::{lambda()#12}::operator()() const::{lambda(c10::BFloat16)#1} const&)::{lambda(int)#1}>(int, at::native::gpu_kernel_impl_nocast<at::native::direct_copy_kernel_cuda(at::TensorIteratorBase&)::{lambda()#3}::operator()() const::{lambda()#12}::operator()() const::{lambda(c10::BFloat16)#1}>(at::TensorIteratorBase&, at::native::direct_copy_kernel_cuda(at::TensorIteratorBase&)::{lambda()#3}::operator()() const::{lambda()#12}::operator()() const::{lambda(c10::BFloat16)#1} const&)::{lambda(int)#1})",42,operator_shape_matched,"[[48,39,17,2,23,2],[48,39,17,2,23,2],[]]","[""c10::BFloat16"",""c10::BFloat16"",""Scalar""]",null,100,2299.355
null,aten::copy_,"void at::native::elementwise_kernel<128, 4, at::native::gpu_kernel_impl_nocast<at::native::direct_copy_kernel_cuda(at::TensorIteratorBase&)::{lambda()#3}::operator()() const::{lambda()#12}::operator()() const::{lambda(c10::BFloat16)#1}>(at::TensorIteratorBase&, at::native::direct_copy_kernel_cuda(at::TensorIteratorBase&)::{lambda()#3}::operator()() const::{lambda()#12}::operator()() const::{lambda(c10::BFloat16)#1} const&)::{lambda(int)#1}>(int, at::native::gpu_kernel_impl_nocast<at::native::direct_copy_kernel_cuda(at::TensorIteratorBase&)::{lambda()#3}::operator()() const::{lambda()#12}::operator()() const::{lambda(c10::BFloat16)#1}>(at::TensorIteratorBase&, at::native::direct_copy_kernel_cuda(at::TensorIteratorBase&)::{lambda()#3}::operator()() const::{lambda()#12}::operator()() const::{lambda(c10::BFloat16)#1} const&)::{lambda(int)#1})",43,operator_shape_matched,"[[1,640,13,68,92],[1,640,13,68,92],[]]","[""c10::BFloat16"",""c10::BFloat16"",""Scalar""]",null,12,1994.451
null,aten::copy_,"void at::native::elementwise_kernel<128, 4, at::native::gpu_kernel_impl_nocast<at::native::direct_copy_kernel_cuda(at::TensorIteratorBase&)::{lambda()#3}::operator()() const::{lambda()#12}::operator()() const::{lambda(c10::BFloat16)#1}>(at::TensorIteratorBase&, at::native::direct_copy_kernel_cuda(at::TensorIteratorBase&)::{lambda()#3}::operator()() const::{lambda()#12}::operator()() const::{lambda(c10::BFloat16)#1} const&)::{lambda(int)#1}>(int, at::native::gpu_kernel_impl_nocast<at::native::direct_copy_kernel_cuda(at::TensorIteratorBase&)::{lambda()#3}::operator()() const::{lambda()#12}::operator()() const::{lambda(c10::BFloat16)#1}>(at::TensorIteratorBase&, at::native::direct_copy_kernel_cuda(at::TensorIteratorBase&)::{lambda()#3}::operator()() const::{lambda()#12}::operator()() const::{lambda(c10::BFloat16)#1} const&)::{lambda(int)#1})",44,operator_shape_matched,"[[1,12,24,272,368],[1,12,24,272,368],[]]","[""c10::BFloat16"",""c10::BFloat16"",""Scalar""]",null,25,1908.053
null,aten::copy_,"void at::native::elementwise_kernel<128, 4, at::native::gpu_kernel_impl_nocast<at::native::direct_copy_kernel_cuda(at::TensorIteratorBase&)::{lambda()#3}::operator()() const::{lambda()#12}::operator()() const::{lambda(c10::BFloat16)#1}>(at::TensorIteratorBase&, at::native::direct_copy_kernel_cuda(at::TensorIteratorBase&)::{lambda()#3}::operator()() const::{lambda()#12}::operator()() const::{lambda(c10::BFloat16)#1} const&)::{lambda(int)#1}>(int, at::native::gpu_kernel_impl_nocast<at::native::direct_copy_kernel_cuda(at::TensorIteratorBase&)::{lambda()#3}::operator()() const::{lambda()#12}::operator()() const::{lambda(c10::BFloat16)#1}>(at::TensorIteratorBase&, at::native::direct_copy_kernel_cuda(at::TensorIteratorBase&)::{lambda()#3}::operator()() const::{lambda()#12}::operator()() const::{lambda(c10::BFloat16)#1} const&)::{lambda(int)#1})",45,operator_shape_matched,"[[1,12,26,272,368],[1,12,26,272,368],[]]","[""c10::BFloat16"",""c10::BFloat16"",""Scalar""]",null,21,1882.262
null,aten::copy_,"void at::native::elementwise_kernel<128, 4, at::native::gpu_kernel_impl_nocast<at::native::direct_copy_kernel_cuda(at::TensorIteratorBase&)::{lambda()#3}::operator()() const::{lambda()#12}::operator()() const::{lambda(c10::BFloat16)#1}>(at::TensorIteratorBase&, at::native::direct_copy_kernel_cuda(at::TensorIteratorBase&)::{lambda()#3}::operator()() const::{lambda()#12}::operator()() const::{lambda(c10::BFloat16)#1} const&)::{lambda(int)#1}>(int, at::native::gpu_kernel_impl_nocast<at::native::direct_copy_kernel_cuda(at::TensorIteratorBase&)::{lambda()#3}::operator()() const::{lambda()#12}::operator()() const::{lambda(c10::BFloat16)#1}>(at::TensorIteratorBase&, at::native::direct_copy_kernel_cuda(at::TensorIteratorBase&)::{lambda()#3}::operator()() const::{lambda()#12}::operator()() const::{lambda(c10::BFloat16)#1} const&)::{lambda(int)#1})",46,operator_shape_matched,"[[1,256,1,272,368],[1,256,1,272,368],[]]","[""c10::BFloat16"",""c10::BFloat16"",""Scalar""]",null,24,1876.403
null,aten::copy_,"void at::native::elementwise_kernel<128, 4, at::native::gpu_kernel_impl_nocast<at::native::direct_copy_kernel_cuda(at::TensorIteratorBase&)::{lambda()#3}::operator()() const::{lambda()#12}::operator()() const::{lambda(c10::BFloat16)#1}>(at::TensorIteratorBase&, at::native::direct_copy_kernel_cuda(at::TensorIteratorBase&)::{lambda()#3}::operator()() const::{lambda()#12}::operator()() const::{lambda(c10::BFloat16)#1} const&)::{lambda(int)#1}>(int, at::native::gpu_kernel_impl_nocast<at::native::direct_copy_kernel_cuda(at::TensorIteratorBase&)::{lambda()#3}::operator()() const::{lambda()#12}::operator()() const::{lambda(c10::BFloat16)#1}>(at::TensorIteratorBase&, at::native::direct_copy_kernel_cuda(at::TensorIteratorBase&)::{lambda()#3}::operator()() const::{lambda()#12}::operator()() const::{lambda(c10::BFloat16)#1} const&)::{lambda(int)#1})",47,operator_shape_matched,"[[1,1024,1564],[1,1024,1564],[]]","[""c10::BFloat16"",""c10::BFloat16"",""Scalar""]",null,141,1863.824
null,aten::copy_,"void at::native::elementwise_kernel<128, 4, at::native::gpu_kernel_impl_nocast<at::native::direct_copy_kernel_cuda(at::TensorIteratorBase&)::{lambda()#3}::operator()() const::{lambda()#12}::operator()() const::{lambda(c10::BFloat16)#1}>(at::TensorIteratorBase&, at::native::direct_copy_kernel_cuda(at::TensorIteratorBase&)::{lambda()#3}::operator()() const::{lambda()#12}::operator()() const::{lambda(c10::BFloat16)#1} const&)::{lambda(int)#1}>(int, at::native::gpu_kernel_impl_nocast<at::native::direct_copy_kernel_cuda(at::TensorIteratorBase&)::{lambda()#3}::operator()() const::{lambda()#12}::operator()() const::{lambda(c10::BFloat16)#1}>(at::TensorIteratorBase&, at::native::direct_copy_kernel_cuda(at::TensorIteratorBase&)::{lambda()#3}::operator()() const::{lambda()#12}::operator()() const::{lambda(c10::BFloat16)#1} const&)::{lambda(int)#1})",48,operator_shape_matched,"[[48,30,17,2,23,2],[48,30,17,2,23,2],[]]","[""c10::BFloat16"",""c10::BFloat16"",""Scalar""]",null,100,1827.218
null,aten::copy_,"void at::native::elementwise_kernel<128, 4, at::native::gpu_kernel_impl_nocast<at::native::direct_copy_kernel_cuda(at::TensorIteratorBase&)::{lambda()#3}::operator()() const::{lambda()#12}::operator()() const::{lambda(c10::BFloat16)#1}>(at::TensorIteratorBase&, at::native::direct_copy_kernel_cuda(at::TensorIteratorBase&)::{lambda()#3}::operator()() const::{lambda()#12}::operator()() const::{lambda(c10::BFloat16)#1} const&)::{lambda(int)#1}>(int, at::native::gpu_kernel_impl_nocast<at::native::direct_copy_kernel_cuda(at::TensorIteratorBase&)::{lambda()#3}::operator()() const::{lambda()#12}::operator()() const::{lambda(c10::BFloat16)#1}>(at::TensorIteratorBase&, at::native::direct_copy_kernel_cuda(at::TensorIteratorBase&)::{lambda()#3}::operator()() const::{lambda()#12}::operator()() const::{lambda(c10::BFloat16)#1} const&)::{lambda(int)#1})",49,operator_shape_matched,"[[1,320,14,68,92],[1,320,14,68,92],[]]","[""c10::BFloat16"",""c10::BFloat16"",""Scalar""]",null,21,1811.411
null,aten::copy_,"void at::native::elementwise_kernel<128, 4, at::native::gpu_kernel_impl_nocast<at::native::direct_copy_kernel_cuda(at::TensorIteratorBase&)::{lambda()#3}::operator()() const::{lambda()#12}::operator()() const::{lambda(c10::BFloat16)#1}>(at::TensorIteratorBase&, at::native::direct_copy_kernel_cuda(at::TensorIteratorBase&)::{lambda()#3}::operator()() const::{lambda()#12}::operator()() const::{lambda(c10::BFloat16)#1} const&)::{lambda(int)#1}>(int, at::native::gpu_kernel_impl_nocast<at::native::direct_copy_kernel_cuda(at::TensorIteratorBase&)::{lambda()#3}::operator()() const::{lambda()#12}::operator()() const::{lambda(c10::BFloat16)#1}>(at::TensorIteratorBase&, at::native::direct_copy_kernel_cuda(at::TensorIteratorBase&)::{lambda()#3}::operator()() const::{lambda()#12}::operator()() const::{lambda(c10::BFloat16)#1} const&)::{lambda(int)#1})",50,operator_shape_matched,"[[1,640,2,68,92],[1,640,2,68,92],[]]","[""c10::BFloat16"",""c10::BFloat16"",""Scalar""]",null,75,1803.922
null,aten::copy_,"void at::native::elementwise_kernel<128, 4, at::native::gpu_kernel_impl_nocast<at::native::direct_copy_kernel_cuda(at::TensorIteratorBase&)::{lambda()#3}::operator()() const::{lambda()#12}::operator()() const::{lambda(c10::BFloat16)#1}>(at::TensorIteratorBase&, at::native::direct_copy_kernel_cuda(at::TensorIteratorBase&)::{lambda()#3}::operator()() const::{lambda()#12}::operator()() const::{lambda(c10::BFloat16)#1} const&)::{lambda(int)#1}>(int, at::native::gpu_kernel_impl_nocast<at::native::direct_copy_kernel_cuda(at::TensorIteratorBase&)::{lambda()#3}::operator()() const::{lambda()#12}::operator()() const::{lambda(c10::BFloat16)#1}>(at::TensorIteratorBase&, at::native::direct_copy_kernel_cuda(at::TensorIteratorBase&)::{lambda()#3}::operator()() const::{lambda()#12}::operator()() const::{lambda(c10::BFloat16)#1} const&)::{lambda(int)#1})",51,operator_shape_matched,"[[48,27,17,2,23,2],[48,27,17,2,23,2],[]]","[""c10::BFloat16"",""c10::BFloat16"",""Scalar""]",null,100,1651.246
null,aten::copy_,"void at::native::elementwise_kernel<128, 4, at::native::gpu_kernel_impl_nocast<at::native::direct_copy_kernel_cuda(at::TensorIteratorBase&)::{lambda()#3}::operator()() const::{lambda()#12}::operator()() const::{lambda(c10::BFloat16)#1}>(at::TensorIteratorBase&, at::native::direct_copy_kernel_cuda(at::TensorIteratorBase&)::{lambda()#3}::operator()() const::{lambda()#12}::operator()() const::{lambda(c10::BFloat16)#1} const&)::{lambda(int)#1}>(int, at::native::gpu_kernel_impl_nocast<at::native::direct_copy_kernel_cuda(at::TensorIteratorBase&)::{lambda()#3}::operator()() const::{lambda()#12}::operator()() const::{lambda(c10::BFloat16)#1}>(at::TensorIteratorBase&, at::native::direct_copy_kernel_cuda(at::TensorIteratorBase&)::{lambda()#3}::operator()() const::{lambda()#12}::operator()() const::{lambda(c10::BFloat16)#1} const&)::{lambda(int)#1})",52,operator_shape_matched,"[[45,17,23,2,2,48],[45,17,23,2,2,48],[]]","[""c10::BFloat16"",""c10::BFloat16"",""Scalar""]",null,100,1611.408
null,aten::copy_,"void at::native::elementwise_kernel<128, 4, at::native::gpu_kernel_impl_nocast<at::native::direct_copy_kernel_cuda(at::TensorIteratorBase&)::{lambda()#3}::operator()() const::{lambda()#12}::operator()() const::{lambda(c10::BFloat16)#1}>(at::TensorIteratorBase&, at::native::direct_copy_kernel_cuda(at::TensorIteratorBase&)::{lambda()#3}::operator()() const::{lambda()#12}::operator()() const::{lambda(c10::BFloat16)#1} const&)::{lambda(int)#1}>(int, at::native::gpu_kernel_impl_nocast<at::native::direct_copy_kernel_cuda(at::TensorIteratorBase&)::{lambda()#3}::operator()() const::{lambda()#12}::operator()() const::{lambda(c10::BFloat16)#1}>(at::TensorIteratorBase&, at::native::direct_copy_kernel_cuda(at::TensorIteratorBase&)::{lambda()#3}::operator()() const::{lambda()#12}::operator()() const::{lambda(c10::BFloat16)#1} const&)::{lambda(int)#1})",53,operator_shape_matched,"[[1,1024,5,136,184],[1,1024,5,136,184],[]]","[""c10::BFloat16"",""c10::BFloat16"",""Scalar""]",null,4,1579.663
null,aten::copy_,"void at::native::elementwise_kernel<128, 4, at::native::gpu_kernel_impl_nocast<at::native::direct_copy_kernel_cuda(at::TensorIteratorBase&)::{lambda()#3}::operator()() const::{lambda()#12}::operator()() const::{lambda(c10::BFloat16)#1}>(at::TensorIteratorBase&, at::native::direct_copy_kernel_cuda(at::TensorIteratorBase&)::{lambda()#3}::operator()() const::{lambda()#12}::operator()() const::{lambda(c10::BFloat16)#1} const&)::{lambda(int)#1}>(int, at::native::gpu_kernel_impl_nocast<at::native::direct_copy_kernel_cuda(at::TensorIteratorBase&)::{lambda()#3}::operator()() const::{lambda()#12}::operator()() const::{lambda(c10::BFloat16)#1}>(at::TensorIteratorBase&, at::native::direct_copy_kernel_cuda(at::TensorIteratorBase&)::{lambda()#3}::operator()() const::{lambda()#12}::operator()() const::{lambda(c10::BFloat16)#1} const&)::{lambda(int)#1})",54,operator_shape_matched,"[[1,1024,3,68,92],[1,1024,3,68,92],[]]","[""c10::BFloat16"",""c10::BFloat16"",""Scalar""]",null,24,1570.162
null,aten::copy_,"void at::native::elementwise_kernel<128, 4, at::native::gpu_kernel_impl_nocast<at::native::direct_copy_kernel_cuda(at::TensorIteratorBase&)::{lambda()#3}::operator()() const::{lambda()#12}::operator()() const::{lambda(c10::BFloat16)#1}>(at::TensorIteratorBase&, at::native::direct_copy_kernel_cuda(at::TensorIteratorBase&)::{lambda()#3}::operator()() const::{lambda()#12}::operator()() const::{lambda(c10::BFloat16)#1} const&)::{lambda(int)#1}>(int, at::native::gpu_kernel_impl_nocast<at::native::direct_copy_kernel_cuda(at::TensorIteratorBase&)::{lambda()#3}::operator()() const::{lambda()#12}::operator()() const::{lambda(c10::BFloat16)#1}>(at::TensorIteratorBase&, at::native::direct_copy_kernel_cuda(at::TensorIteratorBase&)::{lambda()#3}::operator()() const::{lambda()#12}::operator()() const::{lambda(c10::BFloat16)#1} const&)::{lambda(int)#1})",55,operator_shape_matched,"[[39,17,23,2,2,48],[39,17,23,2,2,48],[]]","[""c10::BFloat16"",""c10::BFloat16"",""Scalar""]",null,100,1372.333
null,aten::copy_,"void at::native::elementwise_kernel<128, 4, at::native::gpu_kernel_impl_nocast<at::native::direct_copy_kernel_cuda(at::TensorIteratorBase&)::{lambda()#3}::operator()() const::{lambda()#12}::operator()() const::{lambda(c10::BFloat16)#1}>(at::TensorIteratorBase&, at::native::direct_copy_kernel_cuda(at::TensorIteratorBase&)::{lambda()#3}::operator()() const::{lambda()#12}::operator()() const::{lambda(c10::BFloat16)#1} const&)::{lambda(int)#1}>(int, at::native::gpu_kernel_impl_nocast<at::native::direct_copy_kernel_cuda(at::TensorIteratorBase&)::{lambda()#3}::operator()() const::{lambda()#12}::operator()() const::{lambda(c10::BFloat16)#1}>(at::TensorIteratorBase&, at::native::direct_copy_kernel_cuda(at::TensorIteratorBase&)::{lambda()#3}::operator()() const::{lambda()#12}::operator()() const::{lambda(c10::BFloat16)#1} const&)::{lambda(int)#1})",56,operator_shape_matched,"[[1,640,2,34,46],[1,640,2,34,46],[]]","[""c10::BFloat16"",""c10::BFloat16"",""Scalar""]",null,225,1333.778
null,aten::copy_,"void at::native::elementwise_kernel<128, 4, at::native::gpu_kernel_impl_nocast<at::native::direct_copy_kernel_cuda(at::TensorIteratorBase&)::{lambda()#3}::operator()() const::{lambda()#12}::operator()() const::{lambda(c10::BFloat16)#1}>(at::TensorIteratorBase&, at::native::direct_copy_kernel_cuda(at::TensorIteratorBase&)::{lambda()#3}::operator()() const::{lambda()#12}::operator()() const::{lambda(c10::BFloat16)#1} const&)::{lambda(int)#1}>(int, at::native::gpu_kernel_impl_nocast<at::native::direct_copy_kernel_cuda(at::TensorIteratorBase&)::{lambda()#3}::operator()() const::{lambda()#12}::operator()() const::{lambda(c10::BFloat16)#1}>(at::TensorIteratorBase&, at::native::direct_copy_kernel_cuda(at::TensorIteratorBase&)::{lambda()#3}::operator()() const::{lambda()#12}::operator()() const::{lambda(c10::BFloat16)#1} const&)::{lambda(int)#1})",57,operator_shape_matched,"[[1,160,25,136,184],[1,160,25,136,184],[]]","[""c10::BFloat16"",""c10::BFloat16"",""Scalar""]",null,4,1219.565
null,aten::copy_,"void at::native::elementwise_kernel<128, 4, at::native::gpu_kernel_impl_nocast<at::native::direct_copy_kernel_cuda(at::TensorIteratorBase&)::{lambda()#3}::operator()() const::{lambda()#12}::operator()() const::{lambda(c10::BFloat16)#1}>(at::TensorIteratorBase&, at::native::direct_copy_kernel_cuda(at::TensorIteratorBase&)::{lambda()#3}::operator()() const::{lambda()#12}::operator()() const::{lambda(c10::BFloat16)#1} const&)::{lambda(int)#1}>(int, at::native::gpu_kernel_impl_nocast<at::native::direct_copy_kernel_cuda(at::TensorIteratorBase&)::{lambda()#3}::operator()() const::{lambda()#12}::operator()() const::{lambda(c10::BFloat16)#1}>(at::TensorIteratorBase&, at::native::direct_copy_kernel_cuda(at::TensorIteratorBase&)::{lambda()#3}::operator()() const::{lambda()#12}::operator()() const::{lambda(c10::BFloat16)#1} const&)::{lambda(int)#1})",58,operator_shape_matched,"[[6,640,1564],[6,640,1564],[]]","[""c10::BFloat16"",""c10::BFloat16"",""Scalar""]",null,25,1174.987
null,aten::copy_,"void at::native::elementwise_kernel<128, 4, at::native::gpu_kernel_impl_nocast<at::native::direct_copy_kernel_cuda(at::TensorIteratorBase&)::{lambda()#3}::operator()() const::{lambda()#12}::operator()() const::{lambda(c10::BFloat16)#1}>(at::TensorIteratorBase&, at::native::direct_copy_kernel_cuda(at::TensorIteratorBase&)::{lambda()#3}::operator()() const::{lambda()#12}::operator()() const::{lambda(c10::BFloat16)#1} const&)::{lambda(int)#1}>(int, at::native::gpu_kernel_impl_nocast<at::native::direct_copy_kernel_cuda(at::TensorIteratorBase&)::{lambda()#3}::operator()() const::{lambda()#12}::operator()() const::{lambda(c10::BFloat16)#1}>(at::TensorIteratorBase&, at::native::direct_copy_kernel_cuda(at::TensorIteratorBase&)::{lambda()#3}::operator()() const::{lambda()#12}::operator()() const::{lambda(c10::BFloat16)#1} const&)::{lambda(int)#1})",59,operator_shape_matched,"[[30,17,23,2,2,48],[30,17,23,2,2,48],[]]","[""c10::BFloat16"",""c10::BFloat16"",""Scalar""]",null,100,1144.427
null,aten::copy_,"void at::native::elementwise_kernel<128, 4, at::native::gpu_kernel_impl_nocast<at::native::direct_copy_kernel_cuda(at::TensorIteratorBase&)::{lambda()#3}::operator()() const::{lambda()#12}::operator()() const::{lambda(c10::BFloat16)#1}>(at::TensorIteratorBase&, at::native::direct_copy_kernel_cuda(at::TensorIteratorBase&)::{lambda()#3}::operator()() const::{lambda()#12}::operator()() const::{lambda(c10::BFloat16)#1} const&)::{lambda(int)#1}>(int, at::native::gpu_kernel_impl_nocast<at::native::direct_copy_kernel_cuda(at::TensorIteratorBase&)::{lambda()#3}::operator()() const::{lambda()#12}::operator()() const::{lambda(c10::BFloat16)#1}>(at::TensorIteratorBase&, at::native::direct_copy_kernel_cuda(at::TensorIteratorBase&)::{lambda()#3}::operator()() const::{lambda()#12}::operator()() const::{lambda(c10::BFloat16)#1} const&)::{lambda(int)#1})",60,operator_shape_matched,"[[27,17,23,2,2,48],[27,17,23,2,2,48],[]]","[""c10::BFloat16"",""c10::BFloat16"",""Scalar""]",null,100,998.764
null,aten::copy_,"void at::native::elementwise_kernel<128, 4, at::native::gpu_kernel_impl_nocast<at::native::direct_copy_kernel_cuda(at::TensorIteratorBase&)::{lambda()#3}::operator()() const::{lambda()#12}::operator()() const::{lambda(c10::BFloat16)#1}>(at::TensorIteratorBase&, at::native::direct_copy_kernel_cuda(at::TensorIteratorBase&)::{lambda()#3}::operator()() const::{lambda()#12}::operator()() const::{lambda(c10::BFloat16)#1} const&)::{lambda(int)#1}>(int, at::native::gpu_kernel_impl_nocast<at::native::direct_copy_kernel_cuda(at::TensorIteratorBase&)::{lambda()#3}::operator()() const::{lambda()#12}::operator()() const::{lambda(c10::BFloat16)#1}>(at::TensorIteratorBase&, at::native::direct_copy_kernel_cuda(at::TensorIteratorBase&)::{lambda()#3}::operator()() const::{lambda()#12}::operator()() const::{lambda(c10::BFloat16)#1} const&)::{lambda(int)#1})",61,operator_shape_matched,"[[1,3,2,2,121,272,368],[1,3,2,2,121,272,368],[]]","[""c10::BFloat16"",""c10::BFloat16"",""Scalar""]",null,2,978.058
null,aten::copy_,"void at::native::elementwise_kernel<128, 4, at::native::gpu_kernel_impl_nocast<at::native::direct_copy_kernel_cuda(at::TensorIteratorBase&)::{lambda()#3}::operator()() const::{lambda()#12}::operator()() const::{lambda(c10::BFloat16)#1}>(at::TensorIteratorBase&, at::native::direct_copy_kernel_cuda(at::TensorIteratorBase&)::{lambda()#3}::operator()() const::{lambda()#12}::operator()() const::{lambda(c10::BFloat16)#1} const&)::{lambda(int)#1}>(int, at::native::gpu_kernel_impl_nocast<at::native::direct_copy_kernel_cuda(at::TensorIteratorBase&)::{lambda()#3}::operator()() const::{lambda()#12}::operator()() const::{lambda(c10::BFloat16)#1}>(at::TensorIteratorBase&, at::native::direct_copy_kernel_cuda(at::TensorIteratorBase&)::{lambda()#3}::operator()() const::{lambda()#12}::operator()() const::{lambda(c10::BFloat16)#1} const&)::{lambda(int)#1})",62,operator_shape_matched,"[[1,512,1,136,184],[1,512,1,136,184],[]]","[""c10::BFloat16"",""c10::BFloat16"",""Scalar""]",null,20,839.307
null,aten::copy_,"void at::native::elementwise_kernel<128, 4, at::native::gpu_kernel_impl_nocast<at::native::direct_copy_kernel_cuda(at::TensorIteratorBase&)::{lambda()#3}::operator()() const::{lambda()#12}::operator()() const::{lambda(c10::BFloat16)#1}>(at::TensorIteratorBase&, at::native::direct_copy_kernel_cuda(at::TensorIteratorBase&)::{lambda()#3}::operator()() const::{lambda()#12}::operator()() const::{lambda(c10::BFloat16)#1} const&)::{lambda(int)#1}>(int, at::native::gpu_kernel_impl_nocast<at::native::direct_copy_kernel_cuda(at::TensorIteratorBase&)::{lambda()#3}::operator()() const::{lambda()#12}::operator()() const::{lambda(c10::BFloat16)#1}>(at::TensorIteratorBase&, at::native::direct_copy_kernel_cuda(at::TensorIteratorBase&)::{lambda()#3}::operator()() const::{lambda()#12}::operator()() const::{lambda(c10::BFloat16)#1} const&)::{lambda(int)#1})",63,operator_shape_matched,"[[1,640,7,34,46],[1,640,7,34,46],[]]","[""c10::BFloat16"",""c10::BFloat16"",""Scalar""]",null,36,782.698
null,aten::copy_,"void at::native::elementwise_kernel<128, 4, at::native::gpu_kernel_impl_nocast<at::native::direct_copy_kernel_cuda(at::TensorIteratorBase&)::{lambda()#3}::operator()() const::{lambda()#12}::operator()() const::{lambda(c10::BFloat16)#1}>(at::TensorIteratorBase&, at::native::direct_copy_kernel_cuda(at::TensorIteratorBase&)::{lambda()#3}::operator()() const::{lambda()#12}::operator()() const::{lambda(c10::BFloat16)#1} const&)::{lambda(int)#1}>(int, at::native::gpu_kernel_impl_nocast<at::native::direct_copy_kernel_cuda(at::TensorIteratorBase&)::{lambda()#3}::operator()() const::{lambda()#12}::operator()() const::{lambda(c10::BFloat16)#1}>(at::TensorIteratorBase&, at::native::direct_copy_kernel_cuda(at::TensorIteratorBase&)::{lambda()#3}::operator()() const::{lambda()#12}::operator()() const::{lambda(c10::BFloat16)#1} const&)::{lambda(int)#1})",64,operator_shape_matched,"[[1,160,1,272,368],[1,160,1,272,368],[]]","[""c10::BFloat16"",""c10::BFloat16"",""Scalar""]",null,16,780.583
null,aten::copy_,"void at::native::elementwise_kernel<128, 4, at::native::gpu_kernel_impl_nocast<at::native::direct_copy_kernel_cuda(at::TensorIteratorBase&)::{lambda()#3}::operator()() const::{lambda()#12}::operator()() const::{lambda(c10::BFloat16)#1}>(at::TensorIteratorBase&, at::native::direct_copy_kernel_cuda(at::TensorIteratorBase&)::{lambda()#3}::operator()() const::{lambda()#12}::operator()() const::{lambda(c10::BFloat16)#1} const&)::{lambda(int)#1}>(int, at::native::gpu_kernel_impl_nocast<at::native::direct_copy_kernel_cuda(at::TensorIteratorBase&)::{lambda()#3}::operator()() const::{lambda()#12}::operator()() const::{lambda(c10::BFloat16)#1}>(at::TensorIteratorBase&, at::native::direct_copy_kernel_cuda(at::TensorIteratorBase&)::{lambda()#3}::operator()() const::{lambda()#12}::operator()() const::{lambda(c10::BFloat16)#1} const&)::{lambda(int)#1})",65,operator_shape_matched,"[[1,3,2,2,193,272,368],[1,3,2,2,193,272,368],[]]","[""c10::BFloat16"",""c10::BFloat16"",""Scalar""]",null,1,777.512
null,aten::copy_,"void at::native::elementwise_kernel<128, 4, at::native::gpu_kernel_impl_nocast<at::native::direct_copy_kernel_cuda(at::TensorIteratorBase&)::{lambda()#3}::operator()() const::{lambda()#12}::operator()() const::{lambda(c10::BFloat16)#1}>(at::TensorIteratorBase&, at::native::direct_copy_kernel_cuda(at::TensorIteratorBase&)::{lambda()#3}::operator()() const::{lambda()#12}::operator()() const::{lambda(c10::BFloat16)#1} const&)::{lambda(int)#1}>(int, at::native::gpu_kernel_impl_nocast<at::native::direct_copy_kernel_cuda(at::TensorIteratorBase&)::{lambda()#3}::operator()() const::{lambda()#12}::operator()() const::{lambda(c10::BFloat16)#1}>(at::TensorIteratorBase&, at::native::direct_copy_kernel_cuda(at::TensorIteratorBase&)::{lambda()#3}::operator()() const::{lambda()#12}::operator()() const::{lambda(c10::BFloat16)#1} const&)::{lambda(int)#1})",66,operator_shape_matched,"[[1,1024,1,2,68,2,92,2],[1,1024,1,2,68,2,92,2],[]]","[""c10::BFloat16"",""c10::BFloat16"",""Scalar""]",null,4,709.991
null,aten::copy_,"void at::native::elementwise_kernel<128, 4, at::native::gpu_kernel_impl_nocast<at::native::direct_copy_kernel_cuda(at::TensorIteratorBase&)::{lambda()#3}::operator()() const::{lambda()#12}::operator()() const::{lambda(c10::BFloat16)#1}>(at::TensorIteratorBase&, at::native::direct_copy_kernel_cuda(at::TensorIteratorBase&)::{lambda()#3}::operator()() const::{lambda()#12}::operator()() const::{lambda(c10::BFloat16)#1} const&)::{lambda(int)#1}>(int, at::native::gpu_kernel_impl_nocast<at::native::direct_copy_kernel_cuda(at::TensorIteratorBase&)::{lambda()#3}::operator()() const::{lambda()#12}::operator()() const::{lambda(c10::BFloat16)#1}>(at::TensorIteratorBase&, at::native::direct_copy_kernel_cuda(at::TensorIteratorBase&)::{lambda()#3}::operator()() const::{lambda()#12}::operator()() const::{lambda(c10::BFloat16)#1} const&)::{lambda(int)#1})",67,operator_shape_matched,"[[1,512,1,1,136,2,184,2],[1,512,1,1,136,2,184,2],[]]","[""c10::BFloat16"",""c10::BFloat16"",""Scalar""]",null,4,709.831
null,aten::copy_,"void at::native::elementwise_kernel<128, 4, at::native::gpu_kernel_impl_nocast<at::native::direct_copy_kernel_cuda(at::TensorIteratorBase&)::{lambda()#3}::operator()() const::{lambda()#12}::operator()() const::{lambda(c10::BFloat16)#1}>(at::TensorIteratorBase&, at::native::direct_copy_kernel_cuda(at::TensorIteratorBase&)::{lambda()#3}::operator()() const::{lambda()#12}::operator()() const::{lambda(c10::BFloat16)#1} const&)::{lambda(int)#1}>(int, at::native::gpu_kernel_impl_nocast<at::native::direct_copy_kernel_cuda(at::TensorIteratorBase&)::{lambda()#3}::operator()() const::{lambda()#12}::operator()() const::{lambda(c10::BFloat16)#1}>(at::TensorIteratorBase&, at::native::direct_copy_kernel_cuda(at::TensorIteratorBase&)::{lambda()#3}::operator()() const::{lambda()#12}::operator()() const::{lambda(c10::BFloat16)#1} const&)::{lambda(int)#1})",68,operator_shape_matched,"[[1,3,177,272,2,368,2],[1,3,177,272,2,368,2],[]]","[""c10::BFloat16"",""c10::BFloat16"",""Scalar""]",null,1,700.679
null,aten::copy_,"void at::native::elementwise_kernel<128, 4, at::native::gpu_kernel_impl_nocast<at::native::direct_copy_kernel_cuda(at::TensorIteratorBase&)::{lambda()#3}::operator()() const::{lambda()#12}::operator()() const::{lambda(c10::BFloat16)#1}>(at::TensorIteratorBase&, at::native::direct_copy_kernel_cuda(at::TensorIteratorBase&)::{lambda()#3}::operator()() const::{lambda()#12}::operator()() const::{lambda(c10::BFloat16)#1} const&)::{lambda(int)#1}>(int, at::native::gpu_kernel_impl_nocast<at::native::direct_copy_kernel_cuda(at::TensorIteratorBase&)::{lambda()#3}::operator()() const::{lambda()#12}::operator()() const::{lambda(c10::BFloat16)#1}>(at::TensorIteratorBase&, at::native::direct_copy_kernel_cuda(at::TensorIteratorBase&)::{lambda()#3}::operator()() const::{lambda()#12}::operator()() const::{lambda(c10::BFloat16)#1} const&)::{lambda(int)#1})",69,operator_shape_matched,"[[1,3,2,2,169,272,368],[1,3,2,2,169,272,368],[]]","[""c10::BFloat16"",""c10::BFloat16"",""Scalar""]",null,1,680.583
null,aten::copy_,"void at::native::elementwise_kernel<128, 4, at::native::gpu_kernel_impl_nocast<at::native::direct_copy_kernel_cuda(at::TensorIteratorBase&)::{lambda()#3}::operator()() const::{lambda()#12}::operator()() const::{lambda(c10::BFloat16)#1}>(at::TensorIteratorBase&, at::native::direct_copy_kernel_cuda(at::TensorIteratorBase&)::{lambda()#3}::operator()() const::{lambda()#12}::operator()() const::{lambda(c10::BFloat16)#1} const&)::{lambda(int)#1}>(int, at::native::gpu_kernel_impl_nocast<at::native::direct_copy_kernel_cuda(at::TensorIteratorBase&)::{lambda()#3}::operator()() const::{lambda()#12}::operator()() const::{lambda(c10::BFloat16)#1}>(at::TensorIteratorBase&, at::native::direct_copy_kernel_cuda(at::TensorIteratorBase&)::{lambda()#3}::operator()() const::{lambda()#12}::operator()() const::{lambda(c10::BFloat16)#1} const&)::{lambda(int)#1})",70,operator_shape_matched,"[[1,512,1,272,368],[1,512,1,272,368],[]]","[""c10::BFloat16"",""c10::BFloat16"",""Scalar""]",null,4,608.487
null,aten::copy_,"void at::native::elementwise_kernel<128, 4, at::native::gpu_kernel_impl_nocast<at::native::direct_copy_kernel_cuda(at::TensorIteratorBase&)::{lambda()#3}::operator()() const::{lambda()#12}::operator()() const::{lambda(c10::BFloat16)#1}>(at::TensorIteratorBase&, at::native::direct_copy_kernel_cuda(at::TensorIteratorBase&)::{lambda()#3}::operator()() const::{lambda()#12}::operator()() const::{lambda(c10::BFloat16)#1} const&)::{lambda(int)#1}>(int, at::native::gpu_kernel_impl_nocast<at::native::direct_copy_kernel_cuda(at::TensorIteratorBase&)::{lambda()#3}::operator()() const::{lambda()#12}::operator()() const::{lambda(c10::BFloat16)#1}>(at::TensorIteratorBase&, at::native::direct_copy_kernel_cuda(at::TensorIteratorBase&)::{lambda()#3}::operator()() const::{lambda()#12}::operator()() const::{lambda(c10::BFloat16)#1} const&)::{lambda(int)#1})",71,operator_shape_matched,"[[1,3,153,272,2,368,2],[1,3,153,272,2,368,2],[]]","[""c10::BFloat16"",""c10::BFloat16"",""Scalar""]",null,1,602.662
null,aten::copy_,"void at::native::elementwise_kernel<128, 4, at::native::gpu_kernel_impl_nocast<at::native::direct_copy_kernel_cuda(at::TensorIteratorBase&)::{lambda()#3}::operator()() const::{lambda()#12}::operator()() const::{lambda(c10::BFloat16)#1}>(at::TensorIteratorBase&, at::native::direct_copy_kernel_cuda(at::TensorIteratorBase&)::{lambda()#3}::operator()() const::{lambda()#12}::operator()() const::{lambda(c10::BFloat16)#1} const&)::{lambda(int)#1}>(int, at::native::gpu_kernel_impl_nocast<at::native::direct_copy_kernel_cuda(at::TensorIteratorBase&)::{lambda()#3}::operator()() const::{lambda()#12}::operator()() const::{lambda(c10::BFloat16)#1}>(at::TensorIteratorBase&, at::native::direct_copy_kernel_cuda(at::TensorIteratorBase&)::{lambda()#3}::operator()() const::{lambda()#12}::operator()() const::{lambda(c10::BFloat16)#1} const&)::{lambda(int)#1})",72,operator_shape_matched,"[[1,1024,2,1,136,184],[1,1024,2,1,136,184],[]]","[""c10::BFloat16"",""c10::BFloat16"",""Scalar""]",null,4,547.079
null,aten::copy_,"void at::native::elementwise_kernel<128, 4, at::native::gpu_kernel_impl_nocast<at::native::direct_copy_kernel_cuda(at::TensorIteratorBase&)::{lambda()#3}::operator()() const::{lambda()#12}::operator()() const::{lambda(c10::BFloat16)#1}>(at::TensorIteratorBase&, at::native::direct_copy_kernel_cuda(at::TensorIteratorBase&)::{lambda()#3}::operator()() const::{lambda()#12}::operator()() const::{lambda(c10::BFloat16)#1} const&)::{lambda(int)#1}>(int, at::native::gpu_kernel_impl_nocast<at::native::direct_copy_kernel_cuda(at::TensorIteratorBase&)::{lambda()#3}::operator()() const::{lambda()#12}::operator()() const::{lambda(c10::BFloat16)#1}>(at::TensorIteratorBase&, at::native::direct_copy_kernel_cuda(at::TensorIteratorBase&)::{lambda()#3}::operator()() const::{lambda()#12}::operator()() const::{lambda(c10::BFloat16)#1} const&)::{lambda(int)#1})",73,operator_shape_matched,"[[1,3,177,544,736],[1,3,177,544,736],[]]","[""c10::BFloat16"",""c10::BFloat16"",""Scalar""]",null,1,539.749
null,aten::copy_,"void at::native::elementwise_kernel<128, 4, at::native::gpu_kernel_impl_nocast<at::native::direct_copy_kernel_cuda(at::TensorIteratorBase&)::{lambda()#3}::operator()() const::{lambda()#12}::operator()() const::{lambda(c10::BFloat16)#1}>(at::TensorIteratorBase&, at::native::direct_copy_kernel_cuda(at::TensorIteratorBase&)::{lambda()#3}::operator()() const::{lambda()#12}::operator()() const::{lambda(c10::BFloat16)#1} const&)::{lambda(int)#1}>(int, at::native::gpu_kernel_impl_nocast<at::native::direct_copy_kernel_cuda(at::TensorIteratorBase&)::{lambda()#3}::operator()() const::{lambda()#12}::operator()() const::{lambda(c10::BFloat16)#1}>(at::TensorIteratorBase&, at::native::direct_copy_kernel_cuda(at::TensorIteratorBase&)::{lambda()#3}::operator()() const::{lambda()#12}::operator()() const::{lambda(c10::BFloat16)#1} const&)::{lambda(int)#1})",74,operator_shape_matched,"[[1,160,2,136,184],[1,160,2,136,184],[]]","[""c10::BFloat16"",""c10::BFloat16"",""Scalar""]",null,25,517.125
null,aten::copy_,"void at::native::elementwise_kernel<128, 4, at::native::gpu_kernel_impl_nocast<at::native::direct_copy_kernel_cuda(at::TensorIteratorBase&)::{lambda()#3}::operator()() const::{lambda()#12}::operator()() const::{lambda(c10::BFloat16)#1}>(at::TensorIteratorBase&, at::native::direct_copy_kernel_cuda(at::TensorIteratorBase&)::{lambda()#3}::operator()() const::{lambda()#12}::operator()() const::{lambda(c10::BFloat16)#1} const&)::{lambda(int)#1}>(int, at::native::gpu_kernel_impl_nocast<at::native::direct_copy_kernel_cuda(at::TensorIteratorBase&)::{lambda()#3}::operator()() const::{lambda()#12}::operator()() const::{lambda(c10::BFloat16)#1}>(at::TensorIteratorBase&, at::native::direct_copy_kernel_cuda(at::TensorIteratorBase&)::{lambda()#3}::operator()() const::{lambda()#12}::operator()() const::{lambda(c10::BFloat16)#1} const&)::{lambda(int)#1})",75,operator_shape_matched,"[[1,1024,1,68,92],[1,1024,1,68,92],[]]","[""c10::BFloat16"",""c10::BFloat16"",""Scalar""]",null,24,516.296
null,aten::copy_,"void at::native::elementwise_kernel<128, 4, at::native::gpu_kernel_impl_nocast<at::native::direct_copy_kernel_cuda(at::TensorIteratorBase&)::{lambda()#3}::operator()() const::{lambda()#12}::operator()() const::{lambda(c10::BFloat16)#1}>(at::TensorIteratorBase&, at::native::direct_copy_kernel_cuda(at::TensorIteratorBase&)::{lambda()#3}::operator()() const::{lambda()#12}::operator()() const::{lambda(c10::BFloat16)#1} const&)::{lambda(int)#1}>(int, at::native::gpu_kernel_impl_nocast<at::native::direct_copy_kernel_cuda(at::TensorIteratorBase&)::{lambda()#3}::operator()() const::{lambda()#12}::operator()() const::{lambda(c10::BFloat16)#1}>(at::TensorIteratorBase&, at::native::direct_copy_kernel_cuda(at::TensorIteratorBase&)::{lambda()#3}::operator()() const::{lambda()#12}::operator()() const::{lambda(c10::BFloat16)#1} const&)::{lambda(int)#1})",76,operator_shape_matched,"[[1,48,1,34,46],[1,48,1,34,46],[]]","[""c10::BFloat16"",""c10::BFloat16"",""Scalar""]",null,145,508.294
null,aten::copy_,"void at::native::elementwise_kernel<128, 4, at::native::gpu_kernel_impl_nocast<at::native::direct_copy_kernel_cuda(at::TensorIteratorBase&)::{lambda()#3}::operator()() const::{lambda()#12}::operator()() const::{lambda(c10::BFloat16)#1}>(at::TensorIteratorBase&, at::native::direct_copy_kernel_cuda(at::TensorIteratorBase&)::{lambda()#3}::operator()() const::{lambda()#12}::operator()() const::{lambda(c10::BFloat16)#1} const&)::{lambda(int)#1}>(int, at::native::gpu_kernel_impl_nocast<at::native::direct_copy_kernel_cuda(at::TensorIteratorBase&)::{lambda()#3}::operator()() const::{lambda()#12}::operator()() const::{lambda(c10::BFloat16)#1}>(at::TensorIteratorBase&, at::native::direct_copy_kernel_cuda(at::TensorIteratorBase&)::{lambda()#3}::operator()() const::{lambda()#12}::operator()() const::{lambda(c10::BFloat16)#1} const&)::{lambda(int)#1})",77,operator_shape_matched,"[[1,1024,8,1,68,92],[1,1024,8,1,68,92],[]]","[""c10::BFloat16"",""c10::BFloat16"",""Scalar""]",null,4,492.356
null,aten::copy_,"void at::native::elementwise_kernel<128, 4, at::native::gpu_kernel_impl_nocast<at::native::direct_copy_kernel_cuda(at::TensorIteratorBase&)::{lambda()#3}::operator()() const::{lambda()#12}::operator()() const::{lambda(c10::BFloat16)#1}>(at::TensorIteratorBase&, at::native::direct_copy_kernel_cuda(at::TensorIteratorBase&)::{lambda()#3}::operator()() const::{lambda()#12}::operator()() const::{lambda(c10::BFloat16)#1} const&)::{lambda(int)#1}>(int, at::native::gpu_kernel_impl_nocast<at::native::direct_copy_kernel_cuda(at::TensorIteratorBase&)::{lambda()#3}::operator()() const::{lambda()#12}::operator()() const::{lambda(c10::BFloat16)#1}>(at::TensorIteratorBase&, at::native::direct_copy_kernel_cuda(at::TensorIteratorBase&)::{lambda()#3}::operator()() const::{lambda()#12}::operator()() const::{lambda(c10::BFloat16)#1} const&)::{lambda(int)#1})",78,operator_shape_matched,"[[1,3,117,272,2,368,2],[1,3,117,272,2,368,2],[]]","[""c10::BFloat16"",""c10::BFloat16"",""Scalar""]",null,1,476.165
null,aten::copy_,"void at::native::elementwise_kernel<128, 4, at::native::gpu_kernel_impl_nocast<at::native::direct_copy_kernel_cuda(at::TensorIteratorBase&)::{lambda()#3}::operator()() const::{lambda()#12}::operator()() const::{lambda(c10::BFloat16)#1}>(at::TensorIteratorBase&, at::native::direct_copy_kernel_cuda(at::TensorIteratorBase&)::{lambda()#3}::operator()() const::{lambda()#12}::operator()() const::{lambda(c10::BFloat16)#1} const&)::{lambda(int)#1}>(int, at::native::gpu_kernel_impl_nocast<at::native::direct_copy_kernel_cuda(at::TensorIteratorBase&)::{lambda()#3}::operator()() const::{lambda()#12}::operator()() const::{lambda(c10::BFloat16)#1}>(at::TensorIteratorBase&, at::native::direct_copy_kernel_cuda(at::TensorIteratorBase&)::{lambda()#3}::operator()() const::{lambda()#12}::operator()() const::{lambda(c10::BFloat16)#1} const&)::{lambda(int)#1})",79,operator_shape_matched,"[[1,3,153,544,736],[1,3,153,544,736],[]]","[""c10::BFloat16"",""c10::BFloat16"",""Scalar""]",null,1,467.653
null,aten::copy_,"void at::native::elementwise_kernel<128, 4, at::native::gpu_kernel_impl_nocast<at::native::direct_copy_kernel_cuda(at::TensorIteratorBase&)::{lambda()#3}::operator()() const::{lambda()#12}::operator()() const::{lambda(c10::BFloat16)#1}>(at::TensorIteratorBase&, at::native::direct_copy_kernel_cuda(at::TensorIteratorBase&)::{lambda()#3}::operator()() const::{lambda()#12}::operator()() const::{lambda(c10::BFloat16)#1} const&)::{lambda(int)#1}>(int, at::native::gpu_kernel_impl_nocast<at::native::direct_copy_kernel_cuda(at::TensorIteratorBase&)::{lambda()#3}::operator()() const::{lambda()#12}::operator()() const::{lambda(c10::BFloat16)#1}>(at::TensorIteratorBase&, at::native::direct_copy_kernel_cuda(at::TensorIteratorBase&)::{lambda()#3}::operator()() const::{lambda()#12}::operator()() const::{lambda(c10::BFloat16)#1} const&)::{lambda(int)#1})",80,operator_shape_matched,"[[1,1024,2,34,46],[1,1024,2,34,46],[]]","[""c10::BFloat16"",""c10::BFloat16"",""Scalar""]",null,40,448.522
null,aten::copy_,"void at::native::elementwise_kernel<128, 4, at::native::gpu_kernel_impl_nocast<at::native::direct_copy_kernel_cuda(at::TensorIteratorBase&)::{lambda()#3}::operator()() const::{lambda()#12}::operator()() const::{lambda(c10::BFloat16)#1}>(at::TensorIteratorBase&, at::native::direct_copy_kernel_cuda(at::TensorIteratorBase&)::{lambda()#3}::operator()() const::{lambda()#12}::operator()() const::{lambda(c10::BFloat16)#1} const&)::{lambda(int)#1}>(int, at::native::gpu_kernel_impl_nocast<at::native::direct_copy_kernel_cuda(at::TensorIteratorBase&)::{lambda()#3}::operator()() const::{lambda()#12}::operator()() const::{lambda(c10::BFloat16)#1}>(at::TensorIteratorBase&, at::native::direct_copy_kernel_cuda(at::TensorIteratorBase&)::{lambda()#3}::operator()() const::{lambda()#12}::operator()() const::{lambda(c10::BFloat16)#1} const&)::{lambda(int)#1})",81,operator_shape_matched,"[[1,3,105,272,2,368,2],[1,3,105,272,2,368,2],[]]","[""c10::BFloat16"",""c10::BFloat16"",""Scalar""]",null,1,414.756
null,aten::copy_,"void at::native::elementwise_kernel<128, 4, at::native::gpu_kernel_impl_nocast<at::native::direct_copy_kernel_cuda(at::TensorIteratorBase&)::{lambda()#3}::operator()() const::{lambda()#12}::operator()() const::{lambda(c10::BFloat16)#1}>(at::TensorIteratorBase&, at::native::direct_copy_kernel_cuda(at::TensorIteratorBase&)::{lambda()#3}::operator()() const::{lambda()#12}::operator()() const::{lambda(c10::BFloat16)#1} const&)::{lambda(int)#1}>(int, at::native::gpu_kernel_impl_nocast<at::native::direct_copy_kernel_cuda(at::TensorIteratorBase&)::{lambda()#3}::operator()() const::{lambda()#12}::operator()() const::{lambda(c10::BFloat16)#1}>(at::TensorIteratorBase&, at::native::direct_copy_kernel_cuda(at::TensorIteratorBase&)::{lambda()#3}::operator()() const::{lambda()#12}::operator()() const::{lambda(c10::BFloat16)#1} const&)::{lambda(int)#1})",82,operator_shape_matched,"[[6,640,34,46],[6,640,34,46],[]]","[""c10::BFloat16"",""c10::BFloat16"",""Scalar""]",null,25,382.69
null,aten::copy_,"void at::native::elementwise_kernel<128, 4, at::native::gpu_kernel_impl_nocast<at::native::direct_copy_kernel_cuda(at::TensorIteratorBase&)::{lambda()#3}::operator()() const::{lambda()#12}::operator()() const::{lambda(c10::BFloat16)#1}>(at::TensorIteratorBase&, at::native::direct_copy_kernel_cuda(at::TensorIteratorBase&)::{lambda()#3}::operator()() const::{lambda()#12}::operator()() const::{lambda(c10::BFloat16)#1} const&)::{lambda(int)#1}>(int, at::native::gpu_kernel_impl_nocast<at::native::direct_copy_kernel_cuda(at::TensorIteratorBase&)::{lambda()#3}::operator()() const::{lambda()#12}::operator()() const::{lambda(c10::BFloat16)#1}>(at::TensorIteratorBase&, at::native::direct_copy_kernel_cuda(at::TensorIteratorBase&)::{lambda()#3}::operator()() const::{lambda()#12}::operator()() const::{lambda(c10::BFloat16)#1} const&)::{lambda(int)#1})",83,operator_shape_matched,"[[1,12,25,272,368],[1,12,25,272,368],[]]","[""c10::BFloat16"",""c10::BFloat16"",""Scalar""]",null,4,371.525
null,aten::copy_,"void at::native::elementwise_kernel<128, 4, at::native::gpu_kernel_impl_nocast<at::native::direct_copy_kernel_cuda(at::TensorIteratorBase&)::{lambda()#3}::operator()() const::{lambda()#12}::operator()() const::{lambda(c10::BFloat16)#1}>(at::TensorIteratorBase&, at::native::direct_copy_kernel_cuda(at::TensorIteratorBase&)::{lambda()#3}::operator()() const::{lambda()#12}::operator()() const::{lambda(c10::BFloat16)#1} const&)::{lambda(int)#1}>(int, at::native::gpu_kernel_impl_nocast<at::native::direct_copy_kernel_cuda(at::TensorIteratorBase&)::{lambda()#3}::operator()() const::{lambda()#12}::operator()() const::{lambda(c10::BFloat16)#1}>(at::TensorIteratorBase&, at::native::direct_copy_kernel_cuda(at::TensorIteratorBase&)::{lambda()#3}::operator()() const::{lambda()#12}::operator()() const::{lambda(c10::BFloat16)#1} const&)::{lambda(int)#1})",84,operator_shape_matched,"[[1,3,117,544,736],[1,3,117,544,736],[]]","[""c10::BFloat16"",""c10::BFloat16"",""Scalar""]",null,1,358.02
null,aten::copy_,"void at::native::elementwise_kernel<128, 4, at::native::gpu_kernel_impl_nocast<at::native::direct_copy_kernel_cuda(at::TensorIteratorBase&)::{lambda()#3}::operator()() const::{lambda()#12}::operator()() const::{lambda(c10::BFloat16)#1}>(at::TensorIteratorBase&, at::native::direct_copy_kernel_cuda(at::TensorIteratorBase&)::{lambda()#3}::operator()() const::{lambda()#12}::operator()() const::{lambda(c10::BFloat16)#1} const&)::{lambda(int)#1}>(int, at::native::gpu_kernel_impl_nocast<at::native::direct_copy_kernel_cuda(at::TensorIteratorBase&)::{lambda()#3}::operator()() const::{lambda()#12}::operator()() const::{lambda(c10::BFloat16)#1}>(at::TensorIteratorBase&, at::native::direct_copy_kernel_cuda(at::TensorIteratorBase&)::{lambda()#3}::operator()() const::{lambda()#12}::operator()() const::{lambda(c10::BFloat16)#1} const&)::{lambda(int)#1})",85,operator_shape_matched,"[[1,48,3,34,46],[1,48,3,34,46],[]]","[""c10::BFloat16"",""c10::BFloat16"",""Scalar""]",null,133,352.259
null,aten::copy_,"void at::native::elementwise_kernel<128, 4, at::native::gpu_kernel_impl_nocast<at::native::direct_copy_kernel_cuda(at::TensorIteratorBase&)::{lambda()#3}::operator()() const::{lambda()#12}::operator()() const::{lambda(c10::BFloat16)#1}>(at::TensorIteratorBase&, at::native::direct_copy_kernel_cuda(at::TensorIteratorBase&)::{lambda()#3}::operator()() const::{lambda()#12}::operator()() const::{lambda(c10::BFloat16)#1} const&)::{lambda(int)#1}>(int, at::native::gpu_kernel_impl_nocast<at::native::direct_copy_kernel_cuda(at::TensorIteratorBase&)::{lambda()#3}::operator()() const::{lambda()#12}::operator()() const::{lambda(c10::BFloat16)#1}>(at::TensorIteratorBase&, at::native::direct_copy_kernel_cuda(at::TensorIteratorBase&)::{lambda()#3}::operator()() const::{lambda()#12}::operator()() const::{lambda(c10::BFloat16)#1} const&)::{lambda(int)#1})",86,operator_shape_matched,"[[1,320,13,68,92],[1,320,13,68,92],[]]","[""c10::BFloat16"",""c10::BFloat16"",""Scalar""]",null,4,340.675
null,aten::copy_,"void at::native::elementwise_kernel<128, 4, at::native::gpu_kernel_impl_nocast<at::native::direct_copy_kernel_cuda(at::TensorIteratorBase&)::{lambda()#3}::operator()() const::{lambda()#12}::operator()() const::{lambda(c10::BFloat16)#1}>(at::TensorIteratorBase&, at::native::direct_copy_kernel_cuda(at::TensorIteratorBase&)::{lambda()#3}::operator()() const::{lambda()#12}::operator()() const::{lambda(c10::BFloat16)#1} const&)::{lambda(int)#1}>(int, at::native::gpu_kernel_impl_nocast<at::native::direct_copy_kernel_cuda(at::TensorIteratorBase&)::{lambda()#3}::operator()() const::{lambda()#12}::operator()() const::{lambda(c10::BFloat16)#1}>(at::TensorIteratorBase&, at::native::direct_copy_kernel_cuda(at::TensorIteratorBase&)::{lambda()#3}::operator()() const::{lambda()#12}::operator()() const::{lambda(c10::BFloat16)#1} const&)::{lambda(int)#1})",87,operator_shape_matched,"[[1,3,105,544,736],[1,3,105,544,736],[]]","[""c10::BFloat16"",""c10::BFloat16"",""Scalar""]",null,1,322.339
null,aten::copy_,"void at::native::elementwise_kernel<128, 4, at::native::gpu_kernel_impl_nocast<at::native::direct_copy_kernel_cuda(at::TensorIteratorBase&)::{lambda()#3}::operator()() const::{lambda()#12}::operator()() const::{lambda(c10::BFloat16)#1}>(at::TensorIteratorBase&, at::native::direct_copy_kernel_cuda(at::TensorIteratorBase&)::{lambda()#3}::operator()() const::{lambda()#12}::operator()() const::{lambda(c10::BFloat16)#1} const&)::{lambda(int)#1}>(int, at::native::gpu_kernel_impl_nocast<at::native::direct_copy_kernel_cuda(at::TensorIteratorBase&)::{lambda()#3}::operator()() const::{lambda()#12}::operator()() const::{lambda(c10::BFloat16)#1}>(at::TensorIteratorBase&, at::native::direct_copy_kernel_cuda(at::TensorIteratorBase&)::{lambda()#3}::operator()() const::{lambda()#12}::operator()() const::{lambda(c10::BFloat16)#1} const&)::{lambda(int)#1})",88,operator_shape_matched,"[[1,1024,1,136,184],[1,1024,1,136,184],[]]","[""c10::BFloat16"",""c10::BFloat16"",""Scalar""]",null,4,320.035
null,aten::copy_,"void at::native::elementwise_kernel<128, 4, at::native::gpu_kernel_impl_nocast<at::native::direct_copy_kernel_cuda(at::TensorIteratorBase&)::{lambda()#3}::operator()() const::{lambda()#12}::operator()() const::{lambda(c10::BFloat16)#1}>(at::TensorIteratorBase&, at::native::direct_copy_kernel_cuda(at::TensorIteratorBase&)::{lambda()#3}::operator()() const::{lambda()#12}::operator()() const::{lambda(c10::BFloat16)#1} const&)::{lambda(int)#1}>(int, at::native::gpu_kernel_impl_nocast<at::native::direct_copy_kernel_cuda(at::TensorIteratorBase&)::{lambda()#3}::operator()() const::{lambda()#12}::operator()() const::{lambda(c10::BFloat16)#1}>(at::TensorIteratorBase&, at::native::direct_copy_kernel_cuda(at::TensorIteratorBase&)::{lambda()#3}::operator()() const::{lambda()#12}::operator()() const::{lambda(c10::BFloat16)#1} const&)::{lambda(int)#1})",89,operator_shape_matched,"[[1,320,1,136,184],[1,320,1,136,184],[]]","[""c10::BFloat16"",""c10::BFloat16"",""Scalar""]",null,12,311.622
null,aten::copy_,"void at::native::elementwise_kernel<128, 4, at::native::gpu_kernel_impl_nocast<at::native::direct_copy_kernel_cuda(at::TensorIteratorBase&)::{lambda()#3}::operator()() const::{lambda()#12}::operator()() const::{lambda(c10::BFloat16)#1}>(at::TensorIteratorBase&, at::native::direct_copy_kernel_cuda(at::TensorIteratorBase&)::{lambda()#3}::operator()() const::{lambda()#12}::operator()() const::{lambda(c10::BFloat16)#1} const&)::{lambda(int)#1}>(int, at::native::gpu_kernel_impl_nocast<at::native::direct_copy_kernel_cuda(at::TensorIteratorBase&)::{lambda()#3}::operator()() const::{lambda()#12}::operator()() const::{lambda(c10::BFloat16)#1}>(at::TensorIteratorBase&, at::native::direct_copy_kernel_cuda(at::TensorIteratorBase&)::{lambda()#3}::operator()() const::{lambda()#12}::operator()() const::{lambda(c10::BFloat16)#1} const&)::{lambda(int)#1})",90,operator_shape_matched,"[[1,320,2,68,92],[1,320,2,68,92],[]]","[""c10::BFloat16"",""c10::BFloat16"",""Scalar""]",null,25,300.93
null,aten::copy_,"void at::native::elementwise_kernel<128, 4, at::native::gpu_kernel_impl_nocast<at::native::direct_copy_kernel_cuda(at::TensorIteratorBase&)::{lambda()#3}::operator()() const::{lambda()#12}::operator()() const::{lambda(c10::BFloat16)#1}>(at::TensorIteratorBase&, at::native::direct_copy_kernel_cuda(at::TensorIteratorBase&)::{lambda()#3}::operator()() const::{lambda()#12}::operator()() const::{lambda(c10::BFloat16)#1} const&)::{lambda(int)#1}>(int, at::native::gpu_kernel_impl_nocast<at::native::direct_copy_kernel_cuda(at::TensorIteratorBase&)::{lambda()#3}::operator()() const::{lambda()#12}::operator()() const::{lambda(c10::BFloat16)#1}>(at::TensorIteratorBase&, at::native::direct_copy_kernel_cuda(at::TensorIteratorBase&)::{lambda()#3}::operator()() const::{lambda()#12}::operator()() const::{lambda(c10::BFloat16)#1} const&)::{lambda(int)#1})",91,operator_shape_matched,"[[1,1024,1,34,46],[1,1024,1,34,46],[]]","[""c10::BFloat16"",""c10::BFloat16"",""Scalar""]",null,40,247.266
null,aten::copy_,"void at::native::elementwise_kernel<128, 4, at::native::gpu_kernel_impl_nocast<at::native::direct_copy_kernel_cuda(at::TensorIteratorBase&)::{lambda()#3}::operator()() const::{lambda()#12}::operator()() const::{lambda(c10::BFloat16)#1}>(at::TensorIteratorBase&, at::native::direct_copy_kernel_cuda(at::TensorIteratorBase&)::{lambda()#3}::operator()() const::{lambda()#12}::operator()() const::{lambda(c10::BFloat16)#1} const&)::{lambda(int)#1}>(int, at::native::gpu_kernel_impl_nocast<at::native::direct_copy_kernel_cuda(at::TensorIteratorBase&)::{lambda()#3}::operator()() const::{lambda()#12}::operator()() const::{lambda(c10::BFloat16)#1}>(at::TensorIteratorBase&, at::native::direct_copy_kernel_cuda(at::TensorIteratorBase&)::{lambda()#3}::operator()() const::{lambda()#12}::operator()() const::{lambda(c10::BFloat16)#1} const&)::{lambda(int)#1})",92,operator_shape_matched,"[[1,160,1,2,2,1,136,184],[1,160,1,2,2,1,136,184],[]]","[""c10::BFloat16"",""c10::BFloat16"",""Scalar""]",null,4,216.673
null,aten::copy_,"void at::native::elementwise_kernel<128, 4, at::native::gpu_kernel_impl_nocast<at::native::direct_copy_kernel_cuda(at::TensorIteratorBase&)::{lambda()#3}::operator()() const::{lambda()#12}::operator()() const::{lambda(c10::BFloat16)#1}>(at::TensorIteratorBase&, at::native::direct_copy_kernel_cuda(at::TensorIteratorBase&)::{lambda()#3}::operator()() const::{lambda()#12}::operator()() const::{lambda(c10::BFloat16)#1} const&)::{lambda(int)#1}>(int, at::native::gpu_kernel_impl_nocast<at::native::direct_copy_kernel_cuda(at::TensorIteratorBase&)::{lambda()#3}::operator()() const::{lambda()#12}::operator()() const::{lambda(c10::BFloat16)#1}>(at::TensorIteratorBase&, at::native::direct_copy_kernel_cuda(at::TensorIteratorBase&)::{lambda()#3}::operator()() const::{lambda()#12}::operator()() const::{lambda(c10::BFloat16)#1} const&)::{lambda(int)#1})",93,operator_shape_matched,"[[1,12,2,272,368],[1,12,2,272,368],[]]","[""c10::BFloat16"",""c10::BFloat16"",""Scalar""]",null,25,190.881
null,aten::copy_,"void at::native::elementwise_kernel<128, 4, at::native::gpu_kernel_impl_nocast<at::native::direct_copy_kernel_cuda(at::TensorIteratorBase&)::{lambda()#3}::operator()() const::{lambda()#12}::operator()() const::{lambda(c10::BFloat16)#1}>(at::TensorIteratorBase&, at::native::direct_copy_kernel_cuda(at::TensorIteratorBase&)::{lambda()#3}::operator()() const::{lambda()#12}::operator()() const::{lambda(c10::BFloat16)#1} const&)::{lambda(int)#1}>(int, at::native::gpu_kernel_impl_nocast<at::native::direct_copy_kernel_cuda(at::TensorIteratorBase&)::{lambda()#3}::operator()() const::{lambda()#12}::operator()() const::{lambda(c10::BFloat16)#1}>(at::TensorIteratorBase&, at::native::direct_copy_kernel_cuda(at::TensorIteratorBase&)::{lambda()#3}::operator()() const::{lambda()#12}::operator()() const::{lambda(c10::BFloat16)#1} const&)::{lambda(int)#1})",94,operator_shape_matched,"[[1,160,272,368],[1,160,272,368],[]]","[""c10::BFloat16"",""c10::BFloat16"",""Scalar""]",null,4,190.851
null,aten::copy_,"void at::native::elementwise_kernel<128, 4, at::native::gpu_kernel_impl_nocast<at::native::direct_copy_kernel_cuda(at::TensorIteratorBase&)::{lambda()#3}::operator()() const::{lambda()#12}::operator()() const::{lambda(c10::BFloat16)#1}>(at::TensorIteratorBase&, at::native::direct_copy_kernel_cuda(at::TensorIteratorBase&)::{lambda()#3}::operator()() const::{lambda()#12}::operator()() const::{lambda(c10::BFloat16)#1} const&)::{lambda(int)#1}>(int, at::native::gpu_kernel_impl_nocast<at::native::direct_copy_kernel_cuda(at::TensorIteratorBase&)::{lambda()#3}::operator()() const::{lambda()#12}::operator()() const::{lambda(c10::BFloat16)#1}>(at::TensorIteratorBase&, at::native::direct_copy_kernel_cuda(at::TensorIteratorBase&)::{lambda()#3}::operator()() const::{lambda()#12}::operator()() const::{lambda(c10::BFloat16)#1} const&)::{lambda(int)#1})",95,operator_shape_matched,"[[1,640,1,34,46],[1,640,1,34,46],[]]","[""c10::BFloat16"",""c10::BFloat16"",""Scalar""]",null,36,156.481
null,aten::copy_,"void at::native::elementwise_kernel<128, 4, at::native::gpu_kernel_impl_nocast<at::native::direct_copy_kernel_cuda(at::TensorIteratorBase&)::{lambda()#3}::operator()() const::{lambda()#12}::operator()() const::{lambda(c10::BFloat16)#1}>(at::TensorIteratorBase&, at::native::direct_copy_kernel_cuda(at::TensorIteratorBase&)::{lambda()#3}::operator()() const::{lambda()#12}::operator()() const::{lambda(c10::BFloat16)#1} const&)::{lambda(int)#1}>(int, at::native::gpu_kernel_impl_nocast<at::native::direct_copy_kernel_cuda(at::TensorIteratorBase&)::{lambda()#3}::operator()() const::{lambda()#12}::operator()() const::{lambda(c10::BFloat16)#1}>(at::TensorIteratorBase&, at::native::direct_copy_kernel_cuda(at::TensorIteratorBase&)::{lambda()#3}::operator()() const::{lambda()#12}::operator()() const::{lambda(c10::BFloat16)#1} const&)::{lambda(int)#1})",96,operator_shape_matched,"[[1,640,1,68,92],[1,640,1,68,92],[]]","[""c10::BFloat16"",""c10::BFloat16"",""Scalar""]",null,12,152.671
null,aten::copy_,"void at::native::elementwise_kernel<128, 4, at::native::gpu_kernel_impl_nocast<at::native::direct_copy_kernel_cuda(at::TensorIteratorBase&)::{lambda()#3}::operator()() const::{lambda()#12}::operator()() const::{lambda(c10::BFloat16)#1}>(at::TensorIteratorBase&, at::native::direct_copy_kernel_cuda(at::TensorIteratorBase&)::{lambda()#3}::operator()() const::{lambda()#12}::operator()() const::{lambda(c10::BFloat16)#1} const&)::{lambda(int)#1}>(int, at::native::gpu_kernel_impl_nocast<at::native::direct_copy_kernel_cuda(at::TensorIteratorBase&)::{lambda()#3}::operator()() const::{lambda()#12}::operator()() const::{lambda(c10::BFloat16)#1}>(at::TensorIteratorBase&, at::native::direct_copy_kernel_cuda(at::TensorIteratorBase&)::{lambda()#3}::operator()() const::{lambda()#12}::operator()() const::{lambda(c10::BFloat16)#1} const&)::{lambda(int)#1})",97,operator_shape_matched,"[[1,160,2,2,2,1,68,92],[1,160,2,2,2,1,68,92],[]]","[""c10::BFloat16"",""c10::BFloat16"",""Scalar""]",null,4,108.928
null,aten::copy_,"void at::native::elementwise_kernel<128, 4, at::native::gpu_kernel_impl_nocast<at::native::direct_copy_kernel_cuda(at::TensorIteratorBase&)::{lambda()#3}::operator()() const::{lambda()#12}::operator()() const::{lambda(c10::BFloat16)#1}>(at::TensorIteratorBase&, at::native::direct_copy_kernel_cuda(at::TensorIteratorBase&)::{lambda()#3}::operator()() const::{lambda()#12}::operator()() const::{lambda(c10::BFloat16)#1} const&)::{lambda(int)#1}>(int, at::native::gpu_kernel_impl_nocast<at::native::direct_copy_kernel_cuda(at::TensorIteratorBase&)::{lambda()#3}::operator()() const::{lambda()#12}::operator()() const::{lambda(c10::BFloat16)#1}>(at::TensorIteratorBase&, at::native::direct_copy_kernel_cuda(at::TensorIteratorBase&)::{lambda()#3}::operator()() const::{lambda()#12}::operator()() const::{lambda(c10::BFloat16)#1} const&)::{lambda(int)#1})",98,operator_shape_matched,"[[1,1,1564,1920],[1,1,1564,1920],[]]","[""c10::BFloat16"",""c10::BFloat16"",""Scalar""]",null,4,100.098
null,aten::copy_,"void at::native::elementwise_kernel<128, 4, at::native::gpu_kernel_impl_nocast<at::native::direct_copy_kernel_cuda(at::TensorIteratorBase&)::{lambda()#3}::operator()() const::{lambda()#12}::operator()() const::{lambda(c10::BFloat16)#1}>(at::TensorIteratorBase&, at::native::direct_copy_kernel_cuda(at::TensorIteratorBase&)::{lambda()#3}::operator()() const::{lambda()#12}::operator()() const::{lambda(c10::BFloat16)#1} const&)::{lambda(int)#1}>(int, at::native::gpu_kernel_impl_nocast<at::native::direct_copy_kernel_cuda(at::TensorIteratorBase&)::{lambda()#3}::operator()() const::{lambda()#12}::operator()() const::{lambda(c10::BFloat16)#1}>(at::TensorIteratorBase&, at::native::direct_copy_kernel_cuda(at::TensorIteratorBase&)::{lambda()#3}::operator()() const::{lambda()#12}::operator()() const::{lambda(c10::BFloat16)#1} const&)::{lambda(int)#1})",99,operator_shape_matched,"[[1,320,136,184],[1,320,136,184],[]]","[""c10::BFloat16"",""c10::BFloat16"",""Scalar""]",null,4,89.698
null,aten::copy_,"void at::native::elementwise_kernel<128, 4, at::native::gpu_kernel_impl_nocast<at::native::direct_copy_kernel_cuda(at::TensorIteratorBase&)::{lambda()#3}::operator()() const::{lambda()#12}::operator()() const::{lambda(c10::BFloat16)#1}>(at::TensorIteratorBase&, at::native::direct_copy_kernel_cuda(at::TensorIteratorBase&)::{lambda()#3}::operator()() const::{lambda()#12}::operator()() const::{lambda(c10::BFloat16)#1} const&)::{lambda(int)#1}>(int, at::native::gpu_kernel_impl_nocast<at::native::direct_copy_kernel_cuda(at::TensorIteratorBase&)::{lambda()#3}::operator()() const::{lambda()#12}::operator()() const::{lambda(c10::BFloat16)#1}>(at::TensorIteratorBase&, at::native::direct_copy_kernel_cuda(at::TensorIteratorBase&)::{lambda()#3}::operator()() const::{lambda()#12}::operator()() const::{lambda(c10::BFloat16)#1} const&)::{lambda(int)#1})",100,operator_shape_matched,"[[1,160,1,136,184],[1,160,1,136,184],[]]","[""c10::BFloat16"",""c10::BFloat16"",""Scalar""]",null,8,87.203
null,aten::copy_,"void at::native::elementwise_kernel<128, 4, at::native::gpu_kernel_impl_nocast<at::native::direct_copy_kernel_cuda(at::TensorIteratorBase&)::{lambda()#3}::operator()() const::{lambda()#12}::operator()() const::{lambda(c10::BFloat16)#1}>(at::TensorIteratorBase&, at::native::direct_copy_kernel_cuda(at::TensorIteratorBase&)::{lambda()#3}::operator()() const::{lambda()#12}::operator()() const::{lambda(c10::BFloat16)#1} const&)::{lambda(int)#1}>(int, at::native::gpu_kernel_impl_nocast<at::native::direct_copy_kernel_cuda(at::TensorIteratorBase&)::{lambda()#3}::operator()() const::{lambda()#12}::operator()() const::{lambda(c10::BFloat16)#1}>(at::TensorIteratorBase&, at::native::direct_copy_kernel_cuda(at::TensorIteratorBase&)::{lambda()#3}::operator()() const::{lambda()#12}::operator()() const::{lambda(c10::BFloat16)#1} const&)::{lambda(int)#1})",101,operator_shape_matched,"[[1,320,2,2,2,1,34,46],[1,320,2,2,2,1,34,46],[]]","[""c10::BFloat16"",""c10::BFloat16"",""Scalar""]",null,4,57.728
null,aten::copy_,"void at::native::elementwise_kernel<128, 4, at::native::gpu_kernel_impl_nocast<at::native::direct_copy_kernel_cuda(at::TensorIteratorBase&)::{lambda()#3}::operator()() const::{lambda()#12}::operator()() const::{lambda(c10::BFloat16)#1}>(at::TensorIteratorBase&, at::native::direct_copy_kernel_cuda(at::TensorIteratorBase&)::{lambda()#3}::operator()() const::{lambda()#12}::operator()() const::{lambda(c10::BFloat16)#1} const&)::{lambda(int)#1}>(int, at::native::gpu_kernel_impl_nocast<at::native::direct_copy_kernel_cuda(at::TensorIteratorBase&)::{lambda()#3}::operator()() const::{lambda()#12}::operator()() const::{lambda(c10::BFloat16)#1}>(at::TensorIteratorBase&, at::native::direct_copy_kernel_cuda(at::TensorIteratorBase&)::{lambda()#3}::operator()() const::{lambda()#12}::operator()() const::{lambda(c10::BFloat16)#1} const&)::{lambda(int)#1})",102,operator_shape_matched,"[[1,320,1,68,92],[1,320,1,68,92],[]]","[""c10::BFloat16"",""c10::BFloat16"",""Scalar""]",null,8,49.664
null,aten::copy_,"void at::native::elementwise_kernel<128, 4, at::native::gpu_kernel_impl_nocast<at::native::direct_copy_kernel_cuda(at::TensorIteratorBase&)::{lambda()#3}::operator()() const::{lambda()#12}::operator()() const::{lambda(c10::BFloat16)#1}>(at::TensorIteratorBase&, at::native::direct_copy_kernel_cuda(at::TensorIteratorBase&)::{lambda()#3}::operator()() const::{lambda()#12}::operator()() const::{lambda(c10::BFloat16)#1} const&)::{lambda(int)#1}>(int, at::native::gpu_kernel_impl_nocast<at::native::direct_copy_kernel_cuda(at::TensorIteratorBase&)::{lambda()#3}::operator()() const::{lambda()#12}::operator()() const::{lambda(c10::BFloat16)#1}>(at::TensorIteratorBase&, at::native::direct_copy_kernel_cuda(at::TensorIteratorBase&)::{lambda()#3}::operator()() const::{lambda()#12}::operator()() const::{lambda(c10::BFloat16)#1} const&)::{lambda(int)#1})",103,operator_shape_matched,"[[1,640,68,92],[1,640,68,92],[]]","[""c10::BFloat16"",""c10::BFloat16"",""Scalar""]",null,4,44.225
null,aten::copy_,"void at::native::elementwise_kernel<128, 4, at::native::gpu_kernel_impl_nocast<at::native::direct_copy_kernel_cuda(at::TensorIteratorBase&)::{lambda()#3}::operator()() const::{lambda()#12}::operator()() const::{lambda(c10::BFloat16)#1}>(at::TensorIteratorBase&, at::native::direct_copy_kernel_cuda(at::TensorIteratorBase&)::{lambda()#3}::operator()() const::{lambda()#12}::operator()() const::{lambda(c10::BFloat16)#1} const&)::{lambda(int)#1}>(int, at::native::gpu_kernel_impl_nocast<at::native::direct_copy_kernel_cuda(at::TensorIteratorBase&)::{lambda()#3}::operator()() const::{lambda()#12}::operator()() const::{lambda(c10::BFloat16)#1}>(at::TensorIteratorBase&, at::native::direct_copy_kernel_cuda(at::TensorIteratorBase&)::{lambda()#3}::operator()() const::{lambda()#12}::operator()() const::{lambda(c10::BFloat16)#1} const&)::{lambda(int)#1})",104,operator_shape_matched,"[[1,12,1,272,368],[1,12,1,272,368],[]]","[""c10::BFloat16"",""c10::BFloat16"",""Scalar""]",null,8,42.367
null,aten::copy_,"void at::native::elementwise_kernel<128, 4, at::native::gpu_kernel_impl_nocast<at::native::direct_copy_kernel_cuda(at::TensorIteratorBase&)::{lambda()#3}::operator()() const::{lambda()#12}::operator()() const::{lambda(c10::BFloat16)#1}>(at::TensorIteratorBase&, at::native::direct_copy_kernel_cuda(at::TensorIteratorBase&)::{lambda()#3}::operator()() const::{lambda()#12}::operator()() const::{lambda(c10::BFloat16)#1} const&)::{lambda(int)#1}>(int, at::native::gpu_kernel_impl_nocast<at::native::direct_copy_kernel_cuda(at::TensorIteratorBase&)::{lambda()#3}::operator()() const::{lambda()#12}::operator()() const::{lambda(c10::BFloat16)#1}>(at::TensorIteratorBase&, at::native::direct_copy_kernel_cuda(at::TensorIteratorBase&)::{lambda()#3}::operator()() const::{lambda()#12}::operator()() const::{lambda(c10::BFloat16)#1} const&)::{lambda(int)#1})",105,operator_shape_matched,"[[1,640,1564],[1,640,1564],[]]","[""c10::BFloat16"",""c10::BFloat16"",""Scalar""]",null,4,36.256
null,aten::copy_,"void at::native::elementwise_kernel<128, 4, at::native::gpu_kernel_impl_nocast<at::native::direct_copy_kernel_cuda(at::TensorIteratorBase&)::{lambda()#3}::operator()() const::{lambda()#12}::operator()() const::{lambda(c10::BFloat16)#1}>(at::TensorIteratorBase&, at::native::direct_copy_kernel_cuda(at::TensorIteratorBase&)::{lambda()#3}::operator()() const::{lambda()#12}::operator()() const::{lambda(c10::BFloat16)#1} const&)::{lambda(int)#1}>(int, at::native::gpu_kernel_impl_nocast<at::native::direct_copy_kernel_cuda(at::TensorIteratorBase&)::{lambda()#3}::operator()() const::{lambda()#12}::operator()() const::{lambda(c10::BFloat16)#1}>(at::TensorIteratorBase&, at::native::direct_copy_kernel_cuda(at::TensorIteratorBase&)::{lambda()#3}::operator()() const::{lambda()#12}::operator()() const::{lambda(c10::BFloat16)#1} const&)::{lambda(int)#1})",106,operator_shape_matched,"[[1,48,2,34,46],[1,48,2,34,46],[]]","[""c10::BFloat16"",""c10::BFloat16"",""Scalar""]",null,4,11.424
null,aten::copy_,"void at::native::unrolled_elementwise_kernel<at::native::direct_copy_kernel_cuda(at::TensorIteratorBase&)::{lambda()#3}::operator()() const::{lambda()#11}::operator()() const::{lambda(bool)#1}, std::array<char*, 2ul>, 4, TrivialOffsetCalculator<1, unsigned int>, TrivialOffsetCalculator<1, unsigned int>, at::native::memory::LoadWithCast<1>, at::native::memory::StoreWithCast<1> >(int, at::native::direct_copy_kernel_cuda(at::TensorIteratorBase&)::{lambda()#3}::operator()() const::{lambda()#11}::operator()() const::{lambda(bool)#1}, std::array<char*, 2ul>, TrivialOffsetCalculator<1, unsigned int>, TrivialOffsetCalculator<1, unsigned int>, at::native::memory::LoadWithCast<1>, at::native::memory::StoreWithCast<1>)",1,operator_shape_matched,"[[],[],[]]","[""bool"",""int"",""Scalar""]",null,192,379.84
null,aten::copy_,"void at::native::unrolled_elementwise_kernel<at::native::direct_copy_kernel_cuda(at::TensorIteratorBase&)::{lambda()#3}::operator()() const::{lambda()#4}::operator()() const::{lambda(long)#1}, std::array<char*, 2ul>, 4, TrivialOffsetCalculator<1, unsigned int>, TrivialOffsetCalculator<1, unsigned int>, at::native::memory::LoadWithCast<1>, at::native::memory::StoreWithCast<1> >(int, at::native::direct_copy_kernel_cuda(at::TensorIteratorBase&)::{lambda()#3}::operator()() const::{lambda()#4}::operator()() const::{lambda(long)#1}, std::array<char*, 2ul>, TrivialOffsetCalculator<1, unsigned int>, TrivialOffsetCalculator<1, unsigned int>, at::native::memory::LoadWithCast<1>, at::native::memory::StoreWithCast<1>)",1,operator_shape_matched,"[[55131],[55131],[]]","[""long int"",""int"",""Scalar""]",null,402,1602.894
null,aten::copy_,"void at::native::unrolled_elementwise_kernel<at::native::direct_copy_kernel_cuda(at::TensorIteratorBase&)::{lambda()#3}::operator()() const::{lambda()#4}::operator()() const::{lambda(long)#1}, std::array<char*, 2ul>, 4, TrivialOffsetCalculator<1, unsigned int>, TrivialOffsetCalculator<1, unsigned int>, at::native::memory::LoadWithCast<1>, at::native::memory::StoreWithCast<1> >(int, at::native::direct_copy_kernel_cuda(at::TensorIteratorBase&)::{lambda()#3}::operator()() const::{lambda()#4}::operator()() const::{lambda(long)#1}, std::array<char*, 2ul>, TrivialOffsetCalculator<1, unsigned int>, TrivialOffsetCalculator<1, unsigned int>, at::native::memory::LoadWithCast<1>, at::native::memory::StoreWithCast<1>)",2,operator_shape_matched,"[[11372],[11372],[]]","[""long int"",""int"",""Scalar""]",null,201,789.802
null,aten::copy_,"void at::native::unrolled_elementwise_kernel<at::native::direct_copy_kernel_cuda(at::TensorIteratorBase&)::{lambda()#3}::operator()() const::{lambda()#4}::operator()() const::{lambda(long)#1}, std::array<char*, 2ul>, 4, TrivialOffsetCalculator<1, unsigned int>, TrivialOffsetCalculator<1, unsigned int>, at::native::memory::LoadWithCast<1>, at::native::memory::StoreWithCast<1> >(int, at::native::direct_copy_kernel_cuda(at::TensorIteratorBase&)::{lambda()#3}::operator()() const::{lambda()#4}::operator()() const::{lambda(long)#1}, std::array<char*, 2ul>, TrivialOffsetCalculator<1, unsigned int>, TrivialOffsetCalculator<1, unsigned int>, at::native::memory::LoadWithCast<1>, at::native::memory::StoreWithCast<1>)",3,operator_shape_matched,"[[918],[918],[]]","[""long int"",""int"",""Scalar""]",null,201,745.924
null,aten::copy_,"void at::native::unrolled_elementwise_kernel<at::native::direct_copy_kernel_cuda(at::TensorIteratorBase&)::{lambda()#3}::operator()() const::{lambda()#7}::operator()() const::{lambda(float)#1}, std::array<char*, 2ul>, 4, TrivialOffsetCalculator<1, unsigned int>, TrivialOffsetCalculator<1, unsigned int>, at::native::memory::LoadWithCast<1>, at::native::memory::StoreWithCast<1> >(int, at::native::direct_copy_kernel_cuda(at::TensorIteratorBase&)::{lambda()#3}::operator()() const::{lambda()#7}::operator()() const::{lambda(float)#1}, std::array<char*, 2ul>, TrivialOffsetCalculator<1, unsigned int>, TrivialOffsetCalculator<1, unsigned int>, at::native::memory::LoadWithCast<1>, at::native::memory::StoreWithCast<1>)",1,operator_shape_matched,"[[55131,4096],[55131,4096],[]]","[""float"",""c10::BFloat16"",""Scalar""]",null,100,77317.65
null,aten::copy_,"void at::native::unrolled_elementwise_kernel<at::native::direct_copy_kernel_cuda(at::TensorIteratorBase&)::{lambda()#3}::operator()() const::{lambda()#7}::operator()() const::{lambda(float)#1}, std::array<char*, 2ul>, 4, TrivialOffsetCalculator<1, unsigned int>, TrivialOffsetCalculator<1, unsigned int>, at::native::memory::LoadWithCast<1>, at::native::memory::StoreWithCast<1> >(int, at::native::direct_copy_kernel_cuda(at::TensorIteratorBase&)::{lambda()#3}::operator()() const::{lambda()#7}::operator()() const::{lambda(float)#1}, std::array<char*, 2ul>, TrivialOffsetCalculator<1, unsigned int>, TrivialOffsetCalculator<1, unsigned int>, at::native::memory::LoadWithCast<1>, at::native::memory::StoreWithCast<1>)",2,operator_shape_matched,"[[4,512,136,184],[4,512,136,184],[]]","[""float"",""c10::BFloat16"",""Scalar""]",null,137,22806.812
null,aten::copy_,"void at::native::unrolled_elementwise_kernel<at::native::direct_copy_kernel_cuda(at::TensorIteratorBase&)::{lambda()#3}::operator()() const::{lambda()#7}::operator()() const::{lambda(float)#1}, std::array<char*, 2ul>, 4, TrivialOffsetCalculator<1, unsigned int>, TrivialOffsetCalculator<1, unsigned int>, at::native::memory::LoadWithCast<1>, at::native::memory::StoreWithCast<1> >(int, at::native::direct_copy_kernel_cuda(at::TensorIteratorBase&)::{lambda()#3}::operator()() const::{lambda()#7}::operator()() const::{lambda(float)#1}, std::array<char*, 2ul>, TrivialOffsetCalculator<1, unsigned int>, TrivialOffsetCalculator<1, unsigned int>, at::native::memory::LoadWithCast<1>, at::native::memory::StoreWithCast<1>)",3,operator_shape_matched,"[[4,1024,68,92],[4,1024,68,92],[]]","[""float"",""c10::BFloat16"",""Scalar""]",null,137,11487.704
null,aten::copy_,"void at::native::unrolled_elementwise_kernel<at::native::direct_copy_kernel_cuda(at::TensorIteratorBase&)::{lambda()#3}::operator()() const::{lambda()#7}::operator()() const::{lambda(float)#1}, std::array<char*, 2ul>, 4, TrivialOffsetCalculator<1, unsigned int>, TrivialOffsetCalculator<1, unsigned int>, at::native::memory::LoadWithCast<1>, at::native::memory::StoreWithCast<1> >(int, at::native::direct_copy_kernel_cuda(at::TensorIteratorBase&)::{lambda()#3}::operator()() const::{lambda()#7}::operator()() const::{lambda(float)#1}, std::array<char*, 2ul>, TrivialOffsetCalculator<1, unsigned int>, TrivialOffsetCalculator<1, unsigned int>, at::native::memory::LoadWithCast<1>, at::native::memory::StoreWithCast<1>)",4,operator_shape_matched,"[[11372,4096],[11372,4096],[]]","[""float"",""c10::BFloat16"",""Scalar""]",null,50,8192.504
null,aten::copy_,"void at::native::unrolled_elementwise_kernel<at::native::direct_copy_kernel_cuda(at::TensorIteratorBase&)::{lambda()#3}::operator()() const::{lambda()#7}::operator()() const::{lambda(float)#1}, std::array<char*, 2ul>, 4, TrivialOffsetCalculator<1, unsigned int>, TrivialOffsetCalculator<1, unsigned int>, at::native::memory::LoadWithCast<1>, at::native::memory::StoreWithCast<1> >(int, at::native::direct_copy_kernel_cuda(at::TensorIteratorBase&)::{lambda()#3}::operator()() const::{lambda()#7}::operator()() const::{lambda(float)#1}, std::array<char*, 2ul>, TrivialOffsetCalculator<1, unsigned int>, TrivialOffsetCalculator<1, unsigned int>, at::native::memory::LoadWithCast<1>, at::native::memory::StoreWithCast<1>)",5,operator_shape_matched,"[[4096,4096],[4096,4096],[]]","[""float"",""c10::BFloat16"",""Scalar""]",null,100,7539.02
null,aten::copy_,"void at::native::unrolled_elementwise_kernel<at::native::direct_copy_kernel_cuda(at::TensorIteratorBase&)::{lambda()#3}::operator()() const::{lambda()#7}::operator()() const::{lambda(float)#1}, std::array<char*, 2ul>, 4, TrivialOffsetCalculator<1, unsigned int>, TrivialOffsetCalculator<1, unsigned int>, at::native::memory::LoadWithCast<1>, at::native::memory::StoreWithCast<1> >(int, at::native::direct_copy_kernel_cuda(at::TensorIteratorBase&)::{lambda()#3}::operator()() const::{lambda()#7}::operator()() const::{lambda(float)#1}, std::array<char*, 2ul>, TrivialOffsetCalculator<1, unsigned int>, TrivialOffsetCalculator<1, unsigned int>, at::native::memory::LoadWithCast<1>, at::native::memory::StoreWithCast<1>)",6,operator_shape_matched,"[[2,1024,34,46],[2,1024,34,46],[]]","[""float"",""c10::BFloat16"",""Scalar""]",null,137,1270.961
null,aten::copy_,"void at::native::unrolled_elementwise_kernel<at::native::direct_copy_kernel_cuda(at::TensorIteratorBase&)::{lambda()#3}::operator()() const::{lambda()#7}::operator()() const::{lambda(float)#1}, std::array<char*, 2ul>, 4, TrivialOffsetCalculator<1, unsigned int>, TrivialOffsetCalculator<1, unsigned int>, at::native::memory::LoadWithCast<1>, at::native::memory::StoreWithCast<1> >(int, at::native::direct_copy_kernel_cuda(at::TensorIteratorBase&)::{lambda()#3}::operator()() const::{lambda()#7}::operator()() const::{lambda(float)#1}, std::array<char*, 2ul>, TrivialOffsetCalculator<1, unsigned int>, TrivialOffsetCalculator<1, unsigned int>, at::native::memory::LoadWithCast<1>, at::native::memory::StoreWithCast<1>)",7,operator_shape_matched,"[[4096],[4096],[]]","[""float"",""c10::BFloat16"",""Scalar""]",null,200,900.959
null,aten::copy_,"void at::native::unrolled_elementwise_kernel<at::native::direct_copy_kernel_cuda(at::TensorIteratorBase&)::{lambda()#3}::operator()() const::{lambda()#7}::operator()() const::{lambda(float)#1}, std::array<char*, 2ul>, 4, TrivialOffsetCalculator<1, unsigned int>, TrivialOffsetCalculator<1, unsigned int>, at::native::memory::LoadWithCast<1>, at::native::memory::StoreWithCast<1> >(int, at::native::direct_copy_kernel_cuda(at::TensorIteratorBase&)::{lambda()#3}::operator()() const::{lambda()#7}::operator()() const::{lambda(float)#1}, std::array<char*, 2ul>, TrivialOffsetCalculator<1, unsigned int>, TrivialOffsetCalculator<1, unsigned int>, at::native::memory::LoadWithCast<1>, at::native::memory::StoreWithCast<1>)",8,operator_shape_matched,"[[918,4096],[918,4096],[]]","[""float"",""c10::BFloat16"",""Scalar""]",null,50,805.261
null,aten::copy_,"void at::native::unrolled_elementwise_kernel<at::native::direct_copy_kernel_cuda(at::TensorIteratorBase&)::{lambda()#3}::operator()() const::{lambda()#7}::operator()() const::{lambda(float)#1}, std::array<char*, 2ul>, 4, TrivialOffsetCalculator<1, unsigned int>, TrivialOffsetCalculator<1, unsigned int>, at::native::memory::LoadWithCast<1>, at::native::memory::StoreWithCast<1> >(int, at::native::direct_copy_kernel_cuda(at::TensorIteratorBase&)::{lambda()#3}::operator()() const::{lambda()#7}::operator()() const::{lambda(float)#1}, std::array<char*, 2ul>, TrivialOffsetCalculator<1, unsigned int>, TrivialOffsetCalculator<1, unsigned int>, at::native::memory::LoadWithCast<1>, at::native::memory::StoreWithCast<1>)",9,operator_shape_matched,"[[1,3,177,544,736],[1,3,177,544,736],[]]","[""float"",""c10::BFloat16"",""Scalar""]",null,1,681.735
null,aten::copy_,"void at::native::unrolled_elementwise_kernel<at::native::direct_copy_kernel_cuda(at::TensorIteratorBase&)::{lambda()#3}::operator()() const::{lambda()#7}::operator()() const::{lambda(float)#1}, std::array<char*, 2ul>, 4, TrivialOffsetCalculator<1, unsigned int>, TrivialOffsetCalculator<1, unsigned int>, at::native::memory::LoadWithCast<1>, at::native::memory::StoreWithCast<1> >(int, at::native::direct_copy_kernel_cuda(at::TensorIteratorBase&)::{lambda()#3}::operator()() const::{lambda()#7}::operator()() const::{lambda(float)#1}, std::array<char*, 2ul>, TrivialOffsetCalculator<1, unsigned int>, TrivialOffsetCalculator<1, unsigned int>, at::native::memory::LoadWithCast<1>, at::native::memory::StoreWithCast<1>)",10,operator_shape_matched,"[[1,3,153,544,736],[1,3,153,544,736],[]]","[""float"",""c10::BFloat16"",""Scalar""]",null,1,587.653
null,aten::copy_,"void at::native::unrolled_elementwise_kernel<at::native::direct_copy_kernel_cuda(at::TensorIteratorBase&)::{lambda()#3}::operator()() const::{lambda()#7}::operator()() const::{lambda(float)#1}, std::array<char*, 2ul>, 4, TrivialOffsetCalculator<1, unsigned int>, TrivialOffsetCalculator<1, unsigned int>, at::native::memory::LoadWithCast<1>, at::native::memory::StoreWithCast<1> >(int, at::native::direct_copy_kernel_cuda(at::TensorIteratorBase&)::{lambda()#3}::operator()() const::{lambda()#7}::operator()() const::{lambda(float)#1}, std::array<char*, 2ul>, TrivialOffsetCalculator<1, unsigned int>, TrivialOffsetCalculator<1, unsigned int>, at::native::memory::LoadWithCast<1>, at::native::memory::StoreWithCast<1>)",11,operator_shape_matched,"[[4096,256],[4096,256],[]]","[""float"",""c10::BFloat16"",""Scalar""]",null,100,566.313
null,aten::copy_,"void at::native::unrolled_elementwise_kernel<at::native::direct_copy_kernel_cuda(at::TensorIteratorBase&)::{lambda()#3}::operator()() const::{lambda()#7}::operator()() const::{lambda(float)#1}, std::array<char*, 2ul>, 4, TrivialOffsetCalculator<1, unsigned int>, TrivialOffsetCalculator<1, unsigned int>, at::native::memory::LoadWithCast<1>, at::native::memory::StoreWithCast<1> >(int, at::native::direct_copy_kernel_cuda(at::TensorIteratorBase&)::{lambda()#3}::operator()() const::{lambda()#7}::operator()() const::{lambda(float)#1}, std::array<char*, 2ul>, TrivialOffsetCalculator<1, unsigned int>, TrivialOffsetCalculator<1, unsigned int>, at::native::memory::LoadWithCast<1>, at::native::memory::StoreWithCast<1>)",12,operator_shape_matched,"[[1,3,117,544,736],[1,3,117,544,736],[]]","[""float"",""c10::BFloat16"",""Scalar""]",null,1,457.221
null,aten::copy_,"void at::native::unrolled_elementwise_kernel<at::native::direct_copy_kernel_cuda(at::TensorIteratorBase&)::{lambda()#3}::operator()() const::{lambda()#7}::operator()() const::{lambda(float)#1}, std::array<char*, 2ul>, 4, TrivialOffsetCalculator<1, unsigned int>, TrivialOffsetCalculator<1, unsigned int>, at::native::memory::LoadWithCast<1>, at::native::memory::StoreWithCast<1> >(int, at::native::direct_copy_kernel_cuda(at::TensorIteratorBase&)::{lambda()#3}::operator()() const::{lambda()#7}::operator()() const::{lambda(float)#1}, std::array<char*, 2ul>, TrivialOffsetCalculator<1, unsigned int>, TrivialOffsetCalculator<1, unsigned int>, at::native::memory::LoadWithCast<1>, at::native::memory::StoreWithCast<1>)",13,operator_shape_matched,"[[1,3,105,544,736],[1,3,105,544,736],[]]","[""float"",""c10::BFloat16"",""Scalar""]",null,1,403.396
null,aten::copy_,"void at::native::unrolled_elementwise_kernel<at::native::direct_copy_kernel_cuda(at::TensorIteratorBase&)::{lambda()#3}::operator()() const::{lambda()#7}::operator()() const::{lambda(float)#1}, std::array<char*, 2ul>, 4, TrivialOffsetCalculator<1, unsigned int>, TrivialOffsetCalculator<1, unsigned int>, at::native::memory::LoadWithCast<1>, at::native::memory::StoreWithCast<1> >(int, at::native::direct_copy_kernel_cuda(at::TensorIteratorBase&)::{lambda()#3}::operator()() const::{lambda()#7}::operator()() const::{lambda(float)#1}, std::array<char*, 2ul>, TrivialOffsetCalculator<1, unsigned int>, TrivialOffsetCalculator<1, unsigned int>, at::native::memory::LoadWithCast<1>, at::native::memory::StoreWithCast<1>)",14,operator_shape_matched,"[[4],[4],[]]","[""float"",""long int"",""Scalar""]",null,100,180.068
null,aten::copy_,"void at::native::unrolled_elementwise_kernel<at::native::direct_copy_kernel_cuda(at::TensorIteratorBase&)::{lambda()#3}::operator()() const::{lambda()#7}::operator()() const::{lambda(float)#1}, std::array<char*, 2ul>, 4, TrivialOffsetCalculator<1, unsigned int>, TrivialOffsetCalculator<1, unsigned int>, at::native::memory::LoadWithCast<1>, at::native::memory::StoreWithCast<1> >(int, at::native::direct_copy_kernel_cuda(at::TensorIteratorBase&)::{lambda()#3}::operator()() const::{lambda()#7}::operator()() const::{lambda(float)#1}, std::array<char*, 2ul>, TrivialOffsetCalculator<1, unsigned int>, TrivialOffsetCalculator<1, unsigned int>, at::native::memory::LoadWithCast<1>, at::native::memory::StoreWithCast<1>)",15,operator_shape_matched,"[[1,512,136,184],[1,512,136,184],[]]","[""float"",""c10::BFloat16"",""Scalar""]",null,4,176.322
null,aten::copy_,"void at::native::unrolled_elementwise_kernel<at::native::direct_copy_kernel_cuda(at::TensorIteratorBase&)::{lambda()#3}::operator()() const::{lambda()#7}::operator()() const::{lambda(float)#1}, std::array<char*, 2ul>, 4, TrivialOffsetCalculator<1, unsigned int>, TrivialOffsetCalculator<1, unsigned int>, at::native::memory::LoadWithCast<1>, at::native::memory::StoreWithCast<1> >(int, at::native::direct_copy_kernel_cuda(at::TensorIteratorBase&)::{lambda()#3}::operator()() const::{lambda()#7}::operator()() const::{lambda(float)#1}, std::array<char*, 2ul>, TrivialOffsetCalculator<1, unsigned int>, TrivialOffsetCalculator<1, unsigned int>, at::native::memory::LoadWithCast<1>, at::native::memory::StoreWithCast<1>)",16,operator_shape_matched,"[[1,1024,68,92],[1,1024,68,92],[]]","[""float"",""c10::BFloat16"",""Scalar""]",null,4,94.529
null,aten::copy_,"void at::native::unrolled_elementwise_kernel<at::native::direct_copy_kernel_cuda(at::TensorIteratorBase&)::{lambda()#3}::operator()() const::{lambda()#7}::operator()() const::{lambda(float)#1}, std::array<char*, 2ul>, 4, TrivialOffsetCalculator<1, unsigned int>, TrivialOffsetCalculator<1, unsigned int>, at::native::memory::LoadWithCast<1>, at::native::memory::StoreWithCast<1> >(int, at::native::direct_copy_kernel_cuda(at::TensorIteratorBase&)::{lambda()#3}::operator()() const::{lambda()#7}::operator()() const::{lambda(float)#1}, std::array<char*, 2ul>, TrivialOffsetCalculator<1, unsigned int>, TrivialOffsetCalculator<1, unsigned int>, at::native::memory::LoadWithCast<1>, at::native::memory::StoreWithCast<1>)",17,operator_shape_matched,"[[1,1024,34,46],[1,1024,34,46],[]]","[""float"",""c10::BFloat16"",""Scalar""]",null,4,24.354
null,aten::copy_,"void at::native::vectorized_elementwise_kernel<8, at::native::bfloat16_copy_kernel_cuda(at::TensorIteratorBase&)::{lambda(float)#1}, std::array<char*, 2ul> >(int, at::native::bfloat16_copy_kernel_cuda(at::TensorIteratorBase&)::{lambda(float)#1}, std::array<char*, 2ul>)",1,operator_shape_matched,"[[55131,4096],[55131,4096],[]]","[""c10::BFloat16"",""float"",""Scalar""]",null,200,86932.434
null,aten::copy_,"void at::native::vectorized_elementwise_kernel<8, at::native::bfloat16_copy_kernel_cuda(at::TensorIteratorBase&)::{lambda(float)#1}, std::array<char*, 2ul> >(int, at::native::bfloat16_copy_kernel_cuda(at::TensorIteratorBase&)::{lambda(float)#1}, std::array<char*, 2ul>)",2,operator_shape_matched,"[[4,512,272,368],[4,512,272,368],[]]","[""c10::BFloat16"",""float"",""Scalar""]",null,137,54570.74
null,aten::copy_,"void at::native::vectorized_elementwise_kernel<8, at::native::bfloat16_copy_kernel_cuda(at::TensorIteratorBase&)::{lambda(float)#1}, std::array<char*, 2ul> >(int, at::native::bfloat16_copy_kernel_cuda(at::TensorIteratorBase&)::{lambda(float)#1}, std::array<char*, 2ul>)",3,operator_shape_matched,"[[4,1024,136,184],[4,1024,136,184],[]]","[""c10::BFloat16"",""float"",""Scalar""]",null,137,27481.043
null,aten::copy_,"void at::native::vectorized_elementwise_kernel<8, at::native::bfloat16_copy_kernel_cuda(at::TensorIteratorBase&)::{lambda(float)#1}, std::array<char*, 2ul> >(int, at::native::bfloat16_copy_kernel_cuda(at::TensorIteratorBase&)::{lambda(float)#1}, std::array<char*, 2ul>)",4,operator_shape_matched,"[[11372,4096],[11372,4096],[]]","[""c10::BFloat16"",""float"",""Scalar""]",null,50,4569.802
null,aten::copy_,"void at::native::vectorized_elementwise_kernel<8, at::native::bfloat16_copy_kernel_cuda(at::TensorIteratorBase&)::{lambda(float)#1}, std::array<char*, 2ul> >(int, at::native::bfloat16_copy_kernel_cuda(at::TensorIteratorBase&)::{lambda(float)#1}, std::array<char*, 2ul>)",5,operator_shape_matched,"[[2,1024,68,92],[2,1024,68,92],[]]","[""c10::BFloat16"",""float"",""Scalar""]",null,137,3374.782
null,aten::copy_,"void at::native::vectorized_elementwise_kernel<8, at::native::bfloat16_copy_kernel_cuda(at::TensorIteratorBase&)::{lambda(float)#1}, std::array<char*, 2ul> >(int, at::native::bfloat16_copy_kernel_cuda(at::TensorIteratorBase&)::{lambda(float)#1}, std::array<char*, 2ul>)",6,operator_shape_matched,"[[1,66503,128],[1,66503,128],[]]","[""c10::BFloat16"",""float"",""Scalar""]",null,100,1920.248
null,aten::copy_,"void at::native::vectorized_elementwise_kernel<8, at::native::bfloat16_copy_kernel_cuda(at::TensorIteratorBase&)::{lambda(float)#1}, std::array<char*, 2ul> >(int, at::native::bfloat16_copy_kernel_cuda(at::TensorIteratorBase&)::{lambda(float)#1}, std::array<char*, 2ul>)",7,operator_shape_matched,"[[1,56049,128],[1,56049,128],[]]","[""c10::BFloat16"",""float"",""Scalar""]",null,100,1634.775
null,aten::copy_,"void at::native::vectorized_elementwise_kernel<8, at::native::bfloat16_copy_kernel_cuda(at::TensorIteratorBase&)::{lambda(float)#1}, std::array<char*, 2ul> >(int, at::native::bfloat16_copy_kernel_cuda(at::TensorIteratorBase&)::{lambda(float)#1}, std::array<char*, 2ul>)",8,operator_shape_matched,"[[1,48,45,34,46],[1,48,45,34,46],[]]","[""c10::BFloat16"",""float"",""Scalar""]",null,101,878.509
null,aten::copy_,"void at::native::vectorized_elementwise_kernel<8, at::native::bfloat16_copy_kernel_cuda(at::TensorIteratorBase&)::{lambda(float)#1}, std::array<char*, 2ul> >(int, at::native::bfloat16_copy_kernel_cuda(at::TensorIteratorBase&)::{lambda(float)#1}, std::array<char*, 2ul>)",9,operator_shape_matched,"[[1,48,39,34,46],[1,48,39,34,46],[]]","[""c10::BFloat16"",""float"",""Scalar""]",null,101,804.46
null,aten::copy_,"void at::native::vectorized_elementwise_kernel<8, at::native::bfloat16_copy_kernel_cuda(at::TensorIteratorBase&)::{lambda(float)#1}, std::array<char*, 2ul> >(int, at::native::bfloat16_copy_kernel_cuda(at::TensorIteratorBase&)::{lambda(float)#1}, std::array<char*, 2ul>)",10,operator_shape_matched,"[[1,48,30,34,46],[1,48,30,34,46],[]]","[""c10::BFloat16"",""float"",""Scalar""]",null,101,662.373
null,aten::copy_,"void at::native::vectorized_elementwise_kernel<8, at::native::bfloat16_copy_kernel_cuda(at::TensorIteratorBase&)::{lambda(float)#1}, std::array<char*, 2ul> >(int, at::native::bfloat16_copy_kernel_cuda(at::TensorIteratorBase&)::{lambda(float)#1}, std::array<char*, 2ul>)",11,operator_shape_matched,"[[1,48,27,34,46],[1,48,27,34,46],[]]","[""c10::BFloat16"",""float"",""Scalar""]",null,101,578.787
null,aten::copy_,"void at::native::vectorized_elementwise_kernel<8, at::native::bfloat16_copy_kernel_cuda(at::TensorIteratorBase&)::{lambda(float)#1}, std::array<char*, 2ul> >(int, at::native::bfloat16_copy_kernel_cuda(at::TensorIteratorBase&)::{lambda(float)#1}, std::array<char*, 2ul>)",12,operator_shape_matched,"[[1,512,272,368],[1,512,272,368],[]]","[""c10::BFloat16"",""float"",""Scalar""]",null,4,408.292
null,aten::copy_,"void at::native::vectorized_elementwise_kernel<8, at::native::bfloat16_copy_kernel_cuda(at::TensorIteratorBase&)::{lambda(float)#1}, std::array<char*, 2ul> >(int, at::native::bfloat16_copy_kernel_cuda(at::TensorIteratorBase&)::{lambda(float)#1}, std::array<char*, 2ul>)",13,operator_shape_matched,"[[1,3,177,544,736],[1,3,177,544,736],[]]","[""c10::BFloat16"",""float"",""Scalar""]",null,1,406.212
null,aten::copy_,"void at::native::vectorized_elementwise_kernel<8, at::native::bfloat16_copy_kernel_cuda(at::TensorIteratorBase&)::{lambda(float)#1}, std::array<char*, 2ul> >(int, at::native::bfloat16_copy_kernel_cuda(at::TensorIteratorBase&)::{lambda(float)#1}, std::array<char*, 2ul>)",14,operator_shape_matched,"[[1,3,153,544,736],[1,3,153,544,736],[]]","[""c10::BFloat16"",""float"",""Scalar""]",null,1,358.18
null,aten::copy_,"void at::native::vectorized_elementwise_kernel<8, at::native::bfloat16_copy_kernel_cuda(at::TensorIteratorBase&)::{lambda(float)#1}, std::array<char*, 2ul> >(int, at::native::bfloat16_copy_kernel_cuda(at::TensorIteratorBase&)::{lambda(float)#1}, std::array<char*, 2ul>)",15,operator_shape_matched,"[[1,3,117,544,736],[1,3,117,544,736],[]]","[""c10::BFloat16"",""float"",""Scalar""]",null,1,274.754
null,aten::copy_,"void at::native::vectorized_elementwise_kernel<8, at::native::bfloat16_copy_kernel_cuda(at::TensorIteratorBase&)::{lambda(float)#1}, std::array<char*, 2ul> >(int, at::native::bfloat16_copy_kernel_cuda(at::TensorIteratorBase&)::{lambda(float)#1}, std::array<char*, 2ul>)",16,operator_shape_matched,"[[918,4096],[918,4096],[]]","[""c10::BFloat16"",""float"",""Scalar""]",null,50,257.444
null,aten::copy_,"void at::native::vectorized_elementwise_kernel<8, at::native::bfloat16_copy_kernel_cuda(at::TensorIteratorBase&)::{lambda(float)#1}, std::array<char*, 2ul> >(int, at::native::bfloat16_copy_kernel_cuda(at::TensorIteratorBase&)::{lambda(float)#1}, std::array<char*, 2ul>)",17,operator_shape_matched,"[[1,3,105,544,736],[1,3,105,544,736],[]]","[""c10::BFloat16"",""float"",""Scalar""]",null,1,245.891
null,aten::copy_,"void at::native::vectorized_elementwise_kernel<8, at::native::bfloat16_copy_kernel_cuda(at::TensorIteratorBase&)::{lambda(float)#1}, std::array<char*, 2ul> >(int, at::native::bfloat16_copy_kernel_cuda(at::TensorIteratorBase&)::{lambda(float)#1}, std::array<char*, 2ul>)",18,operator_shape_matched,"[[1,1024,136,184],[1,1024,136,184],[]]","[""c10::BFloat16"",""float"",""Scalar""]",null,4,207.33
null,aten::copy_,"void at::native::vectorized_elementwise_kernel<8, at::native::bfloat16_copy_kernel_cuda(at::TensorIteratorBase&)::{lambda(float)#1}, std::array<char*, 2ul> >(int, at::native::bfloat16_copy_kernel_cuda(at::TensorIteratorBase&)::{lambda(float)#1}, std::array<char*, 2ul>)",19,operator_shape_matched,"[[39,1,1],[39,1,1],[]]","[""c10::BFloat16"",""float"",""Scalar""]",null,100,138.179
null,aten::copy_,"void at::native::vectorized_elementwise_kernel<8, at::native::bfloat16_copy_kernel_cuda(at::TensorIteratorBase&)::{lambda(float)#1}, std::array<char*, 2ul> >(int, at::native::bfloat16_copy_kernel_cuda(at::TensorIteratorBase&)::{lambda(float)#1}, std::array<char*, 2ul>)",20,operator_shape_matched,"[[30,1,1],[30,1,1],[]]","[""c10::BFloat16"",""float"",""Scalar""]",null,100,138.084
null,aten::copy_,"void at::native::vectorized_elementwise_kernel<8, at::native::bfloat16_copy_kernel_cuda(at::TensorIteratorBase&)::{lambda(float)#1}, std::array<char*, 2ul> >(int, at::native::bfloat16_copy_kernel_cuda(at::TensorIteratorBase&)::{lambda(float)#1}, std::array<char*, 2ul>)",21,operator_shape_matched,"[[45,1,1],[45,1,1],[]]","[""c10::BFloat16"",""float"",""Scalar""]",null,100,136.89
null,aten::copy_,"void at::native::vectorized_elementwise_kernel<8, at::native::bfloat16_copy_kernel_cuda(at::TensorIteratorBase&)::{lambda(float)#1}, std::array<char*, 2ul> >(int, at::native::bfloat16_copy_kernel_cuda(at::TensorIteratorBase&)::{lambda(float)#1}, std::array<char*, 2ul>)",22,operator_shape_matched,"[[27,1,1],[27,1,1],[]]","[""c10::BFloat16"",""float"",""Scalar""]",null,100,136.481
null,aten::copy_,"void at::native::vectorized_elementwise_kernel<8, at::native::bfloat16_copy_kernel_cuda(at::TensorIteratorBase&)::{lambda(float)#1}, std::array<char*, 2ul> >(int, at::native::bfloat16_copy_kernel_cuda(at::TensorIteratorBase&)::{lambda(float)#1}, std::array<char*, 2ul>)",23,operator_shape_matched,"[[1,1024,68,92],[1,1024,68,92],[]]","[""c10::BFloat16"",""float"",""Scalar""]",null,4,34.881
null,aten::copy_,"void at::native::vectorized_elementwise_kernel<8, at::native::bfloat16_copy_kernel_cuda(at::TensorIteratorBase&)::{lambda(float)#1}, std::array<char*, 2ul> >(int, at::native::bfloat16_copy_kernel_cuda(at::TensorIteratorBase&)::{lambda(float)#1}, std::array<char*, 2ul>)",24,operator_shape_matched,"[[4],[4],[]]","[""c10::BFloat16"",""float"",""Scalar""]",null,2,2.56
null,aten::cos,"void at::native::vectorized_elementwise_kernel<4, at::native::cos_kernel_cuda(at::TensorIteratorBase&)::{lambda()#2}::operator()() const::{lambda()#2}::operator()() const::{lambda(float)#1}, std::array<char*, 2ul> >(int, at::native::cos_kernel_cuda(at::TensorIteratorBase&)::{lambda()#2}::operator()() const::{lambda()#2}::operator()() const::{lambda(float)#1}, std::array<char*, 2ul>)",1,operator_shape_matched,"[[55131,128]]","[""float""]",null,100,1560.403
null,aten::cos,"void at::native::vectorized_elementwise_kernel<4, at::native::cos_kernel_cuda(at::TensorIteratorBase&)::{lambda()#2}::operator()() const::{lambda()#2}::operator()() const::{lambda(float)#1}, std::array<char*, 2ul> >(int, at::native::cos_kernel_cuda(at::TensorIteratorBase&)::{lambda()#2}::operator()() const::{lambda()#2}::operator()() const::{lambda(float)#1}, std::array<char*, 2ul>)",2,operator_shape_matched,"[[1,66503,128]]","[""float""]",null,50,1110.222
null,aten::cos,"void at::native::vectorized_elementwise_kernel<4, at::native::cos_kernel_cuda(at::TensorIteratorBase&)::{lambda()#2}::operator()() const::{lambda()#2}::operator()() const::{lambda(float)#1}, std::array<char*, 2ul> >(int, at::native::cos_kernel_cuda(at::TensorIteratorBase&)::{lambda()#2}::operator()() const::{lambda()#2}::operator()() const::{lambda(float)#1}, std::array<char*, 2ul>)",3,operator_shape_matched,"[[1,56049,128]]","[""float""]",null,50,852.165
null,aten::cudnn_convolution,nvjet_sm90_tst_128x160_64x5_2x1_v_bz_NNT,1,operator_shape_matched,"[[1,160,24,136,184],[320,160,1,1,1],[],[],[],[],[],[],[]]","[""c10::BFloat16"",""c10::BFloat16"",""ScalarList"",""ScalarList"",""ScalarList"",""Scalar"",""Scalar"",""Scalar"",""Scalar""]",null,25,5390.549
null,aten::cudnn_convolution,nvjet_sm90_tst_128x160_64x5_2x1_v_ssched_bz_NNT,1,operator_shape_matched,"[[1,160,1,136,184],[320,160,1,1,1],[],[],[],[],[],[],[]]","[""c10::BFloat16"",""c10::BFloat16"",""ScalarList"",""ScalarList"",""ScalarList"",""Scalar"",""Scalar"",""Scalar"",""Scalar""]",null,4,40.032
null,aten::cudnn_convolution,nvjet_sm90_tst_128x96_64x7_4x1_v_bz_NNT,1,operator_shape_matched,"[[1,96,6,34,46],[96,96,1,1,1],[],[],[],[],[],[],[]]","[""c10::BFloat16"",""c10::BFloat16"",""ScalarList"",""ScalarList"",""ScalarList"",""Scalar"",""Scalar"",""Scalar"",""Scalar""]",null,25,102.015
null,aten::cudnn_convolution,nvjet_sm90_tst_256x128_64x4_1x2_h_ssched_bz_coopA_NNT,1,operator_shape_matched,"[[1,512,1,272,368],[256,512,1,1,1],[],[],[],[],[],[],[]]","[""c10::BFloat16"",""c10::BFloat16"",""ScalarList"",""ScalarList"",""ScalarList"",""Scalar"",""Scalar"",""Scalar"",""Scalar""]",null,4,229.537
null,aten::cudnn_convolution,nvjet_sm90_tst_256x128_64x4_1x2_h_ssched_bz_coopA_NNT,2,operator_shape_matched,"[[1,1024,1,136,184],[512,1024,1,1,1],[],[],[],[],[],[],[]]","[""c10::BFloat16"",""c10::BFloat16"",""ScalarList"",""ScalarList"",""ScalarList"",""Scalar"",""Scalar"",""Scalar"",""Scalar""]",null,4,169.441
null,aten::cudnn_convolution,nvjet_sm90_tst_256x128_64x4_2x1_v_bz_coopA_NNT,1,operator_shape_matched,"[[1,320,1,68,92],[640,320,1,1,1],[],[],[],[],[],[],[]]","[""c10::BFloat16"",""c10::BFloat16"",""ScalarList"",""ScalarList"",""ScalarList"",""Scalar"",""Scalar"",""Scalar"",""Scalar""]",null,4,34.049
null,aten::cudnn_convolution,nvjet_sm90_tst_256x128_64x4_2x1_v_ssched_bz_coopA_NNT,1,operator_shape_matched,"[[1,1024,4,136,184],[512,1024,1,1,1],[],[],[],[],[],[],[]]","[""c10::BFloat16"",""c10::BFloat16"",""ScalarList"",""ScalarList"",""ScalarList"",""Scalar"",""Scalar"",""Scalar"",""Scalar""]",null,137,20302.775
null,aten::cudnn_convolution,nvjet_sm90_tst_320x128_64x3_1x1_h_bz_coopB_NNT,1,operator_shape_matched,"[[1,320,12,68,92],[640,320,1,1,1],[],[],[],[],[],[],[]]","[""c10::BFloat16"",""c10::BFloat16"",""ScalarList"",""ScalarList"",""ScalarList"",""Scalar"",""Scalar"",""Scalar"",""Scalar""]",null,25,1626.545
null,aten::cudnn_convolution,nvjet_sm90_tst_320x128_64x3_1x2_h_ssched_bz_coopB_NNT,1,operator_shape_matched,"[[1,512,4,272,368],[256,512,1,1,1],[],[],[],[],[],[],[]]","[""c10::BFloat16"",""c10::BFloat16"",""ScalarList"",""ScalarList"",""ScalarList"",""Scalar"",""Scalar"",""Scalar"",""Scalar""]",null,137,30734.066
null,aten::cudnn_convolution,nvjet_sm90_tst_384x48_64x3_2x1_v_bz_NNT,1,operator_shape_matched,"[[1,48,30,34,46],[48,48,1,1,1],[],[],[],[],[],[],[]]","[""c10::BFloat16"",""c10::BFloat16"",""ScalarList"",""ScalarList"",""ScalarList"",""Scalar"",""Scalar"",""Scalar"",""Scalar""]",null,1,6.016
null,aten::cudnn_convolution,sm80_xmma_fprop_implicit_gemm_bf16bf16_bf16f32_f32_nhwckrsc_nhwc_tilesize256x32x32_stage4_warpsize4x1x1_g1_tensor16x8x16_execute_kernel__5x_cudnn,1,operator_shape_matched,"[[1,256,6,274,370],[12,256,3,3,3],[],[],[],[],[],[],[]]","[""c10::BFloat16"",""c10::BFloat16"",""ScalarList"",""ScalarList"",""ScalarList"",""Scalar"",""Scalar"",""Scalar"",""Scalar""]",null,137,111347.729
null,aten::cudnn_convolution,sm80_xmma_fprop_implicit_gemm_bf16bf16_bf16f32_f32_nhwckrsc_nhwc_tilesize256x32x32_stage4_warpsize4x1x1_g1_tensor16x8x16_execute_kernel__5x_cudnn,2,operator_shape_matched,"[[1,256,3,274,370],[12,256,3,3,3],[],[],[],[],[],[],[]]","[""c10::BFloat16"",""c10::BFloat16"",""ScalarList"",""ScalarList"",""ScalarList"",""Scalar"",""Scalar"",""Scalar"",""Scalar""]",null,4,805.64
null,aten::cudnn_convolution,sm90_xmma_fprop_implicit_gemm_bf16bf16_bf16f32_f32_nhwckrsc_nhwc_tilesize128x128x32_warpgroupsize1x1x1_g1_execute_segment_k_off_kernel__5x_cudnn,1,operator_shape_matched,"[[1,640,8,36,48],[96,640,3,3,3],[],[],[],[],[],[],[]]","[""c10::BFloat16"",""c10::BFloat16"",""ScalarList"",""ScalarList"",""ScalarList"",""Scalar"",""Scalar"",""Scalar"",""Scalar""]",null,25,2165.973
null,aten::cudnn_convolution,sm90_xmma_fprop_implicit_gemm_bf16bf16_bf16f32_f32_nhwckrsc_nhwc_tilesize128x128x32_warpgroupsize1x1x1_g1_execute_segment_k_on_kernel__5x_cudnn,1,operator_shape_matched,"[[1,640,3,36,48],[96,640,3,3,3],[],[],[],[],[],[],[]]","[""c10::BFloat16"",""c10::BFloat16"",""ScalarList"",""ScalarList"",""ScalarList"",""Scalar"",""Scalar"",""Scalar"",""Scalar""]",null,4,129.217
null,aten::cudnn_convolution,sm90_xmma_fprop_implicit_gemm_bf16bf16_bf16f32_f32_nhwckrsc_nhwc_tilesize128x128x64_warpgroupsize1x1x1_g1_execute_segment_k_off_kernel__5x_cudnn,1,operator_shape_matched,"[[1,1024,4,68,92],[2048,1024,3,1,1],[],[],[],[],[],[],[]]","[""c10::BFloat16"",""c10::BFloat16"",""ScalarList"",""ScalarList"",""ScalarList"",""Scalar"",""Scalar"",""Scalar"",""Scalar""]",null,137,30996.508
null,aten::cudnn_convolution,sm90_xmma_fprop_implicit_gemm_bf16bf16_bf16f32_f32_nhwckrsc_nhwc_tilesize128x128x64_warpgroupsize1x1x1_g1_execute_segment_k_off_kernel__5x_cudnn,2,operator_shape_matched,"[[1,320,25,68,92],[320,320,3,1,1],[],[],[],[],[],[],[]]","[""c10::BFloat16"",""c10::BFloat16"",""ScalarList"",""ScalarList"",""ScalarList"",""Scalar"",""Scalar"",""Scalar"",""Scalar""]",null,25,2098.292
null,aten::cudnn_convolution,sm90_xmma_fprop_implicit_gemm_bf16bf16_bf16f32_f32_nhwckrsc_nhwc_tilesize128x128x64_warpgroupsize1x1x1_g1_execute_segment_k_off_kernel__5x_cudnn,3,operator_shape_matched,"[[1,640,13,34,46],[640,640,3,1,1],[],[],[],[],[],[],[]]","[""c10::BFloat16"",""c10::BFloat16"",""ScalarList"",""ScalarList"",""ScalarList"",""Scalar"",""Scalar"",""Scalar"",""Scalar""]",null,25,1113.518
null,aten::cudnn_convolution,sm90_xmma_fprop_implicit_gemm_bf16bf16_bf16f32_f32_nhwckrsc_nhwc_tilesize128x128x64_warpgroupsize1x1x1_g1_execute_segment_k_off_kernel__5x_cudnn,4,operator_shape_matched,"[[6,640,34,46],[1920,640,1,1],[],[],[],[],[],[],[]]","[""c10::BFloat16"",""c10::BFloat16"",""ScalarList"",""ScalarList"",""ScalarList"",""Scalar"",""Scalar"",""Scalar"",""Scalar""]",null,25,1036.141
null,aten::cudnn_convolution,sm90_xmma_fprop_implicit_gemm_bf16bf16_bf16f32_f32_nhwckrsc_nhwc_tilesize128x128x64_warpgroupsize1x1x1_g1_execute_segment_k_off_kernel__5x_cudnn,5,operator_shape_matched,"[[1,1024,68,92],[1024,1024,3,3],[],[],[],[],[],[],[]]","[""c10::BFloat16"",""c10::BFloat16"",""ScalarList"",""ScalarList"",""ScalarList"",""Scalar"",""Scalar"",""Scalar"",""Scalar""]",null,4,827.274
null,aten::cudnn_convolution,sm90_xmma_fprop_implicit_gemm_bf16bf16_bf16f32_f32_nhwckrsc_nhwc_tilesize128x128x64_warpgroupsize1x1x1_g1_execute_segment_k_on_kernel__5x_cudnn,1,operator_shape_matched,"[[12,640,69,93],[640,640,3,3],[],[],[],[],[],[],[]]","[""c10::BFloat16"",""c10::BFloat16"",""ScalarList"",""ScalarList"",""ScalarList"",""Scalar"",""Scalar"",""Scalar"",""Scalar""]",null,25,4962.097
null,aten::cudnn_convolution,sm90_xmma_fprop_implicit_gemm_bf16bf16_bf16f32_f32_nhwckrsc_nhwc_tilesize128x256x64_warpgroupsize2x1x1_g1_execute_segment_k_off_kernel__5x_cudnn,1,operator_shape_matched,"[[4,1024,136,184],[1024,1024,3,3],[],[],[],[],[],[],[]]","[""c10::BFloat16"",""c10::BFloat16"",""ScalarList"",""ScalarList"",""ScalarList"",""Scalar"",""Scalar"",""Scalar"",""Scalar""]",null,137,309955.262
null,aten::cudnn_convolution,sm90_xmma_fprop_implicit_gemm_bf16bf16_bf16f32_f32_nhwckrsc_nhwc_tilesize128x256x64_warpgroupsize2x1x1_g1_execute_segment_k_off_kernel__5x_cudnn,2,operator_shape_matched,"[[2,1024,68,92],[1024,1024,3,3],[],[],[],[],[],[],[]]","[""c10::BFloat16"",""c10::BFloat16"",""ScalarList"",""ScalarList"",""ScalarList"",""Scalar"",""Scalar"",""Scalar"",""Scalar""]",null,137,39282.129
null,aten::cudnn_convolution,sm90_xmma_fprop_implicit_gemm_bf16bf16_bf16f32_f32_nhwckrsc_nhwc_tilesize128x256x64_warpgroupsize2x1x1_g1_execute_segment_k_off_kernel__5x_cudnn,3,operator_shape_matched,"[[1,1024,136,184],[1024,1024,3,3],[],[],[],[],[],[],[]]","[""c10::BFloat16"",""c10::BFloat16"",""ScalarList"",""ScalarList"",""ScalarList"",""Scalar"",""Scalar"",""Scalar"",""Scalar""]",null,4,2340.632
null,aten::cudnn_convolution,sm90_xmma_fprop_implicit_gemm_bf16bf16_bf16f32_f32_nhwckrsc_nhwc_tilesize128x64x64_warpgroupsize1x1x1_g1_execute_segment_k_off_kernel__5x_cudnn,1,operator_shape_matched,"[[1,1024,3,34,46],[2048,1024,3,1,1],[],[],[],[],[],[],[]]","[""c10::BFloat16"",""c10::BFloat16"",""ScalarList"",""ScalarList"",""ScalarList"",""Scalar"",""Scalar"",""Scalar"",""Scalar""]",null,137,5520.283
null,aten::cudnn_convolution,sm90_xmma_fprop_implicit_gemm_bf16bf16_bf16f32_f32_nhwckrsc_nhwc_tilesize128x64x64_warpgroupsize1x1x1_g1_execute_segment_k_off_kernel__5x_cudnn,2,operator_shape_matched,"[[1,48,3,36,48],[1024,48,3,3,3],[],[],[],[],[],[],[]]","[""c10::BFloat16"",""c10::BFloat16"",""ScalarList"",""ScalarList"",""ScalarList"",""Scalar"",""Scalar"",""Scalar"",""Scalar""]",null,141,2682.62
null,aten::cudnn_convolution,sm90_xmma_fprop_implicit_gemm_bf16bf16_bf16f32_f32_nhwckrsc_nhwc_tilesize256x128x64_warpgroupsize2x1x1_g1_execute_segment_k_off_kernel__5x_cudnn,1,operator_shape_matched,"[[1,256,6,274,370],[256,256,3,3,3],[],[],[],[],[],[],[]]","[""c10::BFloat16"",""c10::BFloat16"",""ScalarList"",""ScalarList"",""ScalarList"",""Scalar"",""Scalar"",""Scalar"",""Scalar""]",null,685,1179428.886
null,aten::cudnn_convolution,sm90_xmma_fprop_implicit_gemm_bf16bf16_bf16f32_f32_nhwckrsc_nhwc_tilesize256x128x64_warpgroupsize2x1x1_g1_execute_segment_k_off_kernel__5x_cudnn,2,operator_shape_matched,"[[1,512,6,138,186],[512,512,3,3,3],[],[],[],[],[],[],[]]","[""c10::BFloat16"",""c10::BFloat16"",""ScalarList"",""ScalarList"",""ScalarList"",""Scalar"",""Scalar"",""Scalar"",""Scalar""]",null,685,1153516.054
null,aten::cudnn_convolution,sm90_xmma_fprop_implicit_gemm_bf16bf16_bf16f32_f32_nhwckrsc_nhwc_tilesize256x128x64_warpgroupsize2x1x1_g1_execute_segment_k_off_kernel__5x_cudnn,3,operator_shape_matched,"[[1,1024,4,70,94],[1024,1024,3,3,3],[],[],[],[],[],[],[]]","[""c10::BFloat16"",""c10::BFloat16"",""ScalarList"",""ScalarList"",""ScalarList"",""Scalar"",""Scalar"",""Scalar"",""Scalar""]",null,822,688616.392
null,aten::cudnn_convolution,sm90_xmma_fprop_implicit_gemm_bf16bf16_bf16f32_f32_nhwckrsc_nhwc_tilesize256x128x64_warpgroupsize2x1x1_g1_execute_segment_k_off_kernel__5x_cudnn,4,operator_shape_matched,"[[1,512,6,274,370],[256,512,3,3,3],[],[],[],[],[],[],[]]","[""c10::BFloat16"",""c10::BFloat16"",""ScalarList"",""ScalarList"",""ScalarList"",""Scalar"",""Scalar"",""Scalar"",""Scalar""]",null,137,464112.746
null,aten::cudnn_convolution,sm90_xmma_fprop_implicit_gemm_bf16bf16_bf16f32_f32_nhwckrsc_nhwc_tilesize256x128x64_warpgroupsize2x1x1_g1_execute_segment_k_off_kernel__5x_cudnn,5,operator_shape_matched,"[[1,1024,6,138,186],[512,1024,3,3,3],[],[],[],[],[],[],[]]","[""c10::BFloat16"",""c10::BFloat16"",""ScalarList"",""ScalarList"",""ScalarList"",""Scalar"",""Scalar"",""Scalar"",""Scalar""]",null,137,457798.086
null,aten::cudnn_convolution,sm90_xmma_fprop_implicit_gemm_bf16bf16_bf16f32_f32_nhwckrsc_nhwc_tilesize256x128x64_warpgroupsize2x1x1_g1_execute_segment_k_off_kernel__5x_cudnn,6,operator_shape_matched,"[[4,512,272,368],[512,512,3,3],[],[],[],[],[],[],[]]","[""c10::BFloat16"",""c10::BFloat16"",""ScalarList"",""ScalarList"",""ScalarList"",""Scalar"",""Scalar"",""Scalar"",""Scalar""]",null,137,313703.14
null,aten::cudnn_convolution,sm90_xmma_fprop_implicit_gemm_bf16bf16_bf16f32_f32_nhwckrsc_nhwc_tilesize256x128x64_warpgroupsize2x1x1_g1_execute_segment_k_off_kernel__5x_cudnn,7,operator_shape_matched,"[[1,640,8,36,48],[640,640,3,3,3],[],[],[],[],[],[],[]]","[""c10::BFloat16"",""c10::BFloat16"",""ScalarList"",""ScalarList"",""ScalarList"",""Scalar"",""Scalar"",""Scalar"",""Scalar""]",null,200,68714.804
null,aten::cudnn_convolution,sm90_xmma_fprop_implicit_gemm_bf16bf16_bf16f32_f32_nhwckrsc_nhwc_tilesize256x128x64_warpgroupsize2x1x1_g1_execute_segment_k_off_kernel__5x_cudnn,8,operator_shape_matched,"[[1,1024,3,70,94],[1024,1024,3,3,3],[],[],[],[],[],[],[]]","[""c10::BFloat16"",""c10::BFloat16"",""ScalarList"",""ScalarList"",""ScalarList"",""Scalar"",""Scalar"",""Scalar"",""Scalar""]",null,24,13035.33
null,aten::cudnn_convolution,sm90_xmma_fprop_implicit_gemm_bf16bf16_bf16f32_f32_nhwckrsc_nhwc_tilesize256x128x64_warpgroupsize2x1x1_g1_execute_segment_k_off_kernel__5x_cudnn,9,operator_shape_matched,"[[1,256,3,274,370],[256,256,3,3,3],[],[],[],[],[],[],[]]","[""c10::BFloat16"",""c10::BFloat16"",""ScalarList"",""ScalarList"",""ScalarList"",""Scalar"",""Scalar"",""Scalar"",""Scalar""]",null,20,8419.637
null,aten::cudnn_convolution,sm90_xmma_fprop_implicit_gemm_bf16bf16_bf16f32_f32_nhwckrsc_nhwc_tilesize256x128x64_warpgroupsize2x1x1_g1_execute_segment_k_off_kernel__5x_cudnn,10,operator_shape_matched,"[[1,512,3,138,186],[512,512,3,3,3],[],[],[],[],[],[],[]]","[""c10::BFloat16"",""c10::BFloat16"",""ScalarList"",""ScalarList"",""ScalarList"",""Scalar"",""Scalar"",""Scalar"",""Scalar""]",null,20,8301.558
null,aten::cudnn_convolution,sm90_xmma_fprop_implicit_gemm_bf16bf16_bf16f32_f32_nhwckrsc_nhwc_tilesize256x128x64_warpgroupsize2x1x1_g1_execute_segment_k_off_kernel__5x_cudnn,11,operator_shape_matched,"[[1,320,3,138,186],[320,320,3,3,3],[],[],[],[],[],[],[]]","[""c10::BFloat16"",""c10::BFloat16"",""ScalarList"",""ScalarList"",""ScalarList"",""Scalar"",""Scalar"",""Scalar"",""Scalar""]",null,12,3479.011
null,aten::cudnn_convolution,sm90_xmma_fprop_implicit_gemm_bf16bf16_bf16f32_f32_nhwckrsc_nhwc_tilesize256x128x64_warpgroupsize2x1x1_g1_execute_segment_k_off_kernel__5x_cudnn,12,operator_shape_matched,"[[1,512,3,274,370],[256,512,3,3,3],[],[],[],[],[],[],[]]","[""c10::BFloat16"",""c10::BFloat16"",""ScalarList"",""ScalarList"",""ScalarList"",""Scalar"",""Scalar"",""Scalar"",""Scalar""]",null,4,3273.601
null,aten::cudnn_convolution,sm90_xmma_fprop_implicit_gemm_bf16bf16_bf16f32_f32_nhwckrsc_nhwc_tilesize256x128x64_warpgroupsize2x1x1_g1_execute_segment_k_off_kernel__5x_cudnn,13,operator_shape_matched,"[[1,1024,3,138,186],[512,1024,3,3,3],[],[],[],[],[],[],[]]","[""c10::BFloat16"",""c10::BFloat16"",""ScalarList"",""ScalarList"",""ScalarList"",""Scalar"",""Scalar"",""Scalar"",""Scalar""]",null,4,3254.69
null,aten::cudnn_convolution,sm90_xmma_fprop_implicit_gemm_bf16bf16_bf16f32_f32_nhwckrsc_nhwc_tilesize256x128x64_warpgroupsize2x1x1_g1_execute_segment_k_off_kernel__5x_cudnn,14,operator_shape_matched,"[[1,512,272,368],[512,512,3,3],[],[],[],[],[],[],[]]","[""c10::BFloat16"",""c10::BFloat16"",""ScalarList"",""ScalarList"",""ScalarList"",""Scalar"",""Scalar"",""Scalar"",""Scalar""]",null,4,2379.8
null,aten::cudnn_convolution,sm90_xmma_fprop_implicit_gemm_bf16bf16_bf16f32_f32_nhwckrsc_nhwc_tilesize256x128x64_warpgroupsize2x1x1_g1_execute_segment_k_off_kernel__5x_cudnn,15,operator_shape_matched,"[[1,160,3,138,186],[320,160,3,3,3],[],[],[],[],[],[],[]]","[""c10::BFloat16"",""c10::BFloat16"",""ScalarList"",""ScalarList"",""ScalarList"",""Scalar"",""Scalar"",""Scalar"",""Scalar""]",null,4,714.408
null,aten::cudnn_convolution,sm90_xmma_fprop_implicit_gemm_bf16bf16_bf16f32_f32_nhwckrsc_nhwc_tilesize256x128x64_warpgroupsize2x1x1_g1_execute_segment_k_off_kernel__5x_cudnn,16,operator_shape_matched,"[[6,640,34,46],[640,640,1,1],[],[],[],[],[],[],[]]","[""c10::BFloat16"",""c10::BFloat16"",""ScalarList"",""ScalarList"",""ScalarList"",""Scalar"",""Scalar"",""Scalar"",""Scalar""]",null,25,579.946
null,aten::cudnn_convolution,sm90_xmma_fprop_implicit_gemm_bf16bf16_bf16f32_f32_nhwckrsc_nhwc_tilesize256x128x64_warpgroupsize2x1x1_g1_execute_segment_k_on_kernel__5x_cudnn,1,operator_shape_matched,"[[1,320,26,138,186],[320,320,3,3,3],[],[],[],[],[],[],[]]","[""c10::BFloat16"",""c10::BFloat16"",""ScalarList"",""ScalarList"",""ScalarList"",""Scalar"",""Scalar"",""Scalar"",""Scalar""]",null,75,493200.066
null,aten::cudnn_convolution,sm90_xmma_fprop_implicit_gemm_bf16bf16_bf16f32_f32_nhwckrsc_nhwc_tilesize256x128x64_warpgroupsize2x1x1_g1_execute_segment_k_on_kernel__5x_cudnn,2,operator_shape_matched,"[[1,640,14,70,94],[640,640,3,3,3],[],[],[],[],[],[],[]]","[""c10::BFloat16"",""c10::BFloat16"",""ScalarList"",""ScalarList"",""ScalarList"",""Scalar"",""Scalar"",""Scalar"",""Scalar""]",null,75,186205.523
null,aten::cudnn_convolution,sm90_xmma_fprop_implicit_gemm_bf16bf16_bf16f32_f32_nhwckrsc_nhwc_tilesize256x128x64_warpgroupsize2x1x1_g1_execute_segment_k_on_kernel__5x_cudnn,3,operator_shape_matched,"[[1,160,26,138,186],[320,160,3,3,3],[],[],[],[],[],[],[]]","[""c10::BFloat16"",""c10::BFloat16"",""ScalarList"",""ScalarList"",""ScalarList"",""Scalar"",""Scalar"",""Scalar"",""Scalar""]",null,25,102447.14
null,aten::cudnn_convolution,sm90_xmma_fprop_implicit_gemm_bf16bf16_bf16f32_f32_nhwckrsc_nhwc_tilesize256x128x64_warpgroupsize2x1x1_g1_execute_segment_k_on_kernel__5x_cudnn,4,operator_shape_matched,"[[1,320,14,70,94],[640,320,3,3,3],[],[],[],[],[],[],[]]","[""c10::BFloat16"",""c10::BFloat16"",""ScalarList"",""ScalarList"",""ScalarList"",""Scalar"",""Scalar"",""Scalar"",""Scalar""]",null,25,31541.404
null,aten::cudnn_convolution,sm90_xmma_fprop_implicit_gemm_bf16bf16_bf16f32_f32_nhwckrsc_nhwc_tilesize256x128x64_warpgroupsize2x1x1_g1_execute_segment_k_on_kernel__5x_cudnn,5,operator_shape_matched,"[[1,640,3,70,94],[640,640,3,3,3],[],[],[],[],[],[],[]]","[""c10::BFloat16"",""c10::BFloat16"",""ScalarList"",""ScalarList"",""ScalarList"",""Scalar"",""Scalar"",""Scalar"",""Scalar""]",null,12,2802.941
null,aten::cudnn_convolution,sm90_xmma_fprop_implicit_gemm_bf16bf16_bf16f32_f32_nhwckrsc_nhwc_tilesize256x128x64_warpgroupsize2x1x1_g1_execute_segment_k_on_kernel__5x_cudnn,6,operator_shape_matched,"[[1,320,3,70,94],[640,320,3,3,3],[],[],[],[],[],[],[]]","[""c10::BFloat16"",""c10::BFloat16"",""ScalarList"",""ScalarList"",""ScalarList"",""Scalar"",""Scalar"",""Scalar"",""Scalar""]",null,4,527.237
null,aten::cudnn_convolution,sm90_xmma_fprop_implicit_gemm_bf16bf16_bf16f32_f32_nhwckrsc_nhwc_tilesize256x64x32_warpgroupsize1x1x1_g1_execute_segment_k_off_kernel__5x_cudnn,1,operator_shape_matched,"[[1,160,26,274,370],[160,160,3,3,3],[],[],[],[],[],[],[]]","[""c10::BFloat16"",""c10::BFloat16"",""ScalarList"",""ScalarList"",""ScalarList"",""Scalar"",""Scalar"",""Scalar"",""Scalar""]",null,100,570707.724
null,aten::cudnn_convolution,sm90_xmma_fprop_implicit_gemm_bf16bf16_bf16f32_f32_nhwckrsc_nhwc_tilesize256x64x32_warpgroupsize1x1x1_g1_execute_segment_k_off_kernel__5x_cudnn,2,operator_shape_matched,"[[1,12,26,274,370],[160,12,3,3,3],[],[],[],[],[],[],[]]","[""c10::BFloat16"",""c10::BFloat16"",""ScalarList"",""ScalarList"",""ScalarList"",""Scalar"",""Scalar"",""Scalar"",""Scalar""]",null,25,57111.07
null,aten::cudnn_convolution,sm90_xmma_fprop_implicit_gemm_bf16bf16_bf16f32_f32_nhwckrsc_nhwc_tilesize256x64x32_warpgroupsize1x1x1_g1_execute_segment_k_off_kernel__5x_cudnn,3,operator_shape_matched,"[[24,320,137,185],[320,320,3,3],[],[],[],[],[],[],[]]","[""c10::BFloat16"",""c10::BFloat16"",""ScalarList"",""ScalarList"",""ScalarList"",""Scalar"",""Scalar"",""Scalar"",""Scalar""]",null,25,10342.761
null,aten::cudnn_convolution,sm90_xmma_fprop_implicit_gemm_bf16bf16_bf16f32_f32_nhwckrsc_nhwc_tilesize256x64x32_warpgroupsize1x1x1_g1_execute_segment_k_off_kernel__5x_cudnn,4,operator_shape_matched,"[[1,12,3,274,370],[160,12,3,3,3],[],[],[],[],[],[],[]]","[""c10::BFloat16"",""c10::BFloat16"",""ScalarList"",""ScalarList"",""ScalarList"",""Scalar"",""Scalar"",""Scalar"",""Scalar""]",null,4,458.949
null,aten::cudnn_convolution,sm90_xmma_fprop_implicit_gemm_bf16bf16_bf16f32_f32_nhwckrsc_nhwc_tilesize256x64x32_warpgroupsize1x1x1_g1_execute_segment_k_off_kernel__5x_cudnn,5,operator_shape_matched,"[[1,320,137,185],[320,320,3,3],[],[],[],[],[],[],[]]","[""c10::BFloat16"",""c10::BFloat16"",""ScalarList"",""ScalarList"",""ScalarList"",""Scalar"",""Scalar"",""Scalar"",""Scalar""]",null,4,136.642
null,aten::cudnn_convolution,sm90_xmma_fprop_implicit_gemm_bf16bf16_bf16f32_f32_nhwckrsc_nhwc_tilesize256x64x32_warpgroupsize1x1x1_g1_execute_segment_k_on_kernel__5x_cudnn,1,operator_shape_matched,"[[1,160,3,274,370],[160,160,3,3,3],[],[],[],[],[],[],[]]","[""c10::BFloat16"",""c10::BFloat16"",""ScalarList"",""ScalarList"",""ScalarList"",""Scalar"",""Scalar"",""Scalar"",""Scalar""]",null,16,4125.227
null,aten::cudnn_convolution,sm90_xmma_fprop_implicit_gemm_bf16bf16_bf16f32_f32_nhwckrsc_nhwc_tilesize64x128x64_warpgroupsize1x1x1_g1_execute_segment_k_off_kernel__5x_cudnn,1,operator_shape_matched,"[[1,1024,3,36,48],[1024,1024,3,3,3],[],[],[],[],[],[],[]]","[""c10::BFloat16"",""c10::BFloat16"",""ScalarList"",""ScalarList"",""ScalarList"",""Scalar"",""Scalar"",""Scalar"",""Scalar""]",null,1410,259042.32
null,aten::cudnn_convolution,sm90_xmma_fprop_implicit_gemm_bf16bf16_bf16f32_f32_nhwckrsc_nhwc_tilesize64x128x64_warpgroupsize1x1x1_g1_execute_segment_k_off_kernel__5x_cudnn,2,operator_shape_matched,"[[1,640,3,36,48],[640,640,3,3,3],[],[],[],[],[],[],[]]","[""c10::BFloat16"",""c10::BFloat16"",""ScalarList"",""ScalarList"",""ScalarList"",""Scalar"",""Scalar"",""Scalar"",""Scalar""]",null,32,3189.41
null,aten::cudnn_convolution,sm90_xmma_fprop_implicit_gemm_bf16bf16_bf16f32_f32_nhwckrsc_nhwc_tilesize64x128x64_warpgroupsize1x1x1_g1_execute_segment_k_off_kernel__5x_cudnn,3,operator_shape_matched,"[[1,640,69,93],[640,640,3,3],[],[],[],[],[],[],[]]","[""c10::BFloat16"",""c10::BFloat16"",""ScalarList"",""ScalarList"",""ScalarList"",""Scalar"",""Scalar"",""Scalar"",""Scalar""]",null,4,149.281
null,aten::cudnn_convolution,sm90_xmma_fprop_implicit_gemm_bf16bf16_bf16f32_f32_nhwckrsc_nhwc_tilesize64x64x64_warpgroupsize1x1x1_g1_execute_segment_k_off_kernel__5x_cudnn,1,operator_shape_matched,"[[24,160,273,369],[160,160,3,3],[],[],[],[],[],[],[]]","[""c10::BFloat16"",""c10::BFloat16"",""ScalarList"",""ScalarList"",""ScalarList"",""Scalar"",""Scalar"",""Scalar"",""Scalar""]",null,25,26763.022
null,aten::cudnn_convolution,sm90_xmma_fprop_implicit_gemm_bf16bf16_bf16f32_f32_nhwckrsc_nhwc_tilesize64x64x64_warpgroupsize1x1x1_g1_execute_segment_k_off_kernel__5x_cudnn,2,operator_shape_matched,"[[1,160,273,369],[160,160,3,3],[],[],[],[],[],[],[]]","[""c10::BFloat16"",""c10::BFloat16"",""ScalarList"",""ScalarList"",""ScalarList"",""Scalar"",""Scalar"",""Scalar"",""Scalar""]",null,4,203.777
null,aten::cudnn_convolution,"void cask_plugin__5x_cudnn::xmma__5x_cudnn::init_device_workspace_kernel<xmma__5x_cudnn::implicit_gemm::fprop::Warp_specialized_params_non_template<xmma__5x_cudnn::Grid_constant_params> >(xmma__5x_cudnn::implicit_gemm::fprop::Warp_specialized_params_non_template<xmma__5x_cudnn::Grid_constant_params>, bool)",1,operator_shape_matched,"[[1,640,14,70,94],[640,640,3,3,3],[],[],[],[],[],[],[]]","[""c10::BFloat16"",""c10::BFloat16"",""ScalarList"",""ScalarList"",""ScalarList"",""Scalar"",""Scalar"",""Scalar"",""Scalar""]",null,75,176.35
null,aten::cudnn_convolution,"void cask_plugin__5x_cudnn::xmma__5x_cudnn::init_device_workspace_kernel<xmma__5x_cudnn::implicit_gemm::fprop::Warp_specialized_params_non_template<xmma__5x_cudnn::Grid_constant_params> >(xmma__5x_cudnn::implicit_gemm::fprop::Warp_specialized_params_non_template<xmma__5x_cudnn::Grid_constant_params>, bool)",2,operator_shape_matched,"[[1,320,26,138,186],[320,320,3,3,3],[],[],[],[],[],[],[]]","[""c10::BFloat16"",""c10::BFloat16"",""ScalarList"",""ScalarList"",""ScalarList"",""Scalar"",""Scalar"",""Scalar"",""Scalar""]",null,75,156.969
null,aten::cudnn_convolution,"void cask_plugin__5x_cudnn::xmma__5x_cudnn::init_device_workspace_kernel<xmma__5x_cudnn::implicit_gemm::fprop::Warp_specialized_params_non_template<xmma__5x_cudnn::Grid_constant_params> >(xmma__5x_cudnn::implicit_gemm::fprop::Warp_specialized_params_non_template<xmma__5x_cudnn::Grid_constant_params>, bool)",3,operator_shape_matched,"[[1,320,14,70,94],[640,320,3,3,3],[],[],[],[],[],[],[]]","[""c10::BFloat16"",""c10::BFloat16"",""ScalarList"",""ScalarList"",""ScalarList"",""Scalar"",""Scalar"",""Scalar"",""Scalar""]",null,25,58.051
null,aten::cudnn_convolution,"void cask_plugin__5x_cudnn::xmma__5x_cudnn::init_device_workspace_kernel<xmma__5x_cudnn::implicit_gemm::fprop::Warp_specialized_params_non_template<xmma__5x_cudnn::Grid_constant_params> >(xmma__5x_cudnn::implicit_gemm::fprop::Warp_specialized_params_non_template<xmma__5x_cudnn::Grid_constant_params>, bool)",4,operator_shape_matched,"[[12,640,69,93],[640,640,3,3],[],[],[],[],[],[],[]]","[""c10::BFloat16"",""c10::BFloat16"",""ScalarList"",""ScalarList"",""ScalarList"",""Scalar"",""Scalar"",""Scalar"",""Scalar""]",null,25,54.014
null,aten::cudnn_convolution,"void cask_plugin__5x_cudnn::xmma__5x_cudnn::init_device_workspace_kernel<xmma__5x_cudnn::implicit_gemm::fprop::Warp_specialized_params_non_template<xmma__5x_cudnn::Grid_constant_params> >(xmma__5x_cudnn::implicit_gemm::fprop::Warp_specialized_params_non_template<xmma__5x_cudnn::Grid_constant_params>, bool)",5,operator_shape_matched,"[[1,640,3,70,94],[640,640,3,3,3],[],[],[],[],[],[],[]]","[""c10::BFloat16"",""c10::BFloat16"",""ScalarList"",""ScalarList"",""ScalarList"",""Scalar"",""Scalar"",""Scalar"",""Scalar""]",null,12,46.208
null,aten::cudnn_convolution,"void cask_plugin__5x_cudnn::xmma__5x_cudnn::init_device_workspace_kernel<xmma__5x_cudnn::implicit_gemm::fprop::Warp_specialized_params_non_template<xmma__5x_cudnn::Grid_constant_params> >(xmma__5x_cudnn::implicit_gemm::fprop::Warp_specialized_params_non_template<xmma__5x_cudnn::Grid_constant_params>, bool)",6,operator_shape_matched,"[[1,160,26,138,186],[320,160,3,3,3],[],[],[],[],[],[],[]]","[""c10::BFloat16"",""c10::BFloat16"",""ScalarList"",""ScalarList"",""ScalarList"",""Scalar"",""Scalar"",""Scalar"",""Scalar""]",null,25,40.35
null,aten::cudnn_convolution,"void cask_plugin__5x_cudnn::xmma__5x_cudnn::init_device_workspace_kernel<xmma__5x_cudnn::implicit_gemm::fprop::Warp_specialized_params_non_template<xmma__5x_cudnn::Grid_constant_params> >(xmma__5x_cudnn::implicit_gemm::fprop::Warp_specialized_params_non_template<xmma__5x_cudnn::Grid_constant_params>, bool)",7,operator_shape_matched,"[[1,160,3,274,370],[160,160,3,3,3],[],[],[],[],[],[],[]]","[""c10::BFloat16"",""c10::BFloat16"",""ScalarList"",""ScalarList"",""ScalarList"",""Scalar"",""Scalar"",""Scalar"",""Scalar""]",null,16,22.945
null,aten::cudnn_convolution,"void cask_plugin__5x_cudnn::xmma__5x_cudnn::init_device_workspace_kernel<xmma__5x_cudnn::implicit_gemm::fprop::Warp_specialized_params_non_template<xmma__5x_cudnn::Grid_constant_params> >(xmma__5x_cudnn::implicit_gemm::fprop::Warp_specialized_params_non_template<xmma__5x_cudnn::Grid_constant_params>, bool)",8,operator_shape_matched,"[[1,320,3,70,94],[640,320,3,3,3],[],[],[],[],[],[],[]]","[""c10::BFloat16"",""c10::BFloat16"",""ScalarList"",""ScalarList"",""ScalarList"",""Scalar"",""Scalar"",""Scalar"",""Scalar""]",null,4,9.633
null,aten::cudnn_convolution,"void cask_plugin__5x_cudnn::xmma__5x_cudnn::init_device_workspace_kernel<xmma__5x_cudnn::implicit_gemm::fprop::Warp_specialized_params_non_template<xmma__5x_cudnn::Grid_constant_params> >(xmma__5x_cudnn::implicit_gemm::fprop::Warp_specialized_params_non_template<xmma__5x_cudnn::Grid_constant_params>, bool)",9,operator_shape_matched,"[[1,640,3,36,48],[96,640,3,3,3],[],[],[],[],[],[],[]]","[""c10::BFloat16"",""c10::BFloat16"",""ScalarList"",""ScalarList"",""ScalarList"",""Scalar"",""Scalar"",""Scalar"",""Scalar""]",null,4,9.087
null,aten::cudnn_convolution,"void cudnn::engines_precompiled::nchwToNhwcKernel<__nv_bfloat16, __nv_bfloat16, float, false, true, (cudnnKernelDataType_t)0>(cudnn::engines_precompiled::nchw2nhwc_params_t<float>, __nv_bfloat16 const*, __nv_bfloat16*)",1,operator_shape_matched,"[[1,256,6,274,370],[256,256,3,3,3],[],[],[],[],[],[],[]]","[""c10::BFloat16"",""c10::BFloat16"",""ScalarList"",""ScalarList"",""ScalarList"",""Scalar"",""Scalar"",""Scalar"",""Scalar""]",null,1370,237978.179
null,aten::cudnn_convolution,"void cudnn::engines_precompiled::nchwToNhwcKernel<__nv_bfloat16, __nv_bfloat16, float, false, true, (cudnnKernelDataType_t)0>(cudnn::engines_precompiled::nchw2nhwc_params_t<float>, __nv_bfloat16 const*, __nv_bfloat16*)",2,operator_shape_matched,"[[1,512,6,138,186],[512,512,3,3,3],[],[],[],[],[],[],[]]","[""c10::BFloat16"",""c10::BFloat16"",""ScalarList"",""ScalarList"",""ScalarList"",""Scalar"",""Scalar"",""Scalar"",""Scalar""]",null,1370,120964.592
null,aten::cudnn_convolution,"void cudnn::engines_precompiled::nchwToNhwcKernel<__nv_bfloat16, __nv_bfloat16, float, false, true, (cudnnKernelDataType_t)0>(cudnn::engines_precompiled::nchw2nhwc_params_t<float>, __nv_bfloat16 const*, __nv_bfloat16*)",3,operator_shape_matched,"[[1,1024,3,36,48],[1024,1024,3,3,3],[],[],[],[],[],[],[]]","[""c10::BFloat16"",""c10::BFloat16"",""ScalarList"",""ScalarList"",""ScalarList"",""Scalar"",""Scalar"",""Scalar"",""Scalar""]",null,2820,101022.434
null,aten::cudnn_convolution,"void cudnn::engines_precompiled::nchwToNhwcKernel<__nv_bfloat16, __nv_bfloat16, float, false, true, (cudnnKernelDataType_t)0>(cudnn::engines_precompiled::nchw2nhwc_params_t<float>, __nv_bfloat16 const*, __nv_bfloat16*)",4,operator_shape_matched,"[[1,512,6,274,370],[256,512,3,3,3],[],[],[],[],[],[],[]]","[""c10::BFloat16"",""c10::BFloat16"",""ScalarList"",""ScalarList"",""ScalarList"",""Scalar"",""Scalar"",""Scalar"",""Scalar""]",null,274,95982.799
null,aten::cudnn_convolution,"void cudnn::engines_precompiled::nchwToNhwcKernel<__nv_bfloat16, __nv_bfloat16, float, false, true, (cudnnKernelDataType_t)0>(cudnn::engines_precompiled::nchw2nhwc_params_t<float>, __nv_bfloat16 const*, __nv_bfloat16*)",5,operator_shape_matched,"[[1,1024,4,70,94],[1024,1024,3,3,3],[],[],[],[],[],[],[]]","[""c10::BFloat16"",""c10::BFloat16"",""ScalarList"",""ScalarList"",""ScalarList"",""Scalar"",""Scalar"",""Scalar"",""Scalar""]",null,1644,94075.256
null,aten::cudnn_convolution,"void cudnn::engines_precompiled::nchwToNhwcKernel<__nv_bfloat16, __nv_bfloat16, float, false, true, (cudnnKernelDataType_t)0>(cudnn::engines_precompiled::nchw2nhwc_params_t<float>, __nv_bfloat16 const*, __nv_bfloat16*)",6,operator_shape_matched,"[[1,160,26,274,370],[160,160,3,3,3],[],[],[],[],[],[],[]]","[""c10::BFloat16"",""c10::BFloat16"",""ScalarList"",""ScalarList"",""ScalarList"",""Scalar"",""Scalar"",""Scalar"",""Scalar""]",null,200,91203.384
null,aten::cudnn_convolution,"void cudnn::engines_precompiled::nchwToNhwcKernel<__nv_bfloat16, __nv_bfloat16, float, false, true, (cudnnKernelDataType_t)0>(cudnn::engines_precompiled::nchw2nhwc_params_t<float>, __nv_bfloat16 const*, __nv_bfloat16*)",7,operator_shape_matched,"[[4,512,272,368],[512,512,3,3],[],[],[],[],[],[],[]]","[""c10::BFloat16"",""c10::BFloat16"",""ScalarList"",""ScalarList"",""ScalarList"",""Scalar"",""Scalar"",""Scalar"",""Scalar""]",null,274,54857.612
null,aten::cudnn_convolution,"void cudnn::engines_precompiled::nchwToNhwcKernel<__nv_bfloat16, __nv_bfloat16, float, false, true, (cudnnKernelDataType_t)0>(cudnn::engines_precompiled::nchw2nhwc_params_t<float>, __nv_bfloat16 const*, __nv_bfloat16*)",8,operator_shape_matched,"[[1,1024,6,138,186],[512,1024,3,3,3],[],[],[],[],[],[],[]]","[""c10::BFloat16"",""c10::BFloat16"",""ScalarList"",""ScalarList"",""ScalarList"",""Scalar"",""Scalar"",""Scalar"",""Scalar""]",null,274,48246.672
null,aten::cudnn_convolution,"void cudnn::engines_precompiled::nchwToNhwcKernel<__nv_bfloat16, __nv_bfloat16, float, false, true, (cudnnKernelDataType_t)0>(cudnn::engines_precompiled::nchw2nhwc_params_t<float>, __nv_bfloat16 const*, __nv_bfloat16*)",9,operator_shape_matched,"[[1,256,6,274,370],[12,256,3,3,3],[],[],[],[],[],[],[]]","[""c10::BFloat16"",""c10::BFloat16"",""ScalarList"",""ScalarList"",""ScalarList"",""Scalar"",""Scalar"",""Scalar"",""Scalar""]",null,137,46768.037
null,aten::cudnn_convolution,"void cudnn::engines_precompiled::nchwToNhwcKernel<__nv_bfloat16, __nv_bfloat16, float, false, true, (cudnnKernelDataType_t)0>(cudnn::engines_precompiled::nchw2nhwc_params_t<float>, __nv_bfloat16 const*, __nv_bfloat16*)",10,operator_shape_matched,"[[1,320,26,138,186],[320,320,3,3,3],[],[],[],[],[],[],[]]","[""c10::BFloat16"",""c10::BFloat16"",""ScalarList"",""ScalarList"",""ScalarList"",""Scalar"",""Scalar"",""Scalar"",""Scalar""]",null,150,36018.216
null,aten::cudnn_convolution,"void cudnn::engines_precompiled::nchwToNhwcKernel<__nv_bfloat16, __nv_bfloat16, float, false, true, (cudnnKernelDataType_t)0>(cudnn::engines_precompiled::nchw2nhwc_params_t<float>, __nv_bfloat16 const*, __nv_bfloat16*)",11,operator_shape_matched,"[[4,1024,136,184],[1024,1024,3,3],[],[],[],[],[],[],[]]","[""c10::BFloat16"",""c10::BFloat16"",""ScalarList"",""ScalarList"",""ScalarList"",""Scalar"",""Scalar"",""Scalar"",""Scalar""]",null,274,33782.134
null,aten::cudnn_convolution,"void cudnn::engines_precompiled::nchwToNhwcKernel<__nv_bfloat16, __nv_bfloat16, float, false, true, (cudnnKernelDataType_t)0>(cudnn::engines_precompiled::nchw2nhwc_params_t<float>, __nv_bfloat16 const*, __nv_bfloat16*)",12,operator_shape_matched,"[[1,1024,4,68,92],[2048,1024,3,1,1],[],[],[],[],[],[],[]]","[""c10::BFloat16"",""c10::BFloat16"",""ScalarList"",""ScalarList"",""ScalarList"",""Scalar"",""Scalar"",""Scalar"",""Scalar""]",null,274,21843.981
null,aten::cudnn_convolution,"void cudnn::engines_precompiled::nchwToNhwcKernel<__nv_bfloat16, __nv_bfloat16, float, false, true, (cudnnKernelDataType_t)0>(cudnn::engines_precompiled::nchw2nhwc_params_t<float>, __nv_bfloat16 const*, __nv_bfloat16*)",13,operator_shape_matched,"[[24,160,273,369],[160,160,3,3],[],[],[],[],[],[],[]]","[""c10::BFloat16"",""c10::BFloat16"",""ScalarList"",""ScalarList"",""ScalarList"",""Scalar"",""Scalar"",""Scalar"",""Scalar""]",null,50,18734.401
null,aten::cudnn_convolution,"void cudnn::engines_precompiled::nchwToNhwcKernel<__nv_bfloat16, __nv_bfloat16, float, false, true, (cudnnKernelDataType_t)0>(cudnn::engines_precompiled::nchw2nhwc_params_t<float>, __nv_bfloat16 const*, __nv_bfloat16*)",14,operator_shape_matched,"[[1,1024,3,34,46],[2048,1024,3,1,1],[],[],[],[],[],[],[]]","[""c10::BFloat16"",""c10::BFloat16"",""ScalarList"",""ScalarList"",""ScalarList"",""Scalar"",""Scalar"",""Scalar"",""Scalar""]",null,274,16097.315
null,aten::cudnn_convolution,"void cudnn::engines_precompiled::nchwToNhwcKernel<__nv_bfloat16, __nv_bfloat16, float, false, true, (cudnnKernelDataType_t)0>(cudnn::engines_precompiled::nchw2nhwc_params_t<float>, __nv_bfloat16 const*, __nv_bfloat16*)",15,operator_shape_matched,"[[2,1024,68,92],[1024,1024,3,3],[],[],[],[],[],[],[]]","[""c10::BFloat16"",""c10::BFloat16"",""ScalarList"",""ScalarList"",""ScalarList"",""Scalar"",""Scalar"",""Scalar"",""Scalar""]",null,274,11401.014
null,aten::cudnn_convolution,"void cudnn::engines_precompiled::nchwToNhwcKernel<__nv_bfloat16, __nv_bfloat16, float, false, true, (cudnnKernelDataType_t)0>(cudnn::engines_precompiled::nchw2nhwc_params_t<float>, __nv_bfloat16 const*, __nv_bfloat16*)",16,operator_shape_matched,"[[1,640,14,70,94],[640,640,3,3,3],[],[],[],[],[],[],[]]","[""c10::BFloat16"",""c10::BFloat16"",""ScalarList"",""ScalarList"",""ScalarList"",""Scalar"",""Scalar"",""Scalar"",""Scalar""]",null,150,10317.384
null,aten::cudnn_convolution,"void cudnn::engines_precompiled::nchwToNhwcKernel<__nv_bfloat16, __nv_bfloat16, float, false, true, (cudnnKernelDataType_t)0>(cudnn::engines_precompiled::nchw2nhwc_params_t<float>, __nv_bfloat16 const*, __nv_bfloat16*)",17,operator_shape_matched,"[[24,320,137,185],[320,320,3,3],[],[],[],[],[],[],[]]","[""c10::BFloat16"",""c10::BFloat16"",""ScalarList"",""ScalarList"",""ScalarList"",""Scalar"",""Scalar"",""Scalar"",""Scalar""]",null,50,9124.416
null,aten::cudnn_convolution,"void cudnn::engines_precompiled::nchwToNhwcKernel<__nv_bfloat16, __nv_bfloat16, float, false, true, (cudnnKernelDataType_t)0>(cudnn::engines_precompiled::nchw2nhwc_params_t<float>, __nv_bfloat16 const*, __nv_bfloat16*)",18,operator_shape_matched,"[[1,640,8,36,48],[640,640,3,3,3],[],[],[],[],[],[],[]]","[""c10::BFloat16"",""c10::BFloat16"",""ScalarList"",""ScalarList"",""ScalarList"",""Scalar"",""Scalar"",""Scalar"",""Scalar""]",null,400,8290.775
null,aten::cudnn_convolution,"void cudnn::engines_precompiled::nchwToNhwcKernel<__nv_bfloat16, __nv_bfloat16, float, false, true, (cudnnKernelDataType_t)0>(cudnn::engines_precompiled::nchw2nhwc_params_t<float>, __nv_bfloat16 const*, __nv_bfloat16*)",19,operator_shape_matched,"[[1,160,26,138,186],[320,160,3,3,3],[],[],[],[],[],[],[]]","[""c10::BFloat16"",""c10::BFloat16"",""ScalarList"",""ScalarList"",""ScalarList"",""Scalar"",""Scalar"",""Scalar"",""Scalar""]",null,50,5978.815
null,aten::cudnn_convolution,"void cudnn::engines_precompiled::nchwToNhwcKernel<__nv_bfloat16, __nv_bfloat16, float, false, true, (cudnnKernelDataType_t)0>(cudnn::engines_precompiled::nchw2nhwc_params_t<float>, __nv_bfloat16 const*, __nv_bfloat16*)",20,operator_shape_matched,"[[1,12,26,274,370],[160,12,3,3,3],[],[],[],[],[],[],[]]","[""c10::BFloat16"",""c10::BFloat16"",""ScalarList"",""ScalarList"",""ScalarList"",""Scalar"",""Scalar"",""Scalar"",""Scalar""]",null,50,3749.092
null,aten::cudnn_convolution,"void cudnn::engines_precompiled::nchwToNhwcKernel<__nv_bfloat16, __nv_bfloat16, float, false, true, (cudnnKernelDataType_t)0>(cudnn::engines_precompiled::nchw2nhwc_params_t<float>, __nv_bfloat16 const*, __nv_bfloat16*)",21,operator_shape_matched,"[[1,256,3,274,370],[256,256,3,3,3],[],[],[],[],[],[],[]]","[""c10::BFloat16"",""c10::BFloat16"",""ScalarList"",""ScalarList"",""ScalarList"",""Scalar"",""Scalar"",""Scalar"",""Scalar""]",null,40,3604.424
null,aten::cudnn_convolution,"void cudnn::engines_precompiled::nchwToNhwcKernel<__nv_bfloat16, __nv_bfloat16, float, false, true, (cudnnKernelDataType_t)0>(cudnn::engines_precompiled::nchw2nhwc_params_t<float>, __nv_bfloat16 const*, __nv_bfloat16*)",22,operator_shape_matched,"[[12,640,69,93],[640,640,3,3],[],[],[],[],[],[],[]]","[""c10::BFloat16"",""c10::BFloat16"",""ScalarList"",""ScalarList"",""ScalarList"",""Scalar"",""Scalar"",""Scalar"",""Scalar""]",null,50,2805.215
null,aten::cudnn_convolution,"void cudnn::engines_precompiled::nchwToNhwcKernel<__nv_bfloat16, __nv_bfloat16, float, false, true, (cudnnKernelDataType_t)0>(cudnn::engines_precompiled::nchw2nhwc_params_t<float>, __nv_bfloat16 const*, __nv_bfloat16*)",23,operator_shape_matched,"[[1,320,25,68,92],[320,320,3,1,1],[],[],[],[],[],[],[]]","[""c10::BFloat16"",""c10::BFloat16"",""ScalarList"",""ScalarList"",""ScalarList"",""Scalar"",""Scalar"",""Scalar"",""Scalar""]",null,50,2781.691
null,aten::cudnn_convolution,"void cudnn::engines_precompiled::nchwToNhwcKernel<__nv_bfloat16, __nv_bfloat16, float, false, true, (cudnnKernelDataType_t)0>(cudnn::engines_precompiled::nchw2nhwc_params_t<float>, __nv_bfloat16 const*, __nv_bfloat16*)",24,operator_shape_matched,"[[1,1024,3,70,94],[1024,1024,3,3,3],[],[],[],[],[],[],[]]","[""c10::BFloat16"",""c10::BFloat16"",""ScalarList"",""ScalarList"",""ScalarList"",""Scalar"",""Scalar"",""Scalar"",""Scalar""]",null,48,2557.823
null,aten::cudnn_convolution,"void cudnn::engines_precompiled::nchwToNhwcKernel<__nv_bfloat16, __nv_bfloat16, float, false, true, (cudnnKernelDataType_t)0>(cudnn::engines_precompiled::nchw2nhwc_params_t<float>, __nv_bfloat16 const*, __nv_bfloat16*)",25,operator_shape_matched,"[[1,512,3,138,186],[512,512,3,3,3],[],[],[],[],[],[],[]]","[""c10::BFloat16"",""c10::BFloat16"",""ScalarList"",""ScalarList"",""ScalarList"",""Scalar"",""Scalar"",""Scalar"",""Scalar""]",null,40,1899.667
null,aten::cudnn_convolution,"void cudnn::engines_precompiled::nchwToNhwcKernel<__nv_bfloat16, __nv_bfloat16, float, false, true, (cudnnKernelDataType_t)0>(cudnn::engines_precompiled::nchw2nhwc_params_t<float>, __nv_bfloat16 const*, __nv_bfloat16*)",26,operator_shape_matched,"[[1,320,14,70,94],[640,320,3,3,3],[],[],[],[],[],[],[]]","[""c10::BFloat16"",""c10::BFloat16"",""ScalarList"",""ScalarList"",""ScalarList"",""Scalar"",""Scalar"",""Scalar"",""Scalar""]",null,50,1787.828
null,aten::cudnn_convolution,"void cudnn::engines_precompiled::nchwToNhwcKernel<__nv_bfloat16, __nv_bfloat16, float, false, true, (cudnnKernelDataType_t)0>(cudnn::engines_precompiled::nchw2nhwc_params_t<float>, __nv_bfloat16 const*, __nv_bfloat16*)",27,operator_shape_matched,"[[1,160,3,274,370],[160,160,3,3,3],[],[],[],[],[],[],[]]","[""c10::BFloat16"",""c10::BFloat16"",""ScalarList"",""ScalarList"",""ScalarList"",""Scalar"",""Scalar"",""Scalar"",""Scalar""]",null,32,1785.873
null,aten::cudnn_convolution,"void cudnn::engines_precompiled::nchwToNhwcKernel<__nv_bfloat16, __nv_bfloat16, float, false, true, (cudnnKernelDataType_t)0>(cudnn::engines_precompiled::nchw2nhwc_params_t<float>, __nv_bfloat16 const*, __nv_bfloat16*)",28,operator_shape_matched,"[[1,512,3,274,370],[256,512,3,3,3],[],[],[],[],[],[],[]]","[""c10::BFloat16"",""c10::BFloat16"",""ScalarList"",""ScalarList"",""ScalarList"",""Scalar"",""Scalar"",""Scalar"",""Scalar""]",null,8,1439.502
null,aten::cudnn_convolution,"void cudnn::engines_precompiled::nchwToNhwcKernel<__nv_bfloat16, __nv_bfloat16, float, false, true, (cudnnKernelDataType_t)0>(cudnn::engines_precompiled::nchw2nhwc_params_t<float>, __nv_bfloat16 const*, __nv_bfloat16*)",29,operator_shape_matched,"[[1,640,13,34,46],[640,640,3,1,1],[],[],[],[],[],[],[]]","[""c10::BFloat16"",""c10::BFloat16"",""ScalarList"",""ScalarList"",""ScalarList"",""Scalar"",""Scalar"",""Scalar"",""Scalar""]",null,50,1240.135
null,aten::cudnn_convolution,"void cudnn::engines_precompiled::nchwToNhwcKernel<__nv_bfloat16, __nv_bfloat16, float, false, true, (cudnnKernelDataType_t)0>(cudnn::engines_precompiled::nchw2nhwc_params_t<float>, __nv_bfloat16 const*, __nv_bfloat16*)",30,operator_shape_matched,"[[1,48,3,36,48],[1024,48,3,3,3],[],[],[],[],[],[],[]]","[""c10::BFloat16"",""c10::BFloat16"",""ScalarList"",""ScalarList"",""ScalarList"",""Scalar"",""Scalar"",""Scalar"",""Scalar""]",null,282,1023.638
null,aten::cudnn_convolution,"void cudnn::engines_precompiled::nchwToNhwcKernel<__nv_bfloat16, __nv_bfloat16, float, false, true, (cudnnKernelDataType_t)0>(cudnn::engines_precompiled::nchw2nhwc_params_t<float>, __nv_bfloat16 const*, __nv_bfloat16*)",31,operator_shape_matched,"[[1,640,3,36,48],[640,640,3,3,3],[],[],[],[],[],[],[]]","[""c10::BFloat16"",""c10::BFloat16"",""ScalarList"",""ScalarList"",""ScalarList"",""Scalar"",""Scalar"",""Scalar"",""Scalar""]",null,64,1015.247
null,aten::cudnn_convolution,"void cudnn::engines_precompiled::nchwToNhwcKernel<__nv_bfloat16, __nv_bfloat16, float, false, true, (cudnnKernelDataType_t)0>(cudnn::engines_precompiled::nchw2nhwc_params_t<float>, __nv_bfloat16 const*, __nv_bfloat16*)",32,operator_shape_matched,"[[1,1024,3,138,186],[512,1024,3,3,3],[],[],[],[],[],[],[]]","[""c10::BFloat16"",""c10::BFloat16"",""ScalarList"",""ScalarList"",""ScalarList"",""Scalar"",""Scalar"",""Scalar"",""Scalar""]",null,8,739.592
null,aten::cudnn_convolution,"void cudnn::engines_precompiled::nchwToNhwcKernel<__nv_bfloat16, __nv_bfloat16, float, false, true, (cudnnKernelDataType_t)0>(cudnn::engines_precompiled::nchw2nhwc_params_t<float>, __nv_bfloat16 const*, __nv_bfloat16*)",33,operator_shape_matched,"[[1,256,3,274,370],[12,256,3,3,3],[],[],[],[],[],[],[]]","[""c10::BFloat16"",""c10::BFloat16"",""ScalarList"",""ScalarList"",""ScalarList"",""Scalar"",""Scalar"",""Scalar"",""Scalar""]",null,4,696.232
null,aten::cudnn_convolution,"void cudnn::engines_precompiled::nchwToNhwcKernel<__nv_bfloat16, __nv_bfloat16, float, false, true, (cudnnKernelDataType_t)0>(cudnn::engines_precompiled::nchw2nhwc_params_t<float>, __nv_bfloat16 const*, __nv_bfloat16*)",34,operator_shape_matched,"[[1,320,3,138,186],[320,320,3,3,3],[],[],[],[],[],[],[]]","[""c10::BFloat16"",""c10::BFloat16"",""ScalarList"",""ScalarList"",""ScalarList"",""Scalar"",""Scalar"",""Scalar"",""Scalar""]",null,24,679.047
null,aten::cudnn_convolution,"void cudnn::engines_precompiled::nchwToNhwcKernel<__nv_bfloat16, __nv_bfloat16, float, false, true, (cudnnKernelDataType_t)0>(cudnn::engines_precompiled::nchw2nhwc_params_t<float>, __nv_bfloat16 const*, __nv_bfloat16*)",35,operator_shape_matched,"[[1,640,3,70,94],[640,640,3,3,3],[],[],[],[],[],[],[]]","[""c10::BFloat16"",""c10::BFloat16"",""ScalarList"",""ScalarList"",""ScalarList"",""Scalar"",""Scalar"",""Scalar"",""Scalar""]",null,24,598.342
null,aten::cudnn_convolution,"void cudnn::engines_precompiled::nchwToNhwcKernel<__nv_bfloat16, __nv_bfloat16, float, false, true, (cudnnKernelDataType_t)0>(cudnn::engines_precompiled::nchw2nhwc_params_t<float>, __nv_bfloat16 const*, __nv_bfloat16*)",36,operator_shape_matched,"[[1,640,8,36,48],[96,640,3,3,3],[],[],[],[],[],[],[]]","[""c10::BFloat16"",""c10::BFloat16"",""ScalarList"",""ScalarList"",""ScalarList"",""Scalar"",""Scalar"",""Scalar"",""Scalar""]",null,50,527.113
null,aten::cudnn_convolution,"void cudnn::engines_precompiled::nchwToNhwcKernel<__nv_bfloat16, __nv_bfloat16, float, false, true, (cudnnKernelDataType_t)0>(cudnn::engines_precompiled::nchw2nhwc_params_t<float>, __nv_bfloat16 const*, __nv_bfloat16*)",37,operator_shape_matched,"[[1,512,272,368],[512,512,3,3],[],[],[],[],[],[],[]]","[""c10::BFloat16"",""c10::BFloat16"",""ScalarList"",""ScalarList"",""ScalarList"",""Scalar"",""Scalar"",""Scalar"",""Scalar""]",null,8,465.861
null,aten::cudnn_convolution,"void cudnn::engines_precompiled::nchwToNhwcKernel<__nv_bfloat16, __nv_bfloat16, float, false, true, (cudnnKernelDataType_t)0>(cudnn::engines_precompiled::nchw2nhwc_params_t<float>, __nv_bfloat16 const*, __nv_bfloat16*)",38,operator_shape_matched,"[[1,1024,136,184],[1024,1024,3,3],[],[],[],[],[],[],[]]","[""c10::BFloat16"",""c10::BFloat16"",""ScalarList"",""ScalarList"",""ScalarList"",""Scalar"",""Scalar"",""Scalar"",""Scalar""]",null,8,438.597
null,aten::cudnn_convolution,"void cudnn::engines_precompiled::nchwToNhwcKernel<__nv_bfloat16, __nv_bfloat16, float, false, true, (cudnnKernelDataType_t)0>(cudnn::engines_precompiled::nchw2nhwc_params_t<float>, __nv_bfloat16 const*, __nv_bfloat16*)",39,operator_shape_matched,"[[1,1024,68,92],[1024,1024,3,3],[],[],[],[],[],[],[]]","[""c10::BFloat16"",""c10::BFloat16"",""ScalarList"",""ScalarList"",""ScalarList"",""Scalar"",""Scalar"",""Scalar"",""Scalar""]",null,8,282.336
null,aten::cudnn_convolution,"void cudnn::engines_precompiled::nchwToNhwcKernel<__nv_bfloat16, __nv_bfloat16, float, false, true, (cudnnKernelDataType_t)0>(cudnn::engines_precompiled::nchw2nhwc_params_t<float>, __nv_bfloat16 const*, __nv_bfloat16*)",40,operator_shape_matched,"[[6,640,34,46],[640,640,1,1],[],[],[],[],[],[],[]]","[""c10::BFloat16"",""c10::BFloat16"",""ScalarList"",""ScalarList"",""ScalarList"",""Scalar"",""Scalar"",""Scalar"",""Scalar""]",null,25,236.101
null,aten::cudnn_convolution,"void cudnn::engines_precompiled::nchwToNhwcKernel<__nv_bfloat16, __nv_bfloat16, float, false, true, (cudnnKernelDataType_t)0>(cudnn::engines_precompiled::nchw2nhwc_params_t<float>, __nv_bfloat16 const*, __nv_bfloat16*)",41,operator_shape_matched,"[[6,640,34,46],[1920,640,1,1],[],[],[],[],[],[],[]]","[""c10::BFloat16"",""c10::BFloat16"",""ScalarList"",""ScalarList"",""ScalarList"",""Scalar"",""Scalar"",""Scalar"",""Scalar""]",null,25,233.25
null,aten::cudnn_convolution,"void cudnn::engines_precompiled::nchwToNhwcKernel<__nv_bfloat16, __nv_bfloat16, float, false, true, (cudnnKernelDataType_t)0>(cudnn::engines_precompiled::nchw2nhwc_params_t<float>, __nv_bfloat16 const*, __nv_bfloat16*)",42,operator_shape_matched,"[[1,160,273,369],[160,160,3,3],[],[],[],[],[],[],[]]","[""c10::BFloat16"",""c10::BFloat16"",""ScalarList"",""ScalarList"",""ScalarList"",""Scalar"",""Scalar"",""Scalar"",""Scalar""]",null,8,143.587
null,aten::cudnn_convolution,"void cudnn::engines_precompiled::nchwToNhwcKernel<__nv_bfloat16, __nv_bfloat16, float, false, true, (cudnnKernelDataType_t)0>(cudnn::engines_precompiled::nchw2nhwc_params_t<float>, __nv_bfloat16 const*, __nv_bfloat16*)",43,operator_shape_matched,"[[1,160,3,138,186],[320,160,3,3,3],[],[],[],[],[],[],[]]","[""c10::BFloat16"",""c10::BFloat16"",""ScalarList"",""ScalarList"",""ScalarList"",""Scalar"",""Scalar"",""Scalar"",""Scalar""]",null,8,122.529
null,aten::cudnn_convolution,"void cudnn::engines_precompiled::nchwToNhwcKernel<__nv_bfloat16, __nv_bfloat16, float, false, true, (cudnnKernelDataType_t)0>(cudnn::engines_precompiled::nchw2nhwc_params_t<float>, __nv_bfloat16 const*, __nv_bfloat16*)",44,operator_shape_matched,"[[1,640,69,93],[640,640,3,3],[],[],[],[],[],[],[]]","[""c10::BFloat16"",""c10::BFloat16"",""ScalarList"",""ScalarList"",""ScalarList"",""Scalar"",""Scalar"",""Scalar"",""Scalar""]",null,8,119.745
null,aten::cudnn_convolution,"void cudnn::engines_precompiled::nchwToNhwcKernel<__nv_bfloat16, __nv_bfloat16, float, false, true, (cudnnKernelDataType_t)0>(cudnn::engines_precompiled::nchw2nhwc_params_t<float>, __nv_bfloat16 const*, __nv_bfloat16*)",45,operator_shape_matched,"[[1,320,3,70,94],[640,320,3,3,3],[],[],[],[],[],[],[]]","[""c10::BFloat16"",""c10::BFloat16"",""ScalarList"",""ScalarList"",""ScalarList"",""Scalar"",""Scalar"",""Scalar"",""Scalar""]",null,8,95.458
null,aten::cudnn_convolution,"void cudnn::engines_precompiled::nchwToNhwcKernel<__nv_bfloat16, __nv_bfloat16, float, false, true, (cudnnKernelDataType_t)0>(cudnn::engines_precompiled::nchw2nhwc_params_t<float>, __nv_bfloat16 const*, __nv_bfloat16*)",46,operator_shape_matched,"[[1,320,137,185],[320,320,3,3],[],[],[],[],[],[],[]]","[""c10::BFloat16"",""c10::BFloat16"",""ScalarList"",""ScalarList"",""ScalarList"",""Scalar"",""Scalar"",""Scalar"",""Scalar""]",null,8,84.066
null,aten::cudnn_convolution,"void cudnn::engines_precompiled::nchwToNhwcKernel<__nv_bfloat16, __nv_bfloat16, float, false, true, (cudnnKernelDataType_t)0>(cudnn::engines_precompiled::nchw2nhwc_params_t<float>, __nv_bfloat16 const*, __nv_bfloat16*)",47,operator_shape_matched,"[[1,12,3,274,370],[160,12,3,3,3],[],[],[],[],[],[],[]]","[""c10::BFloat16"",""c10::BFloat16"",""ScalarList"",""ScalarList"",""ScalarList"",""Scalar"",""Scalar"",""Scalar"",""Scalar""]",null,8,67.554
null,aten::cudnn_convolution,"void cudnn::engines_precompiled::nchwToNhwcKernel<__nv_bfloat16, __nv_bfloat16, float, false, true, (cudnnKernelDataType_t)0>(cudnn::engines_precompiled::nchw2nhwc_params_t<float>, __nv_bfloat16 const*, __nv_bfloat16*)",48,operator_shape_matched,"[[1,640,3,36,48],[96,640,3,3,3],[],[],[],[],[],[],[]]","[""c10::BFloat16"",""c10::BFloat16"",""ScalarList"",""ScalarList"",""ScalarList"",""Scalar"",""Scalar"",""Scalar"",""Scalar""]",null,8,44.321
null,aten::cudnn_convolution,"void cudnn::engines_precompiled::nhwcToNchwKernel<__nv_bfloat16, __nv_bfloat16, float, true, false, (cudnnKernelDataType_t)0>(cudnn::engines_precompiled::nhwc2nchw_params_t<float>, __nv_bfloat16 const*, __nv_bfloat16*)",1,operator_shape_matched,"[[1,256,6,274,370],[256,256,3,3,3],[],[],[],[],[],[],[]]","[""c10::BFloat16"",""c10::BFloat16"",""ScalarList"",""ScalarList"",""ScalarList"",""Scalar"",""Scalar"",""Scalar"",""Scalar""]",null,685,139202.022
null,aten::cudnn_convolution,"void cudnn::engines_precompiled::nhwcToNchwKernel<__nv_bfloat16, __nv_bfloat16, float, true, false, (cudnnKernelDataType_t)0>(cudnn::engines_precompiled::nhwc2nchw_params_t<float>, __nv_bfloat16 const*, __nv_bfloat16*)",2,operator_shape_matched,"[[1,160,26,274,370],[160,160,3,3,3],[],[],[],[],[],[],[]]","[""c10::BFloat16"",""c10::BFloat16"",""ScalarList"",""ScalarList"",""ScalarList"",""Scalar"",""Scalar"",""Scalar"",""Scalar""]",null,100,76203.964
null,aten::cudnn_convolution,"void cudnn::engines_precompiled::nhwcToNchwKernel<__nv_bfloat16, __nv_bfloat16, float, true, false, (cudnnKernelDataType_t)0>(cudnn::engines_precompiled::nhwc2nchw_params_t<float>, __nv_bfloat16 const*, __nv_bfloat16*)",3,operator_shape_matched,"[[1,512,6,138,186],[512,512,3,3,3],[],[],[],[],[],[],[]]","[""c10::BFloat16"",""c10::BFloat16"",""ScalarList"",""ScalarList"",""ScalarList"",""Scalar"",""Scalar"",""Scalar"",""Scalar""]",null,685,71223.448
null,aten::cudnn_convolution,"void cudnn::engines_precompiled::nhwcToNchwKernel<__nv_bfloat16, __nv_bfloat16, float, true, false, (cudnnKernelDataType_t)0>(cudnn::engines_precompiled::nhwc2nchw_params_t<float>, __nv_bfloat16 const*, __nv_bfloat16*)",4,operator_shape_matched,"[[4,512,272,368],[512,512,3,3],[],[],[],[],[],[],[]]","[""c10::BFloat16"",""c10::BFloat16"",""ScalarList"",""ScalarList"",""ScalarList"",""Scalar"",""Scalar"",""Scalar"",""Scalar""]",null,137,57077.545
null,aten::cudnn_convolution,"void cudnn::engines_precompiled::nhwcToNchwKernel<__nv_bfloat16, __nv_bfloat16, float, true, false, (cudnnKernelDataType_t)0>(cudnn::engines_precompiled::nhwc2nchw_params_t<float>, __nv_bfloat16 const*, __nv_bfloat16*)",5,operator_shape_matched,"[[4,1024,136,184],[1024,1024,3,3],[],[],[],[],[],[],[]]","[""c10::BFloat16"",""c10::BFloat16"",""ScalarList"",""ScalarList"",""ScalarList"",""Scalar"",""Scalar"",""Scalar"",""Scalar""]",null,137,28800.78
null,aten::cudnn_convolution,"void cudnn::engines_precompiled::nhwcToNchwKernel<__nv_bfloat16, __nv_bfloat16, float, true, false, (cudnnKernelDataType_t)0>(cudnn::engines_precompiled::nhwc2nchw_params_t<float>, __nv_bfloat16 const*, __nv_bfloat16*)",6,operator_shape_matched,"[[1,320,26,138,186],[320,320,3,3,3],[],[],[],[],[],[],[]]","[""c10::BFloat16"",""c10::BFloat16"",""ScalarList"",""ScalarList"",""ScalarList"",""Scalar"",""Scalar"",""Scalar"",""Scalar""]",null,75,28409.314
null,aten::cudnn_convolution,"void cudnn::engines_precompiled::nhwcToNchwKernel<__nv_bfloat16, __nv_bfloat16, float, true, false, (cudnnKernelDataType_t)0>(cudnn::engines_precompiled::nhwc2nchw_params_t<float>, __nv_bfloat16 const*, __nv_bfloat16*)",7,operator_shape_matched,"[[1,512,6,274,370],[256,512,3,3,3],[],[],[],[],[],[],[]]","[""c10::BFloat16"",""c10::BFloat16"",""ScalarList"",""ScalarList"",""ScalarList"",""Scalar"",""Scalar"",""Scalar"",""Scalar""]",null,137,27866.114
null,aten::cudnn_convolution,"void cudnn::engines_precompiled::nhwcToNchwKernel<__nv_bfloat16, __nv_bfloat16, float, true, false, (cudnnKernelDataType_t)0>(cudnn::engines_precompiled::nhwc2nchw_params_t<float>, __nv_bfloat16 const*, __nv_bfloat16*)",8,operator_shape_matched,"[[1,1024,4,70,94],[1024,1024,3,3,3],[],[],[],[],[],[],[]]","[""c10::BFloat16"",""c10::BFloat16"",""ScalarList"",""ScalarList"",""ScalarList"",""Scalar"",""Scalar"",""Scalar"",""Scalar""]",null,822,21462.455
null,aten::cudnn_convolution,"void cudnn::engines_precompiled::nhwcToNchwKernel<__nv_bfloat16, __nv_bfloat16, float, true, false, (cudnnKernelDataType_t)0>(cudnn::engines_precompiled::nhwc2nchw_params_t<float>, __nv_bfloat16 const*, __nv_bfloat16*)",9,operator_shape_matched,"[[1,12,26,274,370],[160,12,3,3,3],[],[],[],[],[],[],[]]","[""c10::BFloat16"",""c10::BFloat16"",""ScalarList"",""ScalarList"",""ScalarList"",""Scalar"",""Scalar"",""Scalar"",""Scalar""]",null,25,19107.102
null,aten::cudnn_convolution,"void cudnn::engines_precompiled::nhwcToNchwKernel<__nv_bfloat16, __nv_bfloat16, float, true, false, (cudnnKernelDataType_t)0>(cudnn::engines_precompiled::nhwc2nchw_params_t<float>, __nv_bfloat16 const*, __nv_bfloat16*)",10,operator_shape_matched,"[[1,1024,6,138,186],[512,1024,3,3,3],[],[],[],[],[],[],[]]","[""c10::BFloat16"",""c10::BFloat16"",""ScalarList"",""ScalarList"",""ScalarList"",""Scalar"",""Scalar"",""Scalar"",""Scalar""]",null,137,14179.694
null,aten::cudnn_convolution,"void cudnn::engines_precompiled::nhwcToNchwKernel<__nv_bfloat16, __nv_bfloat16, float, true, false, (cudnnKernelDataType_t)0>(cudnn::engines_precompiled::nhwc2nchw_params_t<float>, __nv_bfloat16 const*, __nv_bfloat16*)",11,operator_shape_matched,"[[1,160,26,138,186],[320,160,3,3,3],[],[],[],[],[],[],[]]","[""c10::BFloat16"",""c10::BFloat16"",""ScalarList"",""ScalarList"",""ScalarList"",""Scalar"",""Scalar"",""Scalar"",""Scalar""]",null,25,9489.25
null,aten::cudnn_convolution,"void cudnn::engines_precompiled::nhwcToNchwKernel<__nv_bfloat16, __nv_bfloat16, float, true, false, (cudnnKernelDataType_t)0>(cudnn::engines_precompiled::nhwc2nchw_params_t<float>, __nv_bfloat16 const*, __nv_bfloat16*)",12,operator_shape_matched,"[[1,1024,4,68,92],[2048,1024,3,1,1],[],[],[],[],[],[],[]]","[""c10::BFloat16"",""c10::BFloat16"",""ScalarList"",""ScalarList"",""ScalarList"",""Scalar"",""Scalar"",""Scalar"",""Scalar""]",null,137,7415.431
null,aten::cudnn_convolution,"void cudnn::engines_precompiled::nhwcToNchwKernel<__nv_bfloat16, __nv_bfloat16, float, true, false, (cudnnKernelDataType_t)0>(cudnn::engines_precompiled::nhwc2nchw_params_t<float>, __nv_bfloat16 const*, __nv_bfloat16*)",13,operator_shape_matched,"[[1,640,14,70,94],[640,640,3,3,3],[],[],[],[],[],[],[]]","[""c10::BFloat16"",""c10::BFloat16"",""ScalarList"",""ScalarList"",""ScalarList"",""Scalar"",""Scalar"",""Scalar"",""Scalar""]",null,75,7230.953
null,aten::cudnn_convolution,"void cudnn::engines_precompiled::nhwcToNchwKernel<__nv_bfloat16, __nv_bfloat16, float, true, false, (cudnnKernelDataType_t)0>(cudnn::engines_precompiled::nhwc2nchw_params_t<float>, __nv_bfloat16 const*, __nv_bfloat16*)",14,operator_shape_matched,"[[1,1024,3,36,48],[1024,1024,3,3,3],[],[],[],[],[],[],[]]","[""c10::BFloat16"",""c10::BFloat16"",""ScalarList"",""ScalarList"",""ScalarList"",""Scalar"",""Scalar"",""Scalar"",""Scalar""]",null,1410,6164.829
null,aten::cudnn_convolution,"void cudnn::engines_precompiled::nhwcToNchwKernel<__nv_bfloat16, __nv_bfloat16, float, true, false, (cudnnKernelDataType_t)0>(cudnn::engines_precompiled::nhwc2nchw_params_t<float>, __nv_bfloat16 const*, __nv_bfloat16*)",15,operator_shape_matched,"[[24,160,273,369],[160,160,3,3],[],[],[],[],[],[],[]]","[""c10::BFloat16"",""c10::BFloat16"",""ScalarList"",""ScalarList"",""ScalarList"",""Scalar"",""Scalar"",""Scalar"",""Scalar""]",null,25,4692.051
null,aten::cudnn_convolution,"void cudnn::engines_precompiled::nhwcToNchwKernel<__nv_bfloat16, __nv_bfloat16, float, true, false, (cudnnKernelDataType_t)0>(cudnn::engines_precompiled::nhwc2nchw_params_t<float>, __nv_bfloat16 const*, __nv_bfloat16*)",16,operator_shape_matched,"[[2,1024,68,92],[1024,1024,3,3],[],[],[],[],[],[],[]]","[""c10::BFloat16"",""c10::BFloat16"",""ScalarList"",""ScalarList"",""ScalarList"",""Scalar"",""Scalar"",""Scalar"",""Scalar""]",null,137,3605.595
null,aten::cudnn_convolution,"void cudnn::engines_precompiled::nhwcToNchwKernel<__nv_bfloat16, __nv_bfloat16, float, true, false, (cudnnKernelDataType_t)0>(cudnn::engines_precompiled::nhwc2nchw_params_t<float>, __nv_bfloat16 const*, __nv_bfloat16*)",17,operator_shape_matched,"[[1,256,6,274,370],[12,256,3,3,3],[],[],[],[],[],[],[]]","[""c10::BFloat16"",""c10::BFloat16"",""ScalarList"",""ScalarList"",""ScalarList"",""Scalar"",""Scalar"",""Scalar"",""Scalar""]",null,137,3105.696
null,aten::cudnn_convolution,"void cudnn::engines_precompiled::nhwcToNchwKernel<__nv_bfloat16, __nv_bfloat16, float, true, false, (cudnnKernelDataType_t)0>(cudnn::engines_precompiled::nhwc2nchw_params_t<float>, __nv_bfloat16 const*, __nv_bfloat16*)",18,operator_shape_matched,"[[24,320,137,185],[320,320,3,3],[],[],[],[],[],[],[]]","[""c10::BFloat16"",""c10::BFloat16"",""ScalarList"",""ScalarList"",""ScalarList"",""Scalar"",""Scalar"",""Scalar"",""Scalar""]",null,25,2453.177
null,aten::cudnn_convolution,"void cudnn::engines_precompiled::nhwcToNchwKernel<__nv_bfloat16, __nv_bfloat16, float, true, false, (cudnnKernelDataType_t)0>(cudnn::engines_precompiled::nhwc2nchw_params_t<float>, __nv_bfloat16 const*, __nv_bfloat16*)",19,operator_shape_matched,"[[1,320,14,70,94],[640,320,3,3,3],[],[],[],[],[],[],[]]","[""c10::BFloat16"",""c10::BFloat16"",""ScalarList"",""ScalarList"",""ScalarList"",""Scalar"",""Scalar"",""Scalar"",""Scalar""]",null,25,2431.194
null,aten::cudnn_convolution,"void cudnn::engines_precompiled::nhwcToNchwKernel<__nv_bfloat16, __nv_bfloat16, float, true, false, (cudnnKernelDataType_t)0>(cudnn::engines_precompiled::nhwc2nchw_params_t<float>, __nv_bfloat16 const*, __nv_bfloat16*)",20,operator_shape_matched,"[[1,640,8,36,48],[640,640,3,3,3],[],[],[],[],[],[],[]]","[""c10::BFloat16"",""c10::BFloat16"",""ScalarList"",""ScalarList"",""ScalarList"",""Scalar"",""Scalar"",""Scalar"",""Scalar""]",null,200,2100.7
null,aten::cudnn_convolution,"void cudnn::engines_precompiled::nhwcToNchwKernel<__nv_bfloat16, __nv_bfloat16, float, true, false, (cudnnKernelDataType_t)0>(cudnn::engines_precompiled::nhwc2nchw_params_t<float>, __nv_bfloat16 const*, __nv_bfloat16*)",21,operator_shape_matched,"[[1,320,25,68,92],[320,320,3,1,1],[],[],[],[],[],[],[]]","[""c10::BFloat16"",""c10::BFloat16"",""ScalarList"",""ScalarList"",""ScalarList"",""Scalar"",""Scalar"",""Scalar"",""Scalar""]",null,25,1244.299
null,aten::cudnn_convolution,"void cudnn::engines_precompiled::nhwcToNchwKernel<__nv_bfloat16, __nv_bfloat16, float, true, false, (cudnnKernelDataType_t)0>(cudnn::engines_precompiled::nhwc2nchw_params_t<float>, __nv_bfloat16 const*, __nv_bfloat16*)",22,operator_shape_matched,"[[6,640,34,46],[1920,640,1,1],[],[],[],[],[],[],[]]","[""c10::BFloat16"",""c10::BFloat16"",""ScalarList"",""ScalarList"",""ScalarList"",""Scalar"",""Scalar"",""Scalar"",""Scalar""]",null,25,1062.825
null,aten::cudnn_convolution,"void cudnn::engines_precompiled::nhwcToNchwKernel<__nv_bfloat16, __nv_bfloat16, float, true, false, (cudnnKernelDataType_t)0>(cudnn::engines_precompiled::nhwc2nchw_params_t<float>, __nv_bfloat16 const*, __nv_bfloat16*)",23,operator_shape_matched,"[[1,256,3,274,370],[256,256,3,3,3],[],[],[],[],[],[],[]]","[""c10::BFloat16"",""c10::BFloat16"",""ScalarList"",""ScalarList"",""ScalarList"",""Scalar"",""Scalar"",""Scalar"",""Scalar""]",null,20,1044.397
null,aten::cudnn_convolution,"void cudnn::engines_precompiled::nhwcToNchwKernel<__nv_bfloat16, __nv_bfloat16, float, true, false, (cudnnKernelDataType_t)0>(cudnn::engines_precompiled::nhwc2nchw_params_t<float>, __nv_bfloat16 const*, __nv_bfloat16*)",24,operator_shape_matched,"[[1,1024,3,34,46],[2048,1024,3,1,1],[],[],[],[],[],[],[]]","[""c10::BFloat16"",""c10::BFloat16"",""ScalarList"",""ScalarList"",""ScalarList"",""Scalar"",""Scalar"",""Scalar"",""Scalar""]",null,137,912.883
null,aten::cudnn_convolution,"void cudnn::engines_precompiled::nhwcToNchwKernel<__nv_bfloat16, __nv_bfloat16, float, true, false, (cudnnKernelDataType_t)0>(cudnn::engines_precompiled::nhwc2nchw_params_t<float>, __nv_bfloat16 const*, __nv_bfloat16*)",25,operator_shape_matched,"[[1,48,3,36,48],[1024,48,3,3,3],[],[],[],[],[],[],[]]","[""c10::BFloat16"",""c10::BFloat16"",""ScalarList"",""ScalarList"",""ScalarList"",""Scalar"",""Scalar"",""Scalar"",""Scalar""]",null,141,611.714
null,aten::cudnn_convolution,"void cudnn::engines_precompiled::nhwcToNchwKernel<__nv_bfloat16, __nv_bfloat16, float, true, false, (cudnnKernelDataType_t)0>(cudnn::engines_precompiled::nhwc2nchw_params_t<float>, __nv_bfloat16 const*, __nv_bfloat16*)",26,operator_shape_matched,"[[12,640,69,93],[640,640,3,3],[],[],[],[],[],[],[]]","[""c10::BFloat16"",""c10::BFloat16"",""ScalarList"",""ScalarList"",""ScalarList"",""Scalar"",""Scalar"",""Scalar"",""Scalar""]",null,25,609.348
null,aten::cudnn_convolution,"void cudnn::engines_precompiled::nhwcToNchwKernel<__nv_bfloat16, __nv_bfloat16, float, true, false, (cudnnKernelDataType_t)0>(cudnn::engines_precompiled::nhwc2nchw_params_t<float>, __nv_bfloat16 const*, __nv_bfloat16*)",27,operator_shape_matched,"[[1,512,3,138,186],[512,512,3,3,3],[],[],[],[],[],[],[]]","[""c10::BFloat16"",""c10::BFloat16"",""ScalarList"",""ScalarList"",""ScalarList"",""Scalar"",""Scalar"",""Scalar"",""Scalar""]",null,20,524.197
null,aten::cudnn_convolution,"void cudnn::engines_precompiled::nhwcToNchwKernel<__nv_bfloat16, __nv_bfloat16, float, true, false, (cudnnKernelDataType_t)0>(cudnn::engines_precompiled::nhwc2nchw_params_t<float>, __nv_bfloat16 const*, __nv_bfloat16*)",28,operator_shape_matched,"[[1,160,3,274,370],[160,160,3,3,3],[],[],[],[],[],[],[]]","[""c10::BFloat16"",""c10::BFloat16"",""ScalarList"",""ScalarList"",""ScalarList"",""Scalar"",""Scalar"",""Scalar"",""Scalar""]",null,16,513.381
null,aten::cudnn_convolution,"void cudnn::engines_precompiled::nhwcToNchwKernel<__nv_bfloat16, __nv_bfloat16, float, true, false, (cudnnKernelDataType_t)0>(cudnn::engines_precompiled::nhwc2nchw_params_t<float>, __nv_bfloat16 const*, __nv_bfloat16*)",29,operator_shape_matched,"[[1,512,272,368],[512,512,3,3],[],[],[],[],[],[],[]]","[""c10::BFloat16"",""c10::BFloat16"",""ScalarList"",""ScalarList"",""ScalarList"",""Scalar"",""Scalar"",""Scalar"",""Scalar""]",null,4,431.749
null,aten::cudnn_convolution,"void cudnn::engines_precompiled::nhwcToNchwKernel<__nv_bfloat16, __nv_bfloat16, float, true, false, (cudnnKernelDataType_t)0>(cudnn::engines_precompiled::nhwc2nchw_params_t<float>, __nv_bfloat16 const*, __nv_bfloat16*)",30,operator_shape_matched,"[[1,1024,3,70,94],[1024,1024,3,3,3],[],[],[],[],[],[],[]]","[""c10::BFloat16"",""c10::BFloat16"",""ScalarList"",""ScalarList"",""ScalarList"",""Scalar"",""Scalar"",""Scalar"",""Scalar""]",null,24,282.081
null,aten::cudnn_convolution,"void cudnn::engines_precompiled::nhwcToNchwKernel<__nv_bfloat16, __nv_bfloat16, float, true, false, (cudnnKernelDataType_t)0>(cudnn::engines_precompiled::nhwc2nchw_params_t<float>, __nv_bfloat16 const*, __nv_bfloat16*)",31,operator_shape_matched,"[[1,640,13,34,46],[640,640,3,1,1],[],[],[],[],[],[],[]]","[""c10::BFloat16"",""c10::BFloat16"",""ScalarList"",""ScalarList"",""ScalarList"",""Scalar"",""Scalar"",""Scalar"",""Scalar""]",null,25,278.686
null,aten::cudnn_convolution,"void cudnn::engines_precompiled::nhwcToNchwKernel<__nv_bfloat16, __nv_bfloat16, float, true, false, (cudnnKernelDataType_t)0>(cudnn::engines_precompiled::nhwc2nchw_params_t<float>, __nv_bfloat16 const*, __nv_bfloat16*)",32,operator_shape_matched,"[[6,640,34,46],[640,640,1,1],[],[],[],[],[],[],[]]","[""c10::BFloat16"",""c10::BFloat16"",""ScalarList"",""ScalarList"",""ScalarList"",""Scalar"",""Scalar"",""Scalar"",""Scalar""]",null,25,259.073
null,aten::cudnn_convolution,"void cudnn::engines_precompiled::nhwcToNchwKernel<__nv_bfloat16, __nv_bfloat16, float, true, false, (cudnnKernelDataType_t)0>(cudnn::engines_precompiled::nhwc2nchw_params_t<float>, __nv_bfloat16 const*, __nv_bfloat16*)",33,operator_shape_matched,"[[1,1024,136,184],[1024,1024,3,3],[],[],[],[],[],[],[]]","[""c10::BFloat16"",""c10::BFloat16"",""ScalarList"",""ScalarList"",""ScalarList"",""Scalar"",""Scalar"",""Scalar"",""Scalar""]",null,4,216.578
null,aten::cudnn_convolution,"void cudnn::engines_precompiled::nhwcToNchwKernel<__nv_bfloat16, __nv_bfloat16, float, true, false, (cudnnKernelDataType_t)0>(cudnn::engines_precompiled::nhwc2nchw_params_t<float>, __nv_bfloat16 const*, __nv_bfloat16*)",34,operator_shape_matched,"[[1,512,3,274,370],[256,512,3,3,3],[],[],[],[],[],[],[]]","[""c10::BFloat16"",""c10::BFloat16"",""ScalarList"",""ScalarList"",""ScalarList"",""Scalar"",""Scalar"",""Scalar"",""Scalar""]",null,4,208.226
null,aten::cudnn_convolution,"void cudnn::engines_precompiled::nhwcToNchwKernel<__nv_bfloat16, __nv_bfloat16, float, true, false, (cudnnKernelDataType_t)0>(cudnn::engines_precompiled::nhwc2nchw_params_t<float>, __nv_bfloat16 const*, __nv_bfloat16*)",35,operator_shape_matched,"[[1,320,3,138,186],[320,320,3,3,3],[],[],[],[],[],[],[]]","[""c10::BFloat16"",""c10::BFloat16"",""ScalarList"",""ScalarList"",""ScalarList"",""Scalar"",""Scalar"",""Scalar"",""Scalar""]",null,12,177.122
null,aten::cudnn_convolution,"void cudnn::engines_precompiled::nhwcToNchwKernel<__nv_bfloat16, __nv_bfloat16, float, true, false, (cudnnKernelDataType_t)0>(cudnn::engines_precompiled::nhwc2nchw_params_t<float>, __nv_bfloat16 const*, __nv_bfloat16*)",36,operator_shape_matched,"[[1,12,3,274,370],[160,12,3,3,3],[],[],[],[],[],[],[]]","[""c10::BFloat16"",""c10::BFloat16"",""ScalarList"",""ScalarList"",""ScalarList"",""Scalar"",""Scalar"",""Scalar"",""Scalar""]",null,4,132.896
null,aten::cudnn_convolution,"void cudnn::engines_precompiled::nhwcToNchwKernel<__nv_bfloat16, __nv_bfloat16, float, true, false, (cudnnKernelDataType_t)0>(cudnn::engines_precompiled::nhwc2nchw_params_t<float>, __nv_bfloat16 const*, __nv_bfloat16*)",37,operator_shape_matched,"[[1,640,3,36,48],[640,640,3,3,3],[],[],[],[],[],[],[]]","[""c10::BFloat16"",""c10::BFloat16"",""ScalarList"",""ScalarList"",""ScalarList"",""Scalar"",""Scalar"",""Scalar"",""Scalar""]",null,32,114.785
null,aten::cudnn_convolution,"void cudnn::engines_precompiled::nhwcToNchwKernel<__nv_bfloat16, __nv_bfloat16, float, true, false, (cudnnKernelDataType_t)0>(cudnn::engines_precompiled::nhwc2nchw_params_t<float>, __nv_bfloat16 const*, __nv_bfloat16*)",38,operator_shape_matched,"[[1,1024,3,138,186],[512,1024,3,3,3],[],[],[],[],[],[],[]]","[""c10::BFloat16"",""c10::BFloat16"",""ScalarList"",""ScalarList"",""ScalarList"",""Scalar"",""Scalar"",""Scalar"",""Scalar""]",null,4,105.889
null,aten::cudnn_convolution,"void cudnn::engines_precompiled::nhwcToNchwKernel<__nv_bfloat16, __nv_bfloat16, float, true, false, (cudnnKernelDataType_t)0>(cudnn::engines_precompiled::nhwc2nchw_params_t<float>, __nv_bfloat16 const*, __nv_bfloat16*)",39,operator_shape_matched,"[[1,640,3,70,94],[640,640,3,3,3],[],[],[],[],[],[],[]]","[""c10::BFloat16"",""c10::BFloat16"",""ScalarList"",""ScalarList"",""ScalarList"",""Scalar"",""Scalar"",""Scalar"",""Scalar""]",null,12,85.571
null,aten::cudnn_convolution,"void cudnn::engines_precompiled::nhwcToNchwKernel<__nv_bfloat16, __nv_bfloat16, float, true, false, (cudnnKernelDataType_t)0>(cudnn::engines_precompiled::nhwc2nchw_params_t<float>, __nv_bfloat16 const*, __nv_bfloat16*)",40,operator_shape_matched,"[[1,640,8,36,48],[96,640,3,3,3],[],[],[],[],[],[],[]]","[""c10::BFloat16"",""c10::BFloat16"",""ScalarList"",""ScalarList"",""ScalarList"",""Scalar"",""Scalar"",""Scalar"",""Scalar""]",null,25,77.824
null,aten::cudnn_convolution,"void cudnn::engines_precompiled::nhwcToNchwKernel<__nv_bfloat16, __nv_bfloat16, float, true, false, (cudnnKernelDataType_t)0>(cudnn::engines_precompiled::nhwc2nchw_params_t<float>, __nv_bfloat16 const*, __nv_bfloat16*)",41,operator_shape_matched,"[[1,160,3,138,186],[320,160,3,3,3],[],[],[],[],[],[],[]]","[""c10::BFloat16"",""c10::BFloat16"",""ScalarList"",""ScalarList"",""ScalarList"",""Scalar"",""Scalar"",""Scalar"",""Scalar""]",null,4,58.593
null,aten::cudnn_convolution,"void cudnn::engines_precompiled::nhwcToNchwKernel<__nv_bfloat16, __nv_bfloat16, float, true, false, (cudnnKernelDataType_t)0>(cudnn::engines_precompiled::nhwc2nchw_params_t<float>, __nv_bfloat16 const*, __nv_bfloat16*)",42,operator_shape_matched,"[[1,1024,68,92],[1024,1024,3,3],[],[],[],[],[],[],[]]","[""c10::BFloat16"",""c10::BFloat16"",""ScalarList"",""ScalarList"",""ScalarList"",""Scalar"",""Scalar"",""Scalar"",""Scalar""]",null,4,52.192
null,aten::cudnn_convolution,"void cudnn::engines_precompiled::nhwcToNchwKernel<__nv_bfloat16, __nv_bfloat16, float, true, false, (cudnnKernelDataType_t)0>(cudnn::engines_precompiled::nhwc2nchw_params_t<float>, __nv_bfloat16 const*, __nv_bfloat16*)",43,operator_shape_matched,"[[1,160,273,369],[160,160,3,3],[],[],[],[],[],[],[]]","[""c10::BFloat16"",""c10::BFloat16"",""ScalarList"",""ScalarList"",""ScalarList"",""Scalar"",""Scalar"",""Scalar"",""Scalar""]",null,4,30.655
null,aten::cudnn_convolution,"void cudnn::engines_precompiled::nhwcToNchwKernel<__nv_bfloat16, __nv_bfloat16, float, true, false, (cudnnKernelDataType_t)0>(cudnn::engines_precompiled::nhwc2nchw_params_t<float>, __nv_bfloat16 const*, __nv_bfloat16*)",44,operator_shape_matched,"[[1,320,3,70,94],[640,320,3,3,3],[],[],[],[],[],[],[]]","[""c10::BFloat16"",""c10::BFloat16"",""ScalarList"",""ScalarList"",""ScalarList"",""Scalar"",""Scalar"",""Scalar"",""Scalar""]",null,4,29.216
null,aten::cudnn_convolution,"void cudnn::engines_precompiled::nhwcToNchwKernel<__nv_bfloat16, __nv_bfloat16, float, true, false, (cudnnKernelDataType_t)0>(cudnn::engines_precompiled::nhwc2nchw_params_t<float>, __nv_bfloat16 const*, __nv_bfloat16*)",45,operator_shape_matched,"[[1,256,3,274,370],[12,256,3,3,3],[],[],[],[],[],[],[]]","[""c10::BFloat16"",""c10::BFloat16"",""ScalarList"",""ScalarList"",""ScalarList"",""Scalar"",""Scalar"",""Scalar"",""Scalar""]",null,4,27.392
null,aten::cudnn_convolution,"void cudnn::engines_precompiled::nhwcToNchwKernel<__nv_bfloat16, __nv_bfloat16, float, true, false, (cudnnKernelDataType_t)0>(cudnn::engines_precompiled::nhwc2nchw_params_t<float>, __nv_bfloat16 const*, __nv_bfloat16*)",46,operator_shape_matched,"[[1,320,137,185],[320,320,3,3],[],[],[],[],[],[],[]]","[""c10::BFloat16"",""c10::BFloat16"",""ScalarList"",""ScalarList"",""ScalarList"",""Scalar"",""Scalar"",""Scalar"",""Scalar""]",null,4,17.664
null,aten::cudnn_convolution,"void cudnn::engines_precompiled::nhwcToNchwKernel<__nv_bfloat16, __nv_bfloat16, float, true, false, (cudnnKernelDataType_t)0>(cudnn::engines_precompiled::nhwc2nchw_params_t<float>, __nv_bfloat16 const*, __nv_bfloat16*)",47,operator_shape_matched,"[[1,640,69,93],[640,640,3,3],[],[],[],[],[],[],[]]","[""c10::BFloat16"",""c10::BFloat16"",""ScalarList"",""ScalarList"",""ScalarList"",""Scalar"",""Scalar"",""Scalar"",""Scalar""]",null,4,13.504
null,aten::cudnn_convolution,"void cudnn::engines_precompiled::nhwcToNchwKernel<__nv_bfloat16, __nv_bfloat16, float, true, false, (cudnnKernelDataType_t)0>(cudnn::engines_precompiled::nhwc2nchw_params_t<float>, __nv_bfloat16 const*, __nv_bfloat16*)",48,operator_shape_matched,"[[1,640,3,36,48],[96,640,3,3,3],[],[],[],[],[],[],[]]","[""c10::BFloat16"",""c10::BFloat16"",""ScalarList"",""ScalarList"",""ScalarList"",""Scalar"",""Scalar"",""Scalar"",""Scalar""]",null,4,8.704
null,aten::cudnn_convolution,void cutlass::Kernel2<cutlass_80_tensorop_bf16_s16816gemm_bf16_128x128_64x3_nn_align2>(cutlass_80_tensorop_bf16_s16816gemm_bf16_128x128_64x3_nn_align2::Params),1,operator_shape_matched,"[[1,1024,34,46],[3072,1024,1,1],[],[],[],[],[],[],[]]","[""c10::BFloat16"",""c10::BFloat16"",""ScalarList"",""ScalarList"",""ScalarList"",""Scalar"",""Scalar"",""Scalar"",""Scalar""]",null,141,9349.442
null,aten::cudnn_convolution,void cutlass::Kernel2<cutlass_80_tensorop_bf16_s16816gemm_bf16_128x256_64x3_nn_align2>(cutlass_80_tensorop_bf16_s16816gemm_bf16_128x256_64x3_nn_align2::Params),1,operator_shape_matched,"[[1,1024,34,46],[1024,1024,1,1],[],[],[],[],[],[],[]]","[""c10::BFloat16"",""c10::BFloat16"",""ScalarList"",""ScalarList"",""ScalarList"",""Scalar"",""Scalar"",""Scalar"",""Scalar""]",null,141,3849.707
null,aten::cudnn_convolution,void cutlass::Kernel2<cutlass_80_tensorop_bf16_s16816gemm_bf16_128x64_64x3_nn_align2>(cutlass_80_tensorop_bf16_s16816gemm_bf16_128x64_64x3_nn_align2::Params),1,operator_shape_matched,"[[1,48,45,34,46],[48,48,1,1,1],[],[],[],[],[],[],[]]","[""c10::BFloat16"",""c10::BFloat16"",""ScalarList"",""ScalarList"",""ScalarList"",""Scalar"",""Scalar"",""Scalar"",""Scalar""]",null,1,16.288
null,aten::cudnn_convolution,void cutlass::Kernel2<cutlass_80_tensorop_bf16_s16816gemm_bf16_128x64_64x6_nn_align2>(cutlass_80_tensorop_bf16_s16816gemm_bf16_128x64_64x6_nn_align2::Params),1,operator_shape_matched,"[[1,640,34,46],[640,640,1,1],[],[],[],[],[],[],[]]","[""c10::BFloat16"",""c10::BFloat16"",""ScalarList"",""ScalarList"",""ScalarList"",""Scalar"",""Scalar"",""Scalar"",""Scalar""]",null,4,57.922
null,aten::cudnn_convolution,void cutlass::Kernel2<cutlass_80_tensorop_bf16_s16816gemm_bf16_256x128_64x3_nn_align2>(cutlass_80_tensorop_bf16_s16816gemm_bf16_256x128_64x3_nn_align2::Params),1,operator_shape_matched,"[[1,640,34,46],[1920,640,1,1],[],[],[],[],[],[],[]]","[""c10::BFloat16"",""c10::BFloat16"",""ScalarList"",""ScalarList"",""ScalarList"",""Scalar"",""Scalar"",""Scalar"",""Scalar""]",null,4,107.777
null,aten::cudnn_convolution,void cutlass::Kernel2<cutlass_80_wmma_tensorop_bf16_s161616gemm_bf16_32x32_32x1_nn_align2>(cutlass_80_wmma_tensorop_bf16_s161616gemm_bf16_32x32_32x1_nn_align2::Params),1,operator_shape_matched,"[[1,48,39,34,46],[48,48,1,1,1],[],[],[],[],[],[],[]]","[""c10::BFloat16"",""c10::BFloat16"",""ScalarList"",""ScalarList"",""ScalarList"",""Scalar"",""Scalar"",""Scalar"",""Scalar""]",null,1,15.776
null,aten::cudnn_convolution,void cutlass::Kernel2<cutlass_80_wmma_tensorop_bf16_s161616gemm_bf16_32x32_32x1_nn_align2>(cutlass_80_wmma_tensorop_bf16_s161616gemm_bf16_32x32_32x1_nn_align2::Params),2,operator_shape_matched,"[[1,48,27,34,46],[48,48,1,1,1],[],[],[],[],[],[],[]]","[""c10::BFloat16"",""c10::BFloat16"",""ScalarList"",""ScalarList"",""ScalarList"",""Scalar"",""Scalar"",""Scalar"",""Scalar""]",null,1,11.776
null,aten::cudnn_convolution,void cutlass::Kernel2<cutlass_80_wmma_tensorop_bf16_s161616gemm_bf16_32x32_64x2_nn_align2>(cutlass_80_wmma_tensorop_bf16_s161616gemm_bf16_32x32_64x2_nn_align2::Params),1,operator_shape_matched,"[[1,96,1,34,46],[96,96,1,1,1],[],[],[],[],[],[],[]]","[""c10::BFloat16"",""c10::BFloat16"",""ScalarList"",""ScalarList"",""ScalarList"",""Scalar"",""Scalar"",""Scalar"",""Scalar""]",null,4,17.793
null,aten::cudnn_convolution,"void tensorTransformGeneric<__nv_bfloat16, __nv_bfloat16, float, true, false, false, (cudnnKernelDataType_t)0>(cudnnTensorTransformStruct, tensorTransformParams, int, unsigned long, __nv_bfloat16 const*, __nv_bfloat16*, float, float)",1,operator_shape_matched,"[[1,256,6,274,370],[12,256,3,3,3],[],[],[],[],[],[],[]]","[""c10::BFloat16"",""c10::BFloat16"",""ScalarList"",""ScalarList"",""ScalarList"",""Scalar"",""Scalar"",""Scalar"",""Scalar""]",null,137,1607.729
null,aten::cudnn_convolution,"void tensorTransformGeneric<__nv_bfloat16, __nv_bfloat16, float, true, false, false, (cudnnKernelDataType_t)0>(cudnnTensorTransformStruct, tensorTransformParams, int, unsigned long, __nv_bfloat16 const*, __nv_bfloat16*, float, float)",2,operator_shape_matched,"[[1,256,3,274,370],[12,256,3,3,3],[],[],[],[],[],[],[]]","[""c10::BFloat16"",""c10::BFloat16"",""ScalarList"",""ScalarList"",""ScalarList"",""Scalar"",""Scalar"",""Scalar"",""Scalar""]",null,4,46.752
null,aten::cumsum,"void at_cuda_detail::cub::detail::scan::DeviceScanInitKernel<at_cuda_detail::cub::ScanTileState<int, true> >(at_cuda_detail::cub::ScanTileState<int, true>, int)",1,operator_shape_matched,"[[5],[],[]]","[""int"",""Scalar"",""Scalar""]",null,2,2.048
null,aten::cumsum,"void at_cuda_detail::cub::detail::scan::DeviceScanInitKernel<at_cuda_detail::cub::ScanTileState<long, true> >(at_cuda_detail::cub::ScanTileState<long, true>, int)",1,operator_shape_matched,"[[4],[],[]]","[""long int"",""Scalar"",""""]",null,2,2.113
null,aten::cumsum,"void at_cuda_detail::cub::detail::scan::DeviceScanKernel<at_cuda_detail::cub::detail::scan::policy_hub<int, int, int, unsigned int, std::plus<int> >::Policy1000, int const*, int*, at_cuda_detail::cub::ScanTileState<int, true>, std::plus<int>, at_cuda_detail::cub::NullType, unsigned int, int, false, at_cuda_detail::cub::NullType>(int const*, int*, at_cuda_detail::cub::ScanTileState<int, true>, int, std::plus<int>, at_cuda_detail::cub::NullType, unsigned int)",1,operator_shape_matched,"[[5],[],[]]","[""int"",""Scalar"",""Scalar""]",null,2,3.936
null,aten::cumsum,"void at_cuda_detail::cub::detail::scan::DeviceScanKernel<at_cuda_detail::cub::detail::scan::policy_hub<long, long, long, unsigned int, std::plus<long> >::Policy1000, long const*, long*, at_cuda_detail::cub::ScanTileState<long, true>, std::plus<long>, at_cuda_detail::cub::NullType, unsigned int, long, false, at_cuda_detail::cub::NullType>(long const*, long*, at_cuda_detail::cub::ScanTileState<long, true>, int, std::plus<long>, at_cuda_detail::cub::NullType, unsigned int)",1,operator_shape_matched,"[[4],[],[]]","[""long int"",""Scalar"",""""]",null,2,3.585
null,aten::div,"void at::native::elementwise_kernel<128, 4, at::native::gpu_kernel_impl_nocast<at::native::BinaryFunctor<c10::BFloat16, c10::BFloat16, c10::BFloat16, at::native::binary_internal::DivFunctor<c10::BFloat16> > >(at::TensorIteratorBase&, at::native::BinaryFunctor<c10::BFloat16, c10::BFloat16, c10::BFloat16, at::native::binary_internal::DivFunctor<c10::BFloat16> > const&)::{lambda(int)#1}>(int, at::native::gpu_kernel_impl_nocast<at::native::BinaryFunctor<c10::BFloat16, c10::BFloat16, c10::BFloat16, at::native::binary_internal::DivFunctor<c10::BFloat16> > >(at::TensorIteratorBase&, at::native::BinaryFunctor<c10::BFloat16, c10::BFloat16, c10::BFloat16, at::native::binary_internal::DivFunctor<c10::BFloat16> > const&)::{lambda(int)#1})",1,operator_shape_matched,"[[1,256,4,272,368],[1,256,4,272,368]]","[""c10::BFloat16"",""c10::BFloat16""]",null,822,247799.584
null,aten::div,"void at::native::elementwise_kernel<128, 4, at::native::gpu_kernel_impl_nocast<at::native::BinaryFunctor<c10::BFloat16, c10::BFloat16, c10::BFloat16, at::native::binary_internal::DivFunctor<c10::BFloat16> > >(at::TensorIteratorBase&, at::native::BinaryFunctor<c10::BFloat16, c10::BFloat16, c10::BFloat16, at::native::binary_internal::DivFunctor<c10::BFloat16> > const&)::{lambda(int)#1}>(int, at::native::gpu_kernel_impl_nocast<at::native::BinaryFunctor<c10::BFloat16, c10::BFloat16, c10::BFloat16, at::native::binary_internal::DivFunctor<c10::BFloat16> > >(at::TensorIteratorBase&, at::native::BinaryFunctor<c10::BFloat16, c10::BFloat16, c10::BFloat16, at::native::binary_internal::DivFunctor<c10::BFloat16> > const&)::{lambda(int)#1})",2,operator_shape_matched,"[[1,160,24,272,368],[1,160,24,272,368]]","[""c10::BFloat16"",""c10::BFloat16""]",null,100,110253.588
null,aten::div,"void at::native::elementwise_kernel<128, 4, at::native::gpu_kernel_impl_nocast<at::native::BinaryFunctor<c10::BFloat16, c10::BFloat16, c10::BFloat16, at::native::binary_internal::DivFunctor<c10::BFloat16> > >(at::TensorIteratorBase&, at::native::BinaryFunctor<c10::BFloat16, c10::BFloat16, c10::BFloat16, at::native::binary_internal::DivFunctor<c10::BFloat16> > const&)::{lambda(int)#1}>(int, at::native::gpu_kernel_impl_nocast<at::native::BinaryFunctor<c10::BFloat16, c10::BFloat16, c10::BFloat16, at::native::binary_internal::DivFunctor<c10::BFloat16> > >(at::TensorIteratorBase&, at::native::BinaryFunctor<c10::BFloat16, c10::BFloat16, c10::BFloat16, at::native::binary_internal::DivFunctor<c10::BFloat16> > const&)::{lambda(int)#1})",3,operator_shape_matched,"[[1,512,4,136,184],[1,512,4,136,184]]","[""c10::BFloat16"",""c10::BFloat16""]",null,685,102861.624
null,aten::div,"void at::native::elementwise_kernel<128, 4, at::native::gpu_kernel_impl_nocast<at::native::BinaryFunctor<c10::BFloat16, c10::BFloat16, c10::BFloat16, at::native::binary_internal::DivFunctor<c10::BFloat16> > >(at::TensorIteratorBase&, at::native::BinaryFunctor<c10::BFloat16, c10::BFloat16, c10::BFloat16, at::native::binary_internal::DivFunctor<c10::BFloat16> > const&)::{lambda(int)#1}>(int, at::native::gpu_kernel_impl_nocast<at::native::BinaryFunctor<c10::BFloat16, c10::BFloat16, c10::BFloat16, at::native::binary_internal::DivFunctor<c10::BFloat16> > >(at::TensorIteratorBase&, at::native::BinaryFunctor<c10::BFloat16, c10::BFloat16, c10::BFloat16, at::native::binary_internal::DivFunctor<c10::BFloat16> > const&)::{lambda(int)#1})",4,operator_shape_matched,"[[1,512,4,272,368],[1,512,4,272,368]]","[""c10::BFloat16"",""c10::BFloat16""]",null,137,92882.073
null,aten::div,"void at::native::elementwise_kernel<128, 4, at::native::gpu_kernel_impl_nocast<at::native::BinaryFunctor<c10::BFloat16, c10::BFloat16, c10::BFloat16, at::native::binary_internal::DivFunctor<c10::BFloat16> > >(at::TensorIteratorBase&, at::native::BinaryFunctor<c10::BFloat16, c10::BFloat16, c10::BFloat16, at::native::binary_internal::DivFunctor<c10::BFloat16> > const&)::{lambda(int)#1}>(int, at::native::gpu_kernel_impl_nocast<at::native::BinaryFunctor<c10::BFloat16, c10::BFloat16, c10::BFloat16, at::native::binary_internal::DivFunctor<c10::BFloat16> > >(at::TensorIteratorBase&, at::native::BinaryFunctor<c10::BFloat16, c10::BFloat16, c10::BFloat16, at::native::binary_internal::DivFunctor<c10::BFloat16> > const&)::{lambda(int)#1})",5,operator_shape_matched,"[[1,1024,4,136,184],[1,1024,4,136,184]]","[""c10::BFloat16"",""c10::BFloat16""]",null,137,45705.712
null,aten::div,"void at::native::elementwise_kernel<128, 4, at::native::gpu_kernel_impl_nocast<at::native::BinaryFunctor<c10::BFloat16, c10::BFloat16, c10::BFloat16, at::native::binary_internal::DivFunctor<c10::BFloat16> > >(at::TensorIteratorBase&, at::native::BinaryFunctor<c10::BFloat16, c10::BFloat16, c10::BFloat16, at::native::binary_internal::DivFunctor<c10::BFloat16> > const&)::{lambda(int)#1}>(int, at::native::gpu_kernel_impl_nocast<at::native::BinaryFunctor<c10::BFloat16, c10::BFloat16, c10::BFloat16, at::native::binary_internal::DivFunctor<c10::BFloat16> > >(at::TensorIteratorBase&, at::native::BinaryFunctor<c10::BFloat16, c10::BFloat16, c10::BFloat16, at::native::binary_internal::DivFunctor<c10::BFloat16> > const&)::{lambda(int)#1})",6,operator_shape_matched,"[[1,320,24,136,184],[1,320,24,136,184]]","[""c10::BFloat16"",""c10::BFloat16""]",null,75,41300.386
null,aten::div,"void at::native::elementwise_kernel<128, 4, at::native::gpu_kernel_impl_nocast<at::native::BinaryFunctor<c10::BFloat16, c10::BFloat16, c10::BFloat16, at::native::binary_internal::DivFunctor<c10::BFloat16> > >(at::TensorIteratorBase&, at::native::BinaryFunctor<c10::BFloat16, c10::BFloat16, c10::BFloat16, at::native::binary_internal::DivFunctor<c10::BFloat16> > const&)::{lambda(int)#1}>(int, at::native::gpu_kernel_impl_nocast<at::native::BinaryFunctor<c10::BFloat16, c10::BFloat16, c10::BFloat16, at::native::binary_internal::DivFunctor<c10::BFloat16> > >(at::TensorIteratorBase&, at::native::BinaryFunctor<c10::BFloat16, c10::BFloat16, c10::BFloat16, at::native::binary_internal::DivFunctor<c10::BFloat16> > const&)::{lambda(int)#1})",7,operator_shape_matched,"[[1,1024,2,68,92],[1,1024,2,68,92]]","[""c10::BFloat16"",""c10::BFloat16""]",null,822,32016.722
null,aten::div,"void at::native::elementwise_kernel<128, 4, at::native::gpu_kernel_impl_nocast<at::native::BinaryFunctor<c10::BFloat16, c10::BFloat16, c10::BFloat16, at::native::binary_internal::DivFunctor<c10::BFloat16> > >(at::TensorIteratorBase&, at::native::BinaryFunctor<c10::BFloat16, c10::BFloat16, c10::BFloat16, at::native::binary_internal::DivFunctor<c10::BFloat16> > const&)::{lambda(int)#1}>(int, at::native::gpu_kernel_impl_nocast<at::native::BinaryFunctor<c10::BFloat16, c10::BFloat16, c10::BFloat16, at::native::binary_internal::DivFunctor<c10::BFloat16> > >(at::TensorIteratorBase&, at::native::BinaryFunctor<c10::BFloat16, c10::BFloat16, c10::BFloat16, at::native::binary_internal::DivFunctor<c10::BFloat16> > const&)::{lambda(int)#1})",8,operator_shape_matched,"[[1,640,12,68,92],[1,640,12,68,92]]","[""c10::BFloat16"",""c10::BFloat16""]",null,75,10413.866
null,aten::div,"void at::native::elementwise_kernel<128, 4, at::native::gpu_kernel_impl_nocast<at::native::BinaryFunctor<c10::BFloat16, c10::BFloat16, c10::BFloat16, at::native::binary_internal::DivFunctor<c10::BFloat16> > >(at::TensorIteratorBase&, at::native::BinaryFunctor<c10::BFloat16, c10::BFloat16, c10::BFloat16, at::native::binary_internal::DivFunctor<c10::BFloat16> > const&)::{lambda(int)#1}>(int, at::native::gpu_kernel_impl_nocast<at::native::BinaryFunctor<c10::BFloat16, c10::BFloat16, c10::BFloat16, at::native::binary_internal::DivFunctor<c10::BFloat16> > >(at::TensorIteratorBase&, at::native::BinaryFunctor<c10::BFloat16, c10::BFloat16, c10::BFloat16, at::native::binary_internal::DivFunctor<c10::BFloat16> > const&)::{lambda(int)#1})",9,operator_shape_matched,"[[1,1024,1,34,46],[1,1024,1,34,46]]","[""c10::BFloat16"",""c10::BFloat16""]",null,1410,9315.398
null,aten::div,"void at::native::elementwise_kernel<128, 4, at::native::gpu_kernel_impl_nocast<at::native::BinaryFunctor<c10::BFloat16, c10::BFloat16, c10::BFloat16, at::native::binary_internal::DivFunctor<c10::BFloat16> > >(at::TensorIteratorBase&, at::native::BinaryFunctor<c10::BFloat16, c10::BFloat16, c10::BFloat16, at::native::binary_internal::DivFunctor<c10::BFloat16> > const&)::{lambda(int)#1}>(int, at::native::gpu_kernel_impl_nocast<at::native::BinaryFunctor<c10::BFloat16, c10::BFloat16, c10::BFloat16, at::native::binary_internal::DivFunctor<c10::BFloat16> > >(at::TensorIteratorBase&, at::native::BinaryFunctor<c10::BFloat16, c10::BFloat16, c10::BFloat16, at::native::binary_internal::DivFunctor<c10::BFloat16> > const&)::{lambda(int)#1})",10,operator_shape_matched,"[[1,160,24,136,184],[1,160,24,136,184]]","[""c10::BFloat16"",""c10::BFloat16""]",null,25,7702.668
null,aten::div,"void at::native::elementwise_kernel<128, 4, at::native::gpu_kernel_impl_nocast<at::native::BinaryFunctor<c10::BFloat16, c10::BFloat16, c10::BFloat16, at::native::binary_internal::DivFunctor<c10::BFloat16> > >(at::TensorIteratorBase&, at::native::BinaryFunctor<c10::BFloat16, c10::BFloat16, c10::BFloat16, at::native::binary_internal::DivFunctor<c10::BFloat16> > const&)::{lambda(int)#1}>(int, at::native::gpu_kernel_impl_nocast<at::native::BinaryFunctor<c10::BFloat16, c10::BFloat16, c10::BFloat16, at::native::binary_internal::DivFunctor<c10::BFloat16> > >(at::TensorIteratorBase&, at::native::BinaryFunctor<c10::BFloat16, c10::BFloat16, c10::BFloat16, at::native::binary_internal::DivFunctor<c10::BFloat16> > const&)::{lambda(int)#1})",11,operator_shape_matched,"[[1,640,6,34,46],[1,640,6,34,46]]","[""c10::BFloat16"",""c10::BFloat16""]",null,225,4047.934
null,aten::div,"void at::native::elementwise_kernel<128, 4, at::native::gpu_kernel_impl_nocast<at::native::BinaryFunctor<c10::BFloat16, c10::BFloat16, c10::BFloat16, at::native::binary_internal::DivFunctor<c10::BFloat16> > >(at::TensorIteratorBase&, at::native::BinaryFunctor<c10::BFloat16, c10::BFloat16, c10::BFloat16, at::native::binary_internal::DivFunctor<c10::BFloat16> > const&)::{lambda(int)#1}>(int, at::native::gpu_kernel_impl_nocast<at::native::BinaryFunctor<c10::BFloat16, c10::BFloat16, c10::BFloat16, at::native::binary_internal::DivFunctor<c10::BFloat16> > >(at::TensorIteratorBase&, at::native::BinaryFunctor<c10::BFloat16, c10::BFloat16, c10::BFloat16, at::native::binary_internal::DivFunctor<c10::BFloat16> > const&)::{lambda(int)#1})",12,operator_shape_matched,"[[1,256,1,272,368],[1,256,1,272,368]]","[""c10::BFloat16"",""c10::BFloat16""]",null,24,1894.29
null,aten::div,"void at::native::elementwise_kernel<128, 4, at::native::gpu_kernel_impl_nocast<at::native::BinaryFunctor<c10::BFloat16, c10::BFloat16, c10::BFloat16, at::native::binary_internal::DivFunctor<c10::BFloat16> > >(at::TensorIteratorBase&, at::native::BinaryFunctor<c10::BFloat16, c10::BFloat16, c10::BFloat16, at::native::binary_internal::DivFunctor<c10::BFloat16> > const&)::{lambda(int)#1}>(int, at::native::gpu_kernel_impl_nocast<at::native::BinaryFunctor<c10::BFloat16, c10::BFloat16, c10::BFloat16, at::native::binary_internal::DivFunctor<c10::BFloat16> > >(at::TensorIteratorBase&, at::native::BinaryFunctor<c10::BFloat16, c10::BFloat16, c10::BFloat16, at::native::binary_internal::DivFunctor<c10::BFloat16> > const&)::{lambda(int)#1})",13,operator_shape_matched,"[[1,320,12,68,92],[1,320,12,68,92]]","[""c10::BFloat16"",""c10::BFloat16""]",null,25,1762.388
null,aten::div,"void at::native::elementwise_kernel<128, 4, at::native::gpu_kernel_impl_nocast<at::native::BinaryFunctor<c10::BFloat16, c10::BFloat16, c10::BFloat16, at::native::binary_internal::DivFunctor<c10::BFloat16> > >(at::TensorIteratorBase&, at::native::BinaryFunctor<c10::BFloat16, c10::BFloat16, c10::BFloat16, at::native::binary_internal::DivFunctor<c10::BFloat16> > const&)::{lambda(int)#1}>(int, at::native::gpu_kernel_impl_nocast<at::native::BinaryFunctor<c10::BFloat16, c10::BFloat16, c10::BFloat16, at::native::binary_internal::DivFunctor<c10::BFloat16> > >(at::TensorIteratorBase&, at::native::BinaryFunctor<c10::BFloat16, c10::BFloat16, c10::BFloat16, at::native::binary_internal::DivFunctor<c10::BFloat16> > const&)::{lambda(int)#1})",14,operator_shape_matched,"[[1,1024,34,46],[1,1024,34,46]]","[""c10::BFloat16"",""c10::BFloat16""]",null,141,945.477
null,aten::div,"void at::native::elementwise_kernel<128, 4, at::native::gpu_kernel_impl_nocast<at::native::BinaryFunctor<c10::BFloat16, c10::BFloat16, c10::BFloat16, at::native::binary_internal::DivFunctor<c10::BFloat16> > >(at::TensorIteratorBase&, at::native::BinaryFunctor<c10::BFloat16, c10::BFloat16, c10::BFloat16, at::native::binary_internal::DivFunctor<c10::BFloat16> > const&)::{lambda(int)#1}>(int, at::native::gpu_kernel_impl_nocast<at::native::BinaryFunctor<c10::BFloat16, c10::BFloat16, c10::BFloat16, at::native::binary_internal::DivFunctor<c10::BFloat16> > >(at::TensorIteratorBase&, at::native::BinaryFunctor<c10::BFloat16, c10::BFloat16, c10::BFloat16, at::native::binary_internal::DivFunctor<c10::BFloat16> > const&)::{lambda(int)#1})",15,operator_shape_matched,"[[1,512,1,136,184],[1,512,1,136,184]]","[""c10::BFloat16"",""c10::BFloat16""]",null,20,790.695
null,aten::div,"void at::native::elementwise_kernel<128, 4, at::native::gpu_kernel_impl_nocast<at::native::BinaryFunctor<c10::BFloat16, c10::BFloat16, c10::BFloat16, at::native::binary_internal::DivFunctor<c10::BFloat16> > >(at::TensorIteratorBase&, at::native::BinaryFunctor<c10::BFloat16, c10::BFloat16, c10::BFloat16, at::native::binary_internal::DivFunctor<c10::BFloat16> > const&)::{lambda(int)#1}>(int, at::native::gpu_kernel_impl_nocast<at::native::BinaryFunctor<c10::BFloat16, c10::BFloat16, c10::BFloat16, at::native::binary_internal::DivFunctor<c10::BFloat16> > >(at::TensorIteratorBase&, at::native::BinaryFunctor<c10::BFloat16, c10::BFloat16, c10::BFloat16, at::native::binary_internal::DivFunctor<c10::BFloat16> > const&)::{lambda(int)#1})",16,operator_shape_matched,"[[1,160,1,272,368],[1,160,1,272,368]]","[""c10::BFloat16"",""c10::BFloat16""]",null,16,750.12
null,aten::div,"void at::native::elementwise_kernel<128, 4, at::native::gpu_kernel_impl_nocast<at::native::BinaryFunctor<c10::BFloat16, c10::BFloat16, c10::BFloat16, at::native::binary_internal::DivFunctor<c10::BFloat16> > >(at::TensorIteratorBase&, at::native::BinaryFunctor<c10::BFloat16, c10::BFloat16, c10::BFloat16, at::native::binary_internal::DivFunctor<c10::BFloat16> > const&)::{lambda(int)#1}>(int, at::native::gpu_kernel_impl_nocast<at::native::BinaryFunctor<c10::BFloat16, c10::BFloat16, c10::BFloat16, at::native::binary_internal::DivFunctor<c10::BFloat16> > >(at::TensorIteratorBase&, at::native::BinaryFunctor<c10::BFloat16, c10::BFloat16, c10::BFloat16, at::native::binary_internal::DivFunctor<c10::BFloat16> > const&)::{lambda(int)#1})",17,operator_shape_matched,"[[1,512,1,272,368],[1,512,1,272,368]]","[""c10::BFloat16"",""c10::BFloat16""]",null,4,628.199
null,aten::div,"void at::native::elementwise_kernel<128, 4, at::native::gpu_kernel_impl_nocast<at::native::BinaryFunctor<c10::BFloat16, c10::BFloat16, c10::BFloat16, at::native::binary_internal::DivFunctor<c10::BFloat16> > >(at::TensorIteratorBase&, at::native::BinaryFunctor<c10::BFloat16, c10::BFloat16, c10::BFloat16, at::native::binary_internal::DivFunctor<c10::BFloat16> > const&)::{lambda(int)#1}>(int, at::native::gpu_kernel_impl_nocast<at::native::BinaryFunctor<c10::BFloat16, c10::BFloat16, c10::BFloat16, at::native::binary_internal::DivFunctor<c10::BFloat16> > >(at::TensorIteratorBase&, at::native::BinaryFunctor<c10::BFloat16, c10::BFloat16, c10::BFloat16, at::native::binary_internal::DivFunctor<c10::BFloat16> > const&)::{lambda(int)#1})",18,operator_shape_matched,"[[1,1024,1,68,92],[1,1024,1,68,92]]","[""c10::BFloat16"",""c10::BFloat16""]",null,24,489.09
null,aten::div,"void at::native::elementwise_kernel<128, 4, at::native::gpu_kernel_impl_nocast<at::native::BinaryFunctor<c10::BFloat16, c10::BFloat16, c10::BFloat16, at::native::binary_internal::DivFunctor<c10::BFloat16> > >(at::TensorIteratorBase&, at::native::BinaryFunctor<c10::BFloat16, c10::BFloat16, c10::BFloat16, at::native::binary_internal::DivFunctor<c10::BFloat16> > const&)::{lambda(int)#1}>(int, at::native::gpu_kernel_impl_nocast<at::native::BinaryFunctor<c10::BFloat16, c10::BFloat16, c10::BFloat16, at::native::binary_internal::DivFunctor<c10::BFloat16> > >(at::TensorIteratorBase&, at::native::BinaryFunctor<c10::BFloat16, c10::BFloat16, c10::BFloat16, at::native::binary_internal::DivFunctor<c10::BFloat16> > const&)::{lambda(int)#1})",19,operator_shape_matched,"[[6,640,34,46],[6,640,34,46]]","[""c10::BFloat16"",""c10::BFloat16""]",null,25,440.551
null,aten::div,"void at::native::elementwise_kernel<128, 4, at::native::gpu_kernel_impl_nocast<at::native::BinaryFunctor<c10::BFloat16, c10::BFloat16, c10::BFloat16, at::native::binary_internal::DivFunctor<c10::BFloat16> > >(at::TensorIteratorBase&, at::native::BinaryFunctor<c10::BFloat16, c10::BFloat16, c10::BFloat16, at::native::binary_internal::DivFunctor<c10::BFloat16> > const&)::{lambda(int)#1}>(int, at::native::gpu_kernel_impl_nocast<at::native::BinaryFunctor<c10::BFloat16, c10::BFloat16, c10::BFloat16, at::native::binary_internal::DivFunctor<c10::BFloat16> > >(at::TensorIteratorBase&, at::native::BinaryFunctor<c10::BFloat16, c10::BFloat16, c10::BFloat16, at::native::binary_internal::DivFunctor<c10::BFloat16> > const&)::{lambda(int)#1})",20,operator_shape_matched,"[[1,1024,1,136,184],[1,1024,1,136,184]]","[""c10::BFloat16"",""c10::BFloat16""]",null,4,315.747
null,aten::div,"void at::native::elementwise_kernel<128, 4, at::native::gpu_kernel_impl_nocast<at::native::BinaryFunctor<c10::BFloat16, c10::BFloat16, c10::BFloat16, at::native::binary_internal::DivFunctor<c10::BFloat16> > >(at::TensorIteratorBase&, at::native::BinaryFunctor<c10::BFloat16, c10::BFloat16, c10::BFloat16, at::native::binary_internal::DivFunctor<c10::BFloat16> > const&)::{lambda(int)#1}>(int, at::native::gpu_kernel_impl_nocast<at::native::BinaryFunctor<c10::BFloat16, c10::BFloat16, c10::BFloat16, at::native::binary_internal::DivFunctor<c10::BFloat16> > >(at::TensorIteratorBase&, at::native::BinaryFunctor<c10::BFloat16, c10::BFloat16, c10::BFloat16, at::native::binary_internal::DivFunctor<c10::BFloat16> > const&)::{lambda(int)#1})",21,operator_shape_matched,"[[1,320,1,136,184],[1,320,1,136,184]]","[""c10::BFloat16"",""c10::BFloat16""]",null,12,277.827
null,aten::div,"void at::native::elementwise_kernel<128, 4, at::native::gpu_kernel_impl_nocast<at::native::BinaryFunctor<c10::BFloat16, c10::BFloat16, c10::BFloat16, at::native::binary_internal::DivFunctor<c10::BFloat16> > >(at::TensorIteratorBase&, at::native::BinaryFunctor<c10::BFloat16, c10::BFloat16, c10::BFloat16, at::native::binary_internal::DivFunctor<c10::BFloat16> > const&)::{lambda(int)#1}>(int, at::native::gpu_kernel_impl_nocast<at::native::BinaryFunctor<c10::BFloat16, c10::BFloat16, c10::BFloat16, at::native::binary_internal::DivFunctor<c10::BFloat16> > >(at::TensorIteratorBase&, at::native::BinaryFunctor<c10::BFloat16, c10::BFloat16, c10::BFloat16, at::native::binary_internal::DivFunctor<c10::BFloat16> > const&)::{lambda(int)#1})",22,operator_shape_matched,"[[1,640,1,34,46],[1,640,1,34,46]]","[""c10::BFloat16"",""c10::BFloat16""]",null,36,166.339
null,aten::div,"void at::native::elementwise_kernel<128, 4, at::native::gpu_kernel_impl_nocast<at::native::BinaryFunctor<c10::BFloat16, c10::BFloat16, c10::BFloat16, at::native::binary_internal::DivFunctor<c10::BFloat16> > >(at::TensorIteratorBase&, at::native::BinaryFunctor<c10::BFloat16, c10::BFloat16, c10::BFloat16, at::native::binary_internal::DivFunctor<c10::BFloat16> > const&)::{lambda(int)#1}>(int, at::native::gpu_kernel_impl_nocast<at::native::BinaryFunctor<c10::BFloat16, c10::BFloat16, c10::BFloat16, at::native::binary_internal::DivFunctor<c10::BFloat16> > >(at::TensorIteratorBase&, at::native::BinaryFunctor<c10::BFloat16, c10::BFloat16, c10::BFloat16, at::native::binary_internal::DivFunctor<c10::BFloat16> > const&)::{lambda(int)#1})",23,operator_shape_matched,"[[1,640,1,68,92],[1,640,1,68,92]]","[""c10::BFloat16"",""c10::BFloat16""]",null,12,149.024
null,aten::div,"void at::native::elementwise_kernel<128, 4, at::native::gpu_kernel_impl_nocast<at::native::BinaryFunctor<c10::BFloat16, c10::BFloat16, c10::BFloat16, at::native::binary_internal::DivFunctor<c10::BFloat16> > >(at::TensorIteratorBase&, at::native::BinaryFunctor<c10::BFloat16, c10::BFloat16, c10::BFloat16, at::native::binary_internal::DivFunctor<c10::BFloat16> > const&)::{lambda(int)#1}>(int, at::native::gpu_kernel_impl_nocast<at::native::BinaryFunctor<c10::BFloat16, c10::BFloat16, c10::BFloat16, at::native::binary_internal::DivFunctor<c10::BFloat16> > >(at::TensorIteratorBase&, at::native::BinaryFunctor<c10::BFloat16, c10::BFloat16, c10::BFloat16, at::native::binary_internal::DivFunctor<c10::BFloat16> > const&)::{lambda(int)#1})",24,operator_shape_matched,"[[1,160,1,136,184],[1,160,1,136,184]]","[""c10::BFloat16"",""c10::BFloat16""]",null,4,49.696
null,aten::div,"void at::native::elementwise_kernel<128, 4, at::native::gpu_kernel_impl_nocast<at::native::BinaryFunctor<c10::BFloat16, c10::BFloat16, c10::BFloat16, at::native::binary_internal::DivFunctor<c10::BFloat16> > >(at::TensorIteratorBase&, at::native::BinaryFunctor<c10::BFloat16, c10::BFloat16, c10::BFloat16, at::native::binary_internal::DivFunctor<c10::BFloat16> > const&)::{lambda(int)#1}>(int, at::native::gpu_kernel_impl_nocast<at::native::BinaryFunctor<c10::BFloat16, c10::BFloat16, c10::BFloat16, at::native::binary_internal::DivFunctor<c10::BFloat16> > >(at::TensorIteratorBase&, at::native::BinaryFunctor<c10::BFloat16, c10::BFloat16, c10::BFloat16, at::native::binary_internal::DivFunctor<c10::BFloat16> > const&)::{lambda(int)#1})",25,operator_shape_matched,"[[1,320,1,68,92],[1,320,1,68,92]]","[""c10::BFloat16"",""c10::BFloat16""]",null,4,29.377
null,aten::div,"void at::native::elementwise_kernel<128, 4, at::native::gpu_kernel_impl_nocast<at::native::BinaryFunctor<c10::BFloat16, c10::BFloat16, c10::BFloat16, at::native::binary_internal::DivFunctor<c10::BFloat16> > >(at::TensorIteratorBase&, at::native::BinaryFunctor<c10::BFloat16, c10::BFloat16, c10::BFloat16, at::native::binary_internal::DivFunctor<c10::BFloat16> > const&)::{lambda(int)#1}>(int, at::native::gpu_kernel_impl_nocast<at::native::BinaryFunctor<c10::BFloat16, c10::BFloat16, c10::BFloat16, at::native::binary_internal::DivFunctor<c10::BFloat16> > >(at::TensorIteratorBase&, at::native::BinaryFunctor<c10::BFloat16, c10::BFloat16, c10::BFloat16, at::native::binary_internal::DivFunctor<c10::BFloat16> > const&)::{lambda(int)#1})",26,operator_shape_matched,"[[1,640,34,46],[1,640,34,46]]","[""c10::BFloat16"",""c10::BFloat16""]",null,4,18.591
null,aten::div,"void at::native::elementwise_kernel<128, 4, at::native::gpu_kernel_impl_nocast<at::native::BinaryFunctor<c10::BFloat16, c10::BFloat16, c10::BFloat16, at::native::binary_internal::DivFunctor<c10::BFloat16> > >(at::TensorIteratorBase&, at::native::BinaryFunctor<c10::BFloat16, c10::BFloat16, c10::BFloat16, at::native::binary_internal::DivFunctor<c10::BFloat16> > const&)::{lambda(int)#1}>(int, at::native::gpu_kernel_impl_nocast<at::native::BinaryFunctor<c10::BFloat16, c10::BFloat16, c10::BFloat16, at::native::binary_internal::DivFunctor<c10::BFloat16> > >(at::TensorIteratorBase&, at::native::BinaryFunctor<c10::BFloat16, c10::BFloat16, c10::BFloat16, at::native::binary_internal::DivFunctor<c10::BFloat16> > const&)::{lambda(int)#1})",27,operator_shape_matched,"[[1,48,45,34,46],[1,48,1,1,1]]","[""c10::BFloat16"",""c10::BFloat16""]",null,1,13.375
null,aten::div,"void at::native::elementwise_kernel<128, 4, at::native::gpu_kernel_impl_nocast<at::native::BinaryFunctor<c10::BFloat16, c10::BFloat16, c10::BFloat16, at::native::binary_internal::DivFunctor<c10::BFloat16> > >(at::TensorIteratorBase&, at::native::BinaryFunctor<c10::BFloat16, c10::BFloat16, c10::BFloat16, at::native::binary_internal::DivFunctor<c10::BFloat16> > const&)::{lambda(int)#1}>(int, at::native::gpu_kernel_impl_nocast<at::native::BinaryFunctor<c10::BFloat16, c10::BFloat16, c10::BFloat16, at::native::binary_internal::DivFunctor<c10::BFloat16> > >(at::TensorIteratorBase&, at::native::BinaryFunctor<c10::BFloat16, c10::BFloat16, c10::BFloat16, at::native::binary_internal::DivFunctor<c10::BFloat16> > const&)::{lambda(int)#1})",28,operator_shape_matched,"[[1,48,39,34,46],[1,48,1,1,1]]","[""c10::BFloat16"",""c10::BFloat16""]",null,1,10.784
null,aten::div,"void at::native::elementwise_kernel<128, 4, at::native::gpu_kernel_impl_nocast<at::native::BinaryFunctor<c10::BFloat16, c10::BFloat16, c10::BFloat16, at::native::binary_internal::DivFunctor<c10::BFloat16> > >(at::TensorIteratorBase&, at::native::BinaryFunctor<c10::BFloat16, c10::BFloat16, c10::BFloat16, at::native::binary_internal::DivFunctor<c10::BFloat16> > const&)::{lambda(int)#1}>(int, at::native::gpu_kernel_impl_nocast<at::native::BinaryFunctor<c10::BFloat16, c10::BFloat16, c10::BFloat16, at::native::binary_internal::DivFunctor<c10::BFloat16> > >(at::TensorIteratorBase&, at::native::BinaryFunctor<c10::BFloat16, c10::BFloat16, c10::BFloat16, at::native::binary_internal::DivFunctor<c10::BFloat16> > const&)::{lambda(int)#1})",29,operator_shape_matched,"[[1,48,30,34,46],[1,48,1,1,1]]","[""c10::BFloat16"",""c10::BFloat16""]",null,1,8.161
null,aten::div,"void at::native::elementwise_kernel<128, 4, at::native::gpu_kernel_impl_nocast<at::native::BinaryFunctor<c10::BFloat16, c10::BFloat16, c10::BFloat16, at::native::binary_internal::DivFunctor<c10::BFloat16> > >(at::TensorIteratorBase&, at::native::BinaryFunctor<c10::BFloat16, c10::BFloat16, c10::BFloat16, at::native::binary_internal::DivFunctor<c10::BFloat16> > const&)::{lambda(int)#1}>(int, at::native::gpu_kernel_impl_nocast<at::native::BinaryFunctor<c10::BFloat16, c10::BFloat16, c10::BFloat16, at::native::binary_internal::DivFunctor<c10::BFloat16> > >(at::TensorIteratorBase&, at::native::BinaryFunctor<c10::BFloat16, c10::BFloat16, c10::BFloat16, at::native::binary_internal::DivFunctor<c10::BFloat16> > const&)::{lambda(int)#1})",30,operator_shape_matched,"[[1,48,27,34,46],[1,48,1,1,1]]","[""c10::BFloat16"",""c10::BFloat16""]",null,1,7.712
null,aten::div,"void at::native::vectorized_elementwise_kernel<4, at::native::BUnaryFunctor<float, float, float, at::native::binary_internal::MulFunctor<float> >, std::array<char*, 2ul> >(int, at::native::BUnaryFunctor<float, float, float, at::native::binary_internal::MulFunctor<float> >, std::array<char*, 2ul>)",1,operator_shape_matched,"[[1,3378240],[]]","[""float"",""float""]",null,96,623.945
null,aten::div,"void at::native::vectorized_elementwise_kernel<4, at::native::BUnaryFunctor<float, float, float, at::native::binary_internal::MulFunctor<float> >, std::array<char*, 2ul> >(int, at::native::BUnaryFunctor<float, float, float, at::native::binary_internal::MulFunctor<float> >, std::array<char*, 2ul>)",2,operator_shape_matched,"[[1,2927808],[]]","[""float"",""float""]",null,96,561.896
null,aten::div,"void at::native::vectorized_elementwise_kernel<4, at::native::BUnaryFunctor<float, float, float, at::native::binary_internal::MulFunctor<float> >, std::array<char*, 2ul> >(int, at::native::BUnaryFunctor<float, float, float, at::native::binary_internal::MulFunctor<float> >, std::array<char*, 2ul>)",3,operator_shape_matched,"[[1,3,177,544,736],[]]","[""float"",""long int""]",null,1,560.709
null,aten::div,"void at::native::vectorized_elementwise_kernel<4, at::native::BUnaryFunctor<float, float, float, at::native::binary_internal::MulFunctor<float> >, std::array<char*, 2ul> >(int, at::native::BUnaryFunctor<float, float, float, at::native::binary_internal::MulFunctor<float> >, std::array<char*, 2ul>)",4,operator_shape_matched,"[[1,3,153,544,736],[]]","[""float"",""long int""]",null,1,484.453
null,aten::div,"void at::native::vectorized_elementwise_kernel<4, at::native::BUnaryFunctor<float, float, float, at::native::binary_internal::MulFunctor<float> >, std::array<char*, 2ul> >(int, at::native::BUnaryFunctor<float, float, float, at::native::binary_internal::MulFunctor<float> >, std::array<char*, 2ul>)",5,operator_shape_matched,"[[1,2252160],[]]","[""float"",""float""]",null,96,467.658
null,aten::div,"void at::native::vectorized_elementwise_kernel<4, at::native::BUnaryFunctor<float, float, float, at::native::binary_internal::MulFunctor<float> >, std::array<char*, 2ul> >(int, at::native::BUnaryFunctor<float, float, float, at::native::binary_internal::MulFunctor<float> >, std::array<char*, 2ul>)",6,operator_shape_matched,"[[1,3,117,544,736],[]]","[""float"",""long int""]",null,1,371.108
null,aten::div,"void at::native::vectorized_elementwise_kernel<4, at::native::BUnaryFunctor<float, float, float, at::native::binary_internal::MulFunctor<float> >, std::array<char*, 2ul> >(int, at::native::BUnaryFunctor<float, float, float, at::native::binary_internal::MulFunctor<float> >, std::array<char*, 2ul>)",7,operator_shape_matched,"[[1,2026944],[]]","[""float"",""float""]",null,96,343.938
null,aten::div,"void at::native::vectorized_elementwise_kernel<4, at::native::BUnaryFunctor<float, float, float, at::native::binary_internal::MulFunctor<float> >, std::array<char*, 2ul> >(int, at::native::BUnaryFunctor<float, float, float, at::native::binary_internal::MulFunctor<float> >, std::array<char*, 2ul>)",8,operator_shape_matched,"[[1,3,105,544,736],[]]","[""float"",""long int""]",null,1,331.939
null,aten::eq,"void at::native::elementwise_kernel<128, 4, at::native::gpu_kernel_impl_nocast<at::native::BinaryFunctor<long, long, bool, at::native::(anonymous namespace)::CompareEqFunctor<long> > >(at::TensorIteratorBase&, at::native::BinaryFunctor<long, long, bool, at::native::(anonymous namespace)::CompareEqFunctor<long> > const&)::{lambda(int)#1}>(int, at::native::gpu_kernel_impl_nocast<at::native::BinaryFunctor<long, long, bool, at::native::(anonymous namespace)::CompareEqFunctor<long> > >(at::TensorIteratorBase&, at::native::BinaryFunctor<long, long, bool, at::native::(anonymous namespace)::CompareEqFunctor<long> > const&)::{lambda(int)#1})",1,operator_shape_matched,"[[50],[]]","[""long int"",""long int""]",null,4,7.745
null,aten::fill_,"void at::native::vectorized_elementwise_kernel<4, at::native::FillFunctor<float>, std::array<char*, 1ul> >(int, at::native::FillFunctor<float>, std::array<char*, 1ul>)",1,operator_shape_matched,"[[32,55131],[]]","[""float"",""Scalar""]",null,3600,11404.81
null,aten::fill_,"void at::native::vectorized_elementwise_kernel<4, at::native::FillFunctor<float>, std::array<char*, 1ul> >(int, at::native::FillFunctor<float>, std::array<char*, 1ul>)",2,operator_shape_matched,"[[32,11372],[]]","[""float"",""Scalar""]",null,1800,2693.576
null,aten::fill_,"void at::native::vectorized_elementwise_kernel<4, at::native::FillFunctor<float>, std::array<char*, 1ul> >(int, at::native::FillFunctor<float>, std::array<char*, 1ul>)",3,operator_shape_matched,"[[32,918],[]]","[""float"",""Scalar""]",null,1800,2261.298
null,aten::fill_,"void at::native::vectorized_elementwise_kernel<4, at::native::FillFunctor<float>, std::array<char*, 1ul> >(int, at::native::FillFunctor<float>, std::array<char*, 1ul>)",4,operator_shape_matched,"[[2],[]]","[""float"",""Scalar""]",null,384,455.424
null,aten::fill_,"void at::native::vectorized_elementwise_kernel<4, at::native::FillFunctor<float>, std::array<char*, 1ul> >(int, at::native::FillFunctor<float>, std::array<char*, 1ul>)",5,operator_shape_matched,"[[1],[]]","[""float"",""Scalar""]",null,12,14.241
null,aten::fill_,"void at::native::vectorized_elementwise_kernel<4, at::native::FillFunctor<float>, std::array<char*, 1ul> >(int, at::native::FillFunctor<float>, std::array<char*, 1ul>)",6,operator_shape_matched,"[[1,48,45,34,46],[]]","[""float"",""Scalar""]",null,1,4.32
null,aten::fill_,"void at::native::vectorized_elementwise_kernel<4, at::native::FillFunctor<float>, std::array<char*, 1ul> >(int, at::native::FillFunctor<float>, std::array<char*, 1ul>)",7,operator_shape_matched,"[[1,48,39,34,46],[]]","[""float"",""Scalar""]",null,1,3.808
null,aten::fill_,"void at::native::vectorized_elementwise_kernel<4, at::native::FillFunctor<float>, std::array<char*, 1ul> >(int, at::native::FillFunctor<float>, std::array<char*, 1ul>)",8,operator_shape_matched,"[[30,1,1],[]]","[""float"",""Scalar""]",null,3,3.2
null,aten::fill_,"void at::native::vectorized_elementwise_kernel<4, at::native::FillFunctor<float>, std::array<char*, 1ul> >(int, at::native::FillFunctor<float>, std::array<char*, 1ul>)",9,operator_shape_matched,"[[1,48,30,34,46],[]]","[""float"",""Scalar""]",null,1,3.137
null,aten::fill_,"void at::native::vectorized_elementwise_kernel<4, at::native::FillFunctor<float>, std::array<char*, 1ul> >(int, at::native::FillFunctor<float>, std::array<char*, 1ul>)",10,operator_shape_matched,"[[45,1,1],[]]","[""float"",""Scalar""]",null,3,3.136
null,aten::fill_,"void at::native::vectorized_elementwise_kernel<4, at::native::FillFunctor<float>, std::array<char*, 1ul> >(int, at::native::FillFunctor<float>, std::array<char*, 1ul>)",11,operator_shape_matched,"[[27,1,1],[]]","[""float"",""Scalar""]",null,3,3.135
null,aten::fill_,"void at::native::vectorized_elementwise_kernel<4, at::native::FillFunctor<float>, std::array<char*, 1ul> >(int, at::native::FillFunctor<float>, std::array<char*, 1ul>)",12,operator_shape_matched,"[[39,1,1],[]]","[""float"",""Scalar""]",null,3,3.008
null,aten::fill_,"void at::native::vectorized_elementwise_kernel<4, at::native::FillFunctor<float>, std::array<char*, 1ul> >(int, at::native::FillFunctor<float>, std::array<char*, 1ul>)",13,operator_shape_matched,"[[1,48,27,34,46],[]]","[""float"",""Scalar""]",null,1,2.944
null,aten::fill_,"void at::native::vectorized_elementwise_kernel<4, at::native::FillFunctor<int>, std::array<char*, 1ul> >(int, at::native::FillFunctor<int>, std::array<char*, 1ul>)",1,operator_shape_matched,"[[1],[]]","[""int"",""Scalar""]",null,2,2.113
null,aten::fill_,"void at::native::vectorized_elementwise_kernel<8, at::native::FillFunctor<c10::BFloat16>, std::array<char*, 1ul> >(int, at::native::FillFunctor<c10::BFloat16>, std::array<char*, 1ul>)",1,operator_shape_matched,"[[55131,32,128],[]]","[""c10::BFloat16"",""Scalar""]",null,3600,509695.072
null,aten::fill_,"void at::native::vectorized_elementwise_kernel<8, at::native::FillFunctor<c10::BFloat16>, std::array<char*, 1ul> >(int, at::native::FillFunctor<c10::BFloat16>, std::array<char*, 1ul>)",2,operator_shape_matched,"[[1,256,6,274,370],[]]","[""c10::BFloat16"",""Scalar""]",null,822,77458.791
null,aten::fill_,"void at::native::vectorized_elementwise_kernel<8, at::native::FillFunctor<c10::BFloat16>, std::array<char*, 1ul> >(int, at::native::FillFunctor<c10::BFloat16>, std::array<char*, 1ul>)",3,operator_shape_matched,"[[11372,32,128],[]]","[""c10::BFloat16"",""Scalar""]",null,1800,52716.963
null,aten::fill_,"void at::native::vectorized_elementwise_kernel<8, at::native::FillFunctor<c10::BFloat16>, std::array<char*, 1ul> >(int, at::native::FillFunctor<c10::BFloat16>, std::array<char*, 1ul>)",4,operator_shape_matched,"[[1,512,6,138,186],[]]","[""c10::BFloat16"",""Scalar""]",null,685,32746.284
null,aten::fill_,"void at::native::vectorized_elementwise_kernel<8, at::native::FillFunctor<c10::BFloat16>, std::array<char*, 1ul> >(int, at::native::FillFunctor<c10::BFloat16>, std::array<char*, 1ul>)",5,operator_shape_matched,"[[1,512,6,274,370],[]]","[""c10::BFloat16"",""Scalar""]",null,137,25796.809
null,aten::fill_,"void at::native::vectorized_elementwise_kernel<8, at::native::FillFunctor<c10::BFloat16>, std::array<char*, 1ul> >(int, at::native::FillFunctor<c10::BFloat16>, std::array<char*, 1ul>)",6,operator_shape_matched,"[[1,160,26,274,370],[]]","[""c10::BFloat16"",""Scalar""]",null,100,25499.906
null,aten::fill_,"void at::native::vectorized_elementwise_kernel<8, at::native::FillFunctor<c10::BFloat16>, std::array<char*, 1ul> >(int, at::native::FillFunctor<c10::BFloat16>, std::array<char*, 1ul>)",7,operator_shape_matched,"[[66503,4096],[]]","[""c10::BFloat16"",""Scalar""]",null,100,16678.505
null,aten::fill_,"void at::native::vectorized_elementwise_kernel<8, at::native::FillFunctor<c10::BFloat16>, std::array<char*, 1ul> >(int, at::native::FillFunctor<c10::BFloat16>, std::array<char*, 1ul>)",8,operator_shape_matched,"[[1,1024,4,70,94],[]]","[""c10::BFloat16"",""Scalar""]",null,822,13969.373
null,aten::fill_,"void at::native::vectorized_elementwise_kernel<8, at::native::FillFunctor<c10::BFloat16>, std::array<char*, 1ul> >(int, at::native::FillFunctor<c10::BFloat16>, std::array<char*, 1ul>)",9,operator_shape_matched,"[[56049,4096],[]]","[""c10::BFloat16"",""Scalar""]",null,100,13934.64
null,aten::fill_,"void at::native::vectorized_elementwise_kernel<8, at::native::FillFunctor<c10::BFloat16>, std::array<char*, 1ul> >(int, at::native::FillFunctor<c10::BFloat16>, std::array<char*, 1ul>)",10,operator_shape_matched,"[[55131,4096],[]]","[""c10::BFloat16"",""Scalar""]",null,100,13786.476
null,aten::fill_,"void at::native::vectorized_elementwise_kernel<8, at::native::FillFunctor<c10::BFloat16>, std::array<char*, 1ul> >(int, at::native::FillFunctor<c10::BFloat16>, std::array<char*, 1ul>)",11,operator_shape_matched,"[[1,1024,6,138,186],[]]","[""c10::BFloat16"",""Scalar""]",null,137,13073.641
null,aten::fill_,"void at::native::vectorized_elementwise_kernel<8, at::native::FillFunctor<c10::BFloat16>, std::array<char*, 1ul> >(int, at::native::FillFunctor<c10::BFloat16>, std::array<char*, 1ul>)",12,operator_shape_matched,"[[1,320,26,138,186],[]]","[""c10::BFloat16"",""Scalar""]",null,75,9693.471
null,aten::fill_,"void at::native::vectorized_elementwise_kernel<8, at::native::FillFunctor<c10::BFloat16>, std::array<char*, 1ul> >(int, at::native::FillFunctor<c10::BFloat16>, std::array<char*, 1ul>)",13,operator_shape_matched,"[[918,32,128],[]]","[""c10::BFloat16"",""Scalar""]",null,1800,6225.963
null,aten::fill_,"void at::native::vectorized_elementwise_kernel<8, at::native::FillFunctor<c10::BFloat16>, std::array<char*, 1ul> >(int, at::native::FillFunctor<c10::BFloat16>, std::array<char*, 1ul>)",14,operator_shape_matched,"[[1,1024,3,36,48],[]]","[""c10::BFloat16"",""Scalar""]",null,1410,5992.786
null,aten::fill_,"void at::native::vectorized_elementwise_kernel<8, at::native::FillFunctor<c10::BFloat16>, std::array<char*, 1ul> >(int, at::native::FillFunctor<c10::BFloat16>, std::array<char*, 1ul>)",15,operator_shape_matched,"[[24,160,273,369],[]]","[""c10::BFloat16"",""Scalar""]",null,25,5856.568
null,aten::fill_,"void at::native::vectorized_elementwise_kernel<8, at::native::FillFunctor<c10::BFloat16>, std::array<char*, 1ul> >(int, at::native::FillFunctor<c10::BFloat16>, std::array<char*, 1ul>)",16,operator_shape_matched,"[[24,320,137,185],[]]","[""c10::BFloat16"",""Scalar""]",null,25,2949.854
null,aten::fill_,"void at::native::vectorized_elementwise_kernel<8, at::native::FillFunctor<c10::BFloat16>, std::array<char*, 1ul> >(int, at::native::FillFunctor<c10::BFloat16>, std::array<char*, 1ul>)",17,operator_shape_matched,"[[1,640,14,70,94],[]]","[""c10::BFloat16"",""Scalar""]",null,75,2695.929
null,aten::fill_,"void at::native::vectorized_elementwise_kernel<8, at::native::FillFunctor<c10::BFloat16>, std::array<char*, 1ul> >(int, at::native::FillFunctor<c10::BFloat16>, std::array<char*, 1ul>)",18,operator_shape_matched,"[[1,160,26,138,186],[]]","[""c10::BFloat16"",""Scalar""]",null,25,1613.459
null,aten::fill_,"void at::native::vectorized_elementwise_kernel<8, at::native::FillFunctor<c10::BFloat16>, std::array<char*, 1ul> >(int, at::native::FillFunctor<c10::BFloat16>, std::array<char*, 1ul>)",19,operator_shape_matched,"[[11372,4096],[]]","[""c10::BFloat16"",""Scalar""]",null,50,1473.585
null,aten::fill_,"void at::native::vectorized_elementwise_kernel<8, at::native::FillFunctor<c10::BFloat16>, std::array<char*, 1ul> >(int, at::native::FillFunctor<c10::BFloat16>, std::array<char*, 1ul>)",20,operator_shape_matched,"[[1,640,8,36,48],[]]","[""c10::BFloat16"",""Scalar""]",null,225,1424.297
null,aten::fill_,"void at::native::vectorized_elementwise_kernel<8, at::native::FillFunctor<c10::BFloat16>, std::array<char*, 1ul> >(int, at::native::FillFunctor<c10::BFloat16>, std::array<char*, 1ul>)",21,operator_shape_matched,"[[1,256,3,274,370],[]]","[""c10::BFloat16"",""Scalar""]",null,24,1151.467
null,aten::fill_,"void at::native::vectorized_elementwise_kernel<8, at::native::FillFunctor<c10::BFloat16>, std::array<char*, 1ul> >(int, at::native::FillFunctor<c10::BFloat16>, std::array<char*, 1ul>)",22,operator_shape_matched,"[[55131,128],[]]","[""c10::BFloat16"",""Scalar""]",null,200,1037.51
null,aten::fill_,"void at::native::vectorized_elementwise_kernel<8, at::native::FillFunctor<c10::BFloat16>, std::array<char*, 1ul> >(int, at::native::FillFunctor<c10::BFloat16>, std::array<char*, 1ul>)",23,operator_shape_matched,"[[12,640,69,93],[]]","[""c10::BFloat16"",""Scalar""]",null,25,759.687
null,aten::fill_,"void at::native::vectorized_elementwise_kernel<8, at::native::FillFunctor<c10::BFloat16>, std::array<char*, 1ul> >(int, at::native::FillFunctor<c10::BFloat16>, std::array<char*, 1ul>)",24,operator_shape_matched,"[[1,512,3,138,186],[]]","[""c10::BFloat16"",""Scalar""]",null,20,494.277
null,aten::fill_,"void at::native::vectorized_elementwise_kernel<8, at::native::FillFunctor<c10::BFloat16>, std::array<char*, 1ul> >(int, at::native::FillFunctor<c10::BFloat16>, std::array<char*, 1ul>)",25,operator_shape_matched,"[[1,12,26,274,370],[]]","[""c10::BFloat16"",""Scalar""]",null,25,492.903
null,aten::fill_,"void at::native::vectorized_elementwise_kernel<8, at::native::FillFunctor<c10::BFloat16>, std::array<char*, 1ul> >(int, at::native::FillFunctor<c10::BFloat16>, std::array<char*, 1ul>)",26,operator_shape_matched,"[[1,160,3,274,370],[]]","[""c10::BFloat16"",""Scalar""]",null,16,482.084
null,aten::fill_,"void at::native::vectorized_elementwise_kernel<8, at::native::FillFunctor<c10::BFloat16>, std::array<char*, 1ul> >(int, at::native::FillFunctor<c10::BFloat16>, std::array<char*, 1ul>)",27,operator_shape_matched,"[[1,320,14,70,94],[]]","[""c10::BFloat16"",""Scalar""]",null,25,462.085
null,aten::fill_,"void at::native::vectorized_elementwise_kernel<8, at::native::FillFunctor<c10::BFloat16>, std::array<char*, 1ul> >(int, at::native::FillFunctor<c10::BFloat16>, std::array<char*, 1ul>)",28,operator_shape_matched,"[[1,512,3,274,370],[]]","[""c10::BFloat16"",""Scalar""]",null,4,380.707
null,aten::fill_,"void at::native::vectorized_elementwise_kernel<8, at::native::FillFunctor<c10::BFloat16>, std::array<char*, 1ul> >(int, at::native::FillFunctor<c10::BFloat16>, std::array<char*, 1ul>)",29,operator_shape_matched,"[[48,45,34,46],[]]","[""c10::BFloat16"",""Scalar""]",null,100,329.083
null,aten::fill_,"void at::native::vectorized_elementwise_kernel<8, at::native::FillFunctor<c10::BFloat16>, std::array<char*, 1ul> >(int, at::native::FillFunctor<c10::BFloat16>, std::array<char*, 1ul>)",30,operator_shape_matched,"[[1,1024,3,70,94],[]]","[""c10::BFloat16"",""Scalar""]",null,24,320.034
null,aten::fill_,"void at::native::vectorized_elementwise_kernel<8, at::native::FillFunctor<c10::BFloat16>, std::array<char*, 1ul> >(int, at::native::FillFunctor<c10::BFloat16>, std::array<char*, 1ul>)",31,operator_shape_matched,"[[48,39,34,46],[]]","[""c10::BFloat16"",""Scalar""]",null,100,294.149
null,aten::fill_,"void at::native::vectorized_elementwise_kernel<8, at::native::FillFunctor<c10::BFloat16>, std::array<char*, 1ul> >(int, at::native::FillFunctor<c10::BFloat16>, std::array<char*, 1ul>)",32,operator_shape_matched,"[[48,30,34,46],[]]","[""c10::BFloat16"",""Scalar""]",null,100,252.741
null,aten::fill_,"void at::native::vectorized_elementwise_kernel<8, at::native::FillFunctor<c10::BFloat16>, std::array<char*, 1ul> >(int, at::native::FillFunctor<c10::BFloat16>, std::array<char*, 1ul>)",33,operator_shape_matched,"[[48,27,34,46],[]]","[""c10::BFloat16"",""Scalar""]",null,100,240.006
null,aten::fill_,"void at::native::vectorized_elementwise_kernel<8, at::native::FillFunctor<c10::BFloat16>, std::array<char*, 1ul> >(int, at::native::FillFunctor<c10::BFloat16>, std::array<char*, 1ul>)",34,operator_shape_matched,"[[1,1024,3,138,186],[]]","[""c10::BFloat16"",""Scalar""]",null,4,194.53
null,aten::fill_,"void at::native::vectorized_elementwise_kernel<8, at::native::FillFunctor<c10::BFloat16>, std::array<char*, 1ul> >(int, at::native::FillFunctor<c10::BFloat16>, std::array<char*, 1ul>)",35,operator_shape_matched,"[[11372,128],[]]","[""c10::BFloat16"",""Scalar""]",null,100,193.121
null,aten::fill_,"void at::native::vectorized_elementwise_kernel<8, at::native::FillFunctor<c10::BFloat16>, std::array<char*, 1ul> >(int, at::native::FillFunctor<c10::BFloat16>, std::array<char*, 1ul>)",36,operator_shape_matched,"[[1,320,3,138,186],[]]","[""c10::BFloat16"",""Scalar""]",null,12,189.507
null,aten::fill_,"void at::native::vectorized_elementwise_kernel<8, at::native::FillFunctor<c10::BFloat16>, std::array<char*, 1ul> >(int, at::native::FillFunctor<c10::BFloat16>, std::array<char*, 1ul>)",37,operator_shape_matched,"[[1,3,121,544,736],[]]","[""c10::BFloat16"",""Scalar""]",null,2,176.705
null,aten::fill_,"void at::native::vectorized_elementwise_kernel<8, at::native::FillFunctor<c10::BFloat16>, std::array<char*, 1ul> >(int, at::native::FillFunctor<c10::BFloat16>, std::array<char*, 1ul>)",38,operator_shape_matched,"[[918,4096],[]]","[""c10::BFloat16"",""Scalar""]",null,50,174.045
null,aten::fill_,"void at::native::vectorized_elementwise_kernel<8, at::native::FillFunctor<c10::BFloat16>, std::array<char*, 1ul> >(int, at::native::FillFunctor<c10::BFloat16>, std::array<char*, 1ul>)",39,operator_shape_matched,"[[1,48,3,36,48],[]]","[""c10::BFloat16"",""Scalar""]",null,141,169.44
null,aten::fill_,"void at::native::vectorized_elementwise_kernel<8, at::native::FillFunctor<c10::BFloat16>, std::array<char*, 1ul> >(int, at::native::FillFunctor<c10::BFloat16>, std::array<char*, 1ul>)",40,operator_shape_matched,"[[1,3,193,544,736],[]]","[""c10::BFloat16"",""Scalar""]",null,1,141.09
null,aten::fill_,"void at::native::vectorized_elementwise_kernel<8, at::native::FillFunctor<c10::BFloat16>, std::array<char*, 1ul> >(int, at::native::FillFunctor<c10::BFloat16>, std::array<char*, 1ul>)",41,operator_shape_matched,"[[1,3,169,544,736],[]]","[""c10::BFloat16"",""Scalar""]",null,1,122.881
null,aten::fill_,"void at::native::vectorized_elementwise_kernel<8, at::native::FillFunctor<c10::BFloat16>, std::array<char*, 1ul> >(int, at::native::FillFunctor<c10::BFloat16>, std::array<char*, 1ul>)",42,operator_shape_matched,"[[918,128],[]]","[""c10::BFloat16"",""Scalar""]",null,100,118.179
null,aten::fill_,"void at::native::vectorized_elementwise_kernel<8, at::native::FillFunctor<c10::BFloat16>, std::array<char*, 1ul> >(int, at::native::FillFunctor<c10::BFloat16>, std::array<char*, 1ul>)",43,operator_shape_matched,"[[1,640,3,36,48],[]]","[""c10::BFloat16"",""Scalar""]",null,36,109.921
null,aten::fill_,"void at::native::vectorized_elementwise_kernel<8, at::native::FillFunctor<c10::BFloat16>, std::array<char*, 1ul> >(int, at::native::FillFunctor<c10::BFloat16>, std::array<char*, 1ul>)",44,operator_shape_matched,"[[1,640,3,70,94],[]]","[""c10::BFloat16"",""Scalar""]",null,12,102.625
null,aten::fill_,"void at::native::vectorized_elementwise_kernel<8, at::native::FillFunctor<c10::BFloat16>, std::array<char*, 1ul> >(int, at::native::FillFunctor<c10::BFloat16>, std::array<char*, 1ul>)",45,operator_shape_matched,"[[1,160,273,369],[]]","[""c10::BFloat16"",""Scalar""]",null,4,42.496
null,aten::fill_,"void at::native::vectorized_elementwise_kernel<8, at::native::FillFunctor<c10::BFloat16>, std::array<char*, 1ul> >(int, at::native::FillFunctor<c10::BFloat16>, std::array<char*, 1ul>)",46,operator_shape_matched,"[[1,1024,2,68,92],[]]","[""c10::BFloat16"",""Scalar""]",null,4,35.296
null,aten::fill_,"void at::native::vectorized_elementwise_kernel<8, at::native::FillFunctor<c10::BFloat16>, std::array<char*, 1ul> >(int, at::native::FillFunctor<c10::BFloat16>, std::array<char*, 1ul>)",47,operator_shape_matched,"[[1,160,3,138,186],[]]","[""c10::BFloat16"",""Scalar""]",null,4,33.344
null,aten::fill_,"void at::native::vectorized_elementwise_kernel<8, at::native::FillFunctor<c10::BFloat16>, std::array<char*, 1ul> >(int, at::native::FillFunctor<c10::BFloat16>, std::array<char*, 1ul>)",48,operator_shape_matched,"[[1,320,137,185],[]]","[""c10::BFloat16"",""Scalar""]",null,4,23.584
null,aten::fill_,"void at::native::vectorized_elementwise_kernel<8, at::native::FillFunctor<c10::BFloat16>, std::array<char*, 1ul> >(int, at::native::FillFunctor<c10::BFloat16>, std::array<char*, 1ul>)",49,operator_shape_matched,"[[1,160,2,136,184],[]]","[""c10::BFloat16"",""Scalar""]",null,4,23.073
null,aten::fill_,"void at::native::vectorized_elementwise_kernel<8, at::native::FillFunctor<c10::BFloat16>, std::array<char*, 1ul> >(int, at::native::FillFunctor<c10::BFloat16>, std::array<char*, 1ul>)",50,operator_shape_matched,"[[1,320,3,70,94],[]]","[""c10::BFloat16"",""Scalar""]",null,4,19.199
null,aten::fill_,"void at::native::vectorized_elementwise_kernel<8, at::native::FillFunctor<c10::BFloat16>, std::array<char*, 1ul> >(int, at::native::FillFunctor<c10::BFloat16>, std::array<char*, 1ul>)",51,operator_shape_matched,"[[1,640,69,93],[]]","[""c10::BFloat16"",""Scalar""]",null,4,14.144
null,aten::fill_,"void at::native::vectorized_elementwise_kernel<8, at::native::FillFunctor<c10::BFloat16>, std::array<char*, 1ul> >(int, at::native::FillFunctor<c10::BFloat16>, std::array<char*, 1ul>)",52,operator_shape_matched,"[[1,320,2,68,92],[]]","[""c10::BFloat16"",""Scalar""]",null,4,13.824
null,aten::fill_,"void at::native::vectorized_elementwise_kernel<8, at::native::FillFunctor<c10::BFloat16>, std::array<char*, 1ul> >(int, at::native::FillFunctor<c10::BFloat16>, std::array<char*, 1ul>)",53,operator_shape_matched,"[[1,12,3,274,370],[]]","[""c10::BFloat16"",""Scalar""]",null,4,12.608
null,aten::fill_,"void at::native::vectorized_elementwise_kernel<8, at::native::FillFunctor<c10::BFloat16>, std::array<char*, 1ul> >(int, at::native::FillFunctor<c10::BFloat16>, std::array<char*, 1ul>)",54,operator_shape_matched,"[[1,1024,2,34,46],[]]","[""c10::BFloat16"",""Scalar""]",null,4,12.29
null,aten::gather,"void at::native::_scatter_gather_elementwise_kernel<128, 8, at::native::_cuda_scatter_gather_internal_kernel<false, at::native::OpaqueType<8>, long>::operator()<at::native::TensorAssign>(at::TensorIterator&, long, long, long, at::native::TensorAssign const&)::{lambda(int)#1}>(int, at::native::_cuda_scatter_gather_internal_kernel<false, at::native::OpaqueType<8>, long>::operator()<at::native::TensorAssign>(at::TensorIterator&, long, long, long, at::native::TensorAssign const&)::{lambda(int)#1})",1,operator_shape_matched,"[[4],[],[66503],[],[66503]]","[""long int"",""Scalar"",""long int"",""Scalar"",""long int""]",null,1,4.705
null,aten::gather,"void at::native::_scatter_gather_elementwise_kernel<128, 8, at::native::_cuda_scatter_gather_internal_kernel<false, at::native::OpaqueType<8>, long>::operator()<at::native::TensorAssign>(at::TensorIterator&, long, long, long, at::native::TensorAssign const&)::{lambda(int)#1}>(int, at::native::_cuda_scatter_gather_internal_kernel<false, at::native::OpaqueType<8>, long>::operator()<at::native::TensorAssign>(at::TensorIterator&, long, long, long, at::native::TensorAssign const&)::{lambda(int)#1})",2,operator_shape_matched,"[[4],[],[56049],[],[56049]]","[""long int"",""Scalar"",""long int"",""Scalar"",""long int""]",null,1,4.512
null,aten::gather,"void at::native::vectorized_gather_kernel<16, long>(char*, char*, long*, int, long, long, long, long, bool)",1,operator_shape_matched,"[[151936,4096],[],[11372,4096],[],[11372,4096]]","[""c10::BFloat16"",""Scalar"",""long int"",""Scalar"",""c10::BFloat16""]",null,50,1909.551
null,aten::gather,"void at::native::vectorized_gather_kernel<16, long>(char*, char*, long*, int, long, long, long, long, bool)",2,operator_shape_matched,"[[151936,4096],[],[918,4096],[],[918,4096]]","[""c10::BFloat16"",""Scalar"",""long int"",""Scalar"",""c10::BFloat16""]",null,50,247.204
null,aten::ge,"void at::native::vectorized_elementwise_kernel<4, at::native::compare_scalar_kernel<float>(at::TensorIteratorBase&, at::native::(anonymous namespace)::OpType, float)::{lambda(float)#1}, std::array<char*, 2ul> >(int, at::native::compare_scalar_kernel<float>(at::TensorIteratorBase&, at::native::(anonymous namespace)::OpType, float)::{lambda(float)#1}, std::array<char*, 2ul>)",1,operator_shape_matched,"[[1,3,177,544,736],[]]","[""float"",""Scalar""]",null,1,342.787
null,aten::ge,"void at::native::vectorized_elementwise_kernel<4, at::native::compare_scalar_kernel<float>(at::TensorIteratorBase&, at::native::(anonymous namespace)::OpType, float)::{lambda(float)#1}, std::array<char*, 2ul> >(int, at::native::compare_scalar_kernel<float>(at::TensorIteratorBase&, at::native::(anonymous namespace)::OpType, float)::{lambda(float)#1}, std::array<char*, 2ul>)",2,operator_shape_matched,"[[1,3,153,544,736],[]]","[""float"",""Scalar""]",null,1,289.412
null,aten::ge,"void at::native::vectorized_elementwise_kernel<4, at::native::compare_scalar_kernel<float>(at::TensorIteratorBase&, at::native::(anonymous namespace)::OpType, float)::{lambda(float)#1}, std::array<char*, 2ul> >(int, at::native::compare_scalar_kernel<float>(at::TensorIteratorBase&, at::native::(anonymous namespace)::OpType, float)::{lambda(float)#1}, std::array<char*, 2ul>)",3,operator_shape_matched,"[[1,3,117,544,736],[]]","[""float"",""Scalar""]",null,1,221.858
null,aten::ge,"void at::native::vectorized_elementwise_kernel<4, at::native::compare_scalar_kernel<float>(at::TensorIteratorBase&, at::native::(anonymous namespace)::OpType, float)::{lambda(float)#1}, std::array<char*, 2ul> >(int, at::native::compare_scalar_kernel<float>(at::TensorIteratorBase&, at::native::(anonymous namespace)::OpType, float)::{lambda(float)#1}, std::array<char*, 2ul>)",4,operator_shape_matched,"[[1,3,105,544,736],[]]","[""float"",""Scalar""]",null,1,199.01
null,aten::gt,"void at::native::vectorized_elementwise_kernel<4, at::native::compare_scalar_kernel<float>(at::TensorIteratorBase&, at::native::(anonymous namespace)::OpType, float)::{lambda(float)#1}, std::array<char*, 2ul> >(int, at::native::compare_scalar_kernel<float>(at::TensorIteratorBase&, at::native::(anonymous namespace)::OpType, float)::{lambda(float)#1}, std::array<char*, 2ul>)",1,operator_shape_matched,"[[],[]]","[""float"",""Scalar""]",null,400,600.832
null,aten::index,"void at::native::index_elementwise_kernel<128, 4, at::native::gpu_index_kernel<at::native::index_kernel_impl<at::native::OpaqueType<8> >(at::TensorIteratorBase&, c10::ArrayRef<long>, c10::ArrayRef<long>)::{lambda(char*, char const*, long)#1}>(at::TensorIteratorBase&, c10::ArrayRef<long>, c10::ArrayRef<long>, at::native::index_kernel_impl<at::native::OpaqueType<8> >(at::TensorIteratorBase&, c10::ArrayRef<long>, c10::ArrayRef<long>)::{lambda(char*, char const*, long)#1} const&, bool)::{lambda(int)#1}>(long, at::native::gpu_index_kernel<at::native::index_kernel_impl<at::native::OpaqueType<8> >(at::TensorIteratorBase&, c10::ArrayRef<long>, c10::ArrayRef<long>)::{lambda(char*, char const*, long)#1}>(at::TensorIteratorBase&, c10::ArrayRef<long>, c10::ArrayRef<long>, at::native::index_kernel_impl<at::native::OpaqueType<8> >(at::TensorIteratorBase&, c10::ArrayRef<long>, c10::ArrayRef<long>)::{lambda(char*, char const*, long)#1} const&, bool)::{lambda(int)#1})",1,operator_shape_matched,"[[56049],[]]","[""long int"",""""]",null,2,8.512
null,aten::index,"void at::native::index_elementwise_kernel<128, 4, at::native::gpu_index_kernel<at::native::index_kernel_impl<at::native::OpaqueType<8> >(at::TensorIteratorBase&, c10::ArrayRef<long>, c10::ArrayRef<long>)::{lambda(char*, char const*, long)#1}>(at::TensorIteratorBase&, c10::ArrayRef<long>, c10::ArrayRef<long>, at::native::index_kernel_impl<at::native::OpaqueType<8> >(at::TensorIteratorBase&, c10::ArrayRef<long>, c10::ArrayRef<long>)::{lambda(char*, char const*, long)#1} const&, bool)::{lambda(int)#1}>(long, at::native::gpu_index_kernel<at::native::index_kernel_impl<at::native::OpaqueType<8> >(at::TensorIteratorBase&, c10::ArrayRef<long>, c10::ArrayRef<long>)::{lambda(char*, char const*, long)#1}>(at::TensorIteratorBase&, c10::ArrayRef<long>, c10::ArrayRef<long>, at::native::index_kernel_impl<at::native::OpaqueType<8> >(at::TensorIteratorBase&, c10::ArrayRef<long>, c10::ArrayRef<long>)::{lambda(char*, char const*, long)#1} const&, bool)::{lambda(int)#1})",2,operator_shape_matched,"[[66503],[]]","[""long int"",""""]",null,2,8.192
null,aten::index,"void at::native::vectorized_gather_kernel<16, long>(char*, char*, long*, int, long, long, long, long, bool)",1,operator_shape_matched,"[[66503,4096],[]]","[""c10::BFloat16"",""""]",null,200,39592.854
null,aten::index,"void at::native::vectorized_gather_kernel<16, long>(char*, char*, long*, int, long, long, long, long, bool)",2,operator_shape_matched,"[[56049,4096],[]]","[""c10::BFloat16"",""""]",null,200,32576.788
null,aten::index,"void at::native::vectorized_gather_kernel<16, long>(char*, char*, long*, int, long, long, long, long, bool)",3,operator_shape_matched,"[[66503,128],[]]","[""c10::BFloat16"",""""]",null,200,4333.517
null,aten::index,"void at::native::vectorized_gather_kernel<16, long>(char*, char*, long*, int, long, long, long, long, bool)",4,operator_shape_matched,"[[56049,128],[]]","[""c10::BFloat16"",""""]",null,200,3690.345
null,aten::le,"void at::native::vectorized_elementwise_kernel<4, at::native::compare_scalar_kernel<float>(at::TensorIteratorBase&, at::native::(anonymous namespace)::OpType, float)::{lambda(float)#1}, std::array<char*, 2ul> >(int, at::native::compare_scalar_kernel<float>(at::TensorIteratorBase&, at::native::(anonymous namespace)::OpType, float)::{lambda(float)#1}, std::array<char*, 2ul>)",1,operator_shape_matched,"[[1,3,177,544,736],[]]","[""float"",""Scalar""]",null,1,340.42
null,aten::le,"void at::native::vectorized_elementwise_kernel<4, at::native::compare_scalar_kernel<float>(at::TensorIteratorBase&, at::native::(anonymous namespace)::OpType, float)::{lambda(float)#1}, std::array<char*, 2ul> >(int, at::native::compare_scalar_kernel<float>(at::TensorIteratorBase&, at::native::(anonymous namespace)::OpType, float)::{lambda(float)#1}, std::array<char*, 2ul>)",2,operator_shape_matched,"[[1,3,153,544,736],[]]","[""float"",""Scalar""]",null,1,293.731
null,aten::le,"void at::native::vectorized_elementwise_kernel<4, at::native::compare_scalar_kernel<float>(at::TensorIteratorBase&, at::native::(anonymous namespace)::OpType, float)::{lambda(float)#1}, std::array<char*, 2ul> >(int, at::native::compare_scalar_kernel<float>(at::TensorIteratorBase&, at::native::(anonymous namespace)::OpType, float)::{lambda(float)#1}, std::array<char*, 2ul>)",3,operator_shape_matched,"[[1,3,117,544,736],[]]","[""float"",""Scalar""]",null,1,224.546
null,aten::le,"void at::native::vectorized_elementwise_kernel<4, at::native::compare_scalar_kernel<float>(at::TensorIteratorBase&, at::native::(anonymous namespace)::OpType, float)::{lambda(float)#1}, std::array<char*, 2ul> >(int, at::native::compare_scalar_kernel<float>(at::TensorIteratorBase&, at::native::(anonymous namespace)::OpType, float)::{lambda(float)#1}, std::array<char*, 2ul>)",4,operator_shape_matched,"[[1,3,105,544,736],[]]","[""float"",""Scalar""]",null,1,202.402
null,aten::linalg_lu_factor_ex,"void create_pivot_v2<32>(int, int*, long*, int)",1,operator_shape_matched,"[[2,2],[],[],[2,2],[2],[]]","[""float"",""Scalar"",""Scalar"",""float"",""int"",""int""]",null,192,304.293
null,aten::linalg_lu_factor_ex,"void getrf_pivot<getrf_params_<float, 32, 1, 32, 32, 1> >(int, int, int, void*, int, long*, int, getrf_params_<float, 32, 1, 32, 32, 1>::data_type*, unsigned int*, unsigned int*, getrf_params_<float, 32, 1, 32, 32, 1>::data_type*, unsigned int, unsigned int, unsigned int, int*)",1,operator_shape_matched,"[[2,2],[],[],[2,2],[2],[]]","[""float"",""Scalar"",""Scalar"",""float"",""int"",""int""]",null,192,763.343
null,aten::linalg_lu_factor_ex,"void ipiv_64_to_32_ker<128>(long, long const*, int*)",1,operator_shape_matched,"[[2,2],[],[],[2,2],[2],[]]","[""float"",""Scalar"",""Scalar"",""float"",""int"",""int""]",null,192,243.488
null,aten::linalg_lu_factor_ex,"void ipiv_lower_diag<float, 32>(int, void*, int, int*, int)",1,operator_shape_matched,"[[2,2],[],[],[2,2],[2],[]]","[""float"",""Scalar"",""Scalar"",""float"",""int"",""int""]",null,192,205.346
null,aten::linalg_lu_factor_ex,"void ipiv_lower_small<float, 32>(int, void*, int, long*, int, int)",1,operator_shape_matched,"[[2,2],[],[],[2,2],[2],[]]","[""float"",""Scalar"",""Scalar"",""float"",""int"",""int""]",null,192,437.893
null,aten::linalg_lu_factor_ex,"xxtrf4_set_info_ker(int, int*)",1,operator_shape_matched,"[[2,2],[],[],[2,2],[2],[]]","[""float"",""Scalar"",""Scalar"",""float"",""int"",""int""]",null,192,206.112
null,aten::linalg_lu_solve,"void laswp_kernel_reverse<float, false>(int, float* const*, int, int, int, int const*, int, int, int)",1,operator_shape_matched,"[[2,2],[2],[2,1],[],[],[2,1]]","[""float"",""int"",""float"",""Scalar"",""Scalar"",""float""]",null,192,318.011
null,aten::linalg_lu_solve,"void trsm_batch_left_lower_kernel<float>(cublasTrsmBatchParams<float>, float const* const*, float* const*, float const*, float)",1,operator_shape_matched,"[[2,2],[2],[2,1],[],[],[2,1]]","[""float"",""int"",""float"",""Scalar"",""Scalar"",""float""]",null,192,537.215
null,aten::linalg_lu_solve,"void trsm_batch_left_upper_kernel<float>(cublasTrsmBatchParams<float>, float const* const*, float* const*, float const*, float)",1,operator_shape_matched,"[[2,2],[2],[2,1],[],[],[2,1]]","[""float"",""int"",""float"",""Scalar"",""Scalar"",""float""]",null,192,453.817
null,aten::linalg_vector_norm,"void at::native::reduce_kernel<128, 4, at::native::ReduceOp<c10::BFloat16, at::native::NormTwoOps<c10::BFloat16, float, c10::BFloat16>, unsigned int, c10::BFloat16, 4, 4> >(at::native::ReduceOp<c10::BFloat16, at::native::NormTwoOps<c10::BFloat16, float, c10::BFloat16>, unsigned int, c10::BFloat16, 4, 4>)",1,operator_shape_matched,"[[1,256,4,272,368],[],[],[],[]]","[""c10::BFloat16"",""Scalar"",""ScalarList"",""Scalar"",""""]",null,822,67129.688
null,aten::linalg_vector_norm,"void at::native::reduce_kernel<128, 4, at::native::ReduceOp<c10::BFloat16, at::native::NormTwoOps<c10::BFloat16, float, c10::BFloat16>, unsigned int, c10::BFloat16, 4, 4> >(at::native::ReduceOp<c10::BFloat16, at::native::NormTwoOps<c10::BFloat16, float, c10::BFloat16>, unsigned int, c10::BFloat16, 4, 4>)",2,operator_shape_matched,"[[1,512,4,136,184],[],[],[],[]]","[""c10::BFloat16"",""Scalar"",""ScalarList"",""Scalar"",""""]",null,685,31485.479
null,aten::linalg_vector_norm,"void at::native::reduce_kernel<128, 4, at::native::ReduceOp<c10::BFloat16, at::native::NormTwoOps<c10::BFloat16, float, c10::BFloat16>, unsigned int, c10::BFloat16, 4, 4> >(at::native::ReduceOp<c10::BFloat16, at::native::NormTwoOps<c10::BFloat16, float, c10::BFloat16>, unsigned int, c10::BFloat16, 4, 4>)",3,operator_shape_matched,"[[1,160,24,272,368],[],[],[],[]]","[""c10::BFloat16"",""Scalar"",""ScalarList"",""Scalar"",""""]",null,100,26451.811
null,aten::linalg_vector_norm,"void at::native::reduce_kernel<128, 4, at::native::ReduceOp<c10::BFloat16, at::native::NormTwoOps<c10::BFloat16, float, c10::BFloat16>, unsigned int, c10::BFloat16, 4, 4> >(at::native::ReduceOp<c10::BFloat16, at::native::NormTwoOps<c10::BFloat16, float, c10::BFloat16>, unsigned int, c10::BFloat16, 4, 4>)",4,operator_shape_matched,"[[1,512,4,272,368],[],[],[],[]]","[""c10::BFloat16"",""Scalar"",""ScalarList"",""Scalar"",""""]",null,137,20070.418
null,aten::linalg_vector_norm,"void at::native::reduce_kernel<128, 4, at::native::ReduceOp<c10::BFloat16, at::native::NormTwoOps<c10::BFloat16, float, c10::BFloat16>, unsigned int, c10::BFloat16, 4, 4> >(at::native::ReduceOp<c10::BFloat16, at::native::NormTwoOps<c10::BFloat16, float, c10::BFloat16>, unsigned int, c10::BFloat16, 4, 4>)",5,operator_shape_matched,"[[1,1024,2,68,92],[],[],[],[]]","[""c10::BFloat16"",""Scalar"",""ScalarList"",""Scalar"",""""]",null,822,16178.623
null,aten::linalg_vector_norm,"void at::native::reduce_kernel<128, 4, at::native::ReduceOp<c10::BFloat16, at::native::NormTwoOps<c10::BFloat16, float, c10::BFloat16>, unsigned int, c10::BFloat16, 4, 4> >(at::native::ReduceOp<c10::BFloat16, at::native::NormTwoOps<c10::BFloat16, float, c10::BFloat16>, unsigned int, c10::BFloat16, 4, 4>)",6,operator_shape_matched,"[[1,1024,1,34,46],[],[],[],[]]","[""c10::BFloat16"",""Scalar"",""ScalarList"",""Scalar"",""""]",null,1410,16039.093
null,aten::linalg_vector_norm,"void at::native::reduce_kernel<128, 4, at::native::ReduceOp<c10::BFloat16, at::native::NormTwoOps<c10::BFloat16, float, c10::BFloat16>, unsigned int, c10::BFloat16, 4, 4> >(at::native::ReduceOp<c10::BFloat16, at::native::NormTwoOps<c10::BFloat16, float, c10::BFloat16>, unsigned int, c10::BFloat16, 4, 4>)",7,operator_shape_matched,"[[1,1024,4,136,184],[],[],[],[]]","[""c10::BFloat16"",""Scalar"",""ScalarList"",""Scalar"",""""]",null,137,11817.503
null,aten::linalg_vector_norm,"void at::native::reduce_kernel<128, 4, at::native::ReduceOp<c10::BFloat16, at::native::NormTwoOps<c10::BFloat16, float, c10::BFloat16>, unsigned int, c10::BFloat16, 4, 4> >(at::native::ReduceOp<c10::BFloat16, at::native::NormTwoOps<c10::BFloat16, float, c10::BFloat16>, unsigned int, c10::BFloat16, 4, 4>)",8,operator_shape_matched,"[[1,320,24,136,184],[],[],[],[]]","[""c10::BFloat16"",""Scalar"",""ScalarList"",""Scalar"",""""]",null,75,10389.511
null,aten::linalg_vector_norm,"void at::native::reduce_kernel<128, 4, at::native::ReduceOp<c10::BFloat16, at::native::NormTwoOps<c10::BFloat16, float, c10::BFloat16>, unsigned int, c10::BFloat16, 4, 4> >(at::native::ReduceOp<c10::BFloat16, at::native::NormTwoOps<c10::BFloat16, float, c10::BFloat16>, unsigned int, c10::BFloat16, 4, 4>)",9,operator_shape_matched,"[[1,640,6,34,46],[],[],[],[]]","[""c10::BFloat16"",""Scalar"",""ScalarList"",""Scalar"",""""]",null,225,3929.032
null,aten::linalg_vector_norm,"void at::native::reduce_kernel<128, 4, at::native::ReduceOp<c10::BFloat16, at::native::NormTwoOps<c10::BFloat16, float, c10::BFloat16>, unsigned int, c10::BFloat16, 4, 4> >(at::native::ReduceOp<c10::BFloat16, at::native::NormTwoOps<c10::BFloat16, float, c10::BFloat16>, unsigned int, c10::BFloat16, 4, 4>)",10,operator_shape_matched,"[[1,640,12,68,92],[],[],[],[]]","[""c10::BFloat16"",""Scalar"",""ScalarList"",""Scalar"",""""]",null,75,3563.206
null,aten::linalg_vector_norm,"void at::native::reduce_kernel<128, 4, at::native::ReduceOp<c10::BFloat16, at::native::NormTwoOps<c10::BFloat16, float, c10::BFloat16>, unsigned int, c10::BFloat16, 4, 4> >(at::native::ReduceOp<c10::BFloat16, at::native::NormTwoOps<c10::BFloat16, float, c10::BFloat16>, unsigned int, c10::BFloat16, 4, 4>)",11,operator_shape_matched,"[[1,160,24,136,184],[],[],[],[]]","[""c10::BFloat16"",""Scalar"",""ScalarList"",""Scalar"",""""]",null,25,1986.194
null,aten::linalg_vector_norm,"void at::native::reduce_kernel<128, 4, at::native::ReduceOp<c10::BFloat16, at::native::NormTwoOps<c10::BFloat16, float, c10::BFloat16>, unsigned int, c10::BFloat16, 4, 4> >(at::native::ReduceOp<c10::BFloat16, at::native::NormTwoOps<c10::BFloat16, float, c10::BFloat16>, unsigned int, c10::BFloat16, 4, 4>)",12,operator_shape_matched,"[[1,1024,34,46],[],[],[],[]]","[""c10::BFloat16"",""Scalar"",""ScalarList"",""Scalar"",""""]",null,141,1588.245
null,aten::linalg_vector_norm,"void at::native::reduce_kernel<128, 4, at::native::ReduceOp<c10::BFloat16, at::native::NormTwoOps<c10::BFloat16, float, c10::BFloat16>, unsigned int, c10::BFloat16, 4, 4> >(at::native::ReduceOp<c10::BFloat16, at::native::NormTwoOps<c10::BFloat16, float, c10::BFloat16>, unsigned int, c10::BFloat16, 4, 4>)",13,operator_shape_matched,"[[1,320,12,68,92],[],[],[],[]]","[""c10::BFloat16"",""Scalar"",""ScalarList"",""Scalar"",""""]",null,25,732.615
null,aten::linalg_vector_norm,"void at::native::reduce_kernel<128, 4, at::native::ReduceOp<c10::BFloat16, at::native::NormTwoOps<c10::BFloat16, float, c10::BFloat16>, unsigned int, c10::BFloat16, 4, 4> >(at::native::ReduceOp<c10::BFloat16, at::native::NormTwoOps<c10::BFloat16, float, c10::BFloat16>, unsigned int, c10::BFloat16, 4, 4>)",14,operator_shape_matched,"[[1,256,1,272,368],[],[],[],[]]","[""c10::BFloat16"",""Scalar"",""ScalarList"",""Scalar"",""""]",null,24,641.96
null,aten::linalg_vector_norm,"void at::native::reduce_kernel<128, 4, at::native::ReduceOp<c10::BFloat16, at::native::NormTwoOps<c10::BFloat16, float, c10::BFloat16>, unsigned int, c10::BFloat16, 4, 4> >(at::native::ReduceOp<c10::BFloat16, at::native::NormTwoOps<c10::BFloat16, float, c10::BFloat16>, unsigned int, c10::BFloat16, 4, 4>)",15,operator_shape_matched,"[[1,640,1,34,46],[],[],[],[]]","[""c10::BFloat16"",""Scalar"",""ScalarList"",""Scalar"",""""]",null,36,557.636
null,aten::linalg_vector_norm,"void at::native::reduce_kernel<128, 4, at::native::ReduceOp<c10::BFloat16, at::native::NormTwoOps<c10::BFloat16, float, c10::BFloat16>, unsigned int, c10::BFloat16, 4, 4> >(at::native::ReduceOp<c10::BFloat16, at::native::NormTwoOps<c10::BFloat16, float, c10::BFloat16>, unsigned int, c10::BFloat16, 4, 4>)",16,operator_shape_matched,"[[6,640,34,46],[],[],[],[]]","[""c10::BFloat16"",""Scalar"",""ScalarList"",""Scalar"",""""]",null,25,406.274
null,aten::linalg_vector_norm,"void at::native::reduce_kernel<128, 4, at::native::ReduceOp<c10::BFloat16, at::native::NormTwoOps<c10::BFloat16, float, c10::BFloat16>, unsigned int, c10::BFloat16, 4, 4> >(at::native::ReduceOp<c10::BFloat16, at::native::NormTwoOps<c10::BFloat16, float, c10::BFloat16>, unsigned int, c10::BFloat16, 4, 4>)",17,operator_shape_matched,"[[1,512,1,136,184],[],[],[],[]]","[""c10::BFloat16"",""Scalar"",""ScalarList"",""Scalar"",""""]",null,20,361.861
null,aten::linalg_vector_norm,"void at::native::reduce_kernel<128, 4, at::native::ReduceOp<c10::BFloat16, at::native::NormTwoOps<c10::BFloat16, float, c10::BFloat16>, unsigned int, c10::BFloat16, 4, 4> >(at::native::ReduceOp<c10::BFloat16, at::native::NormTwoOps<c10::BFloat16, float, c10::BFloat16>, unsigned int, c10::BFloat16, 4, 4>)",18,operator_shape_matched,"[[1,1024,1,68,92],[],[],[],[]]","[""c10::BFloat16"",""Scalar"",""ScalarList"",""Scalar"",""""]",null,24,321.698
null,aten::linalg_vector_norm,"void at::native::reduce_kernel<128, 4, at::native::ReduceOp<c10::BFloat16, at::native::NormTwoOps<c10::BFloat16, float, c10::BFloat16>, unsigned int, c10::BFloat16, 4, 4> >(at::native::ReduceOp<c10::BFloat16, at::native::NormTwoOps<c10::BFloat16, float, c10::BFloat16>, unsigned int, c10::BFloat16, 4, 4>)",19,operator_shape_matched,"[[1,160,1,272,368],[],[],[],[]]","[""c10::BFloat16"",""Scalar"",""ScalarList"",""Scalar"",""""]",null,16,225.505
null,aten::linalg_vector_norm,"void at::native::reduce_kernel<128, 4, at::native::ReduceOp<c10::BFloat16, at::native::NormTwoOps<c10::BFloat16, float, c10::BFloat16>, unsigned int, c10::BFloat16, 4, 4> >(at::native::ReduceOp<c10::BFloat16, at::native::NormTwoOps<c10::BFloat16, float, c10::BFloat16>, unsigned int, c10::BFloat16, 4, 4>)",20,operator_shape_matched,"[[1,640,1,68,92],[],[],[],[]]","[""c10::BFloat16"",""Scalar"",""ScalarList"",""Scalar"",""""]",null,12,193.251
null,aten::linalg_vector_norm,"void at::native::reduce_kernel<128, 4, at::native::ReduceOp<c10::BFloat16, at::native::NormTwoOps<c10::BFloat16, float, c10::BFloat16>, unsigned int, c10::BFloat16, 4, 4> >(at::native::ReduceOp<c10::BFloat16, at::native::NormTwoOps<c10::BFloat16, float, c10::BFloat16>, unsigned int, c10::BFloat16, 4, 4>)",21,operator_shape_matched,"[[1,512,1,272,368],[],[],[],[]]","[""c10::BFloat16"",""Scalar"",""ScalarList"",""Scalar"",""""]",null,4,187.426
null,aten::linalg_vector_norm,"void at::native::reduce_kernel<128, 4, at::native::ReduceOp<c10::BFloat16, at::native::NormTwoOps<c10::BFloat16, float, c10::BFloat16>, unsigned int, c10::BFloat16, 4, 4> >(at::native::ReduceOp<c10::BFloat16, at::native::NormTwoOps<c10::BFloat16, float, c10::BFloat16>, unsigned int, c10::BFloat16, 4, 4>)",22,operator_shape_matched,"[[1,1024,1,136,184],[],[],[],[]]","[""c10::BFloat16"",""Scalar"",""ScalarList"",""Scalar"",""""]",null,4,142.849
null,aten::linalg_vector_norm,"void at::native::reduce_kernel<128, 4, at::native::ReduceOp<c10::BFloat16, at::native::NormTwoOps<c10::BFloat16, float, c10::BFloat16>, unsigned int, c10::BFloat16, 4, 4> >(at::native::ReduceOp<c10::BFloat16, at::native::NormTwoOps<c10::BFloat16, float, c10::BFloat16>, unsigned int, c10::BFloat16, 4, 4>)",23,operator_shape_matched,"[[1,320,1,136,184],[],[],[],[]]","[""c10::BFloat16"",""Scalar"",""ScalarList"",""Scalar"",""""]",null,12,139.747
null,aten::linalg_vector_norm,"void at::native::reduce_kernel<128, 4, at::native::ReduceOp<c10::BFloat16, at::native::NormTwoOps<c10::BFloat16, float, c10::BFloat16>, unsigned int, c10::BFloat16, 4, 4> >(at::native::ReduceOp<c10::BFloat16, at::native::NormTwoOps<c10::BFloat16, float, c10::BFloat16>, unsigned int, c10::BFloat16, 4, 4>)",24,operator_shape_matched,"[[1,640,34,46],[],[],[],[]]","[""c10::BFloat16"",""Scalar"",""ScalarList"",""Scalar"",""""]",null,4,62.528
null,aten::linalg_vector_norm,"void at::native::reduce_kernel<128, 4, at::native::ReduceOp<c10::BFloat16, at::native::NormTwoOps<c10::BFloat16, float, c10::BFloat16>, unsigned int, c10::BFloat16, 4, 4> >(at::native::ReduceOp<c10::BFloat16, at::native::NormTwoOps<c10::BFloat16, float, c10::BFloat16>, unsigned int, c10::BFloat16, 4, 4>)",25,operator_shape_matched,"[[1,320,1,68,92],[],[],[],[]]","[""c10::BFloat16"",""Scalar"",""ScalarList"",""Scalar"",""""]",null,4,41.536
null,aten::linalg_vector_norm,"void at::native::reduce_kernel<128, 4, at::native::ReduceOp<c10::BFloat16, at::native::NormTwoOps<c10::BFloat16, float, c10::BFloat16>, unsigned int, c10::BFloat16, 4, 4> >(at::native::ReduceOp<c10::BFloat16, at::native::NormTwoOps<c10::BFloat16, float, c10::BFloat16>, unsigned int, c10::BFloat16, 4, 4>)",26,operator_shape_matched,"[[1,160,1,136,184],[],[],[],[]]","[""c10::BFloat16"",""Scalar"",""ScalarList"",""Scalar"",""""]",null,4,39.36
null,aten::lt,"void at::native::vectorized_elementwise_kernel<4, at::native::compare_scalar_kernel<long>(at::TensorIteratorBase&, at::native::(anonymous namespace)::OpType, long)::{lambda(long)#1}, std::array<char*, 2ul> >(int, at::native::compare_scalar_kernel<long>(at::TensorIteratorBase&, at::native::(anonymous namespace)::OpType, long)::{lambda(long)#1}, std::array<char*, 2ul>)",1,operator_shape_matched,"[[55131],[]]","[""long int"",""Scalar""]",null,100,148.954
null,aten::lt,"void at::native::vectorized_elementwise_kernel<4, at::native::compare_scalar_kernel<long>(at::TensorIteratorBase&, at::native::(anonymous namespace)::OpType, long)::{lambda(long)#1}, std::array<char*, 2ul> >(int, at::native::compare_scalar_kernel<long>(at::TensorIteratorBase&, at::native::(anonymous namespace)::OpType, long)::{lambda(long)#1}, std::array<char*, 2ul>)",2,operator_shape_matched,"[[918],[]]","[""long int"",""Scalar""]",null,50,83.557
null,aten::lt,"void at::native::vectorized_elementwise_kernel<4, at::native::compare_scalar_kernel<long>(at::TensorIteratorBase&, at::native::(anonymous namespace)::OpType, long)::{lambda(long)#1}, std::array<char*, 2ul> >(int, at::native::compare_scalar_kernel<long>(at::TensorIteratorBase&, at::native::(anonymous namespace)::OpType, long)::{lambda(long)#1}, std::array<char*, 2ul>)",3,operator_shape_matched,"[[11372],[]]","[""long int"",""Scalar""]",null,50,71.776
null,aten::mean,"void at::native::reduce_kernel<128, 4, at::native::ReduceOp<c10::BFloat16, at::native::MeanOps<c10::BFloat16, float, float, c10::BFloat16>, unsigned int, c10::BFloat16, 4, 8> >(at::native::ReduceOp<c10::BFloat16, at::native::MeanOps<c10::BFloat16, float, float, c10::BFloat16>, unsigned int, c10::BFloat16, 4, 8>)",1,operator_shape_matched,"[[1,160,4,24,136,184],[],[],[]]","[""c10::BFloat16"",""ScalarList"",""Scalar"",""""]",null,25,11074.771
null,aten::mean,"void at::native::reduce_kernel<128, 4, at::native::ReduceOp<c10::BFloat16, at::native::MeanOps<c10::BFloat16, float, float, c10::BFloat16>, unsigned int, c10::BFloat16, 4, 8> >(at::native::ReduceOp<c10::BFloat16, at::native::MeanOps<c10::BFloat16, float, float, c10::BFloat16>, unsigned int, c10::BFloat16, 4, 8>)",2,operator_shape_matched,"[[1,320,4,12,68,92],[],[],[]]","[""c10::BFloat16"",""ScalarList"",""Scalar"",""""]",null,25,2940.385
null,aten::mean,"void at::native::reduce_kernel<128, 4, at::native::ReduceOp<c10::BFloat16, at::native::MeanOps<c10::BFloat16, float, float, c10::BFloat16>, unsigned int, c10::BFloat16, 4, 8> >(at::native::ReduceOp<c10::BFloat16, at::native::MeanOps<c10::BFloat16, float, float, c10::BFloat16>, unsigned int, c10::BFloat16, 4, 8>)",3,operator_shape_matched,"[[1,640,4,6,34,46],[],[],[]]","[""c10::BFloat16"",""ScalarList"",""Scalar"",""""]",null,25,879.85
null,aten::mean,"void at::native::reduce_kernel<128, 4, at::native::ReduceOp<c10::BFloat16, at::native::MeanOps<c10::BFloat16, float, float, c10::BFloat16>, unsigned int, c10::BFloat16, 4, 8> >(at::native::ReduceOp<c10::BFloat16, at::native::MeanOps<c10::BFloat16, float, float, c10::BFloat16>, unsigned int, c10::BFloat16, 4, 8>)",4,operator_shape_matched,"[[1,640,1,6,34,46],[],[],[]]","[""c10::BFloat16"",""ScalarList"",""Scalar"",""""]",null,25,586.061
null,aten::mean,"void at::native::reduce_kernel<128, 4, at::native::ReduceOp<c10::BFloat16, at::native::MeanOps<c10::BFloat16, float, float, c10::BFloat16>, unsigned int, c10::BFloat16, 4, 8> >(at::native::ReduceOp<c10::BFloat16, at::native::MeanOps<c10::BFloat16, float, float, c10::BFloat16>, unsigned int, c10::BFloat16, 4, 8>)",5,operator_shape_matched,"[[1,160,4,1,136,184],[],[],[]]","[""c10::BFloat16"",""ScalarList"",""Scalar"",""""]",null,4,101.571
null,aten::mean,"void at::native::reduce_kernel<128, 4, at::native::ReduceOp<c10::BFloat16, at::native::MeanOps<c10::BFloat16, float, float, c10::BFloat16>, unsigned int, c10::BFloat16, 4, 8> >(at::native::ReduceOp<c10::BFloat16, at::native::MeanOps<c10::BFloat16, float, float, c10::BFloat16>, unsigned int, c10::BFloat16, 4, 8>)",6,operator_shape_matched,"[[1,320,4,1,68,92],[],[],[]]","[""c10::BFloat16"",""ScalarList"",""Scalar"",""""]",null,4,54.624
null,aten::mean,"void at::native::reduce_kernel<128, 4, at::native::ReduceOp<c10::BFloat16, at::native::MeanOps<c10::BFloat16, float, float, c10::BFloat16>, unsigned int, c10::BFloat16, 4, 8> >(at::native::ReduceOp<c10::BFloat16, at::native::MeanOps<c10::BFloat16, float, float, c10::BFloat16>, unsigned int, c10::BFloat16, 4, 8>)",7,operator_shape_matched,"[[1,640,4,1,34,46],[],[],[]]","[""c10::BFloat16"",""ScalarList"",""Scalar"",""""]",null,4,39.81
null,aten::mean,"void at::native::reduce_kernel<128, 4, at::native::ReduceOp<c10::BFloat16, at::native::MeanOps<c10::BFloat16, float, float, c10::BFloat16>, unsigned int, c10::BFloat16, 4, 8> >(at::native::ReduceOp<c10::BFloat16, at::native::MeanOps<c10::BFloat16, float, float, c10::BFloat16>, unsigned int, c10::BFloat16, 4, 8>)",8,operator_shape_matched,"[[1,640,1,1,34,46],[],[],[]]","[""c10::BFloat16"",""ScalarList"",""Scalar"",""""]",null,4,33.151
null,aten::mean,"void at::native::reduce_kernel<512, 1, at::native::ReduceOp<float, at::native::MeanOps<float, float, float, float>, unsigned int, float, 4, 4> >(at::native::ReduceOp<float, at::native::MeanOps<float, float, float, float>, unsigned int, float, 4, 4>)",1,operator_shape_matched,"[[55131,4096],[],[],[]]","[""float"",""ScalarList"",""Scalar"",""""]",null,100,29847.44
null,aten::mean,"void at::native::reduce_kernel<512, 1, at::native::ReduceOp<float, at::native::MeanOps<float, float, float, float>, unsigned int, float, 4, 4> >(at::native::ReduceOp<float, at::native::MeanOps<float, float, float, float>, unsigned int, float, 4, 4>)",2,operator_shape_matched,"[[11372,4096],[],[],[]]","[""float"",""ScalarList"",""Scalar"",""""]",null,50,3800.197
null,aten::mean,"void at::native::reduce_kernel<512, 1, at::native::ReduceOp<float, at::native::MeanOps<float, float, float, float>, unsigned int, float, 4, 4> >(at::native::ReduceOp<float, at::native::MeanOps<float, float, float, float>, unsigned int, float, 4, 4>)",3,operator_shape_matched,"[[918,4096],[],[],[]]","[""float"",""ScalarList"",""Scalar"",""""]",null,50,551.62
null,aten::mm,nvjet_sm90_tst_128x232_64x4_2x1_v_bz_coopA_TNT,1,operator_shape_matched,"[[918,4096],[4096,12288],[918,12288]]","[""c10::BFloat16"",""c10::BFloat16"",""c10::BFloat16""]",null,3600,677615.425
null,aten::mm,nvjet_sm90_tst_128x232_64x4_2x1_v_bz_coopA_TNT,2,operator_shape_matched,"[[918,12288],[12288,4096],[918,4096]]","[""c10::BFloat16"",""c10::BFloat16"",""c10::BFloat16""]",null,1800,390052.104
null,aten::mm,nvjet_sm90_tst_128x232_64x4_2x1_v_bz_coopA_TNT,3,operator_shape_matched,"[[918,4096],[4096,4096],[918,4096]]","[""c10::BFloat16"",""c10::BFloat16"",""c10::BFloat16""]",null,3600,335180.885
null,aten::mm,nvjet_sm90_tst_128x240_64x4_2x1_v_bz_coopA_TNT,1,operator_shape_matched,"[[11372,4096],[4096,1024],[11372,1024]]","[""c10::BFloat16"",""c10::BFloat16"",""c10::BFloat16""]",null,3600,726606.877
null,aten::mm,nvjet_sm90_tst_128x64_64x8_4x1_v_bz_TNT,1,operator_shape_matched,"[[918,4096],[4096,1024],[918,1024]]","[""c10::BFloat16"",""c10::BFloat16"",""c10::BFloat16""]",null,3600,101146.836
null,aten::mm,nvjet_sm90_tst_192x208_64x4_2x1_v_bz_coopB_TNT,1,operator_shape_matched,"[[55131,4096],[4096,12288],[55131,12288]]","[""c10::BFloat16"",""c10::BFloat16"",""c10::BFloat16""]",null,7200,56762415.373
null,aten::mm,nvjet_sm90_tst_192x208_64x4_2x1_v_bz_coopB_TNT,2,operator_shape_matched,"[[11372,4096],[4096,12288],[11372,12288]]","[""c10::BFloat16"",""c10::BFloat16"",""c10::BFloat16""]",null,3600,6047377.415
null,aten::mm,nvjet_sm90_tst_192x208_64x4_2x1_v_bz_coopB_TNT,3,operator_shape_matched,"[[11364,4096],[4096,151936]]","[""c10::BFloat16"",""c10::BFloat16""]",null,50,918623.884
null,aten::mm,nvjet_sm90_tst_256x152_64x4_1x2_h_bz_coopA_TNT,1,operator_shape_matched,"[[910,4096],[4096,151936]]","[""c10::BFloat16"",""c10::BFloat16""]",null,50,73324.485
null,aten::mm,nvjet_sm90_tst_256x152_64x4_2x1_v_bz_coopA_TNT,1,operator_shape_matched,"[[55131,4096],[4096,1024],[55131,1024]]","[""c10::BFloat16"",""c10::BFloat16"",""c10::BFloat16""]",null,7200,5321842.733
null,aten::mm,nvjet_sm90_tst_256x160_64x4_1x2_h_bz_coopA_TNT,1,operator_shape_matched,"[[55131,12288],[12288,4096],[55131,4096]]","[""c10::BFloat16"",""c10::BFloat16"",""c10::BFloat16""]",null,3600,28982175.128
null,aten::mm,nvjet_sm90_tst_256x160_64x4_1x2_h_bz_coopA_TNT,2,operator_shape_matched,"[[55131,4096],[4096,4096],[55131,4096]]","[""c10::BFloat16"",""c10::BFloat16"",""c10::BFloat16""]",null,7200,19298739.32
null,aten::mm,nvjet_sm90_tst_256x160_64x4_1x2_h_bz_coopA_TNT,3,operator_shape_matched,"[[11372,12288],[12288,4096],[11372,4096]]","[""c10::BFloat16"",""c10::BFloat16"",""c10::BFloat16""]",null,1800,3188923.306
null,aten::mm,nvjet_sm90_tst_256x160_64x4_1x2_h_bz_coopA_TNT,4,operator_shape_matched,"[[11372,4096],[4096,4096],[11372,4096]]","[""c10::BFloat16"",""c10::BFloat16"",""c10::BFloat16""]",null,3600,2219884.823
null,aten::mul,"void at::native::elementwise_kernel<128, 2, at::native::gpu_kernel_impl_nocast<at::native::BinaryFunctor<float, float, float, at::native::binary_internal::MulFunctor<float> > >(at::TensorIteratorBase&, at::native::BinaryFunctor<float, float, float, at::native::binary_internal::MulFunctor<float> > const&)::{lambda(int)#1}>(int, at::native::gpu_kernel_impl_nocast<at::native::BinaryFunctor<float, float, float, at::native::binary_internal::MulFunctor<float> > >(at::TensorIteratorBase&, at::native::BinaryFunctor<float, float, float, at::native::binary_internal::MulFunctor<float> > const&)::{lambda(int)#1})",1,operator_shape_matched,"[[55131,4096],[55131,1]]","[""float"",""float""]",null,100,81711.322
null,aten::mul,"void at::native::elementwise_kernel<128, 2, at::native::gpu_kernel_impl_nocast<at::native::BinaryFunctor<float, float, float, at::native::binary_internal::MulFunctor<float> > >(at::TensorIteratorBase&, at::native::BinaryFunctor<float, float, float, at::native::binary_internal::MulFunctor<float> > const&)::{lambda(int)#1}>(int, at::native::gpu_kernel_impl_nocast<at::native::BinaryFunctor<float, float, float, at::native::binary_internal::MulFunctor<float> > >(at::TensorIteratorBase&, at::native::BinaryFunctor<float, float, float, at::native::binary_internal::MulFunctor<float> > const&)::{lambda(int)#1})",2,operator_shape_matched,"[[11372,4096],[11372,1]]","[""float"",""float""]",null,50,8470.49
null,aten::mul,"void at::native::elementwise_kernel<128, 2, at::native::gpu_kernel_impl_nocast<at::native::BinaryFunctor<float, float, float, at::native::binary_internal::MulFunctor<float> > >(at::TensorIteratorBase&, at::native::BinaryFunctor<float, float, float, at::native::binary_internal::MulFunctor<float> > const&)::{lambda(int)#1}>(int, at::native::gpu_kernel_impl_nocast<at::native::BinaryFunctor<float, float, float, at::native::binary_internal::MulFunctor<float> > >(at::TensorIteratorBase&, at::native::BinaryFunctor<float, float, float, at::native::binary_internal::MulFunctor<float> > const&)::{lambda(int)#1})",3,operator_shape_matched,"[[55131,1],[1,128]]","[""float"",""float""]",null,100,1963.444
null,aten::mul,"void at::native::elementwise_kernel<128, 2, at::native::gpu_kernel_impl_nocast<at::native::BinaryFunctor<float, float, float, at::native::binary_internal::MulFunctor<float> > >(at::TensorIteratorBase&, at::native::BinaryFunctor<float, float, float, at::native::binary_internal::MulFunctor<float> > const&)::{lambda(int)#1}>(int, at::native::gpu_kernel_impl_nocast<at::native::BinaryFunctor<float, float, float, at::native::binary_internal::MulFunctor<float> > >(at::TensorIteratorBase&, at::native::BinaryFunctor<float, float, float, at::native::binary_internal::MulFunctor<float> > const&)::{lambda(int)#1})",4,operator_shape_matched,"[[1,1,1],[1,3378240,1]]","[""float"",""float""]",null,96,1354.73
null,aten::mul,"void at::native::elementwise_kernel<128, 2, at::native::gpu_kernel_impl_nocast<at::native::BinaryFunctor<float, float, float, at::native::binary_internal::MulFunctor<float> > >(at::TensorIteratorBase&, at::native::BinaryFunctor<float, float, float, at::native::binary_internal::MulFunctor<float> > const&)::{lambda(int)#1}>(int, at::native::gpu_kernel_impl_nocast<at::native::BinaryFunctor<float, float, float, at::native::binary_internal::MulFunctor<float> > >(at::TensorIteratorBase&, at::native::BinaryFunctor<float, float, float, at::native::binary_internal::MulFunctor<float> > const&)::{lambda(int)#1})",5,operator_shape_matched,"[[1,1,1],[1,2927808,1]]","[""float"",""float""]",null,96,1194.444
null,aten::mul,"void at::native::elementwise_kernel<128, 2, at::native::gpu_kernel_impl_nocast<at::native::BinaryFunctor<float, float, float, at::native::binary_internal::MulFunctor<float> > >(at::TensorIteratorBase&, at::native::BinaryFunctor<float, float, float, at::native::binary_internal::MulFunctor<float> > const&)::{lambda(int)#1}>(int, at::native::gpu_kernel_impl_nocast<at::native::BinaryFunctor<float, float, float, at::native::binary_internal::MulFunctor<float> > >(at::TensorIteratorBase&, at::native::BinaryFunctor<float, float, float, at::native::binary_internal::MulFunctor<float> > const&)::{lambda(int)#1})",6,operator_shape_matched,"[[1,1,1],[1,2252160,1]]","[""float"",""float""]",null,96,925.651
null,aten::mul,"void at::native::elementwise_kernel<128, 2, at::native::gpu_kernel_impl_nocast<at::native::BinaryFunctor<float, float, float, at::native::binary_internal::MulFunctor<float> > >(at::TensorIteratorBase&, at::native::BinaryFunctor<float, float, float, at::native::binary_internal::MulFunctor<float> > const&)::{lambda(int)#1}>(int, at::native::gpu_kernel_impl_nocast<at::native::BinaryFunctor<float, float, float, at::native::binary_internal::MulFunctor<float> > >(at::TensorIteratorBase&, at::native::BinaryFunctor<float, float, float, at::native::binary_internal::MulFunctor<float> > const&)::{lambda(int)#1})",7,operator_shape_matched,"[[1,1,1],[1,2026944,1]]","[""float"",""float""]",null,96,845.993
null,aten::mul,"void at::native::elementwise_kernel<128, 2, at::native::gpu_kernel_impl_nocast<at::native::BinaryFunctor<float, float, float, at::native::binary_internal::MulFunctor<float> > >(at::TensorIteratorBase&, at::native::BinaryFunctor<float, float, float, at::native::binary_internal::MulFunctor<float> > const&)::{lambda(int)#1}>(int, at::native::gpu_kernel_impl_nocast<at::native::BinaryFunctor<float, float, float, at::native::binary_internal::MulFunctor<float> > >(at::TensorIteratorBase&, at::native::BinaryFunctor<float, float, float, at::native::binary_internal::MulFunctor<float> > const&)::{lambda(int)#1})",8,operator_shape_matched,"[[918,4096],[918,1]]","[""float"",""float""]",null,50,611.526
null,aten::mul,"void at::native::elementwise_kernel<128, 2, at::native::gpu_kernel_impl_nocast<at::native::BinaryFunctor<float, float, float, at::native::binary_internal::MulFunctor<float> > >(at::TensorIteratorBase&, at::native::BinaryFunctor<float, float, float, at::native::binary_internal::MulFunctor<float> > const&)::{lambda(int)#1}>(int, at::native::gpu_kernel_impl_nocast<at::native::BinaryFunctor<float, float, float, at::native::binary_internal::MulFunctor<float> > >(at::TensorIteratorBase&, at::native::BinaryFunctor<float, float, float, at::native::binary_internal::MulFunctor<float> > const&)::{lambda(int)#1})",9,operator_shape_matched,"[[],[1,3378240]]","[""float"",""float""]",null,49,499.205
null,aten::mul,"void at::native::elementwise_kernel<128, 2, at::native::gpu_kernel_impl_nocast<at::native::BinaryFunctor<float, float, float, at::native::binary_internal::MulFunctor<float> > >(at::TensorIteratorBase&, at::native::BinaryFunctor<float, float, float, at::native::binary_internal::MulFunctor<float> > const&)::{lambda(int)#1}>(int, at::native::gpu_kernel_impl_nocast<at::native::BinaryFunctor<float, float, float, at::native::binary_internal::MulFunctor<float> > >(at::TensorIteratorBase&, at::native::BinaryFunctor<float, float, float, at::native::binary_internal::MulFunctor<float> > const&)::{lambda(int)#1})",10,operator_shape_matched,"[[],[1,2927808]]","[""float"",""float""]",null,49,441.989
null,aten::mul,"void at::native::elementwise_kernel<128, 2, at::native::gpu_kernel_impl_nocast<at::native::BinaryFunctor<float, float, float, at::native::binary_internal::MulFunctor<float> > >(at::TensorIteratorBase&, at::native::BinaryFunctor<float, float, float, at::native::binary_internal::MulFunctor<float> > const&)::{lambda(int)#1}>(int, at::native::gpu_kernel_impl_nocast<at::native::BinaryFunctor<float, float, float, at::native::binary_internal::MulFunctor<float> > >(at::TensorIteratorBase&, at::native::BinaryFunctor<float, float, float, at::native::binary_internal::MulFunctor<float> > const&)::{lambda(int)#1})",11,operator_shape_matched,"[[],[1,2252160]]","[""float"",""float""]",null,49,362.436
null,aten::mul,"void at::native::elementwise_kernel<128, 2, at::native::gpu_kernel_impl_nocast<at::native::BinaryFunctor<float, float, float, at::native::binary_internal::MulFunctor<float> > >(at::TensorIteratorBase&, at::native::BinaryFunctor<float, float, float, at::native::binary_internal::MulFunctor<float> > const&)::{lambda(int)#1}>(int, at::native::gpu_kernel_impl_nocast<at::native::BinaryFunctor<float, float, float, at::native::binary_internal::MulFunctor<float> > >(at::TensorIteratorBase&, at::native::BinaryFunctor<float, float, float, at::native::binary_internal::MulFunctor<float> > const&)::{lambda(int)#1})",12,operator_shape_matched,"[[],[1,2026944]]","[""float"",""float""]",null,49,335.52
null,aten::mul,"void at::native::elementwise_kernel<128, 2, at::native::gpu_kernel_impl_nocast<at::native::BinaryFunctor<float, float, float, at::native::binary_internal::MulFunctor<float> > >(at::TensorIteratorBase&, at::native::BinaryFunctor<float, float, float, at::native::binary_internal::MulFunctor<float> > const&)::{lambda(int)#1}>(int, at::native::gpu_kernel_impl_nocast<at::native::BinaryFunctor<float, float, float, at::native::binary_internal::MulFunctor<float> > >(at::TensorIteratorBase&, at::native::BinaryFunctor<float, float, float, at::native::binary_internal::MulFunctor<float> > const&)::{lambda(int)#1})",13,operator_shape_matched,"[[45,1,1],[1,48,45,34,46]]","[""float"",""float""]",null,3,39.904
null,aten::mul,"void at::native::elementwise_kernel<128, 2, at::native::gpu_kernel_impl_nocast<at::native::BinaryFunctor<float, float, float, at::native::binary_internal::MulFunctor<float> > >(at::TensorIteratorBase&, at::native::BinaryFunctor<float, float, float, at::native::binary_internal::MulFunctor<float> > const&)::{lambda(int)#1}>(int, at::native::gpu_kernel_impl_nocast<at::native::BinaryFunctor<float, float, float, at::native::binary_internal::MulFunctor<float> > >(at::TensorIteratorBase&, at::native::BinaryFunctor<float, float, float, at::native::binary_internal::MulFunctor<float> > const&)::{lambda(int)#1})",14,operator_shape_matched,"[[39,1,1],[1,48,39,34,46]]","[""float"",""float""]",null,3,34.816
null,aten::mul,"void at::native::elementwise_kernel<128, 2, at::native::gpu_kernel_impl_nocast<at::native::BinaryFunctor<float, float, float, at::native::binary_internal::MulFunctor<float> > >(at::TensorIteratorBase&, at::native::BinaryFunctor<float, float, float, at::native::binary_internal::MulFunctor<float> > const&)::{lambda(int)#1}>(int, at::native::gpu_kernel_impl_nocast<at::native::BinaryFunctor<float, float, float, at::native::binary_internal::MulFunctor<float> > >(at::TensorIteratorBase&, at::native::BinaryFunctor<float, float, float, at::native::binary_internal::MulFunctor<float> > const&)::{lambda(int)#1})",15,operator_shape_matched,"[[30,1,1],[1,48,30,34,46]]","[""float"",""float""]",null,3,27.393
null,aten::mul,"void at::native::elementwise_kernel<128, 2, at::native::gpu_kernel_impl_nocast<at::native::BinaryFunctor<float, float, float, at::native::binary_internal::MulFunctor<float> > >(at::TensorIteratorBase&, at::native::BinaryFunctor<float, float, float, at::native::binary_internal::MulFunctor<float> > const&)::{lambda(int)#1}>(int, at::native::gpu_kernel_impl_nocast<at::native::BinaryFunctor<float, float, float, at::native::binary_internal::MulFunctor<float> > >(at::TensorIteratorBase&, at::native::BinaryFunctor<float, float, float, at::native::binary_internal::MulFunctor<float> > const&)::{lambda(int)#1})",16,operator_shape_matched,"[[27,1,1],[1,48,27,34,46]]","[""float"",""float""]",null,3,26.112
null,aten::mul,"void at::native::elementwise_kernel<128, 4, at::native::gpu_kernel_impl_nocast<at::native::BinaryFunctor<c10::BFloat16, c10::BFloat16, c10::BFloat16, at::native::binary_internal::MulFunctor<float> > >(at::TensorIteratorBase&, at::native::BinaryFunctor<c10::BFloat16, c10::BFloat16, c10::BFloat16, at::native::binary_internal::MulFunctor<float> > const&)::{lambda(int)#1}>(int, at::native::gpu_kernel_impl_nocast<at::native::BinaryFunctor<c10::BFloat16, c10::BFloat16, c10::BFloat16, at::native::binary_internal::MulFunctor<float> > >(at::TensorIteratorBase&, at::native::BinaryFunctor<c10::BFloat16, c10::BFloat16, c10::BFloat16, at::native::binary_internal::MulFunctor<float> > const&)::{lambda(int)#1})",1,operator_shape_matched,"[[1,256,4,272,368],[256,1,1,1]]","[""c10::BFloat16"",""c10::BFloat16""]",null,822,230024.986
null,aten::mul,"void at::native::elementwise_kernel<128, 4, at::native::gpu_kernel_impl_nocast<at::native::BinaryFunctor<c10::BFloat16, c10::BFloat16, c10::BFloat16, at::native::binary_internal::MulFunctor<float> > >(at::TensorIteratorBase&, at::native::BinaryFunctor<c10::BFloat16, c10::BFloat16, c10::BFloat16, at::native::binary_internal::MulFunctor<float> > const&)::{lambda(int)#1}>(int, at::native::gpu_kernel_impl_nocast<at::native::BinaryFunctor<c10::BFloat16, c10::BFloat16, c10::BFloat16, at::native::binary_internal::MulFunctor<float> > >(at::TensorIteratorBase&, at::native::BinaryFunctor<c10::BFloat16, c10::BFloat16, c10::BFloat16, at::native::binary_internal::MulFunctor<float> > const&)::{lambda(int)#1})",2,operator_shape_matched,"[[1,160,24,272,368],[160,1,1,1]]","[""c10::BFloat16"",""c10::BFloat16""]",null,100,102398.342
null,aten::mul,"void at::native::elementwise_kernel<128, 4, at::native::gpu_kernel_impl_nocast<at::native::BinaryFunctor<c10::BFloat16, c10::BFloat16, c10::BFloat16, at::native::binary_internal::MulFunctor<float> > >(at::TensorIteratorBase&, at::native::BinaryFunctor<c10::BFloat16, c10::BFloat16, c10::BFloat16, at::native::binary_internal::MulFunctor<float> > const&)::{lambda(int)#1}>(int, at::native::gpu_kernel_impl_nocast<at::native::BinaryFunctor<c10::BFloat16, c10::BFloat16, c10::BFloat16, at::native::binary_internal::MulFunctor<float> > >(at::TensorIteratorBase&, at::native::BinaryFunctor<c10::BFloat16, c10::BFloat16, c10::BFloat16, at::native::binary_internal::MulFunctor<float> > const&)::{lambda(int)#1})",3,operator_shape_matched,"[[1,512,4,136,184],[512,1,1,1]]","[""c10::BFloat16"",""c10::BFloat16""]",null,685,96744.25
null,aten::mul,"void at::native::elementwise_kernel<128, 4, at::native::gpu_kernel_impl_nocast<at::native::BinaryFunctor<c10::BFloat16, c10::BFloat16, c10::BFloat16, at::native::binary_internal::MulFunctor<float> > >(at::TensorIteratorBase&, at::native::BinaryFunctor<c10::BFloat16, c10::BFloat16, c10::BFloat16, at::native::binary_internal::MulFunctor<float> > const&)::{lambda(int)#1}>(int, at::native::gpu_kernel_impl_nocast<at::native::BinaryFunctor<c10::BFloat16, c10::BFloat16, c10::BFloat16, at::native::binary_internal::MulFunctor<float> > >(at::TensorIteratorBase&, at::native::BinaryFunctor<c10::BFloat16, c10::BFloat16, c10::BFloat16, at::native::binary_internal::MulFunctor<float> > const&)::{lambda(int)#1})",4,operator_shape_matched,"[[1,512,4,272,368],[512,1,1,1]]","[""c10::BFloat16"",""c10::BFloat16""]",null,137,84409.151
null,aten::mul,"void at::native::elementwise_kernel<128, 4, at::native::gpu_kernel_impl_nocast<at::native::BinaryFunctor<c10::BFloat16, c10::BFloat16, c10::BFloat16, at::native::binary_internal::MulFunctor<float> > >(at::TensorIteratorBase&, at::native::BinaryFunctor<c10::BFloat16, c10::BFloat16, c10::BFloat16, at::native::binary_internal::MulFunctor<float> > const&)::{lambda(int)#1}>(int, at::native::gpu_kernel_impl_nocast<at::native::BinaryFunctor<c10::BFloat16, c10::BFloat16, c10::BFloat16, at::native::binary_internal::MulFunctor<float> > >(at::TensorIteratorBase&, at::native::BinaryFunctor<c10::BFloat16, c10::BFloat16, c10::BFloat16, at::native::binary_internal::MulFunctor<float> > const&)::{lambda(int)#1})",5,operator_shape_matched,"[[4096],[55131,4096]]","[""c10::BFloat16"",""c10::BFloat16""]",null,100,66454.975
null,aten::mul,"void at::native::elementwise_kernel<128, 4, at::native::gpu_kernel_impl_nocast<at::native::BinaryFunctor<c10::BFloat16, c10::BFloat16, c10::BFloat16, at::native::binary_internal::MulFunctor<float> > >(at::TensorIteratorBase&, at::native::BinaryFunctor<c10::BFloat16, c10::BFloat16, c10::BFloat16, at::native::binary_internal::MulFunctor<float> > const&)::{lambda(int)#1}>(int, at::native::gpu_kernel_impl_nocast<at::native::BinaryFunctor<c10::BFloat16, c10::BFloat16, c10::BFloat16, at::native::binary_internal::MulFunctor<float> > >(at::TensorIteratorBase&, at::native::BinaryFunctor<c10::BFloat16, c10::BFloat16, c10::BFloat16, at::native::binary_internal::MulFunctor<float> > const&)::{lambda(int)#1})",6,operator_shape_matched,"[[1,1024,4,136,184],[1024,1,1,1]]","[""c10::BFloat16"",""c10::BFloat16""]",null,137,41867.593
null,aten::mul,"void at::native::elementwise_kernel<128, 4, at::native::gpu_kernel_impl_nocast<at::native::BinaryFunctor<c10::BFloat16, c10::BFloat16, c10::BFloat16, at::native::binary_internal::MulFunctor<float> > >(at::TensorIteratorBase&, at::native::BinaryFunctor<c10::BFloat16, c10::BFloat16, c10::BFloat16, at::native::binary_internal::MulFunctor<float> > const&)::{lambda(int)#1}>(int, at::native::gpu_kernel_impl_nocast<at::native::BinaryFunctor<c10::BFloat16, c10::BFloat16, c10::BFloat16, at::native::binary_internal::MulFunctor<float> > >(at::TensorIteratorBase&, at::native::BinaryFunctor<c10::BFloat16, c10::BFloat16, c10::BFloat16, at::native::binary_internal::MulFunctor<float> > const&)::{lambda(int)#1})",7,operator_shape_matched,"[[1,320,24,136,184],[320,1,1,1]]","[""c10::BFloat16"",""c10::BFloat16""]",null,75,38553.059
null,aten::mul,"void at::native::elementwise_kernel<128, 4, at::native::gpu_kernel_impl_nocast<at::native::BinaryFunctor<c10::BFloat16, c10::BFloat16, c10::BFloat16, at::native::binary_internal::MulFunctor<float> > >(at::TensorIteratorBase&, at::native::BinaryFunctor<c10::BFloat16, c10::BFloat16, c10::BFloat16, at::native::binary_internal::MulFunctor<float> > const&)::{lambda(int)#1}>(int, at::native::gpu_kernel_impl_nocast<at::native::BinaryFunctor<c10::BFloat16, c10::BFloat16, c10::BFloat16, at::native::binary_internal::MulFunctor<float> > >(at::TensorIteratorBase&, at::native::BinaryFunctor<c10::BFloat16, c10::BFloat16, c10::BFloat16, at::native::binary_internal::MulFunctor<float> > const&)::{lambda(int)#1})",8,operator_shape_matched,"[[1,1024,2,68,92],[1024,1,1,1]]","[""c10::BFloat16"",""c10::BFloat16""]",null,822,31196.141
null,aten::mul,"void at::native::elementwise_kernel<128, 4, at::native::gpu_kernel_impl_nocast<at::native::BinaryFunctor<c10::BFloat16, c10::BFloat16, c10::BFloat16, at::native::binary_internal::MulFunctor<float> > >(at::TensorIteratorBase&, at::native::BinaryFunctor<c10::BFloat16, c10::BFloat16, c10::BFloat16, at::native::binary_internal::MulFunctor<float> > const&)::{lambda(int)#1}>(int, at::native::gpu_kernel_impl_nocast<at::native::BinaryFunctor<c10::BFloat16, c10::BFloat16, c10::BFloat16, at::native::binary_internal::MulFunctor<float> > >(at::TensorIteratorBase&, at::native::BinaryFunctor<c10::BFloat16, c10::BFloat16, c10::BFloat16, at::native::binary_internal::MulFunctor<float> > const&)::{lambda(int)#1})",9,operator_shape_matched,"[[1,640,12,68,92],[640,1,1,1]]","[""c10::BFloat16"",""c10::BFloat16""]",null,75,9885.186
null,aten::mul,"void at::native::elementwise_kernel<128, 4, at::native::gpu_kernel_impl_nocast<at::native::BinaryFunctor<c10::BFloat16, c10::BFloat16, c10::BFloat16, at::native::binary_internal::MulFunctor<float> > >(at::TensorIteratorBase&, at::native::BinaryFunctor<c10::BFloat16, c10::BFloat16, c10::BFloat16, at::native::binary_internal::MulFunctor<float> > const&)::{lambda(int)#1}>(int, at::native::gpu_kernel_impl_nocast<at::native::BinaryFunctor<c10::BFloat16, c10::BFloat16, c10::BFloat16, at::native::binary_internal::MulFunctor<float> > >(at::TensorIteratorBase&, at::native::BinaryFunctor<c10::BFloat16, c10::BFloat16, c10::BFloat16, at::native::binary_internal::MulFunctor<float> > const&)::{lambda(int)#1})",10,operator_shape_matched,"[[1,1024,1,34,46],[1024,1,1,1]]","[""c10::BFloat16"",""c10::BFloat16""]",null,1410,8390.603
null,aten::mul,"void at::native::elementwise_kernel<128, 4, at::native::gpu_kernel_impl_nocast<at::native::BinaryFunctor<c10::BFloat16, c10::BFloat16, c10::BFloat16, at::native::binary_internal::MulFunctor<float> > >(at::TensorIteratorBase&, at::native::BinaryFunctor<c10::BFloat16, c10::BFloat16, c10::BFloat16, at::native::binary_internal::MulFunctor<float> > const&)::{lambda(int)#1}>(int, at::native::gpu_kernel_impl_nocast<at::native::BinaryFunctor<c10::BFloat16, c10::BFloat16, c10::BFloat16, at::native::binary_internal::MulFunctor<float> > >(at::TensorIteratorBase&, at::native::BinaryFunctor<c10::BFloat16, c10::BFloat16, c10::BFloat16, at::native::binary_internal::MulFunctor<float> > const&)::{lambda(int)#1})",11,operator_shape_matched,"[[1,160,24,136,184],[160,1,1,1]]","[""c10::BFloat16"",""c10::BFloat16""]",null,25,7116.643
null,aten::mul,"void at::native::elementwise_kernel<128, 4, at::native::gpu_kernel_impl_nocast<at::native::BinaryFunctor<c10::BFloat16, c10::BFloat16, c10::BFloat16, at::native::binary_internal::MulFunctor<float> > >(at::TensorIteratorBase&, at::native::BinaryFunctor<c10::BFloat16, c10::BFloat16, c10::BFloat16, at::native::binary_internal::MulFunctor<float> > const&)::{lambda(int)#1}>(int, at::native::gpu_kernel_impl_nocast<at::native::BinaryFunctor<c10::BFloat16, c10::BFloat16, c10::BFloat16, at::native::binary_internal::MulFunctor<float> > >(at::TensorIteratorBase&, at::native::BinaryFunctor<c10::BFloat16, c10::BFloat16, c10::BFloat16, at::native::binary_internal::MulFunctor<float> > const&)::{lambda(int)#1})",12,operator_shape_matched,"[[4096],[11372,4096]]","[""c10::BFloat16"",""c10::BFloat16""]",null,50,7080.197
null,aten::mul,"void at::native::elementwise_kernel<128, 4, at::native::gpu_kernel_impl_nocast<at::native::BinaryFunctor<c10::BFloat16, c10::BFloat16, c10::BFloat16, at::native::binary_internal::MulFunctor<float> > >(at::TensorIteratorBase&, at::native::BinaryFunctor<c10::BFloat16, c10::BFloat16, c10::BFloat16, at::native::binary_internal::MulFunctor<float> > const&)::{lambda(int)#1}>(int, at::native::gpu_kernel_impl_nocast<at::native::BinaryFunctor<c10::BFloat16, c10::BFloat16, c10::BFloat16, at::native::binary_internal::MulFunctor<float> > >(at::TensorIteratorBase&, at::native::BinaryFunctor<c10::BFloat16, c10::BFloat16, c10::BFloat16, at::native::binary_internal::MulFunctor<float> > const&)::{lambda(int)#1})",13,operator_shape_matched,"[[1,640,6,34,46],[640,1,1,1]]","[""c10::BFloat16"",""c10::BFloat16""]",null,225,3578.627
null,aten::mul,"void at::native::elementwise_kernel<128, 4, at::native::gpu_kernel_impl_nocast<at::native::BinaryFunctor<c10::BFloat16, c10::BFloat16, c10::BFloat16, at::native::binary_internal::MulFunctor<float> > >(at::TensorIteratorBase&, at::native::BinaryFunctor<c10::BFloat16, c10::BFloat16, c10::BFloat16, at::native::binary_internal::MulFunctor<float> > const&)::{lambda(int)#1}>(int, at::native::gpu_kernel_impl_nocast<at::native::BinaryFunctor<c10::BFloat16, c10::BFloat16, c10::BFloat16, at::native::binary_internal::MulFunctor<float> > >(at::TensorIteratorBase&, at::native::BinaryFunctor<c10::BFloat16, c10::BFloat16, c10::BFloat16, at::native::binary_internal::MulFunctor<float> > const&)::{lambda(int)#1})",14,operator_shape_matched,"[[1,256,1,272,368],[256,1,1,1]]","[""c10::BFloat16"",""c10::BFloat16""]",null,24,1789.395
null,aten::mul,"void at::native::elementwise_kernel<128, 4, at::native::gpu_kernel_impl_nocast<at::native::BinaryFunctor<c10::BFloat16, c10::BFloat16, c10::BFloat16, at::native::binary_internal::MulFunctor<float> > >(at::TensorIteratorBase&, at::native::BinaryFunctor<c10::BFloat16, c10::BFloat16, c10::BFloat16, at::native::binary_internal::MulFunctor<float> > const&)::{lambda(int)#1}>(int, at::native::gpu_kernel_impl_nocast<at::native::BinaryFunctor<c10::BFloat16, c10::BFloat16, c10::BFloat16, at::native::binary_internal::MulFunctor<float> > >(at::TensorIteratorBase&, at::native::BinaryFunctor<c10::BFloat16, c10::BFloat16, c10::BFloat16, at::native::binary_internal::MulFunctor<float> > const&)::{lambda(int)#1})",15,operator_shape_matched,"[[1,320,12,68,92],[320,1,1,1]]","[""c10::BFloat16"",""c10::BFloat16""]",null,25,1694.828
null,aten::mul,"void at::native::elementwise_kernel<128, 4, at::native::gpu_kernel_impl_nocast<at::native::BinaryFunctor<c10::BFloat16, c10::BFloat16, c10::BFloat16, at::native::binary_internal::MulFunctor<float> > >(at::TensorIteratorBase&, at::native::BinaryFunctor<c10::BFloat16, c10::BFloat16, c10::BFloat16, at::native::binary_internal::MulFunctor<float> > const&)::{lambda(int)#1}>(int, at::native::gpu_kernel_impl_nocast<at::native::BinaryFunctor<c10::BFloat16, c10::BFloat16, c10::BFloat16, at::native::binary_internal::MulFunctor<float> > >(at::TensorIteratorBase&, at::native::BinaryFunctor<c10::BFloat16, c10::BFloat16, c10::BFloat16, at::native::binary_internal::MulFunctor<float> > const&)::{lambda(int)#1})",16,operator_shape_matched,"[[1,48,45,34,46],[45,1,1]]","[""c10::BFloat16"",""c10::BFloat16""]",null,100,1444.429
null,aten::mul,"void at::native::elementwise_kernel<128, 4, at::native::gpu_kernel_impl_nocast<at::native::BinaryFunctor<c10::BFloat16, c10::BFloat16, c10::BFloat16, at::native::binary_internal::MulFunctor<float> > >(at::TensorIteratorBase&, at::native::BinaryFunctor<c10::BFloat16, c10::BFloat16, c10::BFloat16, at::native::binary_internal::MulFunctor<float> > const&)::{lambda(int)#1}>(int, at::native::gpu_kernel_impl_nocast<at::native::BinaryFunctor<c10::BFloat16, c10::BFloat16, c10::BFloat16, at::native::binary_internal::MulFunctor<float> > >(at::TensorIteratorBase&, at::native::BinaryFunctor<c10::BFloat16, c10::BFloat16, c10::BFloat16, at::native::binary_internal::MulFunctor<float> > const&)::{lambda(int)#1})",17,operator_shape_matched,"[[1,48,39,34,46],[39,1,1]]","[""c10::BFloat16"",""c10::BFloat16""]",null,100,1275.305
null,aten::mul,"void at::native::elementwise_kernel<128, 4, at::native::gpu_kernel_impl_nocast<at::native::BinaryFunctor<c10::BFloat16, c10::BFloat16, c10::BFloat16, at::native::binary_internal::MulFunctor<float> > >(at::TensorIteratorBase&, at::native::BinaryFunctor<c10::BFloat16, c10::BFloat16, c10::BFloat16, at::native::binary_internal::MulFunctor<float> > const&)::{lambda(int)#1}>(int, at::native::gpu_kernel_impl_nocast<at::native::BinaryFunctor<c10::BFloat16, c10::BFloat16, c10::BFloat16, at::native::binary_internal::MulFunctor<float> > >(at::TensorIteratorBase&, at::native::BinaryFunctor<c10::BFloat16, c10::BFloat16, c10::BFloat16, at::native::binary_internal::MulFunctor<float> > const&)::{lambda(int)#1})",18,operator_shape_matched,"[[1,48,30,34,46],[30,1,1]]","[""c10::BFloat16"",""c10::BFloat16""]",null,100,1065.227
null,aten::mul,"void at::native::elementwise_kernel<128, 4, at::native::gpu_kernel_impl_nocast<at::native::BinaryFunctor<c10::BFloat16, c10::BFloat16, c10::BFloat16, at::native::binary_internal::MulFunctor<float> > >(at::TensorIteratorBase&, at::native::BinaryFunctor<c10::BFloat16, c10::BFloat16, c10::BFloat16, at::native::binary_internal::MulFunctor<float> > const&)::{lambda(int)#1}>(int, at::native::gpu_kernel_impl_nocast<at::native::BinaryFunctor<c10::BFloat16, c10::BFloat16, c10::BFloat16, at::native::binary_internal::MulFunctor<float> > >(at::TensorIteratorBase&, at::native::BinaryFunctor<c10::BFloat16, c10::BFloat16, c10::BFloat16, at::native::binary_internal::MulFunctor<float> > const&)::{lambda(int)#1})",19,operator_shape_matched,"[[1,48,27,34,46],[27,1,1]]","[""c10::BFloat16"",""c10::BFloat16""]",null,100,985.51
null,aten::mul,"void at::native::elementwise_kernel<128, 4, at::native::gpu_kernel_impl_nocast<at::native::BinaryFunctor<c10::BFloat16, c10::BFloat16, c10::BFloat16, at::native::binary_internal::MulFunctor<float> > >(at::TensorIteratorBase&, at::native::BinaryFunctor<c10::BFloat16, c10::BFloat16, c10::BFloat16, at::native::binary_internal::MulFunctor<float> > const&)::{lambda(int)#1}>(int, at::native::gpu_kernel_impl_nocast<at::native::BinaryFunctor<c10::BFloat16, c10::BFloat16, c10::BFloat16, at::native::binary_internal::MulFunctor<float> > >(at::TensorIteratorBase&, at::native::BinaryFunctor<c10::BFloat16, c10::BFloat16, c10::BFloat16, at::native::binary_internal::MulFunctor<float> > const&)::{lambda(int)#1})",20,operator_shape_matched,"[[1,1024,34,46],[1024,1,1]]","[""c10::BFloat16"",""c10::BFloat16""]",null,141,836.454
null,aten::mul,"void at::native::elementwise_kernel<128, 4, at::native::gpu_kernel_impl_nocast<at::native::BinaryFunctor<c10::BFloat16, c10::BFloat16, c10::BFloat16, at::native::binary_internal::MulFunctor<float> > >(at::TensorIteratorBase&, at::native::BinaryFunctor<c10::BFloat16, c10::BFloat16, c10::BFloat16, at::native::binary_internal::MulFunctor<float> > const&)::{lambda(int)#1}>(int, at::native::gpu_kernel_impl_nocast<at::native::BinaryFunctor<c10::BFloat16, c10::BFloat16, c10::BFloat16, at::native::binary_internal::MulFunctor<float> > >(at::TensorIteratorBase&, at::native::BinaryFunctor<c10::BFloat16, c10::BFloat16, c10::BFloat16, at::native::binary_internal::MulFunctor<float> > const&)::{lambda(int)#1})",21,operator_shape_matched,"[[1,512,1,136,184],[512,1,1,1]]","[""c10::BFloat16"",""c10::BFloat16""]",null,20,769.509
null,aten::mul,"void at::native::elementwise_kernel<128, 4, at::native::gpu_kernel_impl_nocast<at::native::BinaryFunctor<c10::BFloat16, c10::BFloat16, c10::BFloat16, at::native::binary_internal::MulFunctor<float> > >(at::TensorIteratorBase&, at::native::BinaryFunctor<c10::BFloat16, c10::BFloat16, c10::BFloat16, at::native::binary_internal::MulFunctor<float> > const&)::{lambda(int)#1}>(int, at::native::gpu_kernel_impl_nocast<at::native::BinaryFunctor<c10::BFloat16, c10::BFloat16, c10::BFloat16, at::native::binary_internal::MulFunctor<float> > >(at::TensorIteratorBase&, at::native::BinaryFunctor<c10::BFloat16, c10::BFloat16, c10::BFloat16, at::native::binary_internal::MulFunctor<float> > const&)::{lambda(int)#1})",22,operator_shape_matched,"[[1,160,1,272,368],[160,1,1,1]]","[""c10::BFloat16"",""c10::BFloat16""]",null,16,742.468
null,aten::mul,"void at::native::elementwise_kernel<128, 4, at::native::gpu_kernel_impl_nocast<at::native::BinaryFunctor<c10::BFloat16, c10::BFloat16, c10::BFloat16, at::native::binary_internal::MulFunctor<float> > >(at::TensorIteratorBase&, at::native::BinaryFunctor<c10::BFloat16, c10::BFloat16, c10::BFloat16, at::native::binary_internal::MulFunctor<float> > const&)::{lambda(int)#1}>(int, at::native::gpu_kernel_impl_nocast<at::native::BinaryFunctor<c10::BFloat16, c10::BFloat16, c10::BFloat16, at::native::binary_internal::MulFunctor<float> > >(at::TensorIteratorBase&, at::native::BinaryFunctor<c10::BFloat16, c10::BFloat16, c10::BFloat16, at::native::binary_internal::MulFunctor<float> > const&)::{lambda(int)#1})",23,operator_shape_matched,"[[4096],[918,4096]]","[""c10::BFloat16"",""c10::BFloat16""]",null,50,605.928
null,aten::mul,"void at::native::elementwise_kernel<128, 4, at::native::gpu_kernel_impl_nocast<at::native::BinaryFunctor<c10::BFloat16, c10::BFloat16, c10::BFloat16, at::native::binary_internal::MulFunctor<float> > >(at::TensorIteratorBase&, at::native::BinaryFunctor<c10::BFloat16, c10::BFloat16, c10::BFloat16, at::native::binary_internal::MulFunctor<float> > const&)::{lambda(int)#1}>(int, at::native::gpu_kernel_impl_nocast<at::native::BinaryFunctor<c10::BFloat16, c10::BFloat16, c10::BFloat16, at::native::binary_internal::MulFunctor<float> > >(at::TensorIteratorBase&, at::native::BinaryFunctor<c10::BFloat16, c10::BFloat16, c10::BFloat16, at::native::binary_internal::MulFunctor<float> > const&)::{lambda(int)#1})",24,operator_shape_matched,"[[1,512,1,272,368],[512,1,1,1]]","[""c10::BFloat16"",""c10::BFloat16""]",null,4,583.239
null,aten::mul,"void at::native::elementwise_kernel<128, 4, at::native::gpu_kernel_impl_nocast<at::native::BinaryFunctor<c10::BFloat16, c10::BFloat16, c10::BFloat16, at::native::binary_internal::MulFunctor<float> > >(at::TensorIteratorBase&, at::native::BinaryFunctor<c10::BFloat16, c10::BFloat16, c10::BFloat16, at::native::binary_internal::MulFunctor<float> > const&)::{lambda(int)#1}>(int, at::native::gpu_kernel_impl_nocast<at::native::BinaryFunctor<c10::BFloat16, c10::BFloat16, c10::BFloat16, at::native::binary_internal::MulFunctor<float> > >(at::TensorIteratorBase&, at::native::BinaryFunctor<c10::BFloat16, c10::BFloat16, c10::BFloat16, at::native::binary_internal::MulFunctor<float> > const&)::{lambda(int)#1})",25,operator_shape_matched,"[[1,1024,1,68,92],[1024,1,1,1]]","[""c10::BFloat16"",""c10::BFloat16""]",null,24,423.107
null,aten::mul,"void at::native::elementwise_kernel<128, 4, at::native::gpu_kernel_impl_nocast<at::native::BinaryFunctor<c10::BFloat16, c10::BFloat16, c10::BFloat16, at::native::binary_internal::MulFunctor<float> > >(at::TensorIteratorBase&, at::native::BinaryFunctor<c10::BFloat16, c10::BFloat16, c10::BFloat16, at::native::binary_internal::MulFunctor<float> > const&)::{lambda(int)#1}>(int, at::native::gpu_kernel_impl_nocast<at::native::BinaryFunctor<c10::BFloat16, c10::BFloat16, c10::BFloat16, at::native::binary_internal::MulFunctor<float> > >(at::TensorIteratorBase&, at::native::BinaryFunctor<c10::BFloat16, c10::BFloat16, c10::BFloat16, at::native::binary_internal::MulFunctor<float> > const&)::{lambda(int)#1})",26,operator_shape_matched,"[[6,640,34,46],[640,1,1]]","[""c10::BFloat16"",""c10::BFloat16""]",null,25,390.66
null,aten::mul,"void at::native::elementwise_kernel<128, 4, at::native::gpu_kernel_impl_nocast<at::native::BinaryFunctor<c10::BFloat16, c10::BFloat16, c10::BFloat16, at::native::binary_internal::MulFunctor<float> > >(at::TensorIteratorBase&, at::native::BinaryFunctor<c10::BFloat16, c10::BFloat16, c10::BFloat16, at::native::binary_internal::MulFunctor<float> > const&)::{lambda(int)#1}>(int, at::native::gpu_kernel_impl_nocast<at::native::BinaryFunctor<c10::BFloat16, c10::BFloat16, c10::BFloat16, at::native::binary_internal::MulFunctor<float> > >(at::TensorIteratorBase&, at::native::BinaryFunctor<c10::BFloat16, c10::BFloat16, c10::BFloat16, at::native::binary_internal::MulFunctor<float> > const&)::{lambda(int)#1})",27,operator_shape_matched,"[[1,1024,1,136,184],[1024,1,1,1]]","[""c10::BFloat16"",""c10::BFloat16""]",null,4,299.203
null,aten::mul,"void at::native::elementwise_kernel<128, 4, at::native::gpu_kernel_impl_nocast<at::native::BinaryFunctor<c10::BFloat16, c10::BFloat16, c10::BFloat16, at::native::binary_internal::MulFunctor<float> > >(at::TensorIteratorBase&, at::native::BinaryFunctor<c10::BFloat16, c10::BFloat16, c10::BFloat16, at::native::binary_internal::MulFunctor<float> > const&)::{lambda(int)#1}>(int, at::native::gpu_kernel_impl_nocast<at::native::BinaryFunctor<c10::BFloat16, c10::BFloat16, c10::BFloat16, at::native::binary_internal::MulFunctor<float> > >(at::TensorIteratorBase&, at::native::BinaryFunctor<c10::BFloat16, c10::BFloat16, c10::BFloat16, at::native::binary_internal::MulFunctor<float> > const&)::{lambda(int)#1})",28,operator_shape_matched,"[[1,320,1,136,184],[320,1,1,1]]","[""c10::BFloat16"",""c10::BFloat16""]",null,12,246.594
null,aten::mul,"void at::native::elementwise_kernel<128, 4, at::native::gpu_kernel_impl_nocast<at::native::BinaryFunctor<c10::BFloat16, c10::BFloat16, c10::BFloat16, at::native::binary_internal::MulFunctor<float> > >(at::TensorIteratorBase&, at::native::BinaryFunctor<c10::BFloat16, c10::BFloat16, c10::BFloat16, at::native::binary_internal::MulFunctor<float> > const&)::{lambda(int)#1}>(int, at::native::gpu_kernel_impl_nocast<at::native::BinaryFunctor<c10::BFloat16, c10::BFloat16, c10::BFloat16, at::native::binary_internal::MulFunctor<float> > >(at::TensorIteratorBase&, at::native::BinaryFunctor<c10::BFloat16, c10::BFloat16, c10::BFloat16, at::native::binary_internal::MulFunctor<float> > const&)::{lambda(int)#1})",29,operator_shape_matched,"[[1,640,1,34,46],[640,1,1,1]]","[""c10::BFloat16"",""c10::BFloat16""]",null,36,154.564
null,aten::mul,"void at::native::elementwise_kernel<128, 4, at::native::gpu_kernel_impl_nocast<at::native::BinaryFunctor<c10::BFloat16, c10::BFloat16, c10::BFloat16, at::native::binary_internal::MulFunctor<float> > >(at::TensorIteratorBase&, at::native::BinaryFunctor<c10::BFloat16, c10::BFloat16, c10::BFloat16, at::native::binary_internal::MulFunctor<float> > const&)::{lambda(int)#1}>(int, at::native::gpu_kernel_impl_nocast<at::native::BinaryFunctor<c10::BFloat16, c10::BFloat16, c10::BFloat16, at::native::binary_internal::MulFunctor<float> > >(at::TensorIteratorBase&, at::native::BinaryFunctor<c10::BFloat16, c10::BFloat16, c10::BFloat16, at::native::binary_internal::MulFunctor<float> > const&)::{lambda(int)#1})",30,operator_shape_matched,"[[1,640,1,68,92],[640,1,1,1]]","[""c10::BFloat16"",""c10::BFloat16""]",null,12,133.953
null,aten::mul,"void at::native::elementwise_kernel<128, 4, at::native::gpu_kernel_impl_nocast<at::native::BinaryFunctor<c10::BFloat16, c10::BFloat16, c10::BFloat16, at::native::binary_internal::MulFunctor<float> > >(at::TensorIteratorBase&, at::native::BinaryFunctor<c10::BFloat16, c10::BFloat16, c10::BFloat16, at::native::binary_internal::MulFunctor<float> > const&)::{lambda(int)#1}>(int, at::native::gpu_kernel_impl_nocast<at::native::BinaryFunctor<c10::BFloat16, c10::BFloat16, c10::BFloat16, at::native::binary_internal::MulFunctor<float> > >(at::TensorIteratorBase&, at::native::BinaryFunctor<c10::BFloat16, c10::BFloat16, c10::BFloat16, at::native::binary_internal::MulFunctor<float> > const&)::{lambda(int)#1})",31,operator_shape_matched,"[[1,48,6,34,46],[1,48,1,1,1]]","[""c10::BFloat16"",""c10::BFloat16""]",null,25,78.177
null,aten::mul,"void at::native::elementwise_kernel<128, 4, at::native::gpu_kernel_impl_nocast<at::native::BinaryFunctor<c10::BFloat16, c10::BFloat16, c10::BFloat16, at::native::binary_internal::MulFunctor<float> > >(at::TensorIteratorBase&, at::native::BinaryFunctor<c10::BFloat16, c10::BFloat16, c10::BFloat16, at::native::binary_internal::MulFunctor<float> > const&)::{lambda(int)#1}>(int, at::native::gpu_kernel_impl_nocast<at::native::BinaryFunctor<c10::BFloat16, c10::BFloat16, c10::BFloat16, at::native::binary_internal::MulFunctor<float> > >(at::TensorIteratorBase&, at::native::BinaryFunctor<c10::BFloat16, c10::BFloat16, c10::BFloat16, at::native::binary_internal::MulFunctor<float> > const&)::{lambda(int)#1})",32,operator_shape_matched,"[[1,160,1,136,184],[160,1,1,1]]","[""c10::BFloat16"",""c10::BFloat16""]",null,4,44.064
null,aten::mul,"void at::native::elementwise_kernel<128, 4, at::native::gpu_kernel_impl_nocast<at::native::BinaryFunctor<c10::BFloat16, c10::BFloat16, c10::BFloat16, at::native::binary_internal::MulFunctor<float> > >(at::TensorIteratorBase&, at::native::BinaryFunctor<c10::BFloat16, c10::BFloat16, c10::BFloat16, at::native::binary_internal::MulFunctor<float> > const&)::{lambda(int)#1}>(int, at::native::gpu_kernel_impl_nocast<at::native::BinaryFunctor<c10::BFloat16, c10::BFloat16, c10::BFloat16, at::native::binary_internal::MulFunctor<float> > >(at::TensorIteratorBase&, at::native::BinaryFunctor<c10::BFloat16, c10::BFloat16, c10::BFloat16, at::native::binary_internal::MulFunctor<float> > const&)::{lambda(int)#1})",33,operator_shape_matched,"[[1,320,1,68,92],[320,1,1,1]]","[""c10::BFloat16"",""c10::BFloat16""]",null,4,27.103
null,aten::mul,"void at::native::elementwise_kernel<128, 4, at::native::gpu_kernel_impl_nocast<at::native::BinaryFunctor<c10::BFloat16, c10::BFloat16, c10::BFloat16, at::native::binary_internal::MulFunctor<float> > >(at::TensorIteratorBase&, at::native::BinaryFunctor<c10::BFloat16, c10::BFloat16, c10::BFloat16, at::native::binary_internal::MulFunctor<float> > const&)::{lambda(int)#1}>(int, at::native::gpu_kernel_impl_nocast<at::native::BinaryFunctor<c10::BFloat16, c10::BFloat16, c10::BFloat16, at::native::binary_internal::MulFunctor<float> > >(at::TensorIteratorBase&, at::native::BinaryFunctor<c10::BFloat16, c10::BFloat16, c10::BFloat16, at::native::binary_internal::MulFunctor<float> > const&)::{lambda(int)#1})",34,operator_shape_matched,"[[1,640,34,46],[640,1,1]]","[""c10::BFloat16"",""c10::BFloat16""]",null,4,17.249
null,aten::mul,"void at::native::elementwise_kernel<128, 4, at::native::gpu_kernel_impl_nocast<at::native::BinaryFunctor<c10::BFloat16, c10::BFloat16, c10::BFloat16, at::native::binary_internal::MulFunctor<float> > >(at::TensorIteratorBase&, at::native::BinaryFunctor<c10::BFloat16, c10::BFloat16, c10::BFloat16, at::native::binary_internal::MulFunctor<float> > const&)::{lambda(int)#1}>(int, at::native::gpu_kernel_impl_nocast<at::native::BinaryFunctor<c10::BFloat16, c10::BFloat16, c10::BFloat16, at::native::binary_internal::MulFunctor<float> > >(at::TensorIteratorBase&, at::native::BinaryFunctor<c10::BFloat16, c10::BFloat16, c10::BFloat16, at::native::binary_internal::MulFunctor<float> > const&)::{lambda(int)#1})",35,operator_shape_matched,"[[1,48,1,34,46],[1,48,1,1,1]]","[""c10::BFloat16"",""c10::BFloat16""]",null,4,11.456
null,aten::mul,"void at::native::vectorized_elementwise_kernel<2, at::native::AUnaryFunctor<long, long, long, at::native::binary_internal::MulFunctor<long> >, std::array<char*, 2ul> >(int, at::native::AUnaryFunctor<long, long, long, at::native::binary_internal::MulFunctor<long> >, std::array<char*, 2ul>)",1,operator_shape_matched,"[[45],[]]","[""long int"",""long int""]",null,100,160.1
null,aten::mul,"void at::native::vectorized_elementwise_kernel<2, at::native::AUnaryFunctor<long, long, long, at::native::binary_internal::MulFunctor<long> >, std::array<char*, 2ul> >(int, at::native::AUnaryFunctor<long, long, long, at::native::binary_internal::MulFunctor<long> >, std::array<char*, 2ul>)",2,operator_shape_matched,"[[27],[]]","[""long int"",""long int""]",null,100,150.718
null,aten::mul,"void at::native::vectorized_elementwise_kernel<2, at::native::AUnaryFunctor<long, long, long, at::native::binary_internal::MulFunctor<long> >, std::array<char*, 2ul> >(int, at::native::AUnaryFunctor<long, long, long, at::native::binary_internal::MulFunctor<long> >, std::array<char*, 2ul>)",3,operator_shape_matched,"[[39],[]]","[""long int"",""long int""]",null,100,146.21
null,aten::mul,"void at::native::vectorized_elementwise_kernel<2, at::native::AUnaryFunctor<long, long, long, at::native::binary_internal::MulFunctor<long> >, std::array<char*, 2ul> >(int, at::native::AUnaryFunctor<long, long, long, at::native::binary_internal::MulFunctor<long> >, std::array<char*, 2ul>)",4,operator_shape_matched,"[[30],[]]","[""long int"",""long int""]",null,100,146.145
null,aten::mul,"void at::native::vectorized_elementwise_kernel<4, at::native::AUnaryFunctor<float, float, float, at::native::binary_internal::MulFunctor<float> >, std::array<char*, 2ul> >(int, at::native::AUnaryFunctor<float, float, float, at::native::binary_internal::MulFunctor<float> >, std::array<char*, 2ul>)",1,operator_shape_matched,"[[],[1,3378240]]","[""float"",""float""]",null,295,2544.349
null,aten::mul,"void at::native::vectorized_elementwise_kernel<4, at::native::AUnaryFunctor<float, float, float, at::native::binary_internal::MulFunctor<float> >, std::array<char*, 2ul> >(int, at::native::AUnaryFunctor<float, float, float, at::native::binary_internal::MulFunctor<float> >, std::array<char*, 2ul>)",2,operator_shape_matched,"[[1,66503,128],[]]","[""float"",""double""]",null,100,2301.813
null,aten::mul,"void at::native::vectorized_elementwise_kernel<4, at::native::AUnaryFunctor<float, float, float, at::native::binary_internal::MulFunctor<float> >, std::array<char*, 2ul> >(int, at::native::AUnaryFunctor<float, float, float, at::native::binary_internal::MulFunctor<float> >, std::array<char*, 2ul>)",3,operator_shape_matched,"[[],[1,2927808]]","[""float"",""float""]",null,295,2230.391
null,aten::mul,"void at::native::vectorized_elementwise_kernel<4, at::native::AUnaryFunctor<float, float, float, at::native::binary_internal::MulFunctor<float> >, std::array<char*, 2ul> >(int, at::native::AUnaryFunctor<float, float, float, at::native::binary_internal::MulFunctor<float> >, std::array<char*, 2ul>)",4,operator_shape_matched,"[[],[1,2252160]]","[""float"",""float""]",null,295,1709.171
null,aten::mul,"void at::native::vectorized_elementwise_kernel<4, at::native::AUnaryFunctor<float, float, float, at::native::binary_internal::MulFunctor<float> >, std::array<char*, 2ul> >(int, at::native::AUnaryFunctor<float, float, float, at::native::binary_internal::MulFunctor<float> >, std::array<char*, 2ul>)",5,operator_shape_matched,"[[1,56049,128],[]]","[""float"",""double""]",null,100,1678.891
null,aten::mul,"void at::native::vectorized_elementwise_kernel<4, at::native::AUnaryFunctor<float, float, float, at::native::binary_internal::MulFunctor<float> >, std::array<char*, 2ul> >(int, at::native::AUnaryFunctor<float, float, float, at::native::binary_internal::MulFunctor<float> >, std::array<char*, 2ul>)",6,operator_shape_matched,"[[],[1,2026944]]","[""float"",""float""]",null,295,1376.71
null,aten::mul,"void at::native::vectorized_elementwise_kernel<4, at::native::AUnaryFunctor<float, float, float, at::native::binary_internal::MulFunctor<float> >, std::array<char*, 2ul> >(int, at::native::AUnaryFunctor<float, float, float, at::native::binary_internal::MulFunctor<float> >, std::array<char*, 2ul>)",7,operator_shape_matched,"[[55131],[]]","[""float"",""double""]",null,100,203.459
null,aten::mul,"void at::native::vectorized_elementwise_kernel<8, at::native::AUnaryFunctor<c10::BFloat16, c10::BFloat16, c10::BFloat16, at::native::binary_internal::MulFunctor<float> >, std::array<char*, 2ul> >(int, at::native::AUnaryFunctor<c10::BFloat16, c10::BFloat16, c10::BFloat16, at::native::binary_internal::MulFunctor<float> >, std::array<char*, 2ul>)",1,operator_shape_matched,"[[1,256,4,272,368],[]]","[""c10::BFloat16"",""double""]",null,822,109975.016
null,aten::mul,"void at::native::vectorized_elementwise_kernel<8, at::native::AUnaryFunctor<c10::BFloat16, c10::BFloat16, c10::BFloat16, at::native::binary_internal::MulFunctor<float> >, std::array<char*, 2ul> >(int, at::native::AUnaryFunctor<c10::BFloat16, c10::BFloat16, c10::BFloat16, at::native::binary_internal::MulFunctor<float> >, std::array<char*, 2ul>)",2,operator_shape_matched,"[[1,160,24,272,368],[]]","[""c10::BFloat16"",""double""]",null,100,50139.509
null,aten::mul,"void at::native::vectorized_elementwise_kernel<8, at::native::AUnaryFunctor<c10::BFloat16, c10::BFloat16, c10::BFloat16, at::native::binary_internal::MulFunctor<float> >, std::array<char*, 2ul> >(int, at::native::AUnaryFunctor<c10::BFloat16, c10::BFloat16, c10::BFloat16, at::native::binary_internal::MulFunctor<float> >, std::array<char*, 2ul>)",3,operator_shape_matched,"[[1,512,4,136,184],[]]","[""c10::BFloat16"",""double""]",null,685,45666.743
null,aten::mul,"void at::native::vectorized_elementwise_kernel<8, at::native::AUnaryFunctor<c10::BFloat16, c10::BFloat16, c10::BFloat16, at::native::binary_internal::MulFunctor<float> >, std::array<char*, 2ul> >(int, at::native::AUnaryFunctor<c10::BFloat16, c10::BFloat16, c10::BFloat16, at::native::binary_internal::MulFunctor<float> >, std::array<char*, 2ul>)",4,operator_shape_matched,"[[1,512,4,272,368],[]]","[""c10::BFloat16"",""double""]",null,137,36678.714
null,aten::mul,"void at::native::vectorized_elementwise_kernel<8, at::native::AUnaryFunctor<c10::BFloat16, c10::BFloat16, c10::BFloat16, at::native::binary_internal::MulFunctor<float> >, std::array<char*, 2ul> >(int, at::native::AUnaryFunctor<c10::BFloat16, c10::BFloat16, c10::BFloat16, at::native::binary_internal::MulFunctor<float> >, std::array<char*, 2ul>)",5,operator_shape_matched,"[[1,320,24,136,184],[]]","[""c10::BFloat16"",""double""]",null,75,18818.264
null,aten::mul,"void at::native::vectorized_elementwise_kernel<8, at::native::AUnaryFunctor<c10::BFloat16, c10::BFloat16, c10::BFloat16, at::native::binary_internal::MulFunctor<float> >, std::array<char*, 2ul> >(int, at::native::AUnaryFunctor<c10::BFloat16, c10::BFloat16, c10::BFloat16, at::native::binary_internal::MulFunctor<float> >, std::array<char*, 2ul>)",6,operator_shape_matched,"[[1,1024,4,136,184],[]]","[""c10::BFloat16"",""double""]",null,137,18308.38
null,aten::mul,"void at::native::vectorized_elementwise_kernel<8, at::native::AUnaryFunctor<c10::BFloat16, c10::BFloat16, c10::BFloat16, at::native::binary_internal::MulFunctor<float> >, std::array<char*, 2ul> >(int, at::native::AUnaryFunctor<c10::BFloat16, c10::BFloat16, c10::BFloat16, at::native::binary_internal::MulFunctor<float> >, std::array<char*, 2ul>)",7,operator_shape_matched,"[[1,1024,2,68,92],[]]","[""c10::BFloat16"",""double""]",null,822,12325.008
null,aten::mul,"void at::native::vectorized_elementwise_kernel<8, at::native::AUnaryFunctor<c10::BFloat16, c10::BFloat16, c10::BFloat16, at::native::binary_internal::MulFunctor<float> >, std::array<char*, 2ul> >(int, at::native::AUnaryFunctor<c10::BFloat16, c10::BFloat16, c10::BFloat16, at::native::binary_internal::MulFunctor<float> >, std::array<char*, 2ul>)",8,operator_shape_matched,"[[1,640,12,68,92],[]]","[""c10::BFloat16"",""double""]",null,75,4688.623
null,aten::mul,"void at::native::vectorized_elementwise_kernel<8, at::native::AUnaryFunctor<c10::BFloat16, c10::BFloat16, c10::BFloat16, at::native::binary_internal::MulFunctor<float> >, std::array<char*, 2ul> >(int, at::native::AUnaryFunctor<c10::BFloat16, c10::BFloat16, c10::BFloat16, at::native::binary_internal::MulFunctor<float> >, std::array<char*, 2ul>)",9,operator_shape_matched,"[[1,1024,1,34,46],[]]","[""c10::BFloat16"",""double""]",null,1410,3298.934
null,aten::mul,"void at::native::vectorized_elementwise_kernel<8, at::native::AUnaryFunctor<c10::BFloat16, c10::BFloat16, c10::BFloat16, at::native::binary_internal::MulFunctor<float> >, std::array<char*, 2ul> >(int, at::native::AUnaryFunctor<c10::BFloat16, c10::BFloat16, c10::BFloat16, at::native::binary_internal::MulFunctor<float> >, std::array<char*, 2ul>)",10,operator_shape_matched,"[[1,160,24,136,184],[]]","[""c10::BFloat16"",""double""]",null,25,3134.467
null,aten::mul,"void at::native::vectorized_elementwise_kernel<8, at::native::AUnaryFunctor<c10::BFloat16, c10::BFloat16, c10::BFloat16, at::native::binary_internal::MulFunctor<float> >, std::array<char*, 2ul> >(int, at::native::AUnaryFunctor<c10::BFloat16, c10::BFloat16, c10::BFloat16, at::native::binary_internal::MulFunctor<float> >, std::array<char*, 2ul>)",11,operator_shape_matched,"[[1,640,6,34,46],[]]","[""c10::BFloat16"",""double""]",null,225,1318
null,aten::mul,"void at::native::vectorized_elementwise_kernel<8, at::native::AUnaryFunctor<c10::BFloat16, c10::BFloat16, c10::BFloat16, at::native::binary_internal::MulFunctor<float> >, std::array<char*, 2ul> >(int, at::native::AUnaryFunctor<c10::BFloat16, c10::BFloat16, c10::BFloat16, at::native::binary_internal::MulFunctor<float> >, std::array<char*, 2ul>)",12,operator_shape_matched,"[[1,256,1,272,368],[]]","[""c10::BFloat16"",""double""]",null,24,800.358
null,aten::mul,"void at::native::vectorized_elementwise_kernel<8, at::native::AUnaryFunctor<c10::BFloat16, c10::BFloat16, c10::BFloat16, at::native::binary_internal::MulFunctor<float> >, std::array<char*, 2ul> >(int, at::native::AUnaryFunctor<c10::BFloat16, c10::BFloat16, c10::BFloat16, at::native::binary_internal::MulFunctor<float> >, std::array<char*, 2ul>)",13,operator_shape_matched,"[[1,320,12,68,92],[]]","[""c10::BFloat16"",""double""]",null,25,780.493
null,aten::mul,"void at::native::vectorized_elementwise_kernel<8, at::native::AUnaryFunctor<c10::BFloat16, c10::BFloat16, c10::BFloat16, at::native::binary_internal::MulFunctor<float> >, std::array<char*, 2ul> >(int, at::native::AUnaryFunctor<c10::BFloat16, c10::BFloat16, c10::BFloat16, at::native::binary_internal::MulFunctor<float> >, std::array<char*, 2ul>)",14,operator_shape_matched,"[[1,1024,34,46],[]]","[""c10::BFloat16"",""double""]",null,141,329.025
null,aten::mul,"void at::native::vectorized_elementwise_kernel<8, at::native::AUnaryFunctor<c10::BFloat16, c10::BFloat16, c10::BFloat16, at::native::binary_internal::MulFunctor<float> >, std::array<char*, 2ul> >(int, at::native::AUnaryFunctor<c10::BFloat16, c10::BFloat16, c10::BFloat16, at::native::binary_internal::MulFunctor<float> >, std::array<char*, 2ul>)",15,operator_shape_matched,"[[1,160,1,272,368],[]]","[""c10::BFloat16"",""double""]",null,16,326.37
null,aten::mul,"void at::native::vectorized_elementwise_kernel<8, at::native::AUnaryFunctor<c10::BFloat16, c10::BFloat16, c10::BFloat16, at::native::binary_internal::MulFunctor<float> >, std::array<char*, 2ul> >(int, at::native::AUnaryFunctor<c10::BFloat16, c10::BFloat16, c10::BFloat16, at::native::binary_internal::MulFunctor<float> >, std::array<char*, 2ul>)",16,operator_shape_matched,"[[1,512,1,136,184],[]]","[""c10::BFloat16"",""double""]",null,20,302.338
null,aten::mul,"void at::native::vectorized_elementwise_kernel<8, at::native::AUnaryFunctor<c10::BFloat16, c10::BFloat16, c10::BFloat16, at::native::binary_internal::MulFunctor<float> >, std::array<char*, 2ul> >(int, at::native::AUnaryFunctor<c10::BFloat16, c10::BFloat16, c10::BFloat16, at::native::binary_internal::MulFunctor<float> >, std::array<char*, 2ul>)",17,operator_shape_matched,"[[],[2927808]]","[""float"",""c10::BFloat16""]",null,50,292.451
null,aten::mul,"void at::native::vectorized_elementwise_kernel<8, at::native::AUnaryFunctor<c10::BFloat16, c10::BFloat16, c10::BFloat16, at::native::binary_internal::MulFunctor<float> >, std::array<char*, 2ul> >(int, at::native::AUnaryFunctor<c10::BFloat16, c10::BFloat16, c10::BFloat16, at::native::binary_internal::MulFunctor<float> >, std::array<char*, 2ul>)",18,operator_shape_matched,"[[1,512,1,272,368],[]]","[""c10::BFloat16"",""double""]",null,4,266.081
null,aten::mul,"void at::native::vectorized_elementwise_kernel<8, at::native::AUnaryFunctor<c10::BFloat16, c10::BFloat16, c10::BFloat16, at::native::binary_internal::MulFunctor<float> >, std::array<char*, 2ul> >(int, at::native::AUnaryFunctor<c10::BFloat16, c10::BFloat16, c10::BFloat16, at::native::binary_internal::MulFunctor<float> >, std::array<char*, 2ul>)",19,operator_shape_matched,"[[],[3378240]]","[""float"",""c10::BFloat16""]",null,50,266.019
null,aten::mul,"void at::native::vectorized_elementwise_kernel<8, at::native::AUnaryFunctor<c10::BFloat16, c10::BFloat16, c10::BFloat16, at::native::binary_internal::MulFunctor<float> >, std::array<char*, 2ul> >(int, at::native::AUnaryFunctor<c10::BFloat16, c10::BFloat16, c10::BFloat16, at::native::binary_internal::MulFunctor<float> >, std::array<char*, 2ul>)",20,operator_shape_matched,"[[],[2252160]]","[""float"",""c10::BFloat16""]",null,50,247.839
null,aten::mul,"void at::native::vectorized_elementwise_kernel<8, at::native::AUnaryFunctor<c10::BFloat16, c10::BFloat16, c10::BFloat16, at::native::binary_internal::MulFunctor<float> >, std::array<char*, 2ul> >(int, at::native::AUnaryFunctor<c10::BFloat16, c10::BFloat16, c10::BFloat16, at::native::binary_internal::MulFunctor<float> >, std::array<char*, 2ul>)",21,operator_shape_matched,"[[],[2026944]]","[""float"",""c10::BFloat16""]",null,50,229.447
null,aten::mul,"void at::native::vectorized_elementwise_kernel<8, at::native::AUnaryFunctor<c10::BFloat16, c10::BFloat16, c10::BFloat16, at::native::binary_internal::MulFunctor<float> >, std::array<char*, 2ul> >(int, at::native::AUnaryFunctor<c10::BFloat16, c10::BFloat16, c10::BFloat16, at::native::binary_internal::MulFunctor<float> >, std::array<char*, 2ul>)",22,operator_shape_matched,"[[3378240],[]]","[""c10::BFloat16"",""double""]",null,50,202.112
null,aten::mul,"void at::native::vectorized_elementwise_kernel<8, at::native::AUnaryFunctor<c10::BFloat16, c10::BFloat16, c10::BFloat16, at::native::binary_internal::MulFunctor<float> >, std::array<char*, 2ul> >(int, at::native::AUnaryFunctor<c10::BFloat16, c10::BFloat16, c10::BFloat16, at::native::binary_internal::MulFunctor<float> >, std::array<char*, 2ul>)",23,operator_shape_matched,"[[2927808],[]]","[""c10::BFloat16"",""double""]",null,50,181.284
null,aten::mul,"void at::native::vectorized_elementwise_kernel<8, at::native::AUnaryFunctor<c10::BFloat16, c10::BFloat16, c10::BFloat16, at::native::binary_internal::MulFunctor<float> >, std::array<char*, 2ul> >(int, at::native::AUnaryFunctor<c10::BFloat16, c10::BFloat16, c10::BFloat16, at::native::binary_internal::MulFunctor<float> >, std::array<char*, 2ul>)",24,operator_shape_matched,"[[2252160],[]]","[""c10::BFloat16"",""double""]",null,50,157.316
null,aten::mul,"void at::native::vectorized_elementwise_kernel<8, at::native::AUnaryFunctor<c10::BFloat16, c10::BFloat16, c10::BFloat16, at::native::binary_internal::MulFunctor<float> >, std::array<char*, 2ul> >(int, at::native::AUnaryFunctor<c10::BFloat16, c10::BFloat16, c10::BFloat16, at::native::binary_internal::MulFunctor<float> >, std::array<char*, 2ul>)",25,operator_shape_matched,"[[1,1024,1,68,92],[]]","[""c10::BFloat16"",""double""]",null,24,150.598
null,aten::mul,"void at::native::vectorized_elementwise_kernel<8, at::native::AUnaryFunctor<c10::BFloat16, c10::BFloat16, c10::BFloat16, at::native::binary_internal::MulFunctor<float> >, std::array<char*, 2ul> >(int, at::native::AUnaryFunctor<c10::BFloat16, c10::BFloat16, c10::BFloat16, at::native::binary_internal::MulFunctor<float> >, std::array<char*, 2ul>)",26,operator_shape_matched,"[[6,640,34,46],[]]","[""c10::BFloat16"",""double""]",null,25,146.465
null,aten::mul,"void at::native::vectorized_elementwise_kernel<8, at::native::AUnaryFunctor<c10::BFloat16, c10::BFloat16, c10::BFloat16, at::native::binary_internal::MulFunctor<float> >, std::array<char*, 2ul> >(int, at::native::AUnaryFunctor<c10::BFloat16, c10::BFloat16, c10::BFloat16, at::native::binary_internal::MulFunctor<float> >, std::array<char*, 2ul>)",27,operator_shape_matched,"[[2026944],[]]","[""c10::BFloat16"",""double""]",null,50,142.753
null,aten::mul,"void at::native::vectorized_elementwise_kernel<8, at::native::AUnaryFunctor<c10::BFloat16, c10::BFloat16, c10::BFloat16, at::native::binary_internal::MulFunctor<float> >, std::array<char*, 2ul> >(int, at::native::AUnaryFunctor<c10::BFloat16, c10::BFloat16, c10::BFloat16, at::native::binary_internal::MulFunctor<float> >, std::array<char*, 2ul>)",28,operator_shape_matched,"[[1,1024,1,136,184],[]]","[""c10::BFloat16"",""double""]",null,4,134.144
null,aten::mul,"void at::native::vectorized_elementwise_kernel<8, at::native::AUnaryFunctor<c10::BFloat16, c10::BFloat16, c10::BFloat16, at::native::binary_internal::MulFunctor<float> >, std::array<char*, 2ul> >(int, at::native::AUnaryFunctor<c10::BFloat16, c10::BFloat16, c10::BFloat16, at::native::binary_internal::MulFunctor<float> >, std::array<char*, 2ul>)",29,operator_shape_matched,"[[1,320,1,136,184],[]]","[""c10::BFloat16"",""double""]",null,12,93.858
null,aten::mul,"void at::native::vectorized_elementwise_kernel<8, at::native::AUnaryFunctor<c10::BFloat16, c10::BFloat16, c10::BFloat16, at::native::binary_internal::MulFunctor<float> >, std::array<char*, 2ul> >(int, at::native::AUnaryFunctor<c10::BFloat16, c10::BFloat16, c10::BFloat16, at::native::binary_internal::MulFunctor<float> >, std::array<char*, 2ul>)",30,operator_shape_matched,"[[1,640,1,34,46],[]]","[""c10::BFloat16"",""double""]",null,36,69.185
null,aten::mul,"void at::native::vectorized_elementwise_kernel<8, at::native::AUnaryFunctor<c10::BFloat16, c10::BFloat16, c10::BFloat16, at::native::binary_internal::MulFunctor<float> >, std::array<char*, 2ul> >(int, at::native::AUnaryFunctor<c10::BFloat16, c10::BFloat16, c10::BFloat16, at::native::binary_internal::MulFunctor<float> >, std::array<char*, 2ul>)",31,operator_shape_matched,"[[1,640,1,68,92],[]]","[""c10::BFloat16"",""double""]",null,12,52.097
null,aten::mul,"void at::native::vectorized_elementwise_kernel<8, at::native::AUnaryFunctor<c10::BFloat16, c10::BFloat16, c10::BFloat16, at::native::binary_internal::MulFunctor<float> >, std::array<char*, 2ul> >(int, at::native::AUnaryFunctor<c10::BFloat16, c10::BFloat16, c10::BFloat16, at::native::binary_internal::MulFunctor<float> >, std::array<char*, 2ul>)",32,operator_shape_matched,"[[1,160,1,136,184],[]]","[""c10::BFloat16"",""double""]",null,4,17.152
null,aten::mul,"void at::native::vectorized_elementwise_kernel<8, at::native::AUnaryFunctor<c10::BFloat16, c10::BFloat16, c10::BFloat16, at::native::binary_internal::MulFunctor<float> >, std::array<char*, 2ul> >(int, at::native::AUnaryFunctor<c10::BFloat16, c10::BFloat16, c10::BFloat16, at::native::binary_internal::MulFunctor<float> >, std::array<char*, 2ul>)",33,operator_shape_matched,"[[1,320,1,68,92],[]]","[""c10::BFloat16"",""double""]",null,4,10.56
null,aten::mul,"void at::native::vectorized_elementwise_kernel<8, at::native::AUnaryFunctor<c10::BFloat16, c10::BFloat16, c10::BFloat16, at::native::binary_internal::MulFunctor<float> >, std::array<char*, 2ul> >(int, at::native::AUnaryFunctor<c10::BFloat16, c10::BFloat16, c10::BFloat16, at::native::binary_internal::MulFunctor<float> >, std::array<char*, 2ul>)",34,operator_shape_matched,"[[1,640,34,46],[]]","[""c10::BFloat16"",""double""]",null,4,7.584
null,aten::nonzero,"void at_cuda_detail::cub::detail::reduce::DeviceReduceSingleTileKernel<at_cuda_detail::cub::detail::reduce::policy_hub<int, unsigned long long, cuda::std::__4::plus<void> >::Policy1000, thrust::THRUST_300001_SM_750_800_860_900_1000_1200_NS::transform_iterator<at::native::(anonymous namespace)::NonZeroOp<bool>, bool const*, thrust::THRUST_300001_SM_750_800_860_900_1000_1200_NS::use_default, thrust::THRUST_300001_SM_750_800_860_900_1000_1200_NS::use_default>, int*, unsigned long long, cuda::std::__4::plus<void>, int, int, cuda::std::__4::__identity>(thrust::THRUST_300001_SM_750_800_860_900_1000_1200_NS::transform_iterator<at::native::(anonymous namespace)::NonZeroOp<bool>, bool const*, thrust::THRUST_300001_SM_750_800_860_900_1000_1200_NS::use_default, thrust::THRUST_300001_SM_750_800_860_900_1000_1200_NS::use_default>, int*, unsigned long long, cuda::std::__4::plus<void>, int, cuda::std::__4::__identity)",1,operator_shape_matched,[[50]],"[""bool""]",null,4,7.362
null,aten::nonzero,"void at_cuda_detail::cub::detail::scan::DeviceCompactInitKernel<at_cuda_detail::cub::ScanTileState<int, true>, int*>(at_cuda_detail::cub::ScanTileState<int, true>, int, int*)",1,operator_shape_matched,[[50]],"[""bool""]",null,4,4.737
null,aten::nonzero,"void at_cuda_detail::cub::detail::select::DeviceSelectSweepKernel<at_cuda_detail::cub::detail::select::policy_hub<long, bool, int, false, (at_cuda_detail::cub::SelectImpl)0>::Policy1000, thrust::THRUST_300001_SM_750_800_860_900_1000_1200_NS::counting_iterator<long, thrust::THRUST_300001_SM_750_800_860_900_1000_1200_NS::use_default, thrust::THRUST_300001_SM_750_800_860_900_1000_1200_NS::use_default, thrust::THRUST_300001_SM_750_800_860_900_1000_1200_NS::use_default>, thrust::THRUST_300001_SM_750_800_860_900_1000_1200_NS::transform_iterator<at::native::(anonymous namespace)::NonZeroOp<bool>, bool const*, thrust::THRUST_300001_SM_750_800_860_900_1000_1200_NS::use_default, thrust::THRUST_300001_SM_750_800_860_900_1000_1200_NS::use_default>, long*, int*, at_cuda_detail::cub::ScanTileState<int, true>, at_cuda_detail::cub::NullType, at_cuda_detail::cub::NullType, int, at_cuda_detail::cub::detail::select::streaming_context_t<long, true>, (at_cuda_detail::cub::SelectImpl)0>(thrust::THRUST_300001_SM_750_800_860_900_1000_1200_NS::counting_iterator<long, thrust::THRUST_300001_SM_750_800_860_900_1000_1200_NS::use_default, thrust::THRUST_300001_SM_750_800_860_900_1000_1200_NS::use_default, thrust::THRUST_300001_SM_750_800_860_900_1000_1200_NS::use_default>, thrust::THRUST_300001_SM_750_800_860_900_1000_1200_NS::transform_iterator<at::native::(anonymous namespace)::NonZeroOp<bool>, bool const*, thrust::THRUST_300001_SM_750_800_860_900_1000_1200_NS::use_default, thrust::THRUST_300001_SM_750_800_860_900_1000_1200_NS::use_default>, long*, int*, at_cuda_detail::cub::ScanTileState<int, true>, at_cuda_detail::cub::NullType, at_cuda_detail::cub::NullType, int, int, at_cuda_detail::cub::detail::select::streaming_context_t<long, true>, at_cuda_detail::cub::detail::vsmem_t)",1,operator_shape_matched,[[50]],"[""bool""]",null,4,9.984
null,aten::pow,"void at::native::vectorized_elementwise_kernel<4, at::native::(anonymous namespace)::pow_tensor_scalar_kernel_impl<float, float>(at::TensorIteratorBase&, float)::{lambda(float)#1}, std::array<char*, 2ul> >(int, at::native::(anonymous namespace)::pow_tensor_scalar_kernel_impl<float, float>(at::TensorIteratorBase&, float)::{lambda(float)#1}, std::array<char*, 2ul>)",1,operator_shape_matched,"[[55131,4096],[]]","[""float"",""Scalar""]",null,100,59426.811
null,aten::pow,"void at::native::vectorized_elementwise_kernel<4, at::native::(anonymous namespace)::pow_tensor_scalar_kernel_impl<float, float>(at::TensorIteratorBase&, float)::{lambda(float)#1}, std::array<char*, 2ul> >(int, at::native::(anonymous namespace)::pow_tensor_scalar_kernel_impl<float, float>(at::TensorIteratorBase&, float)::{lambda(float)#1}, std::array<char*, 2ul>)",2,operator_shape_matched,"[[11372,4096],[]]","[""float"",""Scalar""]",null,50,6212.344
null,aten::pow,"void at::native::vectorized_elementwise_kernel<4, at::native::(anonymous namespace)::pow_tensor_scalar_kernel_impl<float, float>(at::TensorIteratorBase&, float)::{lambda(float)#1}, std::array<char*, 2ul> >(int, at::native::(anonymous namespace)::pow_tensor_scalar_kernel_impl<float, float>(at::TensorIteratorBase&, float)::{lambda(float)#1}, std::array<char*, 2ul>)",3,operator_shape_matched,"[[918,4096],[]]","[""float"",""Scalar""]",null,50,355.78
null,aten::repeat_interleave,"void compute_cuda_kernel<long>(long const*, long const*, long*, long, long)",1,operator_shape_matched,"[[4],[]]","[""long int"",""Scalar""]",null,2,22.08
null,aten::rsqrt,"void at::native::vectorized_elementwise_kernel<4, at::native::rsqrt_kernel_cuda(at::TensorIteratorBase&)::{lambda()#2}::operator()() const::{lambda()#2}::operator()() const::{lambda(float)#1}, std::array<char*, 2ul> >(int, at::native::rsqrt_kernel_cuda(at::TensorIteratorBase&)::{lambda()#2}::operator()() const::{lambda()#2}::operator()() const::{lambda(float)#1}, std::array<char*, 2ul>)",1,operator_shape_matched,"[[55131,1]]","[""float""]",null,100,193.6
null,aten::rsqrt,"void at::native::vectorized_elementwise_kernel<4, at::native::rsqrt_kernel_cuda(at::TensorIteratorBase&)::{lambda()#2}::operator()() const::{lambda()#2}::operator()() const::{lambda(float)#1}, std::array<char*, 2ul> >(int, at::native::rsqrt_kernel_cuda(at::TensorIteratorBase&)::{lambda()#2}::operator()() const::{lambda()#2}::operator()() const::{lambda(float)#1}, std::array<char*, 2ul>)",2,operator_shape_matched,"[[918,1]]","[""float""]",null,50,93.919
null,aten::rsqrt,"void at::native::vectorized_elementwise_kernel<4, at::native::rsqrt_kernel_cuda(at::TensorIteratorBase&)::{lambda()#2}::operator()() const::{lambda()#2}::operator()() const::{lambda(float)#1}, std::array<char*, 2ul> >(int, at::native::rsqrt_kernel_cuda(at::TensorIteratorBase&)::{lambda()#2}::operator()() const::{lambda()#2}::operator()() const::{lambda(float)#1}, std::array<char*, 2ul>)",3,operator_shape_matched,"[[11372,1]]","[""float""]",null,50,86.848
null,aten::scatter_add,"void at::native::_scatter_gather_elementwise_kernel<128, 8, at::native::_cuda_scatter_gather_internal_kernel<true, c10::BFloat16, long>::operator()<at::native::ReduceAdd>(at::TensorIterator&, long, long, long, at::native::ReduceAdd const&)::{lambda(int)#1}>(int, at::native::_cuda_scatter_gather_internal_kernel<true, c10::BFloat16, long>::operator()<at::native::ReduceAdd>(at::TensorIterator&, long, long, long, at::native::ReduceAdd const&)::{lambda(int)#1})",1,operator_shape_matched,"[[55131,4096],[],[55131,4096],[55131,4096]]","[""c10::BFloat16"",""Scalar"",""long int"",""c10::BFloat16""]",null,100,103092.047
null,aten::silu,"void at::native::vectorized_elementwise_kernel<4, at::native::(anonymous namespace)::silu_kernel(at::TensorIteratorBase&)::{lambda()#1}::operator()() const::{lambda()#2}::operator()() const::{lambda(float)#1}, std::array<char*, 2ul> >(int, at::native::(anonymous namespace)::silu_kernel(at::TensorIteratorBase&)::{lambda()#1}::operator()() const::{lambda()#2}::operator()() const::{lambda(float)#1}, std::array<char*, 2ul>)",1,operator_shape_matched,"[[55131,4096]]","[""float""]",null,100,64352.945
null,aten::silu,"void at::native::vectorized_elementwise_kernel<8, at::native::(anonymous namespace)::silu_kernel(at::TensorIteratorBase&)::{lambda()#1}::operator()() const::{lambda()#6}::operator()() const::{lambda(c10::BFloat16)#1}, std::array<char*, 2ul> >(int, at::native::(anonymous namespace)::silu_kernel(at::TensorIteratorBase&)::{lambda()#1}::operator()() const::{lambda()#6}::operator()() const::{lambda(c10::BFloat16)#1}, std::array<char*, 2ul>)",1,operator_shape_matched,"[[1,256,4,272,368]]","[""c10::BFloat16""]",null,822,112288.422
null,aten::silu,"void at::native::vectorized_elementwise_kernel<8, at::native::(anonymous namespace)::silu_kernel(at::TensorIteratorBase&)::{lambda()#1}::operator()() const::{lambda()#6}::operator()() const::{lambda(c10::BFloat16)#1}, std::array<char*, 2ul> >(int, at::native::(anonymous namespace)::silu_kernel(at::TensorIteratorBase&)::{lambda()#1}::operator()() const::{lambda()#6}::operator()() const::{lambda(c10::BFloat16)#1}, std::array<char*, 2ul>)",2,operator_shape_matched,"[[1,160,24,272,368]]","[""c10::BFloat16""]",null,100,50365.815
null,aten::silu,"void at::native::vectorized_elementwise_kernel<8, at::native::(anonymous namespace)::silu_kernel(at::TensorIteratorBase&)::{lambda()#1}::operator()() const::{lambda()#6}::operator()() const::{lambda(c10::BFloat16)#1}, std::array<char*, 2ul> >(int, at::native::(anonymous namespace)::silu_kernel(at::TensorIteratorBase&)::{lambda()#1}::operator()() const::{lambda()#6}::operator()() const::{lambda(c10::BFloat16)#1}, std::array<char*, 2ul>)",3,operator_shape_matched,"[[1,512,4,136,184]]","[""c10::BFloat16""]",null,685,47576.745
null,aten::silu,"void at::native::vectorized_elementwise_kernel<8, at::native::(anonymous namespace)::silu_kernel(at::TensorIteratorBase&)::{lambda()#1}::operator()() const::{lambda()#6}::operator()() const::{lambda(c10::BFloat16)#1}, std::array<char*, 2ul> >(int, at::native::(anonymous namespace)::silu_kernel(at::TensorIteratorBase&)::{lambda()#1}::operator()() const::{lambda()#6}::operator()() const::{lambda(c10::BFloat16)#1}, std::array<char*, 2ul>)",4,operator_shape_matched,"[[1,512,4,272,368]]","[""c10::BFloat16""]",null,137,37141.884
null,aten::silu,"void at::native::vectorized_elementwise_kernel<8, at::native::(anonymous namespace)::silu_kernel(at::TensorIteratorBase&)::{lambda()#1}::operator()() const::{lambda()#6}::operator()() const::{lambda(c10::BFloat16)#1}, std::array<char*, 2ul> >(int, at::native::(anonymous namespace)::silu_kernel(at::TensorIteratorBase&)::{lambda()#1}::operator()() const::{lambda()#6}::operator()() const::{lambda(c10::BFloat16)#1}, std::array<char*, 2ul>)",5,operator_shape_matched,"[[1,320,24,136,184]]","[""c10::BFloat16""]",null,75,18996.419
null,aten::silu,"void at::native::vectorized_elementwise_kernel<8, at::native::(anonymous namespace)::silu_kernel(at::TensorIteratorBase&)::{lambda()#1}::operator()() const::{lambda()#6}::operator()() const::{lambda(c10::BFloat16)#1}, std::array<char*, 2ul> >(int, at::native::(anonymous namespace)::silu_kernel(at::TensorIteratorBase&)::{lambda()#1}::operator()() const::{lambda()#6}::operator()() const::{lambda(c10::BFloat16)#1}, std::array<char*, 2ul>)",6,operator_shape_matched,"[[1,1024,4,136,184]]","[""c10::BFloat16""]",null,137,18676.483
null,aten::silu,"void at::native::vectorized_elementwise_kernel<8, at::native::(anonymous namespace)::silu_kernel(at::TensorIteratorBase&)::{lambda()#1}::operator()() const::{lambda()#6}::operator()() const::{lambda(c10::BFloat16)#1}, std::array<char*, 2ul> >(int, at::native::(anonymous namespace)::silu_kernel(at::TensorIteratorBase&)::{lambda()#1}::operator()() const::{lambda()#6}::operator()() const::{lambda(c10::BFloat16)#1}, std::array<char*, 2ul>)",7,operator_shape_matched,"[[1,1024,2,68,92]]","[""c10::BFloat16""]",null,822,14077.985
null,aten::silu,"void at::native::vectorized_elementwise_kernel<8, at::native::(anonymous namespace)::silu_kernel(at::TensorIteratorBase&)::{lambda()#1}::operator()() const::{lambda()#6}::operator()() const::{lambda(c10::BFloat16)#1}, std::array<char*, 2ul> >(int, at::native::(anonymous namespace)::silu_kernel(at::TensorIteratorBase&)::{lambda()#1}::operator()() const::{lambda()#6}::operator()() const::{lambda(c10::BFloat16)#1}, std::array<char*, 2ul>)",8,operator_shape_matched,"[[1,1024,1,34,46]]","[""c10::BFloat16""]",null,1410,5146.826
null,aten::silu,"void at::native::vectorized_elementwise_kernel<8, at::native::(anonymous namespace)::silu_kernel(at::TensorIteratorBase&)::{lambda()#1}::operator()() const::{lambda()#6}::operator()() const::{lambda(c10::BFloat16)#1}, std::array<char*, 2ul> >(int, at::native::(anonymous namespace)::silu_kernel(at::TensorIteratorBase&)::{lambda()#1}::operator()() const::{lambda()#6}::operator()() const::{lambda(c10::BFloat16)#1}, std::array<char*, 2ul>)",9,operator_shape_matched,"[[1,640,12,68,92]]","[""c10::BFloat16""]",null,75,4871.369
null,aten::silu,"void at::native::vectorized_elementwise_kernel<8, at::native::(anonymous namespace)::silu_kernel(at::TensorIteratorBase&)::{lambda()#1}::operator()() const::{lambda()#6}::operator()() const::{lambda(c10::BFloat16)#1}, std::array<char*, 2ul> >(int, at::native::(anonymous namespace)::silu_kernel(at::TensorIteratorBase&)::{lambda()#1}::operator()() const::{lambda()#6}::operator()() const::{lambda(c10::BFloat16)#1}, std::array<char*, 2ul>)",10,operator_shape_matched,"[[1,160,24,136,184]]","[""c10::BFloat16""]",null,25,3194.525
null,aten::silu,"void at::native::vectorized_elementwise_kernel<8, at::native::(anonymous namespace)::silu_kernel(at::TensorIteratorBase&)::{lambda()#1}::operator()() const::{lambda()#6}::operator()() const::{lambda(c10::BFloat16)#1}, std::array<char*, 2ul> >(int, at::native::(anonymous namespace)::silu_kernel(at::TensorIteratorBase&)::{lambda()#1}::operator()() const::{lambda()#6}::operator()() const::{lambda(c10::BFloat16)#1}, std::array<char*, 2ul>)",11,operator_shape_matched,"[[1,640,6,34,46]]","[""c10::BFloat16""]",null,225,1859.019
null,aten::silu,"void at::native::vectorized_elementwise_kernel<8, at::native::(anonymous namespace)::silu_kernel(at::TensorIteratorBase&)::{lambda()#1}::operator()() const::{lambda()#6}::operator()() const::{lambda(c10::BFloat16)#1}, std::array<char*, 2ul> >(int, at::native::(anonymous namespace)::silu_kernel(at::TensorIteratorBase&)::{lambda()#1}::operator()() const::{lambda()#6}::operator()() const::{lambda(c10::BFloat16)#1}, std::array<char*, 2ul>)",12,operator_shape_matched,"[[1,256,1,272,368]]","[""c10::BFloat16""]",null,24,872.011
null,aten::silu,"void at::native::vectorized_elementwise_kernel<8, at::native::(anonymous namespace)::silu_kernel(at::TensorIteratorBase&)::{lambda()#1}::operator()() const::{lambda()#6}::operator()() const::{lambda(c10::BFloat16)#1}, std::array<char*, 2ul> >(int, at::native::(anonymous namespace)::silu_kernel(at::TensorIteratorBase&)::{lambda()#1}::operator()() const::{lambda()#6}::operator()() const::{lambda(c10::BFloat16)#1}, std::array<char*, 2ul>)",13,operator_shape_matched,"[[1,320,12,68,92]]","[""c10::BFloat16""]",null,25,846.407
null,aten::silu,"void at::native::vectorized_elementwise_kernel<8, at::native::(anonymous namespace)::silu_kernel(at::TensorIteratorBase&)::{lambda()#1}::operator()() const::{lambda()#6}::operator()() const::{lambda(c10::BFloat16)#1}, std::array<char*, 2ul> >(int, at::native::(anonymous namespace)::silu_kernel(at::TensorIteratorBase&)::{lambda()#1}::operator()() const::{lambda()#6}::operator()() const::{lambda(c10::BFloat16)#1}, std::array<char*, 2ul>)",14,operator_shape_matched,"[[1,160,1,272,368]]","[""c10::BFloat16""]",null,16,363.782
null,aten::silu,"void at::native::vectorized_elementwise_kernel<8, at::native::(anonymous namespace)::silu_kernel(at::TensorIteratorBase&)::{lambda()#1}::operator()() const::{lambda()#6}::operator()() const::{lambda(c10::BFloat16)#1}, std::array<char*, 2ul> >(int, at::native::(anonymous namespace)::silu_kernel(at::TensorIteratorBase&)::{lambda()#1}::operator()() const::{lambda()#6}::operator()() const::{lambda(c10::BFloat16)#1}, std::array<char*, 2ul>)",15,operator_shape_matched,"[[1,512,1,136,184]]","[""c10::BFloat16""]",null,20,351.591
null,aten::silu,"void at::native::vectorized_elementwise_kernel<8, at::native::(anonymous namespace)::silu_kernel(at::TensorIteratorBase&)::{lambda()#1}::operator()() const::{lambda()#6}::operator()() const::{lambda(c10::BFloat16)#1}, std::array<char*, 2ul> >(int, at::native::(anonymous namespace)::silu_kernel(at::TensorIteratorBase&)::{lambda()#1}::operator()() const::{lambda()#6}::operator()() const::{lambda(c10::BFloat16)#1}, std::array<char*, 2ul>)",16,operator_shape_matched,"[[1,512,1,272,368]]","[""c10::BFloat16""]",null,4,280.93
null,aten::silu,"void at::native::vectorized_elementwise_kernel<8, at::native::(anonymous namespace)::silu_kernel(at::TensorIteratorBase&)::{lambda()#1}::operator()() const::{lambda()#6}::operator()() const::{lambda(c10::BFloat16)#1}, std::array<char*, 2ul> >(int, at::native::(anonymous namespace)::silu_kernel(at::TensorIteratorBase&)::{lambda()#1}::operator()() const::{lambda()#6}::operator()() const::{lambda(c10::BFloat16)#1}, std::array<char*, 2ul>)",17,operator_shape_matched,"[[1,1024,1,68,92]]","[""c10::BFloat16""]",null,24,219.073
null,aten::silu,"void at::native::vectorized_elementwise_kernel<8, at::native::(anonymous namespace)::silu_kernel(at::TensorIteratorBase&)::{lambda()#1}::operator()() const::{lambda()#6}::operator()() const::{lambda(c10::BFloat16)#1}, std::array<char*, 2ul> >(int, at::native::(anonymous namespace)::silu_kernel(at::TensorIteratorBase&)::{lambda()#1}::operator()() const::{lambda()#6}::operator()() const::{lambda(c10::BFloat16)#1}, std::array<char*, 2ul>)",18,operator_shape_matched,"[[1,1024,1,136,184]]","[""c10::BFloat16""]",null,4,144.418
null,aten::silu,"void at::native::vectorized_elementwise_kernel<8, at::native::(anonymous namespace)::silu_kernel(at::TensorIteratorBase&)::{lambda()#1}::operator()() const::{lambda()#6}::operator()() const::{lambda(c10::BFloat16)#1}, std::array<char*, 2ul> >(int, at::native::(anonymous namespace)::silu_kernel(at::TensorIteratorBase&)::{lambda()#1}::operator()() const::{lambda()#6}::operator()() const::{lambda(c10::BFloat16)#1}, std::array<char*, 2ul>)",19,operator_shape_matched,"[[1,640,1,34,46]]","[""c10::BFloat16""]",null,36,124.929
null,aten::silu,"void at::native::vectorized_elementwise_kernel<8, at::native::(anonymous namespace)::silu_kernel(at::TensorIteratorBase&)::{lambda()#1}::operator()() const::{lambda()#6}::operator()() const::{lambda(c10::BFloat16)#1}, std::array<char*, 2ul> >(int, at::native::(anonymous namespace)::silu_kernel(at::TensorIteratorBase&)::{lambda()#1}::operator()() const::{lambda()#6}::operator()() const::{lambda(c10::BFloat16)#1}, std::array<char*, 2ul>)",20,operator_shape_matched,"[[1,320,1,136,184]]","[""c10::BFloat16""]",null,12,119.807
null,aten::silu,"void at::native::vectorized_elementwise_kernel<8, at::native::(anonymous namespace)::silu_kernel(at::TensorIteratorBase&)::{lambda()#1}::operator()() const::{lambda()#6}::operator()() const::{lambda(c10::BFloat16)#1}, std::array<char*, 2ul> >(int, at::native::(anonymous namespace)::silu_kernel(at::TensorIteratorBase&)::{lambda()#1}::operator()() const::{lambda()#6}::operator()() const::{lambda(c10::BFloat16)#1}, std::array<char*, 2ul>)",21,operator_shape_matched,"[[1,640,1,68,92]]","[""c10::BFloat16""]",null,12,71.039
null,aten::silu,"void at::native::vectorized_elementwise_kernel<8, at::native::(anonymous namespace)::silu_kernel(at::TensorIteratorBase&)::{lambda()#1}::operator()() const::{lambda()#6}::operator()() const::{lambda(c10::BFloat16)#1}, std::array<char*, 2ul> >(int, at::native::(anonymous namespace)::silu_kernel(at::TensorIteratorBase&)::{lambda()#1}::operator()() const::{lambda()#6}::operator()() const::{lambda(c10::BFloat16)#1}, std::array<char*, 2ul>)",22,operator_shape_matched,"[[1,160,1,136,184]]","[""c10::BFloat16""]",null,4,22.72
null,aten::silu,"void at::native::vectorized_elementwise_kernel<8, at::native::(anonymous namespace)::silu_kernel(at::TensorIteratorBase&)::{lambda()#1}::operator()() const::{lambda()#6}::operator()() const::{lambda(c10::BFloat16)#1}, std::array<char*, 2ul> >(int, at::native::(anonymous namespace)::silu_kernel(at::TensorIteratorBase&)::{lambda()#1}::operator()() const::{lambda()#6}::operator()() const::{lambda(c10::BFloat16)#1}, std::array<char*, 2ul>)",23,operator_shape_matched,"[[1,320,1,68,92]]","[""c10::BFloat16""]",null,4,17.728
null,aten::sin,"void at::native::vectorized_elementwise_kernel<4, at::native::sin_kernel_cuda(at::TensorIteratorBase&)::{lambda()#2}::operator()() const::{lambda()#2}::operator()() const::{lambda(float)#1}, std::array<char*, 2ul> >(int, at::native::sin_kernel_cuda(at::TensorIteratorBase&)::{lambda()#2}::operator()() const::{lambda()#2}::operator()() const::{lambda(float)#1}, std::array<char*, 2ul>)",1,operator_shape_matched,"[[55131,128]]","[""float""]",null,100,2105.624
null,aten::sin,"void at::native::vectorized_elementwise_kernel<4, at::native::sin_kernel_cuda(at::TensorIteratorBase&)::{lambda()#2}::operator()() const::{lambda()#2}::operator()() const::{lambda(float)#1}, std::array<char*, 2ul> >(int, at::native::sin_kernel_cuda(at::TensorIteratorBase&)::{lambda()#2}::operator()() const::{lambda()#2}::operator()() const::{lambda(float)#1}, std::array<char*, 2ul>)",2,operator_shape_matched,"[[1,66503,128]]","[""float""]",null,50,1244.939
null,aten::sin,"void at::native::vectorized_elementwise_kernel<4, at::native::sin_kernel_cuda(at::TensorIteratorBase&)::{lambda()#2}::operator()() const::{lambda()#2}::operator()() const::{lambda(float)#1}, std::array<char*, 2ul> >(int, at::native::sin_kernel_cuda(at::TensorIteratorBase&)::{lambda()#2}::operator()() const::{lambda()#2}::operator()() const::{lambda(float)#1}, std::array<char*, 2ul>)",3,operator_shape_matched,"[[1,56049,128]]","[""float""]",null,50,1059.527
null,aten::split_with_sizes_copy,"at::native::detail::split_with_sizes_copy_out_contiguous_no_cast_kernel(char**, char**, long*, long*, long*, long, long)",1,operator_shape_matched,"[[4,96473216],[],[],[]]",[],null,3600,1999487.293
null,aten::sub,"void at::native::elementwise_kernel<128, 4, at::native::gpu_kernel_impl_nocast<at::native::CUDAFunctor_add<c10::BFloat16> >(at::TensorIteratorBase&, at::native::CUDAFunctor_add<c10::BFloat16> const&)::{lambda(int)#1}>(int, at::native::gpu_kernel_impl_nocast<at::native::CUDAFunctor_add<c10::BFloat16> >(at::TensorIteratorBase&, at::native::CUDAFunctor_add<c10::BFloat16> const&)::{lambda(int)#1})",1,operator_shape_matched,"[[1,48,6,34,46],[1,48,1,1,1],[]]","[""c10::BFloat16"",""c10::BFloat16"",""Scalar""]",null,25,73.341
null,aten::sub,"void at::native::elementwise_kernel<128, 4, at::native::gpu_kernel_impl_nocast<at::native::CUDAFunctor_add<c10::BFloat16> >(at::TensorIteratorBase&, at::native::CUDAFunctor_add<c10::BFloat16> const&)::{lambda(int)#1}>(int, at::native::gpu_kernel_impl_nocast<at::native::CUDAFunctor_add<c10::BFloat16> >(at::TensorIteratorBase&, at::native::CUDAFunctor_add<c10::BFloat16> const&)::{lambda(int)#1})",2,operator_shape_matched,"[[1,48,1,34,46],[1,48,1,1,1],[]]","[""c10::BFloat16"",""c10::BFloat16"",""Scalar""]",null,4,10.176
null,aten::sub,"void at::native::unrolled_elementwise_kernel<at::native::CUDAFunctor_add<float>, std::array<char*, 3ul>, 4, TrivialOffsetCalculator<2, unsigned int>, TrivialOffsetCalculator<1, unsigned int>, at::native::memory::LoadWithCast<2>, at::native::memory::StoreWithCast<1> >(int, at::native::CUDAFunctor_add<float>, std::array<char*, 3ul>, TrivialOffsetCalculator<2, unsigned int>, TrivialOffsetCalculator<1, unsigned int>, at::native::memory::LoadWithCast<2>, at::native::memory::StoreWithCast<1>)",1,operator_shape_matched,"[[1,3378240],[3378240],[]]","[""float"",""c10::BFloat16"",""Scalar""]",null,50,833.578
null,aten::sub,"void at::native::unrolled_elementwise_kernel<at::native::CUDAFunctor_add<float>, std::array<char*, 3ul>, 4, TrivialOffsetCalculator<2, unsigned int>, TrivialOffsetCalculator<1, unsigned int>, at::native::memory::LoadWithCast<2>, at::native::memory::StoreWithCast<1> >(int, at::native::CUDAFunctor_add<float>, std::array<char*, 3ul>, TrivialOffsetCalculator<2, unsigned int>, TrivialOffsetCalculator<1, unsigned int>, at::native::memory::LoadWithCast<2>, at::native::memory::StoreWithCast<1>)",2,operator_shape_matched,"[[1,2927808],[2927808],[]]","[""float"",""c10::BFloat16"",""Scalar""]",null,50,732.073
null,aten::sub,"void at::native::unrolled_elementwise_kernel<at::native::CUDAFunctor_add<float>, std::array<char*, 3ul>, 4, TrivialOffsetCalculator<2, unsigned int>, TrivialOffsetCalculator<1, unsigned int>, at::native::memory::LoadWithCast<2>, at::native::memory::StoreWithCast<1> >(int, at::native::CUDAFunctor_add<float>, std::array<char*, 3ul>, TrivialOffsetCalculator<2, unsigned int>, TrivialOffsetCalculator<1, unsigned int>, at::native::memory::LoadWithCast<2>, at::native::memory::StoreWithCast<1>)",3,operator_shape_matched,"[[1,2252160],[2252160],[]]","[""float"",""c10::BFloat16"",""Scalar""]",null,50,645.321
null,aten::sub,"void at::native::unrolled_elementwise_kernel<at::native::CUDAFunctor_add<float>, std::array<char*, 3ul>, 4, TrivialOffsetCalculator<2, unsigned int>, TrivialOffsetCalculator<1, unsigned int>, at::native::memory::LoadWithCast<2>, at::native::memory::StoreWithCast<1> >(int, at::native::CUDAFunctor_add<float>, std::array<char*, 3ul>, TrivialOffsetCalculator<2, unsigned int>, TrivialOffsetCalculator<1, unsigned int>, at::native::memory::LoadWithCast<2>, at::native::memory::StoreWithCast<1>)",4,operator_shape_matched,"[[1,2026944],[2026944],[]]","[""float"",""c10::BFloat16"",""Scalar""]",null,50,542.178
null,aten::sub,"void at::native::vectorized_elementwise_kernel<4, at::native::CUDAFunctorOnOther_add<float>, std::array<char*, 2ul> >(int, at::native::CUDAFunctorOnOther_add<float>, std::array<char*, 2ul>)",1,operator_shape_matched,"[[],[45,1,1],[]]","[""double"",""float"",""Scalar""]",null,101,168.29
null,aten::sub,"void at::native::vectorized_elementwise_kernel<4, at::native::CUDAFunctorOnOther_add<float>, std::array<char*, 2ul> >(int, at::native::CUDAFunctorOnOther_add<float>, std::array<char*, 2ul>)",2,operator_shape_matched,"[[],[27,1,1],[]]","[""double"",""float"",""Scalar""]",null,101,155.235
null,aten::sub,"void at::native::vectorized_elementwise_kernel<4, at::native::CUDAFunctorOnOther_add<float>, std::array<char*, 2ul> >(int, at::native::CUDAFunctorOnOther_add<float>, std::array<char*, 2ul>)",3,operator_shape_matched,"[[],[30,1,1],[]]","[""double"",""float"",""Scalar""]",null,101,153.381
null,aten::sub,"void at::native::vectorized_elementwise_kernel<4, at::native::CUDAFunctorOnOther_add<float>, std::array<char*, 2ul> >(int, at::native::CUDAFunctorOnOther_add<float>, std::array<char*, 2ul>)",4,operator_shape_matched,"[[],[39,1,1],[]]","[""double"",""float"",""Scalar""]",null,101,153.347
null,aten::sub,"void at::native::vectorized_elementwise_kernel<4, at::native::CUDAFunctorOnSelf_add<float>, std::array<char*, 2ul> >(int, at::native::CUDAFunctorOnSelf_add<float>, std::array<char*, 2ul>)",1,operator_shape_matched,"[[1,3378240],[],[]]","[""float"",""float"",""Scalar""]",null,2,12.481
null,aten::sub,"void at::native::vectorized_elementwise_kernel<4, at::native::CUDAFunctorOnSelf_add<float>, std::array<char*, 2ul> >(int, at::native::CUDAFunctorOnSelf_add<float>, std::array<char*, 2ul>)",2,operator_shape_matched,"[[1,2927808],[],[]]","[""float"",""float"",""Scalar""]",null,2,11.52
null,aten::sub,"void at::native::vectorized_elementwise_kernel<4, at::native::CUDAFunctorOnSelf_add<float>, std::array<char*, 2ul> >(int, at::native::CUDAFunctorOnSelf_add<float>, std::array<char*, 2ul>)",3,operator_shape_matched,"[[1,2252160],[],[]]","[""float"",""float"",""Scalar""]",null,2,9.952
null,aten::sub,"void at::native::vectorized_elementwise_kernel<4, at::native::CUDAFunctorOnSelf_add<float>, std::array<char*, 2ul> >(int, at::native::CUDAFunctorOnSelf_add<float>, std::array<char*, 2ul>)",4,operator_shape_matched,"[[1,2026944],[],[]]","[""float"",""float"",""Scalar""]",null,2,7.393
null,aten::sub,"void at::native::vectorized_elementwise_kernel<4, at::native::CUDAFunctor_add<float>, std::array<char*, 3ul> >(int, at::native::CUDAFunctor_add<float>, std::array<char*, 3ul>)",1,operator_shape_matched,"[[1,3378240],[1,3378240],[]]","[""float"",""float"",""Scalar""]",null,341,4319.401
null,aten::sub,"void at::native::vectorized_elementwise_kernel<4, at::native::CUDAFunctor_add<float>, std::array<char*, 3ul> >(int, at::native::CUDAFunctor_add<float>, std::array<char*, 3ul>)",2,operator_shape_matched,"[[1,2927808],[1,2927808],[]]","[""float"",""float"",""Scalar""]",null,341,3759.02
null,aten::sub,"void at::native::vectorized_elementwise_kernel<4, at::native::CUDAFunctor_add<float>, std::array<char*, 3ul> >(int, at::native::CUDAFunctor_add<float>, std::array<char*, 3ul>)",3,operator_shape_matched,"[[1,2252160],[1,2252160],[]]","[""float"",""float"",""Scalar""]",null,341,2858.652
null,aten::sub,"void at::native::vectorized_elementwise_kernel<4, at::native::CUDAFunctor_add<float>, std::array<char*, 3ul> >(int, at::native::CUDAFunctor_add<float>, std::array<char*, 3ul>)",4,operator_shape_matched,"[[1,2026944],[1,2026944],[]]","[""float"",""float"",""Scalar""]",null,341,2379.705
null,aten::sub,"void at::native::vectorized_elementwise_kernel<8, at::native::CUDAFunctor_add<c10::BFloat16>, std::array<char*, 3ul> >(int, at::native::CUDAFunctor_add<c10::BFloat16>, std::array<char*, 3ul>)",1,operator_shape_matched,"[[3378240],[3378240],[]]","[""c10::BFloat16"",""c10::BFloat16"",""Scalar""]",null,50,400.706
null,aten::sub,"void at::native::vectorized_elementwise_kernel<8, at::native::CUDAFunctor_add<c10::BFloat16>, std::array<char*, 3ul> >(int, at::native::CUDAFunctor_add<c10::BFloat16>, std::array<char*, 3ul>)",2,operator_shape_matched,"[[2927808],[2927808],[]]","[""c10::BFloat16"",""c10::BFloat16"",""Scalar""]",null,50,348.996
null,aten::sub,"void at::native::vectorized_elementwise_kernel<8, at::native::CUDAFunctor_add<c10::BFloat16>, std::array<char*, 3ul> >(int, at::native::CUDAFunctor_add<c10::BFloat16>, std::array<char*, 3ul>)",3,operator_shape_matched,"[[2252160],[2252160],[]]","[""c10::BFloat16"",""c10::BFloat16"",""Scalar""]",null,50,289.602
null,aten::sub,"void at::native::vectorized_elementwise_kernel<8, at::native::CUDAFunctor_add<c10::BFloat16>, std::array<char*, 3ul> >(int, at::native::CUDAFunctor_add<c10::BFloat16>, std::array<char*, 3ul>)",4,operator_shape_matched,"[[2026944],[2026944],[]]","[""c10::BFloat16"",""c10::BFloat16"",""Scalar""]",null,50,273.827
null,aten::sum,"void at::native::reduce_kernel<512, 1, at::native::ReduceOp<float, at::native::func_wrapper_t<float, at::native::sum_functor<float, float, float>::operator()(at::TensorIterator&)::{lambda(float, float)#1}>, unsigned int, float, 4, 4> >(at::native::ReduceOp<float, at::native::func_wrapper_t<float, at::native::sum_functor<float, float, float>::operator()(at::TensorIterator&)::{lambda(float, float)#1}>, unsigned int, float, 4, 4>)",1,operator_shape_matched,"[[45,1,1],[]]","[""float"",""""]",null,100,300.065
null,aten::sum,"void at::native::reduce_kernel<512, 1, at::native::ReduceOp<float, at::native::func_wrapper_t<float, at::native::sum_functor<float, float, float>::operator()(at::TensorIterator&)::{lambda(float, float)#1}>, unsigned int, float, 4, 4> >(at::native::ReduceOp<float, at::native::func_wrapper_t<float, at::native::sum_functor<float, float, float>::operator()(at::TensorIterator&)::{lambda(float, float)#1}>, unsigned int, float, 4, 4>)",2,operator_shape_matched,"[[30,1,1],[]]","[""float"",""""]",null,99,249.312
null,aten::sum,"void at::native::reduce_kernel<512, 1, at::native::ReduceOp<float, at::native::func_wrapper_t<float, at::native::sum_functor<float, float, float>::operator()(at::TensorIterator&)::{lambda(float, float)#1}>, unsigned int, float, 4, 4> >(at::native::ReduceOp<float, at::native::func_wrapper_t<float, at::native::sum_functor<float, float, float>::operator()(at::TensorIterator&)::{lambda(float, float)#1}>, unsigned int, float, 4, 4>)",3,operator_shape_matched,"[[39,1,1],[]]","[""float"",""""]",null,100,248.642
null,aten::sum,"void at::native::reduce_kernel<512, 1, at::native::ReduceOp<float, at::native::func_wrapper_t<float, at::native::sum_functor<float, float, float>::operator()(at::TensorIterator&)::{lambda(float, float)#1}>, unsigned int, float, 4, 4> >(at::native::ReduceOp<float, at::native::func_wrapper_t<float, at::native::sum_functor<float, float, float>::operator()(at::TensorIterator&)::{lambda(float, float)#1}>, unsigned int, float, 4, 4>)",4,operator_shape_matched,"[[27,1,1],[]]","[""float"",""""]",null,100,242.975
null,aten::sum,"void at::native::reduce_kernel<512, 1, at::native::ReduceOp<float, at::native::func_wrapper_t<float, at::native::sum_functor<float, float, float>::operator()(at::TensorIterator&)::{lambda(float, float)#1}>, unsigned int, float, 4, 4> >(at::native::ReduceOp<float, at::native::func_wrapper_t<float, at::native::sum_functor<float, float, float>::operator()(at::TensorIterator&)::{lambda(float, float)#1}>, unsigned int, float, 4, 4>)",5,operator_shape_matched,"[[30,1,1],[],[],[]]","[""float"",""ScalarList"",""Scalar"",""""]",null,1,2.624
null,flash_attn_3::fwd,"void cutlass::device_kernel<flash::enable_sm90_or_later<flash::FlashAttnFwdSm90<flash::CollectiveMainloopFwdSm90<2, cute::tuple<cute::C<1>, cute::C<1>, cute::C<1> >, cute::tuple<cute::C<128>, cute::C<128>, cute::C<128> >, 128, cutlass::bfloat16_t, float, cutlass::arch::Sm90, true, false, false, true, false, false, false, true, true, true, false, false>, flash::CollectiveEpilogueFwd<cute::tuple<cute::C<128>, cute::C<128>, cute::C<128> >, cute::tuple<cute::C<1>, cute::C<1>, cute::C<1> >, cutlass::bfloat16_t, cutlass::arch::Sm90, 256, true, true, false, false>, flash::VarlenDynamicPersistentTileScheduler<128, 128, 256, 128, false, true, true, true, true, true> > > >(flash::enable_sm90_or_later<flash::FlashAttnFwdSm90<flash::CollectiveMainloopFwdSm90<2, cute::tuple<cute::C<1>, cute::C<1>, cute::C<1> >, cute::tuple<cute::C<128>, cute::C<128>, cute::C<128> >, 128, cutlass::bfloat16_t, float, cutlass::arch::Sm90, true, false, false, true, false, false, false, true, true, true, false, false>, flash::CollectiveEpilogueFwd<cute::tuple<cute::C<128>, cute::C<128>, cute::C<128> >, cute::tuple<cute::C<1>, cute::C<1>, cute::C<1> >, cutlass::bfloat16_t, cutlass::arch::Sm90, 256, true, true, false, false>, flash::VarlenDynamicPersistentTileScheduler<128, 128, 256, 128, false, true, true, true, true, true> > >::Params)",1,operator_shape_matched,"[[11372,32,128],[11372,8,128],[11372,8,128],[],[],[],[],[5],[5],[],[],[],[],[],[],[],[],[],[],[],[],[],[],[],[],[],[],[],[],[],[],[],[],[]]","[""c10::BFloat16"",""c10::BFloat16"",""c10::BFloat16"","""","""","""","""",""int"",""int"","""","""","""",""Scalar"",""Scalar"","""","""","""","""","""","""","""","""","""",""Scalar"",""Scalar"",""Scalar"",""Scalar"",""Scalar"",""Scalar"",""Scalar"","""",""Scalar"","""",""Scalar""]",null,1800,1013748.393
null,flash_attn_3::fwd,"void cutlass::device_kernel<flash::enable_sm90_or_later<flash::FlashAttnFwdSm90<flash::CollectiveMainloopFwdSm90<2, cute::tuple<cute::C<1>, cute::C<1>, cute::C<1> >, cute::tuple<cute::C<128>, cute::C<128>, cute::C<128> >, 128, cutlass::bfloat16_t, float, cutlass::arch::Sm90, true, false, false, true, false, false, false, true, true, true, false, false>, flash::CollectiveEpilogueFwd<cute::tuple<cute::C<128>, cute::C<128>, cute::C<128> >, cute::tuple<cute::C<1>, cute::C<1>, cute::C<1> >, cutlass::bfloat16_t, cutlass::arch::Sm90, 256, true, true, false, false>, flash::VarlenDynamicPersistentTileScheduler<128, 128, 256, 128, false, true, true, true, true, true> > > >(flash::enable_sm90_or_later<flash::FlashAttnFwdSm90<flash::CollectiveMainloopFwdSm90<2, cute::tuple<cute::C<1>, cute::C<1>, cute::C<1> >, cute::tuple<cute::C<128>, cute::C<128>, cute::C<128> >, 128, cutlass::bfloat16_t, float, cutlass::arch::Sm90, true, false, false, true, false, false, false, true, true, true, false, false>, flash::CollectiveEpilogueFwd<cute::tuple<cute::C<128>, cute::C<128>, cute::C<128> >, cute::tuple<cute::C<1>, cute::C<1>, cute::C<1> >, cutlass::bfloat16_t, cutlass::arch::Sm90, 256, true, true, false, false>, flash::VarlenDynamicPersistentTileScheduler<128, 128, 256, 128, false, true, true, true, true, true> > >::Params)",2,operator_shape_matched,"[[918,32,128],[918,8,128],[918,8,128],[],[],[],[],[5],[5],[],[],[],[],[],[],[],[],[],[],[],[],[],[],[],[],[],[],[],[],[],[],[],[],[]]","[""c10::BFloat16"",""c10::BFloat16"",""c10::BFloat16"","""","""","""","""",""int"",""int"","""","""","""",""Scalar"",""Scalar"","""","""","""","""","""","""","""","""","""",""Scalar"",""Scalar"",""Scalar"",""Scalar"",""Scalar"",""Scalar"",""Scalar"","""",""Scalar"","""",""Scalar""]",null,1800,46693.111
null,flash_attn_3::fwd,"void cutlass::device_kernel<flash::enable_sm90_or_later<flash::FlashAttnFwdSm90<flash::CollectiveMainloopFwdSm90<2, cute::tuple<cute::C<1>, cute::C<1>, cute::C<1> >, cute::tuple<cute::C<128>, cute::C<176>, cute::C<128> >, 128, cutlass::bfloat16_t, float, cutlass::arch::Sm90, false, false, false, true, false, false, false, true, true, true, false, false>, flash::CollectiveEpilogueFwd<cute::tuple<cute::C<128>, cute::C<128>, cute::C<176> >, cute::tuple<cute::C<1>, cute::C<1>, cute::C<1> >, cutlass::bfloat16_t, cutlass::arch::Sm90, 256, true, true, false, false>, flash::VarlenDynamicPersistentTileScheduler<128, 176, 256, 128, false, true, true, false, true, true> > > >(flash::enable_sm90_or_later<flash::FlashAttnFwdSm90<flash::CollectiveMainloopFwdSm90<2, cute::tuple<cute::C<1>, cute::C<1>, cute::C<1> >, cute::tuple<cute::C<128>, cute::C<176>, cute::C<128> >, 128, cutlass::bfloat16_t, float, cutlass::arch::Sm90, false, false, false, true, false, false, false, true, true, true, false, false>, flash::CollectiveEpilogueFwd<cute::tuple<cute::C<128>, cute::C<128>, cute::C<176> >, cute::tuple<cute::C<1>, cute::C<1>, cute::C<1> >, cutlass::bfloat16_t, cutlass::arch::Sm90, 256, true, true, false, false>, flash::VarlenDynamicPersistentTileScheduler<128, 176, 256, 128, false, true, true, false, true, true> > >::Params)",1,operator_shape_matched,"[[55131,32,128],[66503,8,128],[66503,8,128],[],[],[],[],[5],[5],[],[],[],[],[],[],[],[],[],[],[],[],[],[],[],[],[],[],[],[],[],[],[],[],[]]","[""c10::BFloat16"",""c10::BFloat16"",""c10::BFloat16"","""","""","""","""",""int"",""int"","""","""","""",""Scalar"",""Scalar"","""","""","""","""","""","""","""","""","""",""Scalar"",""Scalar"",""Scalar"",""Scalar"",""Scalar"",""Scalar"",""Scalar"","""",""Scalar"","""",""Scalar""]",null,1800,46193321.427
null,flash_attn_3::fwd,"void cutlass::device_kernel<flash::enable_sm90_or_later<flash::FlashAttnFwdSm90<flash::CollectiveMainloopFwdSm90<2, cute::tuple<cute::C<1>, cute::C<1>, cute::C<1> >, cute::tuple<cute::C<128>, cute::C<176>, cute::C<128> >, 128, cutlass::bfloat16_t, float, cutlass::arch::Sm90, false, false, false, true, false, false, false, true, true, true, false, false>, flash::CollectiveEpilogueFwd<cute::tuple<cute::C<128>, cute::C<128>, cute::C<176> >, cute::tuple<cute::C<1>, cute::C<1>, cute::C<1> >, cutlass::bfloat16_t, cutlass::arch::Sm90, 256, true, true, false, false>, flash::VarlenDynamicPersistentTileScheduler<128, 176, 256, 128, false, true, true, false, true, true> > > >(flash::enable_sm90_or_later<flash::FlashAttnFwdSm90<flash::CollectiveMainloopFwdSm90<2, cute::tuple<cute::C<1>, cute::C<1>, cute::C<1> >, cute::tuple<cute::C<128>, cute::C<176>, cute::C<128> >, 128, cutlass::bfloat16_t, float, cutlass::arch::Sm90, false, false, false, true, false, false, false, true, true, true, false, false>, flash::CollectiveEpilogueFwd<cute::tuple<cute::C<128>, cute::C<128>, cute::C<176> >, cute::tuple<cute::C<1>, cute::C<1>, cute::C<1> >, cutlass::bfloat16_t, cutlass::arch::Sm90, 256, true, true, false, false>, flash::VarlenDynamicPersistentTileScheduler<128, 176, 256, 128, false, true, true, false, true, true> > >::Params)",2,operator_shape_matched,"[[55131,32,128],[56049,8,128],[56049,8,128],[],[],[],[],[5],[5],[],[],[],[],[],[],[],[],[],[],[],[],[],[],[],[],[],[],[],[],[],[],[],[],[]]","[""c10::BFloat16"",""c10::BFloat16"",""c10::BFloat16"","""","""","""","""",""int"",""int"","""","""","""",""Scalar"",""Scalar"","""","""","""","""","""","""","""","""","""",""Scalar"",""Scalar"",""Scalar"",""Scalar"",""Scalar"",""Scalar"",""Scalar"","""",""Scalar"","""",""Scalar""]",null,1800,39486770.946
null,flash_attn_3::fwd,"void flash::prepare_varlen_num_blocks_kernel<1, true>(int, int, int, int const*, int const*, int const*, int const*, int const*, int const*, int, int, int, int, int, cutlass::FastDivmod, cutlass::FastDivmod, int*, int*, int*, int*, int*, bool, bool, bool, int)",1,operator_shape_matched,"[[55131,32,128],[56049,8,128],[56049,8,128],[],[],[],[],[5],[5],[],[],[],[],[],[],[],[],[],[],[],[],[],[],[],[],[],[],[],[],[],[],[],[],[]]","[""c10::BFloat16"",""c10::BFloat16"",""c10::BFloat16"","""","""","""","""",""int"",""int"","""","""","""",""Scalar"",""Scalar"","""","""","""","""","""","""","""","""","""",""Scalar"",""Scalar"",""Scalar"",""Scalar"",""Scalar"",""Scalar"",""Scalar"","""",""Scalar"","""",""Scalar""]",null,1800,7344.285
null,flash_attn_3::fwd,"void flash::prepare_varlen_num_blocks_kernel<1, true>(int, int, int, int const*, int const*, int const*, int const*, int const*, int const*, int, int, int, int, int, cutlass::FastDivmod, cutlass::FastDivmod, int*, int*, int*, int*, int*, bool, bool, bool, int)",2,operator_shape_matched,"[[55131,32,128],[66503,8,128],[66503,8,128],[],[],[],[],[5],[5],[],[],[],[],[],[],[],[],[],[],[],[],[],[],[],[],[],[],[],[],[],[],[],[],[]]","[""c10::BFloat16"",""c10::BFloat16"",""c10::BFloat16"","""","""","""","""",""int"",""int"","""","""","""",""Scalar"",""Scalar"","""","""","""","""","""","""","""","""","""",""Scalar"",""Scalar"",""Scalar"",""Scalar"",""Scalar"",""Scalar"",""Scalar"","""",""Scalar"","""",""Scalar""]",null,1800,7018.956
null,flash_attn_3::fwd,"void flash::prepare_varlen_num_blocks_kernel<1, true>(int, int, int, int const*, int const*, int const*, int const*, int const*, int const*, int, int, int, int, int, cutlass::FastDivmod, cutlass::FastDivmod, int*, int*, int*, int*, int*, bool, bool, bool, int)",3,operator_shape_matched,"[[11372,32,128],[11372,8,128],[11372,8,128],[],[],[],[],[5],[5],[],[],[],[],[],[],[],[],[],[],[],[],[],[],[],[],[],[],[],[],[],[],[],[],[]]","[""c10::BFloat16"",""c10::BFloat16"",""c10::BFloat16"","""","""","""","""",""int"",""int"","""","""","""",""Scalar"",""Scalar"","""","""","""","""","""","""","""","""","""",""Scalar"",""Scalar"",""Scalar"",""Scalar"",""Scalar"",""Scalar"",""Scalar"","""",""Scalar"","""",""Scalar""]",null,1800,6827.337
null,flash_attn_3::fwd,"void flash::prepare_varlen_num_blocks_kernel<1, true>(int, int, int, int const*, int const*, int const*, int const*, int const*, int const*, int, int, int, int, int, cutlass::FastDivmod, cutlass::FastDivmod, int*, int*, int*, int*, int*, bool, bool, bool, int)",4,operator_shape_matched,"[[918,32,128],[918,8,128],[918,8,128],[],[],[],[],[5],[5],[],[],[],[],[],[],[],[],[],[],[],[],[],[],[],[],[],[],[],[],[],[],[],[],[]]","[""c10::BFloat16"",""c10::BFloat16"",""c10::BFloat16"","""","""","""","""",""int"",""int"","""","""","""",""Scalar"",""Scalar"","""","""","""","""","""","""","""","""","""",""Scalar"",""Scalar"",""Scalar"",""Scalar"",""Scalar"",""Scalar"",""Scalar"","""",""Scalar"","""",""Scalar""]",null,1800,6753.287
null,triton_poi_fused__flash_attn_forward__to_copy_add_cat_mean_mul_neg_pow_rsqrt_slice_squeeze_unsqueeze_view_2,triton_poi_fused__flash_attn_forward__to_copy_add_cat_mean_mul_neg_pow_rsqrt_slice_squeeze_unsqueeze_view_2,1,operator_shape_matched,"[[11372,32,128],[128],[11372,4096],[11372,32,1],[],[11372,128],[11372,128],[],[]]","[""c10::BFloat16"",""c10::BFloat16"",""c10::BFloat16"",""float"",""Scalar"",""c10::BFloat16"",""c10::BFloat16"",""Scalar"",""Scalar""]",null,1800,251483.075
null,triton_poi_fused__flash_attn_forward__to_copy_add_cat_mean_mul_neg_pow_rsqrt_slice_squeeze_unsqueeze_view_2,triton_poi_fused__flash_attn_forward__to_copy_add_cat_mean_mul_neg_pow_rsqrt_slice_squeeze_unsqueeze_view_2,2,operator_shape_matched,"[[918,32,128],[128],[918,4096],[918,32,1],[],[918,128],[918,128],[],[]]","[""c10::BFloat16"",""c10::BFloat16"",""c10::BFloat16"",""float"",""Scalar"",""c10::BFloat16"",""c10::BFloat16"",""Scalar"",""Scalar""]",null,1800,39792.925
null,triton_poi_fused__flash_attn_forward__to_copy_add_cat_mean_mul_neg_pow_rsqrt_slice_squeeze_unsqueeze_view_7,triton_poi_fused__flash_attn_forward__to_copy_add_cat_mean_mul_neg_pow_rsqrt_slice_squeeze_unsqueeze_view_7,1,operator_shape_matched,"[[55131,32,128],[128],[55131,4096],[55131,32,1],[],[55131,128],[55131,128],[],[]]","[""c10::BFloat16"",""c10::BFloat16"",""c10::BFloat16"",""float"",""Scalar"",""c10::BFloat16"",""c10::BFloat16"",""Scalar"",""Scalar""]",null,3600,2379961.605
null,triton_poi_fused__to_copy_add_cat_mean_mul_neg_pow_rsqrt_slice_unsqueeze_view_4,triton_poi_fused__to_copy_add_cat_mean_mul_neg_pow_rsqrt_slice_unsqueeze_view_4,1,operator_shape_matched,"[[11372,8,128],[128],[11372,1024],[11372,8,1],[],[11372,128],[11372,128],[],[]]","[""c10::BFloat16"",""c10::BFloat16"",""c10::BFloat16"",""float"",""Scalar"",""c10::BFloat16"",""c10::BFloat16"",""Scalar"",""Scalar""]",null,1800,76426.589
null,triton_poi_fused__to_copy_add_cat_mean_mul_neg_pow_rsqrt_slice_unsqueeze_view_4,triton_poi_fused__to_copy_add_cat_mean_mul_neg_pow_rsqrt_slice_unsqueeze_view_4,2,operator_shape_matched,"[[918,8,128],[128],[918,1024],[918,8,1],[],[918,128],[918,128],[],[]]","[""c10::BFloat16"",""c10::BFloat16"",""c10::BFloat16"",""float"",""Scalar"",""c10::BFloat16"",""c10::BFloat16"",""Scalar"",""Scalar""]",null,1800,9790.782
null,triton_poi_fused__to_copy_add_index_put_mean_mul_pow_rsqrt_slice_unsqueeze_view_12,triton_poi_fused__to_copy_add_index_put_mean_mul_pow_rsqrt_slice_unsqueeze_view_12,1,operator_shape_matched,"[[55131],[128],[55131,1024],[55131,8,1],[],[55131,128],[55131,8,128],[55131,128],[55131,1024],[56049,8,128],[56049,8,128],[],[],[],[]]","[""int"",""c10::BFloat16"",""c10::BFloat16"",""float"",""Scalar"",""c10::BFloat16"",""c10::BFloat16"",""c10::BFloat16"",""c10::BFloat16"",""c10::BFloat16"",""c10::BFloat16"",""Scalar"",""Scalar"",""Scalar"",""Scalar""]",null,1800,361618.657
null,triton_poi_fused__to_copy_add_index_put_mean_mul_pow_rsqrt_slice_unsqueeze_view_12,triton_poi_fused__to_copy_add_index_put_mean_mul_pow_rsqrt_slice_unsqueeze_view_12,2,operator_shape_matched,"[[55131],[128],[55131,1024],[55131,8,1],[],[55131,128],[55131,8,128],[55131,128],[55131,1024],[66503,8,128],[66503,8,128],[],[],[],[]]","[""int"",""c10::BFloat16"",""c10::BFloat16"",""float"",""Scalar"",""c10::BFloat16"",""c10::BFloat16"",""c10::BFloat16"",""c10::BFloat16"",""c10::BFloat16"",""c10::BFloat16"",""Scalar"",""Scalar"",""Scalar"",""Scalar""]",null,1800,361562.045
null,triton_poi_fused__to_copy_cat_mean_mul_neg_pow_rsqrt_slice_view_11,triton_poi_fused__to_copy_cat_mean_mul_neg_pow_rsqrt_slice_view_11,1,operator_shape_matched,"[[128],[55131,1024],[55131,8,1],[],[55131,8,128],[],[]]","[""c10::BFloat16"",""c10::BFloat16"",""float"",""Scalar"",""c10::BFloat16"",""Scalar"",""Scalar""]",null,3600,466646.633
null,triton_poi_fused_add_new_zeros_unsqueeze_where_16,triton_poi_fused_add_new_zeros_unsqueeze_where_16,1,operator_shape_matched,"[[11372,4096],[11372],[11372,4096],[11372,4096],[]]","[""c10::BFloat16"",""bool"",""c10::BFloat16"",""c10::BFloat16"",""Scalar""]",null,1800,208072.956
null,triton_poi_fused_add_new_zeros_unsqueeze_where_16,triton_poi_fused_add_new_zeros_unsqueeze_where_16,2,operator_shape_matched,"[[918,4096],[918],[918,4096],[918,4096],[]]","[""c10::BFloat16"",""bool"",""c10::BFloat16"",""c10::BFloat16"",""Scalar""]",null,1800,15923.175
null,triton_poi_fused_add_new_zeros_unsqueeze_where_19,triton_poi_fused_add_new_zeros_unsqueeze_where_19,1,operator_shape_matched,"[[55131,4096],[55131],[55131,4096],[55131,4096],[]]","[""c10::BFloat16"",""bool"",""c10::BFloat16"",""c10::BFloat16"",""Scalar""]",null,3600,2057585.153
null,triton_poi_fused_index_put_new_zeros_slice_view_9,triton_poi_fused_index_put_new_zeros_slice_view_9,1,operator_shape_matched,"[[11372],[11372,8,128],[11372,1024],[66503,8,128],[66503,8,128],[],[],[],[]]","[""int"",""c10::BFloat16"",""c10::BFloat16"",""c10::BFloat16"",""c10::BFloat16"",""Scalar"",""Scalar"",""Scalar"",""Scalar""]",null,1800,61782.378
null,triton_poi_fused_index_put_new_zeros_slice_view_9,triton_poi_fused_index_put_new_zeros_slice_view_9,2,operator_shape_matched,"[[918],[918,8,128],[918,1024],[56049,8,128],[56049,8,128],[],[],[],[]]","[""int"",""c10::BFloat16"",""c10::BFloat16"",""c10::BFloat16"",""c10::BFloat16"",""Scalar"",""Scalar"",""Scalar"",""Scalar""]",null,1800,9120.253
null,triton_poi_fused_mm_squeeze_t_unsqueeze_view_13,triton_poi_fused_mm_squeeze_t_unsqueeze_view_13,1,operator_shape_matched,"[[11372,32,128],[11372,4096],[],[]]","[""c10::BFloat16"",""c10::BFloat16"",""Scalar"",""Scalar""]",null,1800,297223.969
null,triton_poi_fused_mm_squeeze_t_unsqueeze_view_13,triton_poi_fused_mm_squeeze_t_unsqueeze_view_13,2,operator_shape_matched,"[[918,32,128],[918,4096],[],[]]","[""c10::BFloat16"",""c10::BFloat16"",""Scalar"",""Scalar""]",null,1800,27739.442
null,triton_poi_fused_mul_silu_15,triton_poi_fused_mul_silu_15,1,operator_shape_matched,"[[11372,12288],[11372,12288],[]]","[""c10::BFloat16"",""c10::BFloat16"",""Scalar""]",null,1800,476825.363
null,triton_poi_fused_mul_silu_15,triton_poi_fused_mul_silu_15,2,operator_shape_matched,"[[918,12288],[918,12288],[]]","[""c10::BFloat16"",""c10::BFloat16"",""Scalar""]",null,1800,33877.155
null,triton_poi_fused_mul_silu_18,triton_poi_fused_mul_silu_18,1,operator_shape_matched,"[[55131,12288],[55131,12288],[]]","[""c10::BFloat16"",""c10::BFloat16"",""Scalar""]",null,3600,4698673.966
null,triton_poi_fused_new_zeros_8,triton_poi_fused_new_zeros_8,1,operator_shape_matched,"[[66503,8,128],[]]","[""c10::BFloat16"",""Scalar""]",null,3600,154705.191
null,triton_poi_fused_new_zeros_8,triton_poi_fused_new_zeros_8,2,operator_shape_matched,"[[56049,8,128],[]]","[""c10::BFloat16"",""Scalar""]",null,3600,129880.302
null,triton_red_fused__to_copy_add_mean_mul_new_zeros_pow_rsqrt_unsqueeze_where_14,triton_red_fused__to_copy_add_mean_mul_new_zeros_pow_rsqrt_unsqueeze_where_14,1,operator_shape_matched,"[[11372,4096],[11372,4096],[11372],[4096],[],[11372,4096],[],[]]","[""c10::BFloat16"",""c10::BFloat16"",""bool"",""c10::BFloat16"",""Scalar"",""c10::BFloat16"",""Scalar"",""Scalar""]",null,1800,175146.842
null,triton_red_fused__to_copy_add_mean_mul_new_zeros_pow_rsqrt_unsqueeze_where_14,triton_red_fused__to_copy_add_mean_mul_new_zeros_pow_rsqrt_unsqueeze_where_14,2,operator_shape_matched,"[[918,4096],[918,4096],[918],[4096],[],[918,4096],[],[]]","[""c10::BFloat16"",""c10::BFloat16"",""bool"",""c10::BFloat16"",""Scalar"",""c10::BFloat16"",""Scalar"",""Scalar""]",null,1800,17467.349
null,triton_red_fused__to_copy_add_mean_mul_new_zeros_pow_rsqrt_unsqueeze_where_17,triton_red_fused__to_copy_add_mean_mul_new_zeros_pow_rsqrt_unsqueeze_where_17,1,operator_shape_matched,"[[55131,4096],[55131,4096],[55131],[4096],[],[55131,4096],[],[]]","[""c10::BFloat16"",""c10::BFloat16"",""bool"",""c10::BFloat16"",""Scalar"",""c10::BFloat16"",""Scalar"",""Scalar""]",null,3600,1681829.603
null,triton_red_fused__to_copy_mean_mul_pow_rsqrt_0,triton_red_fused__to_copy_mean_mul_pow_rsqrt_0,1,operator_shape_matched,"[[11372,4096],[4096],[],[11372,4096],[],[]]","[""c10::BFloat16"",""c10::BFloat16"",""Scalar"",""c10::BFloat16"",""Scalar"",""Scalar""]",null,1800,300760.402
null,triton_red_fused__to_copy_mean_mul_pow_rsqrt_0,triton_red_fused__to_copy_mean_mul_pow_rsqrt_0,2,operator_shape_matched,"[[918,4096],[4096],[],[918,4096],[],[]]","[""c10::BFloat16"",""c10::BFloat16"",""Scalar"",""c10::BFloat16"",""Scalar"",""Scalar""]",null,1800,41027.862
null,triton_red_fused__to_copy_mean_mul_pow_rsqrt_5,triton_red_fused__to_copy_mean_mul_pow_rsqrt_5,1,operator_shape_matched,"[[55131,4096],[4096],[],[55131,4096],[],[]]","[""c10::BFloat16"",""c10::BFloat16"",""Scalar"",""c10::BFloat16"",""Scalar"",""Scalar""]",null,3600,1203892.259
null,triton_red_fused__to_copy_mean_pow_view_1,triton_red_fused__to_copy_mean_pow_view_1,1,operator_shape_matched,"[[11372,4096],[11372,32,1],[],[],[]]","[""c10::BFloat16"",""float"",""Scalar"",""Scalar"",""Scalar""]",null,1800,201404.775
null,triton_red_fused__to_copy_mean_pow_view_1,triton_red_fused__to_copy_mean_pow_view_1,2,operator_shape_matched,"[[918,4096],[918,32,1],[],[],[]]","[""c10::BFloat16"",""float"",""Scalar"",""Scalar"",""Scalar""]",null,1800,41820.867
null,triton_red_fused__to_copy_mean_pow_view_10,triton_red_fused__to_copy_mean_pow_view_10,1,operator_shape_matched,"[[55131,1024],[55131,8,1],[],[],[]]","[""c10::BFloat16"",""float"",""Scalar"",""Scalar"",""Scalar""]",null,3600,484974.623
null,triton_red_fused__to_copy_mean_pow_view_3,triton_red_fused__to_copy_mean_pow_view_3,1,operator_shape_matched,"[[11372,1024],[11372,8,1],[],[],[]]","[""c10::BFloat16"",""float"",""Scalar"",""Scalar"",""Scalar""]",null,1800,53517.381
null,triton_red_fused__to_copy_mean_pow_view_3,triton_red_fused__to_copy_mean_pow_view_3,2,operator_shape_matched,"[[918,1024],[918,8,1],[],[],[]]","[""c10::BFloat16"",""float"",""Scalar"",""Scalar"",""Scalar""]",null,1800,8039.389
null,triton_red_fused__to_copy_mean_pow_view_6,triton_red_fused__to_copy_mean_pow_view_6,1,operator_shape_matched,"[[55131,4096],[55131,32,1],[],[],[]]","[""c10::BFloat16"",""float"",""Scalar"",""Scalar"",""Scalar""]",null,3600,1917267.188
