2026-09-24 16:04:05.219 | DEBUG    | cosmos_framework.utils.config:_load_py_config:596 - get_config_module: took 0.11ms
2026-09-24 16:04:05.219 | DEBUG    | cosmos_framework.utils.config:_load_py_config:596 - get_config_module: took 0.10ms
2026-09-24 16:04:05.219 | DEBUG    | cosmos_framework.utils.config:_load_py_config:596 - get_config_module: took 0.10ms
2026-09-24 16:04:05.220 | DEBUG    | cosmos_framework.utils.config:_load_py_config:596 - get_config_module: took 0.07ms
2026-09-24 16:04:05.221 | DEBUG    | cosmos_framework.utils.config:_load_py_config:596 - get_config_module: took 0.07ms
2026-09-24 16:04:05.221 | DEBUG    | cosmos_framework.utils.config:_load_py_config:596 - get_config_module: took 0.09ms
2026-09-24 16:04:05.262 | DEBUG    | cosmos_framework.utils.config:_load_py_config:596 - get_config_module: took 0.06ms
2026-09-24 16:04:05.266 | DEBUG    | cosmos_framework.utils.config:_load_py_config:596 - get_config_module: took 0.07ms
Unable to import `torchao` Tensor objects. This may affect loading checkpoints serialized with `torchao`
Unable to import `torchao` Tensor objects. This may affect loading checkpoints serialized with `torchao`
Unable to import `torchao` Tensor objects. This may affect loading checkpoints serialized with `torchao`
Unable to import `torchao` Tensor objects. This may affect loading checkpoints serialized with `torchao`
Unable to import `torchao` Tensor objects. This may affect loading checkpoints serialized with `torchao`
Unable to import `torchao` Tensor objects. This may affect loading checkpoints serialized with `torchao`
Unable to import `torchao` Tensor objects. This may affect loading checkpoints serialized with `torchao`
Unable to import `torchao` Tensor objects. This may affect loading checkpoints serialized with `torchao`
2026-09-24 16:04:18.168 | DEBUG    | cosmos_framework.utils.config:_load_py_config:601 - importlib.import_module: took 12947.43ms
2026-09-24 16:04:18.303 | DEBUG    | cosmos_framework.utils.config:_load_py_config:601 - importlib.import_module: took 13083.62ms
2026-09-24 16:04:18.661 | DEBUG    | cosmos_framework.utils.config:_load_py_config:606 - override: took 492.15ms
2026-09-24 16:04:18.661 | DEBUG    | cosmos_framework.utils.config:load_config:585 - total time to load config: 13540.30ms
2026-09-24 16:04:18.787 | DEBUG    | cosmos_framework.utils.config:_load_py_config:606 - override: took 483.15ms
2026-09-24 16:04:18.787 | DEBUG    | cosmos_framework.utils.config:load_config:585 - total time to load config: 13664.00ms
2026-09-24 16:04:18.932 | DEBUG    | cosmos_framework.utils.config:_load_py_config:601 - importlib.import_module: took 13712.80ms
2026-09-24 16:04:19.090 | DEBUG    | cosmos_framework.utils.config:_load_py_config:601 - importlib.import_module: took 13823.41ms
2026-09-24 16:04:19.120 | DEBUG    | cosmos_framework.utils.config:_load_py_config:601 - importlib.import_module: took 13899.92ms
2026-09-24 16:04:19.171 | DEBUG    | cosmos_framework.utils.config:_load_py_config:601 - importlib.import_module: took 13950.72ms
2026-09-24 16:04:19.209 | DEBUG    | cosmos_framework.utils.config:_load_py_config:601 - importlib.import_module: took 13987.58ms
2026-09-24 16:04:19.236 | DEBUG    | cosmos_framework.utils.config:_load_py_config:601 - importlib.import_module: took 13973.63ms
2026-09-24 16:04:19.394 | DEBUG    | cosmos_framework.utils.config:_load_py_config:606 - override: took 461.17ms
2026-09-24 16:04:19.394 | DEBUG    | cosmos_framework.utils.config:load_config:585 - total time to load config: 14275.45ms
2026-09-24 16:04:19.566 | DEBUG    | cosmos_framework.utils.config:_load_py_config:606 - override: took 476.02ms
2026-09-24 16:04:19.567 | DEBUG    | cosmos_framework.utils.config:load_config:585 - total time to load config: 14364.32ms
2026-09-24 16:04:19.610 | DEBUG    | cosmos_framework.utils.config:_load_py_config:606 - override: took 490.53ms
2026-09-24 16:04:19.611 | DEBUG    | cosmos_framework.utils.config:load_config:585 - total time to load config: 14490.04ms
2026-09-24 16:04:19.636 | DEBUG    | cosmos_framework.utils.config:_load_py_config:606 - override: took 464.19ms
2026-09-24 16:04:19.636 | DEBUG    | cosmos_framework.utils.config:load_config:585 - total time to load config: 14497.58ms
2026-09-24 16:04:19.680 | DEBUG    | cosmos_framework.utils.config:_load_py_config:606 - override: took 470.25ms
2026-09-24 16:04:19.680 | DEBUG    | cosmos_framework.utils.config:load_config:585 - total time to load config: 14558.46ms
2026-09-24 16:04:19.711 | DEBUG    | cosmos_framework.utils.config:_load_py_config:606 - override: took 475.45ms
2026-09-24 16:04:19.712 | DEBUG    | cosmos_framework.utils.config:load_config:585 - total time to load config: 14514.23ms
[09-24 16:04:19|INFO] Heimdall telemetry is disabled, if using Heimdall,consider setting ENABLE_TELEMETRY=true to enable it
[09-24 16:04:19|INFO] [RANK 1] Set default NCCL subgroup timeout to 1800 seconds
[09-24 16:04:19|CRITICAL] [RANK 1] Initialized distributed training with local rank 1 using nccl with timeout 1800
[09-24 16:04:19|INFO] [RANK 4] Set default NCCL subgroup timeout to 1800 seconds
[09-24 16:04:19|CRITICAL] [RANK 4] Initialized distributed training with local rank 4 using nccl with timeout 1800
[09-24 16:04:20|INFO] [RANK 0] Set default NCCL subgroup timeout to 1800 seconds
[09-24 16:04:20|CRITICAL] [RANK 0] Initialized distributed training with local rank 0 using nccl with timeout 1800
[09-24 16:04:20|INFO] Training with 8 GPUs.
[09-24 16:04:20|INFO] Time spent on init_distributed: 0.46 s
NCCL version 2.29.7+cuda13.2
[09-24 16:04:21|INFO] [RANK 6] Set default NCCL subgroup timeout to 1800 seconds
[09-24 16:04:21|CRITICAL] [RANK 6] Initialized distributed training with local rank 6 using nccl with timeout 1800
[09-24 16:04:21|INFO] [RANK 7] Set default NCCL subgroup timeout to 1800 seconds
[09-24 16:04:21|CRITICAL] [RANK 7] Initialized distributed training with local rank 7 using nccl with timeout 1800
[09-24 16:04:21|INFO] [RANK 2] Set default NCCL subgroup timeout to 1800 seconds
[09-24 16:04:21|CRITICAL] [RANK 2] Initialized distributed training with local rank 2 using nccl with timeout 1800
[09-24 16:04:21|INFO] [RANK 3] Set default NCCL subgroup timeout to 1800 seconds
[09-24 16:04:21|CRITICAL] [RANK 3] Initialized distributed training with local rank 3 using nccl with timeout 1800
[09-24 16:04:21|INFO] [RANK 5] Set default NCCL subgroup timeout to 1800 seconds
[09-24 16:04:21|CRITICAL] [RANK 5] Initialized distributed training with local rank 5 using nccl with timeout 1800
[09-24 16:04:26|INFO] [RANK 0] PyTorch compile cache directory: /share/project/eai_pwm/home/hcr/worktrees/cosmos-framework-pwm-load-balance/plans/v0.2.3c_kernel_list/runs/usr_capture004/cache/inductor/rank0
[09-24 16:04:26|INFO] Time spent on init_distributed: 0.00 s
[09-24 16:04:26|INFO] [RANK 6] PyTorch compile cache directory: /share/project/eai_pwm/home/hcr/worktrees/cosmos-framework-pwm-load-balance/plans/v0.2.3c_kernel_list/runs/usr_capture004/cache/inductor/rank6
[09-24 16:04:26|INFO] [RANK 7] PyTorch compile cache directory: /share/project/eai_pwm/home/hcr/worktrees/cosmos-framework-pwm-load-balance/plans/v0.2.3c_kernel_list/runs/usr_capture004/cache/inductor/rank7
[09-24 16:04:26|INFO] [RANK 2] PyTorch compile cache directory: /share/project/eai_pwm/home/hcr/worktrees/cosmos-framework-pwm-load-balance/plans/v0.2.3c_kernel_list/runs/usr_capture004/cache/inductor/rank2
[09-24 16:04:26|INFO] [RANK 3] PyTorch compile cache directory: /share/project/eai_pwm/home/hcr/worktrees/cosmos-framework-pwm-load-balance/plans/v0.2.3c_kernel_list/runs/usr_capture004/cache/inductor/rank3
[09-24 16:04:26|INFO] [RANK 4] PyTorch compile cache directory: /share/project/eai_pwm/home/hcr/worktrees/cosmos-framework-pwm-load-balance/plans/v0.2.3c_kernel_list/runs/usr_capture004/cache/inductor/rank4
[09-24 16:04:26|INFO] [RANK 5] PyTorch compile cache directory: /share/project/eai_pwm/home/hcr/worktrees/cosmos-framework-pwm-load-balance/plans/v0.2.3c_kernel_list/runs/usr_capture004/cache/inductor/rank5
[09-24 16:04:26|INFO] [RANK 1] PyTorch compile cache directory: /share/project/eai_pwm/home/hcr/worktrees/cosmos-framework-pwm-load-balance/plans/v0.2.3c_kernel_list/runs/usr_capture004/cache/inductor/rank1
Config is saved using pickle at /share/project/eai_pwm/home/hcr/worktrees/cosmos-framework-pwm-load-balance/plans/v0.2.3c_kernel_list/runs/usr_capture004/job/kernel-list/v0.2.3c/profile/config.pkl.
Config is saved using omegaconf at /share/project/eai_pwm/home/hcr/worktrees/cosmos-framework-pwm-load-balance/plans/v0.2.3c_kernel_list/runs/usr_capture004/job/kernel-list/v0.2.3c/profile/config.yaml.
/usr/local/lib/python3.12/dist-packages/torch/distributed/c10d_logger.py:83: UserWarning: barrier(): using the device under current context. You can specify `device_id` in `init_process_group` to mute this warning.
  return func(*args, **kwargs)
[09-24 16:04:26|INFO] Environment variable HF_HOME: /share/project/eai_pwm/home/hcr/worktrees/cosmos-framework-pwm-load-balance/plans/v0.2.3c_kernel_list/runs/usr_capture004/cache/huggingface
[09-24 16:04:26|INFO] Environment variable IMAGINAIRE_OUTPUT_ROOT: /share/project/eai_pwm/home/hcr/worktrees/cosmos-framework-pwm-load-balance/plans/v0.2.3c_kernel_list/runs/usr_capture004/job
[09-24 16:04:26|INFO] Using random seed 42.
[09-24 16:04:26|CRITICAL] Instantiating callback iter_speed: {'hit_thres': 50, 'save_s3': False, 'save_s3_every_log_n': 500, 'every_n': 1, '_target_': <class 'cosmos_framework.callbacks.iter_speed.IterSpeed'>}
[09-24 16:04:26|CRITICAL] Instantiating callback manual_gc: {'warm_up': 1, 'gc_level': 1, 'every_n': 5, '_target_': <class 'cosmos_framework.callbacks.manual_gc.ManualGarbageCollection'>}
[09-24 16:04:26|CRITICAL] Instantiating callback wandb: {'config': None, 'trainer': None, '_target_': <class 'cosmos_framework.utils.callback.WandBCallback'>}
[09-24 16:04:26|CRITICAL] Instantiating callback wandb_2x: {'logging_iter_multipler': 2, 'save_logging_iter_multipler': 1, 'save_s3': False, '_target_': <class 'cosmos_framework.callbacks.wandb_log.WandbCallback'>}
[09-24 16:04:26|CRITICAL] Instantiating callback param_count: {'save_s3': False, '_target_': <class 'cosmos_framework.callbacks.param_count.ParamCount'>}
[09-24 16:04:26|CRITICAL] Instantiating callback wandb_val: {'save_s3': False, '_target_': <class 'cosmos_framework.callbacks.wandb_log_eval.WandbCallback'>}
[09-24 16:04:26|CRITICAL] Instantiating callback moe_stability: {'every_n': 250, '_target_': <class 'cosmos_framework.callbacks.moe_stability_callback.MoEStabilityCallback'>}
[09-24 16:04:26|CRITICAL] Instantiating callback moe_specialization: {'every_n': 250, '_target_': <class 'cosmos_framework.callbacks.moe_specialization_callback.MoESpecializationCallback'>}
[09-24 16:04:26|CRITICAL] Instantiating callback moe_router_geometry: {'every_n': 250, '_target_': <class 'cosmos_framework.callbacks.moe_specialization_callback.MoERouterGeometryCallback'>}
[09-24 16:04:26|CRITICAL] Instantiating callback parameter_geometry: {'every_n': 250, '_target_': <class 'cosmos_framework.callbacks.parameter_geometry_callback.ParameterGeometryCallback'>}
[09-24 16:04:26|CRITICAL] Instantiating callback expert_heatmap: {'every_n': 1000, '_target_': <class 'cosmos_framework.callbacks.expert_heatmap.ExpertHeatmap'>}
[09-24 16:04:26|CRITICAL] Instantiating callback load_pretrained: {'config': None, 'trainer': None, '_target_': <class 'cosmos_framework.callbacks.load_pretrained.LoadPretrained'>}
[09-24 16:04:26|CRITICAL] Instantiating callback norm_monitor: {'every_n': 100, 'step_size': 1, 'layer_norm_only': False, 'model_key': None, 'log_stat_wandb': True, 'save_s3': False, 'track_activations': True, '_target_': <class 'cosmos_framework.callbacks.norm_monitor.NormMonitor'>}
[09-24 16:04:26|CRITICAL] Instantiating callback sigma_loss_analysis: {'every_n': 500, 'every_n_viz': 500, 'save_s3': False, '_target_': <class 'cosmos_framework.callbacks.sigma_loss_analysis.SigmaLossAnalysis'>}
[09-24 16:04:26|CRITICAL] Instantiating callback sequence_packing_padding: {'every_n': 50, '_target_': <class 'cosmos_framework.callbacks.sequence_packing_padding.SequencePackingPadding'>}
[09-24 16:04:26|CRITICAL] Instantiating callback sampled_media: {'enabled': False, 'output_uri': '/share/project/eai_pwm/home/hcr/worktrees/cosmos-framework-pwm-load-balance/plans/v0.2.3c_kernel_list/runs/usr_capture004/job/kernel-list/v0.2.3c/profile/sampled_media.lance', 'creds_path': None, 'flush_every_n_batches': 100, 'record_caption': False, '_target_': <class 'cosmos_framework.callbacks.sampled_media_recorder.SampledMediaRecorder'>}
[09-24 16:04:26|CRITICAL] Instantiating callback load_balance_trace: {'enabled': False, 'output_dir': '/share/project/eai_pwm/home/hcr/worktrees/cosmos-framework-pwm-load-balance/plans/v0.2.3c_kernel_list/runs/usr_capture004/job/kernel-list/v0.2.3c/profile/load_balance_trace', 'flush_every_n_batches': 100, 'record_cuda_timing': True, 'max_samples_per_record': 64, '_target_': <class 'cosmos_framework.callbacks.load_balance_trace.LoadBalanceTrace'>}
[09-24 16:04:26|CRITICAL] Instantiating callback mfu: {'backwardpass_ratio': 2.0, 'hit_thres': 5, 'include_vae_encoder': True, 'include_padding': True, 'grad_accum_iter': 2, 'every_n': 1, '_target_': <class 'cosmos_framework.callbacks.mfu.MFUCallback'>}
[09-24 16:04:26|CRITICAL] Instantiating callback ofu: {'hit_thres': 5, 'every_n': 1, '_target_': <class 'cosmos_framework.callbacks.ofu.OFUCallback'>}
[09-24 16:04:26|CRITICAL] Instantiating callback skip_nan_step: {'max_consecutive_nan': 100, '_target_': <class 'cosmos_framework.callbacks.skip_nan_step.SkipNaNStep'>}
[09-24 16:04:26|CRITICAL] Instantiating callback grad_clip: {'clip_norm': 0.1, 'force_finite': True, 'track_per_modality': True, 'error_if_nonfinite': False, '_target_': <class 'cosmos_framework.callbacks.grad_clip.GradClip'>}
[09-24 16:04:26|CRITICAL] Instantiating callback low_precision: {'update_iter': 1, 'config': None, 'trainer': None, '_target_': <class 'cosmos_framework.utils.callback.LowPrecisionCallback'>}
[09-24 16:04:26|CRITICAL] Instantiating callback heart_beat: {'step_size': 1, 'update_interval_in_minute': 20, 'save_s3': False, 'every_n': 200, '_target_': <class 'cosmos_framework.callbacks.heart_beat.HeartBeat'>}
[09-24 16:04:26|CRITICAL] Instantiating callback device_monitor: {'every_n': 200, 'step_size': 1, 'save_s3': False, 'upload_every_n_mul': 5, 'log_memory_detail': True, '_target_': <class 'cosmos_framework.callbacks.device_monitor.DeviceMonitor'>}
[09-24 16:04:26|CRITICAL] Instantiating callback termination_signal_checkpoint: {'min_save_fraction': 0.3333333333333333, '_target_': <class 'cosmos_framework.callbacks.termination_signal_checkpoint.TerminationSignalCheckpoint'>}
[09-24 16:04:26|CRITICAL] Callback dataloader_speed is missing the '_target_' field. 
 SKip {'every_n': 100, 'save_s3': False, 'step_size': 1}
[09-24 16:04:26|CRITICAL] Callback training_stats is missing the '_target_' field. 
 SKip {'log_freq': 100}
[09-24 16:04:26|CRITICAL] Instantiating callback kernel_phases: {'_target_': 'phase_audit.PhaseAudit'}
[09-24 16:04:26|CRITICAL] Instantiating callback kernel_batches: {'_target_': 'cosmos_framework.callbacks.load_balance_trace.LoadBalanceTrace', 'enabled': True, 'output_dir': '/share/project/eai_pwm/home/hcr/worktrees/cosmos-framework-pwm-load-balance/plans/v0.2.3c_kernel_list/runs/usr_capture004/batches', 'record_cuda_timing': False, 'flush_every_n_batches': 1}
[09-24 16:04:26|CRITICAL] Instantiating callback dataloader_state: {'outer_loader': None, '_target_': <class 'cosmos_framework.callbacks.cosmos_dataloader_state.JointCosmosDataLoaderStateCallback'>}
[09-24 16:04:26|WARNING] S3 credentials not found. Skipping easy_io S3 setup.
[09-24 16:04:26|WARNING] Job path: kernel-list/v0.2.3c/profile
[09-24 16:04:26|CRITICAL] Job local path: /share/project/eai_pwm/home/hcr/worktrees/cosmos-framework-pwm-load-balance/plans/v0.2.3c_kernel_list/runs/usr_capture004/job/kernel-list/v0.2.3c/profile
[09-24 16:04:26|INFO] OmniMoTModel: config {'tokenizer': {'bucket_name': '', 'object_store_credential_path_pretrained': '', 'vae_path': 'pretrained/tokenizers/video/wan2pt2/Wan2.2_VAE.pth', 'chunk_duration': 93, 'keep_decoder_cache': False, 'use_streaming_encode': False, 'encode_chunk_frames': {'256': 68, '480': 24, '720': 8, '768': 8}, 'encode_exact_durations': None, 'spatial_compression_factor': 16, 'temporal_compression_factor': 4, 'temporal_window': None, 'encode_bucket_multiple': None, 'causal': True, '_target_': <class 'cosmos_framework.model.generator.tokenizers.wan2pt2_vae_4x16x16.Wan2pt2VAEInterface'>}, 'load_vision_tokenizer': False, 'vision_vae_mode': 'offline', 'net': None, 'ema': {'enabled': False, 'rate': 0.1, 'iteration_shift': 0}, 'parallelism': {'data_parallel_shard_degree': 8, 'data_parallel_replicate_degree': 1, 'context_parallel_shard_degree': 1, 'cfg_parallel_shard_degree': 1, 'enable_inference_mode': False, 'fsdp_master_dtype': 'float32', 'fsdp_reduce_dtype': None}, 'attention_io_layout': 'sequence_sharded', 'compile': {'enabled': True, 'compiled_region': 'language', 'compile_dynamic': False, 'use_cuda_graphs': False, 'ar_post_saturation_mode': 'default', 'max_autotune_pointwise': False, 'coordinate_descent_tuning': False, 'mix_order_reduction_split_size': 32}, 'fixed_sequence_length': {'enabled': True, 'understanding_tokens': 0, 'und_tokens': 3072, 'gen_tokens': 98304, 'action_tokens': 0}, 'quantization': {'method': None, 'fp8_granularity': 'per_row', 'include_regex': [], 'exclude_regex': [], 'modelopt_fp8_checkpoint_path': None, 'modelopt_fp8_target_fqns': []}, 'activation_checkpointing': {'mode': 'full', 'save_ops_regex': ['fmha'], 'preserve_rng_state': True, 'determinism_check': 'default'}, 'precision': 'bfloat16', 'lora_enabled': False, 'lora_rank': 16, 'lora_alpha': 32, 'lora_target_modules': 'q_proj_moe_gen,k_proj_moe_gen,v_proj_moe_gen,o_proj_moe_gen', 'rectified_flow_training_config': {'shift': {'256': 3, '480': 5, '720': 10}, 'shift_image': None, 'use_dynamic_shift': False, 'train_time_image_distribution': 'logitnormal', 'train_time_video_distribution': 'waver', 'train_time_action_distribution': 'logitnormal', 'train_time_sound_distribution': 'logitnormal', 'train_time_weight': 'uniform', 'loss_scale': 1.0, 'image_loss_scale': 1.0, 'sound_loss_scale': None, 'use_discrete_rf': False, 'action_loss_weight': 10.0, 'independent_action_schedule': False, 'shift_action': None, 'independent_sound_schedule': False, 'shift_sound': None, 'normalize_loss_by_active': False, 'sample_level_loss_averaging': False}, 'rectified_flow_inference_config': {'scheduler_type': 'unipc', 'num_train_timesteps': 1000, 'shift': 1, 'use_dynamic_shifting': False}, 'fixed_step_sampler_config': None, 'vlm_config': {'model_name': 'Qwen/Qwen3-VL-8B-Instruct', 'safetensors_path': '', 'pretrained_weights': {'enabled': False, 'backbone_path': 's3://bucket0/cosmos3/pretrained/huggingface/Qwen/Qwen3-VL-8B-Instruct/', 'credentials_path': '', 'enable_gcs_patch_in_boto3': True, 'checkpoint_format': None}, 'model_instance': {'config': {'base_config': {'json_file': 'cosmos_framework/model/generator/reasoner/qwen3_vl/configs/Qwen3-VL-8B-Instruct.json', '_target_': <bound method _MoTConfigBase.from_json_file of <class 'cosmos_framework.model.generator.mot.unified_mot.Qwen3VLMoTConfig'>>}, 'freeze_und': False, 'layer_module': 'MoTDecoderLayer', 'qk_norm_for_text': True, 'tie_word_embeddings': True, '_target_': <function create_vlm_config at 0x7f36d0ab9300>}, '_target_': <class 'cosmos_framework.model.generator.mot.unified_mot.Qwen3VLTextForCausalLM'>}, 'tokenizer': {'config_variant': 'hf', 'pretrained_model_name': '/share/project/eai_pwm/models/Qwen3-VL-8B-Instruct', '_target_': <function create_qwen2_tokenizer_with_download at 0x7f342baa1760>}, 'layer_module': 'Qwen2MoTDecoderLayer', 'qk_norm': False, 'tie_word_embeddings': False, 'use_system_prompt': False}, 'diffusion_expert_config': {'timestep_range': 1.0, 'load_weights_from_pretrained': True, 'enable_vision_modality_embeddings': False, 'enable_media_modality_embedding': False, 'patch_spatial': 2, 'max_vae_latent_side_after_patchify': 20, 'enable_fps_modulation': True, 'base_fps': 24, 'sound_base_temporal_compression_factor': None, 'vision_temporal_position_mode': 'latent_index', 'unified_3d_mrope_reset_spatial_ids': True, 'unified_3d_mrope_temporal_modality_margin': 15000}, 'input_video_key': 'video', 'input_video_latent_key': 'video_latent', 'input_image_key': 'images', 'input_caption_key': 'ai_caption', 'gen_loss_scale': 1.0, 'und_loss_scale': 1.0, 'load_vlm_visual': False, 'train_vlm_visual': False, 'state_ch': 48, 'state_t': 300, 'latent_downsample_factor': 16, 'resolution': '480', 'max_num_tokens_after_packing': 101376, 'tower_structure': 'two_tower', 'action_tower_preset': 'full', 'action_tower_init': 'checkpoint', 'action_tower_execution': 'native', 'action_tower_attention_backend': 'auto', 'action_tower_und_short_tokens': 0, 'action_tower_projection_mode': 'routed', 'joint_attn_implementation': 'two_way', 'flex_attention': {'enabled': False, 'backend': 'auto', 'mask': {'noisy_attention_scope': 'all_views'}}, 'natten_parameter_list': None, 'video_temporal_causal': False, 'causal_training_strategy': 'none', 'lbl': {'method': 'local', 'coeff_und': None, 'coeff_gen': None}, 'vision_gen': True, 'predict_text_tokens': False, 'text_loss_weight': 1.0, 'action_gen': False, 'max_action_dim': 64, 'num_embodiment_domains': 32, 'sound_gen': False, 'sound_tokenizer': None, 'sound_dim': None, 'sound_latent_fps': 25, 'enable_input_bias': True, 'log_enc_time_every_n': 100, 'exclude_reasoner_weights_from_checkpoint': False}
[09-24 16:04:26|WARNING] OmniMoTModel: precision torch.bfloat16
[09-24 16:04:26|INFO] Vision tokenizer initialization skipped
[09-24 16:04:26|INFO] Time spent on OmniMoTModel: set_up_tokenizers: 0.23 s
[09-24 16:04:26|INFO] dp_replicate is set to -1, will be automatically determined based on world_size 8 // dp_shard 8.
[09-24 16:04:26|INFO] dp_replicate is set to 1.
[09-24 16:04:26|INFO] Building 2-D device mesh with ['dp_replicate', 'dp_shard'], [1, 8]
[rank2]:W0924 16:04:27.912000 324516 torch/distributed/tensor/_random.py:214] DTensor is synchronizing RNG states of every rank with the state from rank 0. This behavior is deprecated. Please call `torch.manual_seed()` on every rank that participates in SPMD DTensor Operations with the same seed. If using Pipeline Parallelism, each pipeling state would use a different seed, but all ranks belonging to one pipeline stage would use the same seed.
[rank3]:W0924 16:04:27.912000 324517 torch/distributed/tensor/_random.py:214] DTensor is synchronizing RNG states of every rank with the state from rank 0. This behavior is deprecated. Please call `torch.manual_seed()` on every rank that participates in SPMD DTensor Operations with the same seed. If using Pipeline Parallelism, each pipeling state would use a different seed, but all ranks belonging to one pipeline stage would use the same seed.
[rank5]:W0924 16:04:27.912000 324519 torch/distributed/tensor/_random.py:214] DTensor is synchronizing RNG states of every rank with the state from rank 0. This behavior is deprecated. Please call `torch.manual_seed()` on every rank that participates in SPMD DTensor Operations with the same seed. If using Pipeline Parallelism, each pipeling state would use a different seed, but all ranks belonging to one pipeline stage would use the same seed.
[rank4]:W0924 16:04:27.914000 324518 torch/distributed/tensor/_random.py:214] DTensor is synchronizing RNG states of every rank with the state from rank 0. This behavior is deprecated. Please call `torch.manual_seed()` on every rank that participates in SPMD DTensor Operations with the same seed. If using Pipeline Parallelism, each pipeling state would use a different seed, but all ranks belonging to one pipeline stage would use the same seed.
[rank7]:W0924 16:04:27.914000 324521 torch/distributed/tensor/_random.py:214] DTensor is synchronizing RNG states of every rank with the state from rank 0. This behavior is deprecated. Please call `torch.manual_seed()` on every rank that participates in SPMD DTensor Operations with the same seed. If using Pipeline Parallelism, each pipeling state would use a different seed, but all ranks belonging to one pipeline stage would use the same seed.
[rank6]:W0924 16:04:27.914000 324520 torch/distributed/tensor/_random.py:214] DTensor is synchronizing RNG states of every rank with the state from rank 0. This behavior is deprecated. Please call `torch.manual_seed()` on every rank that participates in SPMD DTensor Operations with the same seed. If using Pipeline Parallelism, each pipeling state would use a different seed, but all ranks belonging to one pipeline stage would use the same seed.
[rank1]:W0924 16:04:27.914000 324515 torch/distributed/tensor/_random.py:214] DTensor is synchronizing RNG states of every rank with the state from rank 0. This behavior is deprecated. Please call `torch.manual_seed()` on every rank that participates in SPMD DTensor Operations with the same seed. If using Pipeline Parallelism, each pipeling state would use a different seed, but all ranks belonging to one pipeline stage would use the same seed.
[09-24 16:04:28|INFO] Time spent on meta to cuda and broadcast model states: 0.77 s
[09-24 16:04:28|INFO] Time spent on Creating PyTorch model and ema if enabled: 1.44 s
[09-24 16:04:28|INFO] Time spent on OmniMoTModel: set_up_model: 1.44 s
[09-24 16:04:28|INFO] Time spent on init_model: 1.67 s
[09-24 16:04:28|INFO] Successfully loaded processor from local cache
[09-24 16:04:29|INFO] CosmosDataLoader: using global rank for DP sharding. For FSDP+TP/PP pass parallel_dims= for the correct DP rank.
[09-24 16:04:30|INFO] CosmosDataLoader: using global rank for DP sharding. For FSDP+TP/PP pass parallel_dims= for the correct DP rank.
[09-24 16:04:30|INFO] CosmosDataLoader: using global rank for DP sharding. For FSDP+TP/PP pass parallel_dims= for the correct DP rank.
[09-24 16:04:31|INFO] CosmosDataLoader: using global rank for DP sharding. For FSDP+TP/PP pass parallel_dims= for the correct DP rank.
[09-24 16:04:31|INFO] CosmosDataLoader: using global rank for DP sharding. For FSDP+TP/PP pass parallel_dims= for the correct DP rank.
[09-24 16:04:32|INFO] CosmosDataLoader: using global rank for DP sharding. For FSDP+TP/PP pass parallel_dims= for the correct DP rank.
[09-24 16:04:32|INFO] CosmosDataLoader: using global rank for DP sharding. For FSDP+TP/PP pass parallel_dims= for the correct DP rank.
[09-24 16:04:33|INFO] CosmosDataLoader: using global rank for DP sharding. For FSDP+TP/PP pass parallel_dims= for the correct DP rank.
[09-24 16:04:33|INFO] CosmosDataLoader: using global rank for DP sharding. For FSDP+TP/PP pass parallel_dims= for the correct DP rank.
[09-24 16:04:34|INFO] CosmosDataLoader: using global rank for DP sharding. For FSDP+TP/PP pass parallel_dims= for the correct DP rank.
[09-24 16:04:34|INFO] CosmosDataLoader: using global rank for DP sharding. For FSDP+TP/PP pass parallel_dims= for the correct DP rank.
[09-24 16:04:35|INFO] CosmosDataLoader: using global rank for DP sharding. For FSDP+TP/PP pass parallel_dims= for the correct DP rank.
[09-24 16:04:37|INFO] CosmosDataLoader: using global rank for DP sharding. For FSDP+TP/PP pass parallel_dims= for the correct DP rank.
[09-24 16:04:37|INFO] CosmosDataLoader: using global rank for DP sharding. For FSDP+TP/PP pass parallel_dims= for the correct DP rank.
[09-24 16:04:37|INFO] CosmosDataLoader: using global rank for DP sharding. For FSDP+TP/PP pass parallel_dims= for the correct DP rank.
[09-24 16:04:38|INFO] CosmosDataLoader: using global rank for DP sharding. For FSDP+TP/PP pass parallel_dims= for the correct DP rank.
[09-24 16:04:38|INFO] CosmosDataLoader: using global rank for DP sharding. For FSDP+TP/PP pass parallel_dims= for the correct DP rank.
[09-24 16:04:39|INFO] CosmosDataLoader: using global rank for DP sharding. For FSDP+TP/PP pass parallel_dims= for the correct DP rank.
[09-24 16:04:39|INFO] CosmosDataLoader: using global rank for DP sharding. For FSDP+TP/PP pass parallel_dims= for the correct DP rank.
[09-24 16:04:40|INFO] CosmosDataLoader: using global rank for DP sharding. For FSDP+TP/PP pass parallel_dims= for the correct DP rank.
[09-24 16:04:40|INFO] CosmosDataLoader: using global rank for DP sharding. For FSDP+TP/PP pass parallel_dims= for the correct DP rank.
[09-24 16:04:41|INFO] CosmosDataLoader: using global rank for DP sharding. For FSDP+TP/PP pass parallel_dims= for the correct DP rank.
[09-24 16:04:42|INFO] CosmosDataLoader: using global rank for DP sharding. For FSDP+TP/PP pass parallel_dims= for the correct DP rank.
[09-24 16:04:42|INFO] CosmosDataLoader: using global rank for DP sharding. For FSDP+TP/PP pass parallel_dims= for the correct DP rank.
[09-24 16:04:42|INFO] CosmosDataLoader: using global rank for DP sharding. For FSDP+TP/PP pass parallel_dims= for the correct DP rank.
[09-24 16:04:43|INFO] CosmosDataLoader: using global rank for DP sharding. For FSDP+TP/PP pass parallel_dims= for the correct DP rank.
[09-24 16:04:43|INFO] CosmosDataLoader: using global rank for DP sharding. For FSDP+TP/PP pass parallel_dims= for the correct DP rank.
[09-24 16:04:43|INFO] CosmosDataLoader: using global rank for DP sharding. For FSDP+TP/PP pass parallel_dims= for the correct DP rank.
[09-24 16:04:44|INFO] CosmosDataLoader: using global rank for DP sharding. For FSDP+TP/PP pass parallel_dims= for the correct DP rank.
[09-24 16:04:44|INFO] JointCosmosDataLoader: 29 streams
  agibot-world:0: ratio=4.835e+05 (11.4%)
  agibot-world_lw2030:1: ratio=6.14e+04 (1.4%)
  ego-exo4d:2: ratio=2.146e+04 (0.5%)
  egocentric-10k:3: ratio=2.458e+05 (5.8%)
  egocentric-10k_lw2030:4: ratio=1.362e+04 (0.3%)
  egodex:5: ratio=6.934e+04 (1.6%)
  egodex_lw2030:6: ratio=1.556e+04 (0.4%)
  egolive:7: ratio=3.427e+05 (8.1%)
  egolive_lw2030:8: ratio=7.156e+04 (1.7%)
  egopro:9: ratio=6.607e+04 (1.6%)
  egopro_lw2030:10: ratio=4.671e+04 (1.1%)
  egostandard:11: ratio=6.303e+05 (14.8%)
  egostandard_lw2030:12: ratio=3.471e+05 (8.2%)
  epic-kitchens-55:13: ratio=4326 (0.1%)
  galbot:14: ratio=1.37e+05 (3.2%)
  galbot_lw2030:15: ratio=1.809e+04 (0.4%)
  holoassist:16: ratio=1.697e+04 (0.4%)
  lightwheel:17: ratio=8.396e+05 (19.8%)
  lightwheel_lw2030:18: ratio=2.196e+05 (5.2%)
  openaoe-2000h:19: ratio=1.592e+05 (3.7%)
  openaoe-2000h_lw2030:20: ratio=3.942e+04 (0.9%)
  robocoin:21: ratio=1.07e+05 (2.5%)
  robocoin_lw2030:22: ratio=2.95e+04 (0.7%)
  robomind1:23: ratio=2.272e+04 (0.5%)
  robomind1_lw2030:24: ratio=572 (0.0%)
  robomind2:25: ratio=1.861e+05 (4.4%)
  robomind2_lw2030:26: ratio=2840 (0.1%)
  stereo-550:27: ratio=3.483e+04 (0.8%)
  stereo-550_lw2030:28: ratio=1.353e+04 (0.3%)
[09-24 16:04:44|INFO] Time spent on init_data_loader: 16.42 s
[09-24 16:04:45|INFO] Total tensors: 804, trainable tensors: 804, selected tensors: 405
[09-24 16:04:45|INFO] Building optimizer for mesh 'dp_shard'
[09-24 16:04:45|INFO] Param group (lr=0.0001, WD=True): 405 tensors, 6,965,486,784 elements
[09-24 16:04:45|INFO] Created 1 optimizers
[09-24 16:04:45|INFO] Created 1 schedulers
[09-24 16:04:45|CRITICAL] Resuming ckpt /share/project/eai_pwm/models/Cosmos3-Nano-USR-v2-iter12600-R7-1056-Resume-DCP (warm-start, local) with keys: ['dataloader', 'model', 'optim', 'scheduler', 'trainer']
[09-24 16:04:45|CRITICAL] Start loading checkpoint from /share/project/eai_pwm/models/Cosmos3-Nano-USR-v2-iter12600-R7-1056-Resume-DCP/dataloader
[09-24 16:04:45|INFO] [RANK 0] Checkpoint /share/project/eai_pwm/models/Cosmos3-Nano-USR-v2-iter12600-R7-1056-Resume-DCP/dataloader does not exist, skip loading dataloader.
[09-24 16:04:45|INFO] [RANK 1] Checkpoint /share/project/eai_pwm/models/Cosmos3-Nano-USR-v2-iter12600-R7-1056-Resume-DCP/dataloader does not exist, skip loading dataloader.
[09-24 16:04:45|INFO] [RANK 2] Checkpoint /share/project/eai_pwm/models/Cosmos3-Nano-USR-v2-iter12600-R7-1056-Resume-DCP/dataloader does not exist, skip loading dataloader.
[09-24 16:04:45|INFO] [RANK 3] Checkpoint /share/project/eai_pwm/models/Cosmos3-Nano-USR-v2-iter12600-R7-1056-Resume-DCP/dataloader does not exist, skip loading dataloader.
[09-24 16:04:45|INFO] [RANK 4] Checkpoint /share/project/eai_pwm/models/Cosmos3-Nano-USR-v2-iter12600-R7-1056-Resume-DCP/dataloader does not exist, skip loading dataloader.
[09-24 16:04:45|INFO] [RANK 5] Checkpoint /share/project/eai_pwm/models/Cosmos3-Nano-USR-v2-iter12600-R7-1056-Resume-DCP/dataloader does not exist, skip loading dataloader.
[09-24 16:04:45|INFO] [RANK 7] Checkpoint /share/project/eai_pwm/models/Cosmos3-Nano-USR-v2-iter12600-R7-1056-Resume-DCP/dataloader does not exist, skip loading dataloader.
[09-24 16:04:45|INFO] [RANK 6] Checkpoint /share/project/eai_pwm/models/Cosmos3-Nano-USR-v2-iter12600-R7-1056-Resume-DCP/dataloader does not exist, skip loading dataloader.
[09-24 16:04:45|CRITICAL] Start loading checkpoint from /share/project/eai_pwm/models/Cosmos3-Nano-USR-v2-iter12600-R7-1056-Resume-DCP/model
[09-24 16:04:45|INFO] Skipping loading of keys that match the following patterns: ['net_ema.']
[09-24 16:04:45|INFO] - Loading the model...
/usr/local/lib/python3.12/dist-packages/torch/distributed/checkpoint/utils.py:483: UserWarning: torch.distributed is disabled, unavailable or uninitialized, assuming the intent is to load in a single process.
  return func(*args, **kwargs)
/usr/local/lib/python3.12/dist-packages/torch/distributed/checkpoint/utils.py:483: UserWarning: torch.distributed is disabled, unavailable or uninitialized, assuming the intent is to load in a single process.
  return func(*args, **kwargs)
/usr/local/lib/python3.12/dist-packages/torch/distributed/checkpoint/utils.py:483: UserWarning: torch.distributed is disabled, unavailable or uninitialized, assuming the intent is to load in a single process.
  return func(*args, **kwargs)
/usr/local/lib/python3.12/dist-packages/torch/distributed/checkpoint/utils.py:483: UserWarning: torch.distributed is disabled, unavailable or uninitialized, assuming the intent is to load in a single process.
  return func(*args, **kwargs)
/usr/local/lib/python3.12/dist-packages/torch/distributed/checkpoint/utils.py:483: UserWarning: torch.distributed is disabled, unavailable or uninitialized, assuming the intent is to load in a single process.
  return func(*args, **kwargs)
/usr/local/lib/python3.12/dist-packages/torch/distributed/checkpoint/utils.py:483: UserWarning: torch.distributed is disabled, unavailable or uninitialized, assuming the intent is to load in a single process.
  return func(*args, **kwargs)
/usr/local/lib/python3.12/dist-packages/torch/distributed/checkpoint/utils.py:483: UserWarning: torch.distributed is disabled, unavailable or uninitialized, assuming the intent is to load in a single process.
  return func(*args, **kwargs)
/usr/local/lib/python3.12/dist-packages/torch/distributed/checkpoint/utils.py:483: UserWarning: torch.distributed is disabled, unavailable or uninitialized, assuming the intent is to load in a single process.
  return func(*args, **kwargs)
[09-24 16:04:45|INFO] [RANK 0] [DCP-LOAD-SKIP-KEYS] kept_keys=804 dropped_keys=0
[09-24 16:04:45|INFO] [RANK 0] [DCP-LOAD-DEDUP] kept_read_items=804 dropped_read_items=0
[09-24 16:04:45|INFO] [RANK 7] [DCP-LOAD-SKIP-KEYS] kept_keys=804 dropped_keys=0
[09-24 16:04:45|INFO] [RANK 6] [DCP-LOAD-SKIP-KEYS] kept_keys=804 dropped_keys=0
[09-24 16:04:45|INFO] [RANK 5] [DCP-LOAD-SKIP-KEYS] kept_keys=804 dropped_keys=0
[09-24 16:04:45|INFO] [RANK 7] [DCP-LOAD-DEDUP] kept_read_items=804 dropped_read_items=0
[09-24 16:04:45|INFO] [RANK 6] [DCP-LOAD-DEDUP] kept_read_items=804 dropped_read_items=0
[09-24 16:04:45|INFO] [RANK 5] [DCP-LOAD-DEDUP] kept_read_items=804 dropped_read_items=0
[09-24 16:04:46|INFO] [RANK 1] [DCP-LOAD-SKIP-KEYS] kept_keys=804 dropped_keys=0
[09-24 16:04:46|INFO] [RANK 2] [DCP-LOAD-SKIP-KEYS] kept_keys=804 dropped_keys=0
[09-24 16:04:46|INFO] [RANK 1] [DCP-LOAD-DEDUP] kept_read_items=804 dropped_read_items=0
[09-24 16:04:46|INFO] [RANK 2] [DCP-LOAD-DEDUP] kept_read_items=804 dropped_read_items=0
[09-24 16:04:46|INFO] [RANK 3] [DCP-LOAD-SKIP-KEYS] kept_keys=804 dropped_keys=0
[09-24 16:04:46|INFO] [RANK 4] [DCP-LOAD-SKIP-KEYS] kept_keys=804 dropped_keys=0
[09-24 16:04:46|INFO] [RANK 3] [DCP-LOAD-DEDUP] kept_read_items=804 dropped_read_items=0
[09-24 16:04:46|INFO] [RANK 4] [DCP-LOAD-DEDUP] kept_read_items=804 dropped_read_items=0
[09-24 16:05:09|INFO] [RANK 0] [DCP-LOAD-TIMING] broadcast: tensors=0.0s, objects=0.0s, rebuild=0.0s
[09-24 16:05:09|INFO] [RANK 1] [DCP-LOAD-TIMING] broadcast: tensors=0.0s, objects=0.0s, rebuild=0.0s
[09-24 16:05:09|INFO] [RANK 2] [DCP-LOAD-TIMING] broadcast: tensors=0.0s, objects=0.0s, rebuild=0.0s
[09-24 16:05:12|INFO] [RANK 3] [DCP-LOAD-TIMING] broadcast: tensors=0.0s, objects=0.0s, rebuild=0.0s
[09-24 16:05:14|INFO] [RANK 5] [DCP-LOAD-TIMING] broadcast: tensors=0.0s, objects=4.3s, rebuild=0.0s
[09-24 16:05:14|INFO] [RANK 6] [DCP-LOAD-TIMING] broadcast: tensors=0.0s, objects=4.3s, rebuild=0.0s
[09-24 16:05:14|INFO] [RANK 7] [DCP-LOAD-TIMING] broadcast: tensors=0.0s, objects=4.3s, rebuild=0.0s
[09-24 16:05:14|INFO] [RANK 4] [DCP-LOAD-TIMING] broadcast: tensors=0.0s, objects=0.0s, rebuild=0.0s
[09-24 16:05:14|CRITICAL] Start loading checkpoint from /share/project/eai_pwm/models/Cosmos3-Nano-USR-v2-iter12600-R7-1056-Resume-DCP/optim
[09-24 16:05:14|INFO] Skipping loading of keys that match the following patterns: ['net_ema.']
[09-24 16:05:14|INFO] - Loading the optimizer...
[09-24 16:05:15|INFO] [RANK 6] [DCP-LOAD-SKIP-KEYS] kept_keys=6075 dropped_keys=0
[09-24 16:05:15|INFO] [RANK 0] [DCP-LOAD-SKIP-KEYS] kept_keys=6075 dropped_keys=0
[09-24 16:05:15|INFO] [RANK 3] [DCP-LOAD-SKIP-KEYS] kept_keys=6075 dropped_keys=0
[09-24 16:05:15|INFO] [RANK 5] [DCP-LOAD-SKIP-KEYS] kept_keys=6075 dropped_keys=0
[09-24 16:05:15|INFO] [RANK 7] [DCP-LOAD-SKIP-KEYS] kept_keys=6075 dropped_keys=0
[09-24 16:05:15|INFO] [RANK 1] [DCP-LOAD-SKIP-KEYS] kept_keys=6075 dropped_keys=0
[09-24 16:05:15|INFO] [RANK 4] [DCP-LOAD-SKIP-KEYS] kept_keys=6075 dropped_keys=0
[09-24 16:05:15|INFO] [RANK 2] [DCP-LOAD-SKIP-KEYS] kept_keys=6075 dropped_keys=0
[09-24 16:05:15|INFO] [RANK 6] [DCP-LOAD-DEDUP] kept_read_items=1620 dropped_read_items=5265
[09-24 16:05:15|INFO] [RANK 0] [DCP-LOAD-DEDUP] kept_read_items=6885 dropped_read_items=0
[09-24 16:05:15|INFO] [RANK 3] [DCP-LOAD-DEDUP] kept_read_items=1620 dropped_read_items=5265
[09-24 16:05:15|INFO] [RANK 5] [DCP-LOAD-DEDUP] kept_read_items=1620 dropped_read_items=5265
[09-24 16:05:15|INFO] [RANK 1] [DCP-LOAD-DEDUP] kept_read_items=1620 dropped_read_items=5265
[09-24 16:05:15|INFO] [RANK 7] [DCP-LOAD-DEDUP] kept_read_items=1620 dropped_read_items=5265
[09-24 16:05:15|INFO] [RANK 4] [DCP-LOAD-DEDUP] kept_read_items=1620 dropped_read_items=5265
[09-24 16:05:15|INFO] [RANK 2] [DCP-LOAD-DEDUP] kept_read_items=1620 dropped_read_items=5265
[09-24 16:05:20|INFO] [RANK 0] [DCP-LOAD-TIMING] broadcast: tensors=0.0s, objects=0.0s, rebuild=0.0s
[09-24 16:05:20|INFO] [RANK 3] [DCP-LOAD-TIMING] broadcast: tensors=0.0s, objects=0.6s, rebuild=0.0s
[09-24 16:05:20|INFO] [RANK 1] [DCP-LOAD-TIMING] broadcast: tensors=0.0s, objects=0.5s, rebuild=0.0s
[09-24 16:05:20|INFO] [RANK 2] [DCP-LOAD-TIMING] broadcast: tensors=0.0s, objects=0.5s, rebuild=0.0s
[09-24 16:05:20|INFO] [RANK 7] [DCP-LOAD-TIMING] broadcast: tensors=0.0s, objects=0.7s, rebuild=0.0s
[09-24 16:05:20|INFO] [RANK 5] [DCP-LOAD-TIMING] broadcast: tensors=0.0s, objects=0.9s, rebuild=0.0s
[09-24 16:05:20|INFO] [RANK 4] [DCP-LOAD-TIMING] broadcast: tensors=0.0s, objects=0.4s, rebuild=0.0s
[09-24 16:05:20|INFO] [RANK 6] [DCP-LOAD-TIMING] broadcast: tensors=0.0s, objects=0.7s, rebuild=0.0s
[09-24 16:05:20|CRITICAL] Start loading checkpoint from /share/project/eai_pwm/models/Cosmos3-Nano-USR-v2-iter12600-R7-1056-Resume-DCP/scheduler
[09-24 16:05:20|INFO] - Loading the scheduler...
[09-24 16:05:20|CRITICAL] Start loading checkpoint from /share/project/eai_pwm/models/Cosmos3-Nano-USR-v2-iter12600-R7-1056-Resume-DCP/trainer
[09-24 16:05:20|INFO] - Loading the trainer...
[09-24 16:05:20|INFO] Loaded checkpoint from /share/project/eai_pwm/models/Cosmos3-Nano-USR-v2-iter12600-R7-1056-Resume-DCP (warm-start, local) in iteration 12600
[09-24 16:05:21|INFO] Time spent on checkpoint loading: 35.86 s
[09-24 16:05:21|CRITICAL] Distributed parallelism mode: fsdp
[09-24 16:05:21|INFO] Starting training...
[09-24 16:05:21|INFO] Generating new wandb ID: zoq28h2g
Config is saved using omegaconf at /share/project/eai_pwm/home/hcr/worktrees/cosmos-framework-pwm-load-balance/plans/v0.2.3c_kernel_list/runs/usr_capture004/job/kernel-list/v0.2.3c/profile/config.yaml.
[09-24 16:05:21|INFO] [RANK 0] Total number of parameters on current rank: 6965486784
[09-24 16:05:21|INFO] NormMonitor callback: local_dir: /share/project/eai_pwm/home/hcr/worktrees/cosmos-framework-pwm-load-balance/plans/v0.2.3c_kernel_list/runs/usr_capture004/job/kernel-list/v0.2.3c/profile/norm_monitor
[09-24 16:05:21|INFO] NormMonitor: Registered activation hooks on 36 transformer blocks
[09-24 16:05:21|INFO] OFUCallback: launched nvidia-smi dmon --gpm-metrics 5
[09-24 16:05:21|INFO] DeviceMonitor callback: local_dir: /share/project/eai_pwm/home/hcr/worktrees/cosmos-framework-pwm-load-balance/plans/v0.2.3c_kernel_list/runs/usr_capture004/job/kernel-list/v0.2.3c/profile/DeviceMonitor
[09-24 16:05:21|INFO] [TerminationSignalCheckpoint] Installed SIGTERM handler.
[09-24 16:05:21|WARNING] OFUCallback: column(s) ['mmaact'] not found in nvidia-smi dmon header: ['gpu', 'pwr', 'gtemp', 'mtemp', 'sm', 'mem', 'enc', 'dec', 'jpg', 'ofa', 'mclk', 'pclk', 'id=5']. OFU metrics will not be available.
/usr/local/lib/python3.12/dist-packages/torch/utils/_config_module.py:540: FutureWarning: torch._dynamo.config.skip_code_recursive_on_recompile_limit_hit is deprecated and does not do anything. It will be removed in a future version of PyTorch.
  config[key] = copy.deepcopy(getattr(self, key))
/usr/local/lib/python3.12/dist-packages/torch/utils/_config_module.py:540: FutureWarning: torch._dynamo.config.skip_code_recursive_on_recompile_limit_hit is deprecated and does not do anything. It will be removed in a future version of PyTorch.
  config[key] = copy.deepcopy(getattr(self, key))
/usr/local/lib/python3.12/dist-packages/torch/utils/_config_module.py:540: FutureWarning: torch._dynamo.config.skip_code_recursive_on_recompile_limit_hit is deprecated and does not do anything. It will be removed in a future version of PyTorch.
  config[key] = copy.deepcopy(getattr(self, key))
/usr/local/lib/python3.12/dist-packages/torch/utils/_config_module.py:540: FutureWarning: torch._dynamo.config.skip_code_recursive_on_recompile_limit_hit is deprecated and does not do anything. It will be removed in a future version of PyTorch.
  config[key] = copy.deepcopy(getattr(self, key))
/usr/local/lib/python3.12/dist-packages/torch/utils/_config_module.py:540: FutureWarning: torch._dynamo.config.skip_code_recursive_on_recompile_limit_hit is deprecated and does not do anything. It will be removed in a future version of PyTorch.
  config[key] = copy.deepcopy(getattr(self, key))
/usr/local/lib/python3.12/dist-packages/torch/utils/_config_module.py:540: FutureWarning: torch._dynamo.config.skip_code_recursive_on_recompile_limit_hit is deprecated and does not do anything. It will be removed in a future version of PyTorch.
  config[key] = copy.deepcopy(getattr(self, key))
/usr/local/lib/python3.12/dist-packages/torch/utils/_config_module.py:540: FutureWarning: torch._dynamo.config.skip_code_recursive_on_recompile_limit_hit is deprecated and does not do anything. It will be removed in a future version of PyTorch.
  config[key] = copy.deepcopy(getattr(self, key))
/usr/local/lib/python3.12/dist-packages/torch/utils/_config_module.py:540: FutureWarning: torch._dynamo.config.skip_code_recursive_on_recompile_limit_hit is deprecated and does not do anything. It will be removed in a future version of PyTorch.
  config[key] = copy.deepcopy(getattr(self, key))
2026-09-24 16:05:24.281 | ERROR    | __main__:<module>:320 - An error has been caught in function '<module>', process 'MainProcess' (324516), thread 'MainThread' (140232025448576):
torch._dynamo.exc.ObservedValueErrorError: raised exception ExceptionVariable(<class 'ValueError'>)


The above exception was the direct cause of the following exception:


Traceback (most recent call last):

  File "/share/project/eai_pwm/home/hcr/worktrees/cosmos-framework-pwm-load-balance/plans/v0.2.3c_kernel_list/run_profile.py", line 43, in <module>
    main()
    └ <function main at 0x7f8a4fdda700>

  File "/share/project/eai_pwm/home/hcr/worktrees/cosmos-framework-pwm-load-balance/plans/v0.2.3c_kernel_list/run_profile.py", line 37, in main
    runpy.run_module("cosmos_framework.scripts.train", run_name="__main__")
    │     └ <function run_module at 0x7f8a4fddae80>
    └ <module 'runpy' (frozen)>

  File "<frozen runpy>", line 229, in run_module
  File "<frozen runpy>", line 88, in _run_code

> File "/share/project/eai_pwm/home/hcr/worktrees/cosmos-framework-pwm-load-balance/cosmos_framework/scripts/train.py", line 320, in <module>
    launch(config, args)
    │      │       └ Namespace(sft_toml='/share/project/eai_pwm/home/hcr/worktrees/cosmos-framework-pwm-load-balance/examples/toml/sft_config/visi...
    │      └ Config(model={'config': {'tokenizer': {'bucket_name': '', 'object_store_credential_path_pretrained': '', 'vae_path': 'pretrai...
    └ <function launch at 0x7f8964e53880>

  File "/share/project/eai_pwm/home/hcr/worktrees/cosmos-framework-pwm-load-balance/cosmos_framework/utils/training_telemetry/telemetry.py", line 65, in wrapper
    return func(config, *args, **kwargs)
           │    │        │       └ {}
           │    │        └ (Namespace(sft_toml='/share/project/eai_pwm/home/hcr/worktrees/cosmos-framework-pwm-load-balance/examples/toml/sft_config/vis...
           │    └ Config(model={'config': {'tokenizer': {'bucket_name': '', 'object_store_credential_path_pretrained': '', 'vae_path': 'pretrai...
           └ <function launch at 0x7f8964e534c0>

  File "/share/project/eai_pwm/home/hcr/worktrees/cosmos-framework-pwm-load-balance/cosmos_framework/scripts/train.py", line 197, in launch
    _run_training(config, args)
    │             │       └ Namespace(sft_toml='/share/project/eai_pwm/home/hcr/worktrees/cosmos-framework-pwm-load-balance/examples/toml/sft_config/visi...
    │             └ Config(model={'config': {'tokenizer': {'bucket_name': '', 'object_store_credential_path_pretrained': '', 'vae_path': 'pretrai...
    └ <function _run_training at 0x7f8964e53920>

  File "/share/project/eai_pwm/home/hcr/worktrees/cosmos-framework-pwm-load-balance/cosmos_framework/scripts/train.py", line 242, in _run_training
    trainer.train(
    │       └ <function ImaginaireTrainer.train at 0x7f8964f90fe0>
    └ <cosmos_framework.trainer.ImaginaireTrainer object at 0x7f86b795fb30>

  File "/share/project/eai_pwm/home/hcr/worktrees/cosmos-framework-pwm-load-balance/cosmos_framework/trainer/__init__.py", line 346, in train
    output_batch, loss, grad_accum_iter = self.training_step(
                                          │    └ <function ImaginaireTrainer.training_step at 0x7f8964f91080>
                                          └ <cosmos_framework.trainer.ImaginaireTrainer object at 0x7f86b795fb30>

  File "/share/project/eai_pwm/home/hcr/worktrees/cosmos-framework-pwm-load-balance/cosmos_framework/trainer/__init__.py", line 426, in training_step
    output_batch, loss = model_ddp.training_step(data, iteration)
                         │         │             │     └ 12600
                         │         │             └ {'ai_caption': ['{"scene": "A dim indoor desk workspace with shelves, cases, and a plant vase.", "action": "From a first-pers...
                         │         └ <function OmniMoTModel.training_step at 0x7f86bf3511c0>
                         └ OmniMoTModel(
                             (net): FSDPCosmos3VFMNetwork(
                               (language_model): Qwen3VLTextForCausalLM(
                                 (model): Qwen3VLTextModel(
                           ...

  File "/share/project/eai_pwm/home/hcr/worktrees/cosmos-framework-pwm-load-balance/cosmos_framework/model/generator/omni_mot_model.py", line 1303, in training_step
    return self.training_step_for_task(task, data_batch, iteration)
           │    │                      │     │           └ 12600
           │    │                      │     └ {'ai_caption': ['{"scene": "A dim indoor desk workspace with shelves, cases, and a plant vase.", "action": "From a first-pers...
           │    │                      └ 'gen'
           │    └ <function OmniMoTModel.training_step_for_task at 0x7f86bf351120>
           └ OmniMoTModel(
               (net): FSDPCosmos3VFMNetwork(
                 (language_model): Qwen3VLTextForCausalLM(
                   (model): Qwen3VLTextModel(
             ...

  File "/share/project/eai_pwm/home/hcr/worktrees/cosmos-framework-pwm-load-balance/cosmos_framework/model/generator/omni_mot_model.py", line 1274, in training_step_for_task
    output, raw_loss = self._training_step_gen(data_batch, iteration)
                       │    │                  │           └ 12600
                       │    │                  └ {'ai_caption': ['{"scene": "A dim indoor desk workspace with shelves, cases, and a plant vase.", "action": "From a first-pers...
                       │    └ <function OmniMoTModel._training_step_gen at 0x7f86bf351300>
                       └ OmniMoTModel(
                           (net): FSDPCosmos3VFMNetwork(
                             (language_model): Qwen3VLTextForCausalLM(
                               (model): Qwen3VLTextModel(
                         ...

  File "/share/project/eai_pwm/home/hcr/worktrees/cosmos-framework-pwm-load-balance/cosmos_framework/model/generator/omni_mot_model.py", line 1559, in _training_step_gen
    out_net = self.denoise(
              │    └ <function OmniMoTModel.denoise at 0x7f86bf353380>
              └ OmniMoTModel(
                  (net): FSDPCosmos3VFMNetwork(
                    (language_model): Qwen3VLTextForCausalLM(
                      (model): Qwen3VLTextModel(
                ...

  File "/share/project/eai_pwm/home/hcr/worktrees/cosmos-framework-pwm-load-balance/cosmos_framework/model/generator/omni_mot_model.py", line 5115, in denoise
    out_net = net(
              └ FSDPCosmos3VFMNetwork(
                  (language_model): Qwen3VLTextForCausalLM(
                    (model): Qwen3VLTextModel(
                      (embed_tokens): Embed...

  File "/usr/local/lib/python3.12/dist-packages/torch/nn/modules/module.py", line 1778, in _wrapped_call_impl
    return self._call_impl(*args, **kwargs)
           │    │           │       └ {'packed_seq': PackedSequence(sample_lens=[53814], split_lens=[214, 53600], attn_modes=['causal', 'full'], is_image_batch=Fal...
           │    │           └ ()
           │    └ <function Module._call_impl at 0x7f898d5b77e0>
           └ FSDPCosmos3VFMNetwork(
               (language_model): Qwen3VLTextForCausalLM(
                 (model): Qwen3VLTextModel(
                   (embed_tokens): Embed...

  File "/usr/local/lib/python3.12/dist-packages/torch/nn/modules/module.py", line 1884, in _call_impl
    return inner()
           └ <function Module._call_impl.<locals>.inner at 0x7f835ae459e0>

  File "/usr/local/lib/python3.12/dist-packages/torch/nn/modules/module.py", line 1832, in inner
    result = forward_call(*args, **kwargs)
             │             │       └ {'packed_seq': PackedSequence(sample_lens=[53814], split_lens=[214, 53600], attn_modes=['causal', 'full'], is_image_batch=Fal...
             │             └ ()
             └ <bound method Cosmos3VFMNetwork.forward of FSDPCosmos3VFMNetwork(
                 (language_model): Qwen3VLTextForCausalLM(
                   (model): Qw...

  File "/share/project/eai_pwm/home/hcr/worktrees/cosmos-framework-pwm-load-balance/cosmos_framework/model/generator/mot/cosmos3_vfm_network.py", line 1487, in forward
    packed_outputs, lbl_metadata = self.language_model(
                                   └ FSDPCosmos3VFMNetwork(
                                       (language_model): Qwen3VLTextForCausalLM(
                                         (model): Qwen3VLTextModel(
                                           (embed_tokens): Embed...

  File "/usr/local/lib/python3.12/dist-packages/torch/nn/modules/module.py", line 1778, in _wrapped_call_impl
    return self._call_impl(*args, **kwargs)
           │    │           │       └ {'attention_mask': <cosmos_framework.model.generator.mot.attention.SplitInfo object at 0x7f8648555130>, 'position_ids': tenso...
           │    │           └ ({'sample_offsets': tensor([    0, 53814], device='cuda:2', dtype=torch.int32), 'max_sample_len': 101376, 'max_causal_len': 3...
           │    └ <function Module._call_impl at 0x7f898d5b77e0>
           └ Qwen3VLTextForCausalLM(
               (model): Qwen3VLTextModel(
                 (embed_tokens): Embedding(151936, 4096)
                 (layers): ModuleList(
               ...

  File "/usr/local/lib/python3.12/dist-packages/torch/nn/modules/module.py", line 1789, in _call_impl
    return forward_call(*args, **kwargs)
           │             │       └ {'attention_mask': <cosmos_framework.model.generator.mot.attention.SplitInfo object at 0x7f8648555130>, 'position_ids': tenso...
           │             └ ({'sample_offsets': tensor([    0, 53814], device='cuda:2', dtype=torch.int32), 'max_sample_len': 101376, 'max_causal_len': 3...
           └ <bound method Qwen3VLTextForCausalLM.forward of Qwen3VLTextForCausalLM(
               (model): Qwen3VLTextModel(
                 (embed_tokens): Embe...

  File "/share/project/eai_pwm/home/hcr/worktrees/cosmos-framework-pwm-load-balance/cosmos_framework/model/generator/mot/unified_mot.py", line 2365, in forward
    outputs = self.model(
              └ Qwen3VLTextForCausalLM(
                  (model): Qwen3VLTextModel(
                    (embed_tokens): Embedding(151936, 4096)
                    (layers): ModuleList(
                  ...

  File "/usr/local/lib/python3.12/dist-packages/torch/nn/modules/module.py", line 1778, in _wrapped_call_impl
    return self._call_impl(*args, **kwargs)
           │    │           │       └ {'pack': {'sample_offsets': tensor([    0, 53814], device='cuda:2', dtype=torch.int32), 'max_sample_len': 101376, 'max_causal...
           │    │           └ ()
           │    └ <function Module._call_impl at 0x7f898d5b77e0>
           └ Qwen3VLTextModel(
               (embed_tokens): Embedding(151936, 4096)
               (layers): ModuleList(
                 (0-35): 36 x FSDPOptimizedModule(
                ...

  File "/usr/local/lib/python3.12/dist-packages/torch/nn/modules/module.py", line 1789, in _call_impl
    return forward_call(*args, **kwargs)
           │             │       └ {'pack': {'sample_offsets': tensor([    0, 53814], device='cuda:2', dtype=torch.int32), 'max_sample_len': 101376, 'max_causal...
           │             └ ()
           └ <bound method Qwen3VLTextModel.forward of Qwen3VLTextModel(
               (embed_tokens): Embedding(151936, 4096)
               (layers): ModuleList(...

  File "/share/project/eai_pwm/home/hcr/worktrees/cosmos-framework-pwm-load-balance/cosmos_framework/model/generator/mot/unified_mot.py", line 1543, in forward
    return _impl_forward(self, *args, **kwargs)
           │             │      │       └ {'pack': {'sample_offsets': tensor([    0, 53814], device='cuda:2', dtype=torch.int32), 'max_sample_len': 101376, 'max_causal...
           │             │      └ ()
           │             └ Qwen3VLTextModel(
           │                 (embed_tokens): Embedding(151936, 4096)
           │                 (layers): ModuleList(
           │                   (0-35): 36 x FSDPOptimizedModule(
           │                  ...
           └ <function _impl_forward at 0x7f86bfabf380>

  File "/share/project/eai_pwm/home/hcr/worktrees/cosmos-framework-pwm-load-balance/cosmos_framework/model/generator/mot/unified_mot.py", line 1084, in _impl_forward
    hidden_states, lbl_metadata_dict, kv_to_store = decoder_layer(
    │                                               └ FSDPOptimizedModule(
    │                                                   (_orig_mod): CheckpointWrapper(
    │                                                     (_checkpoint_wrapped_module): MoTDecoderLayer(
    │                                                       (self_attn): ...
    └ {'sample_offsets': tensor([    0, 53814], device='cuda:2', dtype=torch.int32), 'max_sample_len': 101376, 'max_causal_len': 30...

  File "/usr/local/lib/python3.12/dist-packages/torch/_dynamo/eval_frame.py", line 468, in __call__
    return super().__call__(*args, **kwargs)
                             │       └ {'natten_metadata': None, 'memory_value': None, 'gen_only': False}
                             └ ({'sample_offsets': tensor([    0, 53814], device='cuda:2', dtype=torch.int32), 'max_sample_len': 101376, 'max_causal_len': 3...

  File "/usr/local/lib/python3.12/dist-packages/torch/nn/modules/module.py", line 1778, in _wrapped_call_impl
    return self._call_impl(*args, **kwargs)
           │    │           │       └ {'natten_metadata': None, 'memory_value': None, 'gen_only': False}
           │    │           └ ({'sample_offsets': tensor([    0, 53814], device='cuda:2', dtype=torch.int32), 'max_sample_len': 101376, 'max_causal_len': 3...
           │    └ <function Module._call_impl at 0x7f898d5b77e0>
           └ FSDPOptimizedModule(
               (_orig_mod): CheckpointWrapper(
                 (_checkpoint_wrapped_module): MoTDecoderLayer(
                   (self_attn): ...

  File "/usr/local/lib/python3.12/dist-packages/torch/nn/modules/module.py", line 1884, in _call_impl
    return inner()
           └ <function Module._call_impl.<locals>.inner at 0x7f8508db6020>

  File "/usr/local/lib/python3.12/dist-packages/torch/nn/modules/module.py", line 1832, in inner
    result = forward_call(*args, **kwargs)
             │             │       └ {'natten_metadata': None, 'memory_value': None, 'gen_only': False}
             │             └ ({'sample_offsets': tensor([    0, 53814], device='cuda:2', dtype=torch.int32), 'max_sample_len': 101376, 'max_causal_len': 3...
             └ <function Module._wrapped_call_impl at 0x7f8648960040>

  File "/usr/local/lib/python3.12/dist-packages/torch/_dynamo/eval_frame.py", line 1030, in compile_wrapper
    raise e.with_traceback(None) from e.__cause__  # User compiler error

torch._dynamo.exc.Unsupported: Observed exception
  Explanation: Dynamo found no exception handler at the top-level compiled function when encountering an exception. Exception will propagate outside the compiled region.
  Hint: Your code may result in an error when running in eager. Please double check that your code doesn't contain a similar error when actually running eager/uncompiled. You can do this by removing the `torch.compile` call, or by using `torch.compiler.set_stance("force_eager")`. 
  Hint: It may be possible to write Dynamo tracing rules for this code. Please report an issue to PyTorch if you encounter this graph break often and it is causing performance issues.

  Developer debug context: raised exception ValueError([ConstantVariable(str: 'Could not find a compatible Attention backend for this use case / device. Try running with debug logs to find out why.')])

 For more details about this graph break, please visit: https://meta-pytorch.github.io/compile-graph-break-site/gb/gb0088.html

from user code:
   File "/usr/local/lib/python3.12/dist-packages/torch/distributed/algorithms/_checkpoint/checkpoint_wrapper.py", line 169, in forward
    return self.checkpoint_fn(  # type: ignore[misc]
  File "/share/project/eai_pwm/home/hcr/worktrees/cosmos-framework-pwm-load-balance/cosmos_framework/model/generator/mot/unified_mot.py", line 1360, in forward
    pack_attn_out, kv_to_store = self.self_attn(
  File "/share/project/eai_pwm/home/hcr/worktrees/cosmos-framework-pwm-load-balance/cosmos_framework/model/generator/mot/unified_mot.py", line 729, in forward
    packed_attn_output, kv_to_store = self.dispatch_attention_fn(
  File "/share/project/eai_pwm/home/hcr/worktrees/cosmos-framework-pwm-load-balance/cosmos_framework/model/generator/mot/attention.py", line 702, in dispatch_attention
    output = two_way_attention(
  File "/share/project/eai_pwm/home/hcr/worktrees/cosmos-framework-pwm-load-balance/cosmos_framework/model/generator/mot/attention.py", line 257, in two_way_attention
    causal_res = attention(
  File "/share/project/eai_pwm/home/hcr/worktrees/cosmos-framework-pwm-load-balance/cosmos_framework/model/attention/frontend.py", line 224, in attention
    raise ValueError(

Set TORCHDYNAMO_VERBOSE=1 for the internal stack trace (please do this especially if you're reporting a bug to PyTorch). For even more developer context, set TORCH_LOGS="+dynamo"

2026-09-24 16:05:24.277 | ERROR    | __main__:<module>:320 - An error has been caught in function '<module>', process 'MainProcess' (324515), thread 'MainThread' (139688690716800):
torch._dynamo.exc.ObservedValueErrorError: raised exception ExceptionVariable(<class 'ValueError'>)


The above exception was the direct cause of the following exception:


Traceback (most recent call last):

  File "/share/project/eai_pwm/home/hcr/worktrees/cosmos-framework-pwm-load-balance/plans/v0.2.3c_kernel_list/run_profile.py", line 43, in <module>
    main()
    └ <function main at 0x7f0bce982700>

  File "/share/project/eai_pwm/home/hcr/worktrees/cosmos-framework-pwm-load-balance/plans/v0.2.3c_kernel_list/run_profile.py", line 37, in main
    runpy.run_module("cosmos_framework.scripts.train", run_name="__main__")
    │     └ <function run_module at 0x7f0bce982e80>
    └ <module 'runpy' (frozen)>

  File "<frozen runpy>", line 229, in run_module
  File "<frozen runpy>", line 88, in _run_code

> File "/share/project/eai_pwm/home/hcr/worktrees/cosmos-framework-pwm-load-balance/cosmos_framework/scripts/train.py", line 320, in <module>
    launch(config, args)
    │      │       └ Namespace(sft_toml='/share/project/eai_pwm/home/hcr/worktrees/cosmos-framework-pwm-load-balance/examples/toml/sft_config/visi...
    │      └ Config(model={'config': {'tokenizer': {'bucket_name': '', 'object_store_credential_path_pretrained': '', 'vae_path': 'pretrai...
    └ <function launch at 0x7f0ae3a0b880>

  File "/share/project/eai_pwm/home/hcr/worktrees/cosmos-framework-pwm-load-balance/cosmos_framework/utils/training_telemetry/telemetry.py", line 65, in wrapper
    return func(config, *args, **kwargs)
           │    │        │       └ {}
           │    │        └ (Namespace(sft_toml='/share/project/eai_pwm/home/hcr/worktrees/cosmos-framework-pwm-load-balance/examples/toml/sft_config/vis...
           │    └ Config(model={'config': {'tokenizer': {'bucket_name': '', 'object_store_credential_path_pretrained': '', 'vae_path': 'pretrai...
           └ <function launch at 0x7f0ae3a0b4c0>

  File "/share/project/eai_pwm/home/hcr/worktrees/cosmos-framework-pwm-load-balance/cosmos_framework/scripts/train.py", line 197, in launch
    _run_training(config, args)
    │             │       └ Namespace(sft_toml='/share/project/eai_pwm/home/hcr/worktrees/cosmos-framework-pwm-load-balance/examples/toml/sft_config/visi...
    │             └ Config(model={'config': {'tokenizer': {'bucket_name': '', 'object_store_credential_path_pretrained': '', 'vae_path': 'pretrai...
    └ <function _run_training at 0x7f0ae3a0b920>

  File "/share/project/eai_pwm/home/hcr/worktrees/cosmos-framework-pwm-load-balance/cosmos_framework/scripts/train.py", line 242, in _run_training
    trainer.train(
    │       └ <function ImaginaireTrainer.train at 0x7f0ae3b68fe0>
    └ <cosmos_framework.trainer.ImaginaireTrainer object at 0x7f083678ecc0>

  File "/share/project/eai_pwm/home/hcr/worktrees/cosmos-framework-pwm-load-balance/cosmos_framework/trainer/__init__.py", line 346, in train
    output_batch, loss, grad_accum_iter = self.training_step(
                                          │    └ <function ImaginaireTrainer.training_step at 0x7f0ae3b69080>
                                          └ <cosmos_framework.trainer.ImaginaireTrainer object at 0x7f083678ecc0>

  File "/share/project/eai_pwm/home/hcr/worktrees/cosmos-framework-pwm-load-balance/cosmos_framework/trainer/__init__.py", line 426, in training_step
    output_batch, loss = model_ddp.training_step(data, iteration)
                         │         │             │     └ 12600
                         │         │             └ {'ai_caption': ['{"scene": "A bedroom corner with a white nightstand, bed, and floral wallpaper.", "action": "From a first-pe...
                         │         └ <function OmniMoTModel.training_step at 0x7f083df511c0>
                         └ OmniMoTModel(
                             (net): FSDPCosmos3VFMNetwork(
                               (language_model): Qwen3VLTextForCausalLM(
                                 (model): Qwen3VLTextModel(
                           ...

  File "/share/project/eai_pwm/home/hcr/worktrees/cosmos-framework-pwm-load-balance/cosmos_framework/model/generator/omni_mot_model.py", line 1303, in training_step
    return self.training_step_for_task(task, data_batch, iteration)
           │    │                      │     │           └ 12600
           │    │                      │     └ {'ai_caption': ['{"scene": "A bedroom corner with a white nightstand, bed, and floral wallpaper.", "action": "From a first-pe...
           │    │                      └ 'gen'
           │    └ <function OmniMoTModel.training_step_for_task at 0x7f083df51120>
           └ OmniMoTModel(
               (net): FSDPCosmos3VFMNetwork(
                 (language_model): Qwen3VLTextForCausalLM(
                   (model): Qwen3VLTextModel(
             ...

  File "/share/project/eai_pwm/home/hcr/worktrees/cosmos-framework-pwm-load-balance/cosmos_framework/model/generator/omni_mot_model.py", line 1274, in training_step_for_task
    output, raw_loss = self._training_step_gen(data_batch, iteration)
                       │    │                  │           └ 12600
                       │    │                  └ {'ai_caption': ['{"scene": "A bedroom corner with a white nightstand, bed, and floral wallpaper.", "action": "From a first-pe...
                       │    └ <function OmniMoTModel._training_step_gen at 0x7f083df51300>
                       └ OmniMoTModel(
                           (net): FSDPCosmos3VFMNetwork(
                             (language_model): Qwen3VLTextForCausalLM(
                               (model): Qwen3VLTextModel(
                         ...

  File "/share/project/eai_pwm/home/hcr/worktrees/cosmos-framework-pwm-load-balance/cosmos_framework/model/generator/omni_mot_model.py", line 1559, in _training_step_gen
    out_net = self.denoise(
              │    └ <function OmniMoTModel.denoise at 0x7f083df53380>
              └ OmniMoTModel(
                  (net): FSDPCosmos3VFMNetwork(
                    (language_model): Qwen3VLTextForCausalLM(
                      (model): Qwen3VLTextModel(
                ...

  File "/share/project/eai_pwm/home/hcr/worktrees/cosmos-framework-pwm-load-balance/cosmos_framework/model/generator/omni_mot_model.py", line 5115, in denoise
    out_net = net(
              └ FSDPCosmos3VFMNetwork(
                  (language_model): Qwen3VLTextForCausalLM(
                    (model): Qwen3VLTextModel(
                      (embed_tokens): Embed...

  File "/usr/local/lib/python3.12/dist-packages/torch/nn/modules/module.py", line 1778, in _wrapped_call_impl
    return self._call_impl(*args, **kwargs)
           │    │           │       └ {'packed_seq': PackedSequence(sample_lens=[57031], split_lens=[231, 56800], attn_modes=['causal', 'full'], is_image_batch=Fal...
           │    │           └ ()
           │    └ <function Module._call_impl at 0x7f0b0c2237e0>
           └ FSDPCosmos3VFMNetwork(
               (language_model): Qwen3VLTextForCausalLM(
                 (model): Qwen3VLTextModel(
                   (embed_tokens): Embed...

  File "/usr/local/lib/python3.12/dist-packages/torch/nn/modules/module.py", line 1884, in _call_impl
    return inner()
           └ <function Module._call_impl.<locals>.inner at 0x7f04d996d9e0>

  File "/usr/local/lib/python3.12/dist-packages/torch/nn/modules/module.py", line 1832, in inner
    result = forward_call(*args, **kwargs)
             │             │       └ {'packed_seq': PackedSequence(sample_lens=[57031], split_lens=[231, 56800], attn_modes=['causal', 'full'], is_image_batch=Fal...
             │             └ ()
             └ <bound method Cosmos3VFMNetwork.forward of FSDPCosmos3VFMNetwork(
                 (language_model): Qwen3VLTextForCausalLM(
                   (model): Qw...

  File "/share/project/eai_pwm/home/hcr/worktrees/cosmos-framework-pwm-load-balance/cosmos_framework/model/generator/mot/cosmos3_vfm_network.py", line 1487, in forward
    packed_outputs, lbl_metadata = self.language_model(
                                   └ FSDPCosmos3VFMNetwork(
                                       (language_model): Qwen3VLTextForCausalLM(
                                         (model): Qwen3VLTextModel(
                                           (embed_tokens): Embed...

  File "/usr/local/lib/python3.12/dist-packages/torch/nn/modules/module.py", line 1778, in _wrapped_call_impl
    return self._call_impl(*args, **kwargs)
           │    │           │       └ {'attention_mask': <cosmos_framework.model.generator.mot.attention.SplitInfo object at 0x7f07c86477a0>, 'position_ids': tenso...
           │    │           └ ({'sample_offsets': tensor([    0, 57031], device='cuda:1', dtype=torch.int32), 'max_sample_len': 101376, 'max_causal_len': 3...
           │    └ <function Module._call_impl at 0x7f0b0c2237e0>
           └ Qwen3VLTextForCausalLM(
               (model): Qwen3VLTextModel(
                 (embed_tokens): Embedding(151936, 4096)
                 (layers): ModuleList(
               ...

  File "/usr/local/lib/python3.12/dist-packages/torch/nn/modules/module.py", line 1789, in _call_impl
    return forward_call(*args, **kwargs)
           │             │       └ {'attention_mask': <cosmos_framework.model.generator.mot.attention.SplitInfo object at 0x7f07c86477a0>, 'position_ids': tenso...
           │             └ ({'sample_offsets': tensor([    0, 57031], device='cuda:1', dtype=torch.int32), 'max_sample_len': 101376, 'max_causal_len': 3...
           └ <bound method Qwen3VLTextForCausalLM.forward of Qwen3VLTextForCausalLM(
               (model): Qwen3VLTextModel(
                 (embed_tokens): Embe...

  File "/share/project/eai_pwm/home/hcr/worktrees/cosmos-framework-pwm-load-balance/cosmos_framework/model/generator/mot/unified_mot.py", line 2365, in forward
    outputs = self.model(
              └ Qwen3VLTextForCausalLM(
                  (model): Qwen3VLTextModel(
                    (embed_tokens): Embedding(151936, 4096)
                    (layers): ModuleList(
                  ...

  File "/usr/local/lib/python3.12/dist-packages/torch/nn/modules/module.py", line 1778, in _wrapped_call_impl
    return self._call_impl(*args, **kwargs)
           │    │           │       └ {'pack': {'sample_offsets': tensor([    0, 57031], device='cuda:1', dtype=torch.int32), 'max_sample_len': 101376, 'max_causal...
           │    │           └ ()
           │    └ <function Module._call_impl at 0x7f0b0c2237e0>
           └ Qwen3VLTextModel(
               (embed_tokens): Embedding(151936, 4096)
               (layers): ModuleList(
                 (0-35): 36 x FSDPOptimizedModule(
                ...

  File "/usr/local/lib/python3.12/dist-packages/torch/nn/modules/module.py", line 1789, in _call_impl
    return forward_call(*args, **kwargs)
           │             │       └ {'pack': {'sample_offsets': tensor([    0, 57031], device='cuda:1', dtype=torch.int32), 'max_sample_len': 101376, 'max_causal...
           │             └ ()
           └ <bound method Qwen3VLTextModel.forward of Qwen3VLTextModel(
               (embed_tokens): Embedding(151936, 4096)
               (layers): ModuleList(...

  File "/share/project/eai_pwm/home/hcr/worktrees/cosmos-framework-pwm-load-balance/cosmos_framework/model/generator/mot/unified_mot.py", line 1543, in forward
    return _impl_forward(self, *args, **kwargs)
           │             │      │       └ {'pack': {'sample_offsets': tensor([    0, 57031], device='cuda:1', dtype=torch.int32), 'max_sample_len': 101376, 'max_causal...
           │             │      └ ()
           │             └ Qwen3VLTextModel(
           │                 (embed_tokens): Embedding(151936, 4096)
           │                 (layers): ModuleList(
           │                   (0-35): 36 x FSDPOptimizedModule(
           │                  ...
           └ <function _impl_forward at 0x7f083e6bf380>

  File "/share/project/eai_pwm/home/hcr/worktrees/cosmos-framework-pwm-load-balance/cosmos_framework/model/generator/mot/unified_mot.py", line 1084, in _impl_forward
    hidden_states, lbl_metadata_dict, kv_to_store = decoder_layer(
    │                                               └ FSDPOptimizedModule(
    │                                                   (_orig_mod): CheckpointWrapper(
    │                                                     (_checkpoint_wrapped_module): MoTDecoderLayer(
    │                                                       (self_attn): ...
    └ {'sample_offsets': tensor([    0, 57031], device='cuda:1', dtype=torch.int32), 'max_sample_len': 101376, 'max_causal_len': 30...

  File "/usr/local/lib/python3.12/dist-packages/torch/_dynamo/eval_frame.py", line 468, in __call__
    return super().__call__(*args, **kwargs)
                             │       └ {'natten_metadata': None, 'memory_value': None, 'gen_only': False}
                             └ ({'sample_offsets': tensor([    0, 57031], device='cuda:1', dtype=torch.int32), 'max_sample_len': 101376, 'max_causal_len': 3...

  File "/usr/local/lib/python3.12/dist-packages/torch/nn/modules/module.py", line 1778, in _wrapped_call_impl
    return self._call_impl(*args, **kwargs)
           │    │           │       └ {'natten_metadata': None, 'memory_value': None, 'gen_only': False}
           │    │           └ ({'sample_offsets': tensor([    0, 57031], device='cuda:1', dtype=torch.int32), 'max_sample_len': 101376, 'max_causal_len': 3...
           │    └ <function Module._call_impl at 0x7f0b0c2237e0>
           └ FSDPOptimizedModule(
               (_orig_mod): CheckpointWrapper(
                 (_checkpoint_wrapped_module): MoTDecoderLayer(
                   (self_attn): ...

  File "/usr/local/lib/python3.12/dist-packages/torch/nn/modules/module.py", line 1884, in _call_impl
    return inner()
           └ <function Module._call_impl.<locals>.inner at 0x7f04d9a62020>

  File "/usr/local/lib/python3.12/dist-packages/torch/nn/modules/module.py", line 1832, in inner
    result = forward_call(*args, **kwargs)
             │             │       └ {'natten_metadata': None, 'memory_value': None, 'gen_only': False}
             │             └ ({'sample_offsets': tensor([    0, 57031], device='cuda:1', dtype=torch.int32), 'max_sample_len': 101376, 'max_causal_len': 3...
             └ <function Module._wrapped_call_impl at 0x7f07c84d0040>

  File "/usr/local/lib/python3.12/dist-packages/torch/_dynamo/eval_frame.py", line 1030, in compile_wrapper
    raise e.with_traceback(None) from e.__cause__  # User compiler error

torch._dynamo.exc.Unsupported: Observed exception
  Explanation: Dynamo found no exception handler at the top-level compiled function when encountering an exception. Exception will propagate outside the compiled region.
  Hint: Your code may result in an error when running in eager. Please double check that your code doesn't contain a similar error when actually running eager/uncompiled. You can do this by removing the `torch.compile` call, or by using `torch.compiler.set_stance("force_eager")`. 
  Hint: It may be possible to write Dynamo tracing rules for this code. Please report an issue to PyTorch if you encounter this graph break often and it is causing performance issues.

  Developer debug context: raised exception ValueError([ConstantVariable(str: 'Could not find a compatible Attention backend for this use case / device. Try running with debug logs to find out why.')])

 For more details about this graph break, please visit: https://meta-pytorch.github.io/compile-graph-break-site/gb/gb0088.html

from user code:
   File "/usr/local/lib/python3.12/dist-packages/torch/distributed/algorithms/_checkpoint/checkpoint_wrapper.py", line 169, in forward
    return self.checkpoint_fn(  # type: ignore[misc]
  File "/share/project/eai_pwm/home/hcr/worktrees/cosmos-framework-pwm-load-balance/cosmos_framework/model/generator/mot/unified_mot.py", line 1360, in forward
    pack_attn_out, kv_to_store = self.self_attn(
  File "/share/project/eai_pwm/home/hcr/worktrees/cosmos-framework-pwm-load-balance/cosmos_framework/model/generator/mot/unified_mot.py", line 729, in forward
    packed_attn_output, kv_to_store = self.dispatch_attention_fn(
  File "/share/project/eai_pwm/home/hcr/worktrees/cosmos-framework-pwm-load-balance/cosmos_framework/model/generator/mot/attention.py", line 702, in dispatch_attention
    output = two_way_attention(
  File "/share/project/eai_pwm/home/hcr/worktrees/cosmos-framework-pwm-load-balance/cosmos_framework/model/generator/mot/attention.py", line 257, in two_way_attention
    causal_res = attention(
  File "/share/project/eai_pwm/home/hcr/worktrees/cosmos-framework-pwm-load-balance/cosmos_framework/model/attention/frontend.py", line 224, in attention
    raise ValueError(

Set TORCHDYNAMO_VERBOSE=1 for the internal stack trace (please do this especially if you're reporting a bug to PyTorch). For even more developer context, set TORCH_LOGS="+dynamo"

[rank2]: torch._dynamo.exc.ObservedValueErrorError: raised exception ExceptionVariable(<class 'ValueError'>)

[rank2]: The above exception was the direct cause of the following exception:

[rank2]: Traceback (most recent call last):
[rank2]:   File "/share/project/eai_pwm/home/hcr/worktrees/cosmos-framework-pwm-load-balance/plans/v0.2.3c_kernel_list/run_profile.py", line 43, in <module>
[rank2]:     main()
[rank2]:   File "/share/project/eai_pwm/home/hcr/worktrees/cosmos-framework-pwm-load-balance/plans/v0.2.3c_kernel_list/run_profile.py", line 37, in main
[rank2]:     runpy.run_module("cosmos_framework.scripts.train", run_name="__main__")
[rank2]:   File "<frozen runpy>", line 229, in run_module
[rank2]:   File "<frozen runpy>", line 88, in _run_code
[rank2]:   File "/share/project/eai_pwm/home/hcr/worktrees/cosmos-framework-pwm-load-balance/cosmos_framework/scripts/train.py", line 320, in <module>
[rank2]:     launch(config, args)
[rank2]:   File "/opt/venv/lib/python3.12/site-packages/loguru/_logger.py", line 1297, in catch_wrapper
[rank2]:     return function(*args, **kwargs)
[rank2]:            ^^^^^^^^^^^^^^^^^^^^^^^^^
[rank2]:   File "/share/project/eai_pwm/home/hcr/worktrees/cosmos-framework-pwm-load-balance/cosmos_framework/utils/training_telemetry/telemetry.py", line 65, in wrapper
[rank2]:     return func(config, *args, **kwargs)
[rank2]:            ^^^^^^^^^^^^^^^^^^^^^^^^^^^^^
[rank2]:   File "/share/project/eai_pwm/home/hcr/worktrees/cosmos-framework-pwm-load-balance/cosmos_framework/scripts/train.py", line 197, in launch
[rank2]:     _run_training(config, args)
[rank2]:   File "/share/project/eai_pwm/home/hcr/worktrees/cosmos-framework-pwm-load-balance/cosmos_framework/scripts/train.py", line 242, in _run_training
[rank2]:     trainer.train(
[rank2]:   File "/share/project/eai_pwm/home/hcr/worktrees/cosmos-framework-pwm-load-balance/cosmos_framework/trainer/__init__.py", line 346, in train
[rank2]:     output_batch, loss, grad_accum_iter = self.training_step(
[rank2]:                                           ^^^^^^^^^^^^^^^^^^^
[rank2]:   File "/share/project/eai_pwm/home/hcr/worktrees/cosmos-framework-pwm-load-balance/cosmos_framework/trainer/__init__.py", line 426, in training_step
[rank2]:     output_batch, loss = model_ddp.training_step(data, iteration)
[rank2]:                          ^^^^^^^^^^^^^^^^^^^^^^^^^^^^^^^^^^^^^^^^
[rank2]:   File "/share/project/eai_pwm/home/hcr/worktrees/cosmos-framework-pwm-load-balance/cosmos_framework/model/generator/omni_mot_model.py", line 1303, in training_step
[rank2]:     return self.training_step_for_task(task, data_batch, iteration)
[rank2]:            ^^^^^^^^^^^^^^^^^^^^^^^^^^^^^^^^^^^^^^^^^^^^^^^^^^^^^^^^
[rank2]:   File "/share/project/eai_pwm/home/hcr/worktrees/cosmos-framework-pwm-load-balance/cosmos_framework/model/generator/omni_mot_model.py", line 1274, in training_step_for_task
[rank2]:     output, raw_loss = self._training_step_gen(data_batch, iteration)
[rank2]:                        ^^^^^^^^^^^^^^^^^^^^^^^^^^^^^^^^^^^^^^^^^^^^^^
[rank2]:   File "/share/project/eai_pwm/home/hcr/worktrees/cosmos-framework-pwm-load-balance/cosmos_framework/model/generator/omni_mot_model.py", line 1559, in _training_step_gen
[rank2]:     out_net = self.denoise(
[rank2]:               ^^^^^^^^^^^^^
[rank2]:   File "/share/project/eai_pwm/home/hcr/worktrees/cosmos-framework-pwm-load-balance/cosmos_framework/model/generator/omni_mot_model.py", line 5115, in denoise
[rank2]:     out_net = net(
[rank2]:               ^^^^
[rank2]:   File "/usr/local/lib/python3.12/dist-packages/torch/nn/modules/module.py", line 1778, in _wrapped_call_impl
[rank2]:     return self._call_impl(*args, **kwargs)
[rank2]:            ^^^^^^^^^^^^^^^^^^^^^^^^^^^^^^^^
[rank2]:   File "/usr/local/lib/python3.12/dist-packages/torch/nn/modules/module.py", line 1884, in _call_impl
[rank2]:     return inner()
[rank2]:            ^^^^^^^
[rank2]:   File "/usr/local/lib/python3.12/dist-packages/torch/nn/modules/module.py", line 1832, in inner
[rank2]:     result = forward_call(*args, **kwargs)
[rank2]:              ^^^^^^^^^^^^^^^^^^^^^^^^^^^^^
[rank2]:   File "/share/project/eai_pwm/home/hcr/worktrees/cosmos-framework-pwm-load-balance/cosmos_framework/model/generator/mot/cosmos3_vfm_network.py", line 1487, in forward
[rank2]:     packed_outputs, lbl_metadata = self.language_model(
[rank2]:                                    ^^^^^^^^^^^^^^^^^^^^
[rank2]:   File "/usr/local/lib/python3.12/dist-packages/torch/nn/modules/module.py", line 1778, in _wrapped_call_impl
[rank2]:     return self._call_impl(*args, **kwargs)
[rank2]:            ^^^^^^^^^^^^^^^^^^^^^^^^^^^^^^^^
[rank2]:   File "/usr/local/lib/python3.12/dist-packages/torch/nn/modules/module.py", line 1789, in _call_impl
[rank2]:     return forward_call(*args, **kwargs)
[rank2]:            ^^^^^^^^^^^^^^^^^^^^^^^^^^^^^
[rank2]:   File "/share/project/eai_pwm/home/hcr/worktrees/cosmos-framework-pwm-load-balance/cosmos_framework/model/generator/mot/unified_mot.py", line 2365, in forward
[rank2]:     outputs = self.model(
[rank2]:               ^^^^^^^^^^^
[rank2]:   File "/usr/local/lib/python3.12/dist-packages/torch/nn/modules/module.py", line 1778, in _wrapped_call_impl
[rank2]:     return self._call_impl(*args, **kwargs)
[rank2]:            ^^^^^^^^^^^^^^^^^^^^^^^^^^^^^^^^
[rank2]:   File "/usr/local/lib/python3.12/dist-packages/torch/nn/modules/module.py", line 1789, in _call_impl
[rank2]:     return forward_call(*args, **kwargs)
[rank2]:            ^^^^^^^^^^^^^^^^^^^^^^^^^^^^^
[rank2]:   File "/share/project/eai_pwm/home/hcr/worktrees/cosmos-framework-pwm-load-balance/cosmos_framework/model/generator/mot/unified_mot.py", line 1543, in forward
[rank2]:     return _impl_forward(self, *args, **kwargs)
[rank2]:            ^^^^^^^^^^^^^^^^^^^^^^^^^^^^^^^^^^^^
[rank2]:   File "/share/project/eai_pwm/home/hcr/worktrees/cosmos-framework-pwm-load-balance/cosmos_framework/model/generator/mot/unified_mot.py", line 1084, in _impl_forward
[rank2]:     hidden_states, lbl_metadata_dict, kv_to_store = decoder_layer(
[rank2]:                                                     ^^^^^^^^^^^^^^
[rank2]:   File "/usr/local/lib/python3.12/dist-packages/torch/_dynamo/eval_frame.py", line 468, in __call__
[rank2]:     return super().__call__(*args, **kwargs)
[rank2]:            ^^^^^^^^^^^^^^^^^^^^^^^^^^^^^^^^^
[rank2]:   File "/usr/local/lib/python3.12/dist-packages/torch/nn/modules/module.py", line 1778, in _wrapped_call_impl
[rank2]:     return self._call_impl(*args, **kwargs)
[rank2]:            ^^^^^^^^^^^^^^^^^^^^^^^^^^^^^^^^
[rank2]:   File "/usr/local/lib/python3.12/dist-packages/torch/nn/modules/module.py", line 1884, in _call_impl
[rank2]:     return inner()
[rank2]:            ^^^^^^^
[rank2]:   File "/usr/local/lib/python3.12/dist-packages/torch/nn/modules/module.py", line 1832, in inner
[rank2]:     result = forward_call(*args, **kwargs)
[rank2]:              ^^^^^^^^^^^^^^^^^^^^^^^^^^^^^
[rank2]:   File "/usr/local/lib/python3.12/dist-packages/torch/_dynamo/eval_frame.py", line 1030, in compile_wrapper
[rank2]:     raise e.with_traceback(None) from e.__cause__  # User compiler error
[rank2]:     ^^^^^^^^^^^^^^^^^^^^^^^^^^^^^^^^^^^^^^^^^^^^^
[rank2]: torch._dynamo.exc.Unsupported: Observed exception
[rank2]:   Explanation: Dynamo found no exception handler at the top-level compiled function when encountering an exception. Exception will propagate outside the compiled region.
[rank2]:   Hint: Your code may result in an error when running in eager. Please double check that your code doesn't contain a similar error when actually running eager/uncompiled. You can do this by removing the `torch.compile` call, or by using `torch.compiler.set_stance("force_eager")`. 
[rank2]:   Hint: It may be possible to write Dynamo tracing rules for this code. Please report an issue to PyTorch if you encounter this graph break often and it is causing performance issues.

[rank2]:   Developer debug context: raised exception ValueError([ConstantVariable(str: 'Could not find a compatible Attention backend for this use case / device. Try running with debug logs to find out why.')])

[rank2]:  For more details about this graph break, please visit: https://meta-pytorch.github.io/compile-graph-break-site/gb/gb0088.html

[rank2]: from user code:
[rank2]:    File "/usr/local/lib/python3.12/dist-packages/torch/distributed/algorithms/_checkpoint/checkpoint_wrapper.py", line 169, in forward
[rank2]:     return self.checkpoint_fn(  # type: ignore[misc]
[rank2]:   File "/share/project/eai_pwm/home/hcr/worktrees/cosmos-framework-pwm-load-balance/cosmos_framework/model/generator/mot/unified_mot.py", line 1360, in forward
[rank2]:     pack_attn_out, kv_to_store = self.self_attn(
[rank2]:   File "/share/project/eai_pwm/home/hcr/worktrees/cosmos-framework-pwm-load-balance/cosmos_framework/model/generator/mot/unified_mot.py", line 729, in forward
[rank2]:     packed_attn_output, kv_to_store = self.dispatch_attention_fn(
[rank2]:   File "/share/project/eai_pwm/home/hcr/worktrees/cosmos-framework-pwm-load-balance/cosmos_framework/model/generator/mot/attention.py", line 702, in dispatch_attention
[rank2]:     output = two_way_attention(
[rank2]:   File "/share/project/eai_pwm/home/hcr/worktrees/cosmos-framework-pwm-load-balance/cosmos_framework/model/generator/mot/attention.py", line 257, in two_way_attention
[rank2]:     causal_res = attention(
[rank2]:   File "/share/project/eai_pwm/home/hcr/worktrees/cosmos-framework-pwm-load-balance/cosmos_framework/model/attention/frontend.py", line 224, in attention
[rank2]:     raise ValueError(

[rank2]: Set TORCHDYNAMO_VERBOSE=1 for the internal stack trace (please do this especially if you're reporting a bug to PyTorch). For even more developer context, set TORCH_LOGS="+dynamo"

[rank1]: torch._dynamo.exc.ObservedValueErrorError: raised exception ExceptionVariable(<class 'ValueError'>)

[rank1]: The above exception was the direct cause of the following exception:

[rank1]: Traceback (most recent call last):
[rank1]:   File "/share/project/eai_pwm/home/hcr/worktrees/cosmos-framework-pwm-load-balance/plans/v0.2.3c_kernel_list/run_profile.py", line 43, in <module>
[rank1]:     main()
[rank1]:   File "/share/project/eai_pwm/home/hcr/worktrees/cosmos-framework-pwm-load-balance/plans/v0.2.3c_kernel_list/run_profile.py", line 37, in main
[rank1]:     runpy.run_module("cosmos_framework.scripts.train", run_name="__main__")
[rank1]:   File "<frozen runpy>", line 229, in run_module
[rank1]:   File "<frozen runpy>", line 88, in _run_code
[rank1]:   File "/share/project/eai_pwm/home/hcr/worktrees/cosmos-framework-pwm-load-balance/cosmos_framework/scripts/train.py", line 320, in <module>
[rank1]:     launch(config, args)
[rank1]:   File "/opt/venv/lib/python3.12/site-packages/loguru/_logger.py", line 1297, in catch_wrapper
[rank1]:     return function(*args, **kwargs)
[rank1]:            ^^^^^^^^^^^^^^^^^^^^^^^^^
[rank1]:   File "/share/project/eai_pwm/home/hcr/worktrees/cosmos-framework-pwm-load-balance/cosmos_framework/utils/training_telemetry/telemetry.py", line 65, in wrapper
[rank1]:     return func(config, *args, **kwargs)
[rank1]:            ^^^^^^^^^^^^^^^^^^^^^^^^^^^^^
[rank1]:   File "/share/project/eai_pwm/home/hcr/worktrees/cosmos-framework-pwm-load-balance/cosmos_framework/scripts/train.py", line 197, in launch
[rank1]:     _run_training(config, args)
[rank1]:   File "/share/project/eai_pwm/home/hcr/worktrees/cosmos-framework-pwm-load-balance/cosmos_framework/scripts/train.py", line 242, in _run_training
[rank1]:     trainer.train(
[rank1]:   File "/share/project/eai_pwm/home/hcr/worktrees/cosmos-framework-pwm-load-balance/cosmos_framework/trainer/__init__.py", line 346, in train
[rank1]:     output_batch, loss, grad_accum_iter = self.training_step(
[rank1]:                                           ^^^^^^^^^^^^^^^^^^^
[rank1]:   File "/share/project/eai_pwm/home/hcr/worktrees/cosmos-framework-pwm-load-balance/cosmos_framework/trainer/__init__.py", line 426, in training_step
[rank1]:     output_batch, loss = model_ddp.training_step(data, iteration)
[rank1]:                          ^^^^^^^^^^^^^^^^^^^^^^^^^^^^^^^^^^^^^^^^
[rank1]:   File "/share/project/eai_pwm/home/hcr/worktrees/cosmos-framework-pwm-load-balance/cosmos_framework/model/generator/omni_mot_model.py", line 1303, in training_step
[rank1]:     return self.training_step_for_task(task, data_batch, iteration)
[rank1]:            ^^^^^^^^^^^^^^^^^^^^^^^^^^^^^^^^^^^^^^^^^^^^^^^^^^^^^^^^
[rank1]:   File "/share/project/eai_pwm/home/hcr/worktrees/cosmos-framework-pwm-load-balance/cosmos_framework/model/generator/omni_mot_model.py", line 1274, in training_step_for_task
[rank1]:     output, raw_loss = self._training_step_gen(data_batch, iteration)
[rank1]:                        ^^^^^^^^^^^^^^^^^^^^^^^^^^^^^^^^^^^^^^^^^^^^^^
[rank1]:   File "/share/project/eai_pwm/home/hcr/worktrees/cosmos-framework-pwm-load-balance/cosmos_framework/model/generator/omni_mot_model.py", line 1559, in _training_step_gen
[rank1]:     out_net = self.denoise(
[rank1]:               ^^^^^^^^^^^^^
[rank1]:   File "/share/project/eai_pwm/home/hcr/worktrees/cosmos-framework-pwm-load-balance/cosmos_framework/model/generator/omni_mot_model.py", line 5115, in denoise
[rank1]:     out_net = net(
[rank1]:               ^^^^
[rank1]:   File "/usr/local/lib/python3.12/dist-packages/torch/nn/modules/module.py", line 1778, in _wrapped_call_impl
[rank1]:     return self._call_impl(*args, **kwargs)
[rank1]:            ^^^^^^^^^^^^^^^^^^^^^^^^^^^^^^^^
[rank1]:   File "/usr/local/lib/python3.12/dist-packages/torch/nn/modules/module.py", line 1884, in _call_impl
[rank1]:     return inner()
[rank1]:            ^^^^^^^
[rank1]:   File "/usr/local/lib/python3.12/dist-packages/torch/nn/modules/module.py", line 1832, in inner
[rank1]:     result = forward_call(*args, **kwargs)
[rank1]:              ^^^^^^^^^^^^^^^^^^^^^^^^^^^^^
[rank1]:   File "/share/project/eai_pwm/home/hcr/worktrees/cosmos-framework-pwm-load-balance/cosmos_framework/model/generator/mot/cosmos3_vfm_network.py", line 1487, in forward
[rank1]:     packed_outputs, lbl_metadata = self.language_model(
[rank1]:                                    ^^^^^^^^^^^^^^^^^^^^
[rank1]:   File "/usr/local/lib/python3.12/dist-packages/torch/nn/modules/module.py", line 1778, in _wrapped_call_impl
[rank1]:     return self._call_impl(*args, **kwargs)
[rank1]:            ^^^^^^^^^^^^^^^^^^^^^^^^^^^^^^^^
[rank1]:   File "/usr/local/lib/python3.12/dist-packages/torch/nn/modules/module.py", line 1789, in _call_impl
[rank1]:     return forward_call(*args, **kwargs)
[rank1]:            ^^^^^^^^^^^^^^^^^^^^^^^^^^^^^
[rank1]:   File "/share/project/eai_pwm/home/hcr/worktrees/cosmos-framework-pwm-load-balance/cosmos_framework/model/generator/mot/unified_mot.py", line 2365, in forward
[rank1]:     outputs = self.model(
[rank1]:               ^^^^^^^^^^^
[rank1]:   File "/usr/local/lib/python3.12/dist-packages/torch/nn/modules/module.py", line 1778, in _wrapped_call_impl
[rank1]:     return self._call_impl(*args, **kwargs)
[rank1]:            ^^^^^^^^^^^^^^^^^^^^^^^^^^^^^^^^
[rank1]:   File "/usr/local/lib/python3.12/dist-packages/torch/nn/modules/module.py", line 1789, in _call_impl
[rank1]:     return forward_call(*args, **kwargs)
[rank1]:            ^^^^^^^^^^^^^^^^^^^^^^^^^^^^^
[rank1]:   File "/share/project/eai_pwm/home/hcr/worktrees/cosmos-framework-pwm-load-balance/cosmos_framework/model/generator/mot/unified_mot.py", line 1543, in forward
[rank1]:     return _impl_forward(self, *args, **kwargs)
[rank1]:            ^^^^^^^^^^^^^^^^^^^^^^^^^^^^^^^^^^^^
[rank1]:   File "/share/project/eai_pwm/home/hcr/worktrees/cosmos-framework-pwm-load-balance/cosmos_framework/model/generator/mot/unified_mot.py", line 1084, in _impl_forward
[rank1]:     hidden_states, lbl_metadata_dict, kv_to_store = decoder_layer(
[rank1]:                                                     ^^^^^^^^^^^^^^
[rank1]:   File "/usr/local/lib/python3.12/dist-packages/torch/_dynamo/eval_frame.py", line 468, in __call__
[rank1]:     return super().__call__(*args, **kwargs)
[rank1]:            ^^^^^^^^^^^^^^^^^^^^^^^^^^^^^^^^^
[rank1]:   File "/usr/local/lib/python3.12/dist-packages/torch/nn/modules/module.py", line 1778, in _wrapped_call_impl
[rank1]:     return self._call_impl(*args, **kwargs)
[rank1]:            ^^^^^^^^^^^^^^^^^^^^^^^^^^^^^^^^
[rank1]:   File "/usr/local/lib/python3.12/dist-packages/torch/nn/modules/module.py", line 1884, in _call_impl
[rank1]:     return inner()
[rank1]:            ^^^^^^^
[rank1]:   File "/usr/local/lib/python3.12/dist-packages/torch/nn/modules/module.py", line 1832, in inner
[rank1]:     result = forward_call(*args, **kwargs)
[rank1]:              ^^^^^^^^^^^^^^^^^^^^^^^^^^^^^
[rank1]:   File "/usr/local/lib/python3.12/dist-packages/torch/_dynamo/eval_frame.py", line 1030, in compile_wrapper
[rank1]:     raise e.with_traceback(None) from e.__cause__  # User compiler error
[rank1]:     ^^^^^^^^^^^^^^^^^^^^^^^^^^^^^^^^^^^^^^^^^^^^^
[rank1]: torch._dynamo.exc.Unsupported: Observed exception
[rank1]:   Explanation: Dynamo found no exception handler at the top-level compiled function when encountering an exception. Exception will propagate outside the compiled region.
[rank1]:   Hint: Your code may result in an error when running in eager. Please double check that your code doesn't contain a similar error when actually running eager/uncompiled. You can do this by removing the `torch.compile` call, or by using `torch.compiler.set_stance("force_eager")`. 
[rank1]:   Hint: It may be possible to write Dynamo tracing rules for this code. Please report an issue to PyTorch if you encounter this graph break often and it is causing performance issues.

[rank1]:   Developer debug context: raised exception ValueError([ConstantVariable(str: 'Could not find a compatible Attention backend for this use case / device. Try running with debug logs to find out why.')])

[rank1]:  For more details about this graph break, please visit: https://meta-pytorch.github.io/compile-graph-break-site/gb/gb0088.html

[rank1]: from user code:
[rank1]:    File "/usr/local/lib/python3.12/dist-packages/torch/distributed/algorithms/_checkpoint/checkpoint_wrapper.py", line 169, in forward
[rank1]:     return self.checkpoint_fn(  # type: ignore[misc]
[rank1]:   File "/share/project/eai_pwm/home/hcr/worktrees/cosmos-framework-pwm-load-balance/cosmos_framework/model/generator/mot/unified_mot.py", line 1360, in forward
[rank1]:     pack_attn_out, kv_to_store = self.self_attn(
[rank1]:   File "/share/project/eai_pwm/home/hcr/worktrees/cosmos-framework-pwm-load-balance/cosmos_framework/model/generator/mot/unified_mot.py", line 729, in forward
[rank1]:     packed_attn_output, kv_to_store = self.dispatch_attention_fn(
[rank1]:   File "/share/project/eai_pwm/home/hcr/worktrees/cosmos-framework-pwm-load-balance/cosmos_framework/model/generator/mot/attention.py", line 702, in dispatch_attention
[rank1]:     output = two_way_attention(
[rank1]:   File "/share/project/eai_pwm/home/hcr/worktrees/cosmos-framework-pwm-load-balance/cosmos_framework/model/generator/mot/attention.py", line 257, in two_way_attention
[rank1]:     causal_res = attention(
[rank1]:   File "/share/project/eai_pwm/home/hcr/worktrees/cosmos-framework-pwm-load-balance/cosmos_framework/model/attention/frontend.py", line 224, in attention
[rank1]:     raise ValueError(

[rank1]: Set TORCHDYNAMO_VERBOSE=1 for the internal stack trace (please do this especially if you're reporting a bug to PyTorch). For even more developer context, set TORCH_LOGS="+dynamo"

2026-09-24 16:05:24.277 | ERROR    | __main__:<module>:320 - An error has been caught in function '<module>', process 'MainProcess' (324521), thread 'MainThread' (140119687815296):
torch._dynamo.exc.ObservedValueErrorError: raised exception ExceptionVariable(<class 'ValueError'>)


The above exception was the direct cause of the following exception:


Traceback (most recent call last):

  File "/share/project/eai_pwm/home/hcr/worktrees/cosmos-framework-pwm-load-balance/plans/v0.2.3c_kernel_list/run_profile.py", line 43, in <module>
    main()
    └ <function main at 0x7f702805a700>

  File "/share/project/eai_pwm/home/hcr/worktrees/cosmos-framework-pwm-load-balance/plans/v0.2.3c_kernel_list/run_profile.py", line 37, in main
    runpy.run_module("cosmos_framework.scripts.train", run_name="__main__")
    │     └ <function run_module at 0x7f702805ae80>
    └ <module 'runpy' (frozen)>

  File "<frozen runpy>", line 229, in run_module
  File "<frozen runpy>", line 88, in _run_code

> File "/share/project/eai_pwm/home/hcr/worktrees/cosmos-framework-pwm-load-balance/cosmos_framework/scripts/train.py", line 320, in <module>
    launch(config, args)
    │      │       └ Namespace(sft_toml='/share/project/eai_pwm/home/hcr/worktrees/cosmos-framework-pwm-load-balance/examples/toml/sft_config/visi...
    │      └ Config(model={'config': {'tokenizer': {'bucket_name': '', 'object_store_credential_path_pretrained': '', 'vae_path': 'pretrai...
    └ <function launch at 0x7f6f3d0e7880>

  File "/share/project/eai_pwm/home/hcr/worktrees/cosmos-framework-pwm-load-balance/cosmos_framework/utils/training_telemetry/telemetry.py", line 65, in wrapper
    return func(config, *args, **kwargs)
           │    │        │       └ {}
           │    │        └ (Namespace(sft_toml='/share/project/eai_pwm/home/hcr/worktrees/cosmos-framework-pwm-load-balance/examples/toml/sft_config/vis...
           │    └ Config(model={'config': {'tokenizer': {'bucket_name': '', 'object_store_credential_path_pretrained': '', 'vae_path': 'pretrai...
           └ <function launch at 0x7f6f3d0e74c0>

  File "/share/project/eai_pwm/home/hcr/worktrees/cosmos-framework-pwm-load-balance/cosmos_framework/scripts/train.py", line 197, in launch
    _run_training(config, args)
    │             │       └ Namespace(sft_toml='/share/project/eai_pwm/home/hcr/worktrees/cosmos-framework-pwm-load-balance/examples/toml/sft_config/visi...
    │             └ Config(model={'config': {'tokenizer': {'bucket_name': '', 'object_store_credential_path_pretrained': '', 'vae_path': 'pretrai...
    └ <function _run_training at 0x7f6f3d0e7920>

  File "/share/project/eai_pwm/home/hcr/worktrees/cosmos-framework-pwm-load-balance/cosmos_framework/scripts/train.py", line 242, in _run_training
    trainer.train(
    │       └ <function ImaginaireTrainer.train at 0x7f6f3d240fe0>
    └ <cosmos_framework.trainer.ImaginaireTrainer object at 0x7f6f3d1fb050>

  File "/share/project/eai_pwm/home/hcr/worktrees/cosmos-framework-pwm-load-balance/cosmos_framework/trainer/__init__.py", line 346, in train
    output_batch, loss, grad_accum_iter = self.training_step(
                                          │    └ <function ImaginaireTrainer.training_step at 0x7f6f3d241080>
                                          └ <cosmos_framework.trainer.ImaginaireTrainer object at 0x7f6f3d1fb050>

  File "/share/project/eai_pwm/home/hcr/worktrees/cosmos-framework-pwm-load-balance/cosmos_framework/trainer/__init__.py", line 426, in training_step
    output_batch, loss = model_ddp.training_step(data, iteration)
                         │         │             │     └ 12600
                         │         │             └ {'ai_caption': ['{"scene": "A small dark gray desk against a white wall with a blue curtain.", "action": "From a first-person...
                         │         └ <function OmniMoTModel.training_step at 0x7f6c9768d1c0>
                         └ OmniMoTModel(
                             (net): FSDPCosmos3VFMNetwork(
                               (language_model): Qwen3VLTextForCausalLM(
                                 (model): Qwen3VLTextModel(
                           ...

  File "/share/project/eai_pwm/home/hcr/worktrees/cosmos-framework-pwm-load-balance/cosmos_framework/model/generator/omni_mot_model.py", line 1303, in training_step
    return self.training_step_for_task(task, data_batch, iteration)
           │    │                      │     │           └ 12600
           │    │                      │     └ {'ai_caption': ['{"scene": "A small dark gray desk against a white wall with a blue curtain.", "action": "From a first-person...
           │    │                      └ 'gen'
           │    └ <function OmniMoTModel.training_step_for_task at 0x7f6c9768d120>
           └ OmniMoTModel(
               (net): FSDPCosmos3VFMNetwork(
                 (language_model): Qwen3VLTextForCausalLM(
                   (model): Qwen3VLTextModel(
             ...

  File "/share/project/eai_pwm/home/hcr/worktrees/cosmos-framework-pwm-load-balance/cosmos_framework/model/generator/omni_mot_model.py", line 1274, in training_step_for_task
    output, raw_loss = self._training_step_gen(data_batch, iteration)
                       │    │                  │           └ 12600
                       │    │                  └ {'ai_caption': ['{"scene": "A small dark gray desk against a white wall with a blue curtain.", "action": "From a first-person...
                       │    └ <function OmniMoTModel._training_step_gen at 0x7f6c9768d300>
                       └ OmniMoTModel(
                           (net): FSDPCosmos3VFMNetwork(
                             (language_model): Qwen3VLTextForCausalLM(
                               (model): Qwen3VLTextModel(
                         ...

  File "/share/project/eai_pwm/home/hcr/worktrees/cosmos-framework-pwm-load-balance/cosmos_framework/model/generator/omni_mot_model.py", line 1559, in _training_step_gen
    out_net = self.denoise(
              │    └ <function OmniMoTModel.denoise at 0x7f6c9768f380>
              └ OmniMoTModel(
                  (net): FSDPCosmos3VFMNetwork(
                    (language_model): Qwen3VLTextForCausalLM(
                      (model): Qwen3VLTextModel(
                ...

  File "/share/project/eai_pwm/home/hcr/worktrees/cosmos-framework-pwm-load-balance/cosmos_framework/model/generator/omni_mot_model.py", line 5115, in denoise
    out_net = net(
              └ FSDPCosmos3VFMNetwork(
                  (language_model): Qwen3VLTextForCausalLM(
                    (model): Qwen3VLTextModel(
                      (embed_tokens): Embed...

  File "/usr/local/lib/python3.12/dist-packages/torch/nn/modules/module.py", line 1778, in _wrapped_call_impl
    return self._call_impl(*args, **kwargs)
           │    │           │       └ {'packed_seq': PackedSequence(sample_lens=[55843], split_lens=[243, 55600], attn_modes=['causal', 'full'], is_image_batch=Fal...
           │    │           └ ()
           │    └ <function Module._call_impl at 0x7f6f659077e0>
           └ FSDPCosmos3VFMNetwork(
               (language_model): Qwen3VLTextForCausalLM(
                 (model): Qwen3VLTextModel(
                   (embed_tokens): Embed...

  File "/usr/local/lib/python3.12/dist-packages/torch/nn/modules/module.py", line 1884, in _call_impl
    return inner()
           └ <function Module._call_impl.<locals>.inner at 0x7f6932f659e0>

  File "/usr/local/lib/python3.12/dist-packages/torch/nn/modules/module.py", line 1832, in inner
    result = forward_call(*args, **kwargs)
             │             │       └ {'packed_seq': PackedSequence(sample_lens=[55843], split_lens=[243, 55600], attn_modes=['causal', 'full'], is_image_batch=Fal...
             │             └ ()
             └ <bound method Cosmos3VFMNetwork.forward of FSDPCosmos3VFMNetwork(
                 (language_model): Qwen3VLTextForCausalLM(
                   (model): Qw...

  File "/share/project/eai_pwm/home/hcr/worktrees/cosmos-framework-pwm-load-balance/cosmos_framework/model/generator/mot/cosmos3_vfm_network.py", line 1487, in forward
    packed_outputs, lbl_metadata = self.language_model(
                                   └ FSDPCosmos3VFMNetwork(
                                       (language_model): Qwen3VLTextForCausalLM(
                                         (model): Qwen3VLTextModel(
                                           (embed_tokens): Embed...

  File "/usr/local/lib/python3.12/dist-packages/torch/nn/modules/module.py", line 1778, in _wrapped_call_impl
    return self._call_impl(*args, **kwargs)
           │    │           │       └ {'attention_mask': <cosmos_framework.model.generator.mot.attention.SplitInfo object at 0x7f6c20685520>, 'position_ids': tenso...
           │    │           └ ({'sample_offsets': tensor([    0, 55843], device='cuda:7', dtype=torch.int32), 'max_sample_len': 101376, 'max_causal_len': 3...
           │    └ <function Module._call_impl at 0x7f6f659077e0>
           └ Qwen3VLTextForCausalLM(
               (model): Qwen3VLTextModel(
                 (embed_tokens): Embedding(151936, 4096)
                 (layers): ModuleList(
               ...

  File "/usr/local/lib/python3.12/dist-packages/torch/nn/modules/module.py", line 1789, in _call_impl
    return forward_call(*args, **kwargs)
           │             │       └ {'attention_mask': <cosmos_framework.model.generator.mot.attention.SplitInfo object at 0x7f6c20685520>, 'position_ids': tenso...
           │             └ ({'sample_offsets': tensor([    0, 55843], device='cuda:7', dtype=torch.int32), 'max_sample_len': 101376, 'max_causal_len': 3...
           └ <bound method Qwen3VLTextForCausalLM.forward of Qwen3VLTextForCausalLM(
               (model): Qwen3VLTextModel(
                 (embed_tokens): Embe...

  File "/share/project/eai_pwm/home/hcr/worktrees/cosmos-framework-pwm-load-balance/cosmos_framework/model/generator/mot/unified_mot.py", line 2365, in forward
    outputs = self.model(
              └ Qwen3VLTextForCausalLM(
                  (model): Qwen3VLTextModel(
                    (embed_tokens): Embedding(151936, 4096)
                    (layers): ModuleList(
                  ...

  File "/usr/local/lib/python3.12/dist-packages/torch/nn/modules/module.py", line 1778, in _wrapped_call_impl
    return self._call_impl(*args, **kwargs)
           │    │           │       └ {'pack': {'sample_offsets': tensor([    0, 55843], device='cuda:7', dtype=torch.int32), 'max_sample_len': 101376, 'max_causal...
           │    │           └ ()
           │    └ <function Module._call_impl at 0x7f6f659077e0>
           └ Qwen3VLTextModel(
               (embed_tokens): Embedding(151936, 4096)
               (layers): ModuleList(
                 (0-35): 36 x FSDPOptimizedModule(
                ...

  File "/usr/local/lib/python3.12/dist-packages/torch/nn/modules/module.py", line 1789, in _call_impl
    return forward_call(*args, **kwargs)
           │             │       └ {'pack': {'sample_offsets': tensor([    0, 55843], device='cuda:7', dtype=torch.int32), 'max_sample_len': 101376, 'max_causal...
           │             └ ()
           └ <bound method Qwen3VLTextModel.forward of Qwen3VLTextModel(
               (embed_tokens): Embedding(151936, 4096)
               (layers): ModuleList(...

  File "/share/project/eai_pwm/home/hcr/worktrees/cosmos-framework-pwm-load-balance/cosmos_framework/model/generator/mot/unified_mot.py", line 1543, in forward
    return _impl_forward(self, *args, **kwargs)
           │             │      │       └ {'pack': {'sample_offsets': tensor([    0, 55843], device='cuda:7', dtype=torch.int32), 'max_sample_len': 101376, 'max_causal...
           │             │      └ ()
           │             └ Qwen3VLTextModel(
           │                 (embed_tokens): Embedding(151936, 4096)
           │                 (layers): ModuleList(
           │                   (0-35): 36 x FSDPOptimizedModule(
           │                  ...
           └ <function _impl_forward at 0x7f6c97dd3380>

  File "/share/project/eai_pwm/home/hcr/worktrees/cosmos-framework-pwm-load-balance/cosmos_framework/model/generator/mot/unified_mot.py", line 1084, in _impl_forward
    hidden_states, lbl_metadata_dict, kv_to_store = decoder_layer(
    │                                               └ FSDPOptimizedModule(
    │                                                   (_orig_mod): CheckpointWrapper(
    │                                                     (_checkpoint_wrapped_module): MoTDecoderLayer(
    │                                                       (self_attn): ...
    └ {'sample_offsets': tensor([    0, 55843], device='cuda:7', dtype=torch.int32), 'max_sample_len': 101376, 'max_causal_len': 30...

  File "/usr/local/lib/python3.12/dist-packages/torch/_dynamo/eval_frame.py", line 468, in __call__
    return super().__call__(*args, **kwargs)
                             │       └ {'natten_metadata': None, 'memory_value': None, 'gen_only': False}
                             └ ({'sample_offsets': tensor([    0, 55843], device='cuda:7', dtype=torch.int32), 'max_sample_len': 101376, 'max_causal_len': 3...

  File "/usr/local/lib/python3.12/dist-packages/torch/nn/modules/module.py", line 1778, in _wrapped_call_impl
    return self._call_impl(*args, **kwargs)
           │    │           │       └ {'natten_metadata': None, 'memory_value': None, 'gen_only': False}
           │    │           └ ({'sample_offsets': tensor([    0, 55843], device='cuda:7', dtype=torch.int32), 'max_sample_len': 101376, 'max_causal_len': 3...
           │    └ <function Module._call_impl at 0x7f6f659077e0>
           └ FSDPOptimizedModule(
               (_orig_mod): CheckpointWrapper(
                 (_checkpoint_wrapped_module): MoTDecoderLayer(
                   (self_attn): ...

  File "/usr/local/lib/python3.12/dist-packages/torch/nn/modules/module.py", line 1884, in _call_impl
    return inner()
           └ <function Module._call_impl.<locals>.inner at 0x7f6ae0eae020>

  File "/usr/local/lib/python3.12/dist-packages/torch/nn/modules/module.py", line 1832, in inner
    result = forward_call(*args, **kwargs)
             │             │       └ {'natten_metadata': None, 'memory_value': None, 'gen_only': False}
             │             └ ({'sample_offsets': tensor([    0, 55843], device='cuda:7', dtype=torch.int32), 'max_sample_len': 101376, 'max_causal_len': 3...
             └ <function Module._wrapped_call_impl at 0x7f6c20a70040>

  File "/usr/local/lib/python3.12/dist-packages/torch/_dynamo/eval_frame.py", line 1030, in compile_wrapper
    raise e.with_traceback(None) from e.__cause__  # User compiler error

torch._dynamo.exc.Unsupported: Observed exception
  Explanation: Dynamo found no exception handler at the top-level compiled function when encountering an exception. Exception will propagate outside the compiled region.
  Hint: Your code may result in an error when running in eager. Please double check that your code doesn't contain a similar error when actually running eager/uncompiled. You can do this by removing the `torch.compile` call, or by using `torch.compiler.set_stance("force_eager")`. 
  Hint: It may be possible to write Dynamo tracing rules for this code. Please report an issue to PyTorch if you encounter this graph break often and it is causing performance issues.

  Developer debug context: raised exception ValueError([ConstantVariable(str: 'Could not find a compatible Attention backend for this use case / device. Try running with debug logs to find out why.')])

 For more details about this graph break, please visit: https://meta-pytorch.github.io/compile-graph-break-site/gb/gb0088.html

from user code:
   File "/usr/local/lib/python3.12/dist-packages/torch/distributed/algorithms/_checkpoint/checkpoint_wrapper.py", line 169, in forward
    return self.checkpoint_fn(  # type: ignore[misc]
  File "/share/project/eai_pwm/home/hcr/worktrees/cosmos-framework-pwm-load-balance/cosmos_framework/model/generator/mot/unified_mot.py", line 1360, in forward
    pack_attn_out, kv_to_store = self.self_attn(
  File "/share/project/eai_pwm/home/hcr/worktrees/cosmos-framework-pwm-load-balance/cosmos_framework/model/generator/mot/unified_mot.py", line 729, in forward
    packed_attn_output, kv_to_store = self.dispatch_attention_fn(
  File "/share/project/eai_pwm/home/hcr/worktrees/cosmos-framework-pwm-load-balance/cosmos_framework/model/generator/mot/attention.py", line 702, in dispatch_attention
    output = two_way_attention(
  File "/share/project/eai_pwm/home/hcr/worktrees/cosmos-framework-pwm-load-balance/cosmos_framework/model/generator/mot/attention.py", line 257, in two_way_attention
    causal_res = attention(
  File "/share/project/eai_pwm/home/hcr/worktrees/cosmos-framework-pwm-load-balance/cosmos_framework/model/attention/frontend.py", line 224, in attention
    raise ValueError(

Set TORCHDYNAMO_VERBOSE=1 for the internal stack trace (please do this especially if you're reporting a bug to PyTorch). For even more developer context, set TORCH_LOGS="+dynamo"

[rank7]: torch._dynamo.exc.ObservedValueErrorError: raised exception ExceptionVariable(<class 'ValueError'>)

[rank7]: The above exception was the direct cause of the following exception:

[rank7]: Traceback (most recent call last):
[rank7]:   File "/share/project/eai_pwm/home/hcr/worktrees/cosmos-framework-pwm-load-balance/plans/v0.2.3c_kernel_list/run_profile.py", line 43, in <module>
[rank7]:     main()
[rank7]:   File "/share/project/eai_pwm/home/hcr/worktrees/cosmos-framework-pwm-load-balance/plans/v0.2.3c_kernel_list/run_profile.py", line 37, in main
[rank7]:     runpy.run_module("cosmos_framework.scripts.train", run_name="__main__")
[rank7]:   File "<frozen runpy>", line 229, in run_module
[rank7]:   File "<frozen runpy>", line 88, in _run_code
[rank7]:   File "/share/project/eai_pwm/home/hcr/worktrees/cosmos-framework-pwm-load-balance/cosmos_framework/scripts/train.py", line 320, in <module>
[rank7]:     launch(config, args)
[rank7]:   File "/opt/venv/lib/python3.12/site-packages/loguru/_logger.py", line 1297, in catch_wrapper
[rank7]:     return function(*args, **kwargs)
[rank7]:            ^^^^^^^^^^^^^^^^^^^^^^^^^
[rank7]:   File "/share/project/eai_pwm/home/hcr/worktrees/cosmos-framework-pwm-load-balance/cosmos_framework/utils/training_telemetry/telemetry.py", line 65, in wrapper
[rank7]:     return func(config, *args, **kwargs)
[rank7]:            ^^^^^^^^^^^^^^^^^^^^^^^^^^^^^
[rank7]:   File "/share/project/eai_pwm/home/hcr/worktrees/cosmos-framework-pwm-load-balance/cosmos_framework/scripts/train.py", line 197, in launch
[rank7]:     _run_training(config, args)
[rank7]:   File "/share/project/eai_pwm/home/hcr/worktrees/cosmos-framework-pwm-load-balance/cosmos_framework/scripts/train.py", line 242, in _run_training
[rank7]:     trainer.train(
[rank7]:   File "/share/project/eai_pwm/home/hcr/worktrees/cosmos-framework-pwm-load-balance/cosmos_framework/trainer/__init__.py", line 346, in train
[rank7]:     output_batch, loss, grad_accum_iter = self.training_step(
[rank7]:                                           ^^^^^^^^^^^^^^^^^^^
[rank7]:   File "/share/project/eai_pwm/home/hcr/worktrees/cosmos-framework-pwm-load-balance/cosmos_framework/trainer/__init__.py", line 426, in training_step
[rank7]:     output_batch, loss = model_ddp.training_step(data, iteration)
[rank7]:                          ^^^^^^^^^^^^^^^^^^^^^^^^^^^^^^^^^^^^^^^^
[rank7]:   File "/share/project/eai_pwm/home/hcr/worktrees/cosmos-framework-pwm-load-balance/cosmos_framework/model/generator/omni_mot_model.py", line 1303, in training_step
[rank7]:     return self.training_step_for_task(task, data_batch, iteration)
[rank7]:            ^^^^^^^^^^^^^^^^^^^^^^^^^^^^^^^^^^^^^^^^^^^^^^^^^^^^^^^^
[rank7]:   File "/share/project/eai_pwm/home/hcr/worktrees/cosmos-framework-pwm-load-balance/cosmos_framework/model/generator/omni_mot_model.py", line 1274, in training_step_for_task
[rank7]:     output, raw_loss = self._training_step_gen(data_batch, iteration)
[rank7]:                        ^^^^^^^^^^^^^^^^^^^^^^^^^^^^^^^^^^^^^^^^^^^^^^
[rank7]:   File "/share/project/eai_pwm/home/hcr/worktrees/cosmos-framework-pwm-load-balance/cosmos_framework/model/generator/omni_mot_model.py", line 1559, in _training_step_gen
[rank7]:     out_net = self.denoise(
[rank7]:               ^^^^^^^^^^^^^
[rank7]:   File "/share/project/eai_pwm/home/hcr/worktrees/cosmos-framework-pwm-load-balance/cosmos_framework/model/generator/omni_mot_model.py", line 5115, in denoise
[rank7]:     out_net = net(
[rank7]:               ^^^^
[rank7]:   File "/usr/local/lib/python3.12/dist-packages/torch/nn/modules/module.py", line 1778, in _wrapped_call_impl
[rank7]:     return self._call_impl(*args, **kwargs)
[rank7]:            ^^^^^^^^^^^^^^^^^^^^^^^^^^^^^^^^
[rank7]:   File "/usr/local/lib/python3.12/dist-packages/torch/nn/modules/module.py", line 1884, in _call_impl
[rank7]:     return inner()
[rank7]:            ^^^^^^^
[rank7]:   File "/usr/local/lib/python3.12/dist-packages/torch/nn/modules/module.py", line 1832, in inner
[rank7]:     result = forward_call(*args, **kwargs)
[rank7]:              ^^^^^^^^^^^^^^^^^^^^^^^^^^^^^
[rank7]:   File "/share/project/eai_pwm/home/hcr/worktrees/cosmos-framework-pwm-load-balance/cosmos_framework/model/generator/mot/cosmos3_vfm_network.py", line 1487, in forward
[rank7]:     packed_outputs, lbl_metadata = self.language_model(
[rank7]:                                    ^^^^^^^^^^^^^^^^^^^^
[rank7]:   File "/usr/local/lib/python3.12/dist-packages/torch/nn/modules/module.py", line 1778, in _wrapped_call_impl
[rank7]:     return self._call_impl(*args, **kwargs)
[rank7]:            ^^^^^^^^^^^^^^^^^^^^^^^^^^^^^^^^
[rank7]:   File "/usr/local/lib/python3.12/dist-packages/torch/nn/modules/module.py", line 1789, in _call_impl
[rank7]:     return forward_call(*args, **kwargs)
[rank7]:            ^^^^^^^^^^^^^^^^^^^^^^^^^^^^^
[rank7]:   File "/share/project/eai_pwm/home/hcr/worktrees/cosmos-framework-pwm-load-balance/cosmos_framework/model/generator/mot/unified_mot.py", line 2365, in forward
[rank7]:     outputs = self.model(
[rank7]:               ^^^^^^^^^^^
[rank7]:   File "/usr/local/lib/python3.12/dist-packages/torch/nn/modules/module.py", line 1778, in _wrapped_call_impl
[rank7]:     return self._call_impl(*args, **kwargs)
[rank7]:            ^^^^^^^^^^^^^^^^^^^^^^^^^^^^^^^^
[rank7]:   File "/usr/local/lib/python3.12/dist-packages/torch/nn/modules/module.py", line 1789, in _call_impl
[rank7]:     return forward_call(*args, **kwargs)
[rank7]:            ^^^^^^^^^^^^^^^^^^^^^^^^^^^^^
[rank7]:   File "/share/project/eai_pwm/home/hcr/worktrees/cosmos-framework-pwm-load-balance/cosmos_framework/model/generator/mot/unified_mot.py", line 1543, in forward
[rank7]:     return _impl_forward(self, *args, **kwargs)
[rank7]:            ^^^^^^^^^^^^^^^^^^^^^^^^^^^^^^^^^^^^
[rank7]:   File "/share/project/eai_pwm/home/hcr/worktrees/cosmos-framework-pwm-load-balance/cosmos_framework/model/generator/mot/unified_mot.py", line 1084, in _impl_forward
[rank7]:     hidden_states, lbl_metadata_dict, kv_to_store = decoder_layer(
[rank7]:                                                     ^^^^^^^^^^^^^^
[rank7]:   File "/usr/local/lib/python3.12/dist-packages/torch/_dynamo/eval_frame.py", line 468, in __call__
[rank7]:     return super().__call__(*args, **kwargs)
[rank7]:            ^^^^^^^^^^^^^^^^^^^^^^^^^^^^^^^^^
[rank7]:   File "/usr/local/lib/python3.12/dist-packages/torch/nn/modules/module.py", line 1778, in _wrapped_call_impl
[rank7]:     return self._call_impl(*args, **kwargs)
[rank7]:            ^^^^^^^^^^^^^^^^^^^^^^^^^^^^^^^^
[rank7]:   File "/usr/local/lib/python3.12/dist-packages/torch/nn/modules/module.py", line 1884, in _call_impl
[rank7]:     return inner()
[rank7]:            ^^^^^^^
[rank7]:   File "/usr/local/lib/python3.12/dist-packages/torch/nn/modules/module.py", line 1832, in inner
[rank7]:     result = forward_call(*args, **kwargs)
[rank7]:              ^^^^^^^^^^^^^^^^^^^^^^^^^^^^^
[rank7]:   File "/usr/local/lib/python3.12/dist-packages/torch/_dynamo/eval_frame.py", line 1030, in compile_wrapper
[rank7]:     raise e.with_traceback(None) from e.__cause__  # User compiler error
[rank7]:     ^^^^^^^^^^^^^^^^^^^^^^^^^^^^^^^^^^^^^^^^^^^^^
[rank7]: torch._dynamo.exc.Unsupported: Observed exception
[rank7]:   Explanation: Dynamo found no exception handler at the top-level compiled function when encountering an exception. Exception will propagate outside the compiled region.
[rank7]:   Hint: Your code may result in an error when running in eager. Please double check that your code doesn't contain a similar error when actually running eager/uncompiled. You can do this by removing the `torch.compile` call, or by using `torch.compiler.set_stance("force_eager")`. 
[rank7]:   Hint: It may be possible to write Dynamo tracing rules for this code. Please report an issue to PyTorch if you encounter this graph break often and it is causing performance issues.

[rank7]:   Developer debug context: raised exception ValueError([ConstantVariable(str: 'Could not find a compatible Attention backend for this use case / device. Try running with debug logs to find out why.')])

[rank7]:  For more details about this graph break, please visit: https://meta-pytorch.github.io/compile-graph-break-site/gb/gb0088.html

[rank7]: from user code:
[rank7]:    File "/usr/local/lib/python3.12/dist-packages/torch/distributed/algorithms/_checkpoint/checkpoint_wrapper.py", line 169, in forward
[rank7]:     return self.checkpoint_fn(  # type: ignore[misc]
[rank7]:   File "/share/project/eai_pwm/home/hcr/worktrees/cosmos-framework-pwm-load-balance/cosmos_framework/model/generator/mot/unified_mot.py", line 1360, in forward
[rank7]:     pack_attn_out, kv_to_store = self.self_attn(
[rank7]:   File "/share/project/eai_pwm/home/hcr/worktrees/cosmos-framework-pwm-load-balance/cosmos_framework/model/generator/mot/unified_mot.py", line 729, in forward
[rank7]:     packed_attn_output, kv_to_store = self.dispatch_attention_fn(
[rank7]:   File "/share/project/eai_pwm/home/hcr/worktrees/cosmos-framework-pwm-load-balance/cosmos_framework/model/generator/mot/attention.py", line 702, in dispatch_attention
[rank7]:     output = two_way_attention(
[rank7]:   File "/share/project/eai_pwm/home/hcr/worktrees/cosmos-framework-pwm-load-balance/cosmos_framework/model/generator/mot/attention.py", line 257, in two_way_attention
[rank7]:     causal_res = attention(
[rank7]:   File "/share/project/eai_pwm/home/hcr/worktrees/cosmos-framework-pwm-load-balance/cosmos_framework/model/attention/frontend.py", line 224, in attention
[rank7]:     raise ValueError(

[rank7]: Set TORCHDYNAMO_VERBOSE=1 for the internal stack trace (please do this especially if you're reporting a bug to PyTorch). For even more developer context, set TORCH_LOGS="+dynamo"

2026-09-24 16:05:24.314 | ERROR    | __main__:<module>:320 - An error has been caught in function '<module>', process 'MainProcess' (324517), thread 'MainThread' (139698814709888):
torch._dynamo.exc.ObservedValueErrorError: raised exception ExceptionVariable(<class 'ValueError'>)


The above exception was the direct cause of the following exception:


Traceback (most recent call last):

  File "/share/project/eai_pwm/home/hcr/worktrees/cosmos-framework-pwm-load-balance/plans/v0.2.3c_kernel_list/run_profile.py", line 43, in <module>
    main()
    └ <function main at 0x7f0e2a07a700>

  File "/share/project/eai_pwm/home/hcr/worktrees/cosmos-framework-pwm-load-balance/plans/v0.2.3c_kernel_list/run_profile.py", line 37, in main
    runpy.run_module("cosmos_framework.scripts.train", run_name="__main__")
    │     └ <function run_module at 0x7f0e2a07ae80>
    └ <module 'runpy' (frozen)>

  File "<frozen runpy>", line 229, in run_module
  File "<frozen runpy>", line 88, in _run_code

> File "/share/project/eai_pwm/home/hcr/worktrees/cosmos-framework-pwm-load-balance/cosmos_framework/scripts/train.py", line 320, in <module>
    launch(config, args)
    │      │       └ Namespace(sft_toml='/share/project/eai_pwm/home/hcr/worktrees/cosmos-framework-pwm-load-balance/examples/toml/sft_config/visi...
    │      └ Config(model={'config': {'tokenizer': {'bucket_name': '', 'object_store_credential_path_pretrained': '', 'vae_path': 'pretrai...
    └ <function launch at 0x7f0d3f117880>

  File "/share/project/eai_pwm/home/hcr/worktrees/cosmos-framework-pwm-load-balance/cosmos_framework/utils/training_telemetry/telemetry.py", line 65, in wrapper
    return func(config, *args, **kwargs)
           │    │        │       └ {}
           │    │        └ (Namespace(sft_toml='/share/project/eai_pwm/home/hcr/worktrees/cosmos-framework-pwm-load-balance/examples/toml/sft_config/vis...
           │    └ Config(model={'config': {'tokenizer': {'bucket_name': '', 'object_store_credential_path_pretrained': '', 'vae_path': 'pretrai...
           └ <function launch at 0x7f0d3f1174c0>

  File "/share/project/eai_pwm/home/hcr/worktrees/cosmos-framework-pwm-load-balance/cosmos_framework/scripts/train.py", line 197, in launch
    _run_training(config, args)
    │             │       └ Namespace(sft_toml='/share/project/eai_pwm/home/hcr/worktrees/cosmos-framework-pwm-load-balance/examples/toml/sft_config/visi...
    │             └ Config(model={'config': {'tokenizer': {'bucket_name': '', 'object_store_credential_path_pretrained': '', 'vae_path': 'pretrai...
    └ <function _run_training at 0x7f0d3f117920>

  File "/share/project/eai_pwm/home/hcr/worktrees/cosmos-framework-pwm-load-balance/cosmos_framework/scripts/train.py", line 242, in _run_training
    trainer.train(
    │       └ <function ImaginaireTrainer.train at 0x7f0d3f274fe0>
    └ <cosmos_framework.trainer.ImaginaireTrainer object at 0x7f0a92769bb0>

  File "/share/project/eai_pwm/home/hcr/worktrees/cosmos-framework-pwm-load-balance/cosmos_framework/trainer/__init__.py", line 346, in train
    output_batch, loss, grad_accum_iter = self.training_step(
                                          │    └ <function ImaginaireTrainer.training_step at 0x7f0d3f275080>
                                          └ <cosmos_framework.trainer.ImaginaireTrainer object at 0x7f0a92769bb0>

  File "/share/project/eai_pwm/home/hcr/worktrees/cosmos-framework-pwm-load-balance/cosmos_framework/trainer/__init__.py", line 426, in training_step
    output_batch, loss = model_ddp.training_step(data, iteration)
                         │         │             │     └ 12600
                         │         │             └ {'ai_caption': ['{"scene": "A small wooden table sits against a white wall beneath a large window with white frames. A red re...
                         │         └ <function OmniMoTModel.training_step at 0x7f0a996551c0>
                         └ OmniMoTModel(
                             (net): FSDPCosmos3VFMNetwork(
                               (language_model): Qwen3VLTextForCausalLM(
                                 (model): Qwen3VLTextModel(
                           ...

  File "/share/project/eai_pwm/home/hcr/worktrees/cosmos-framework-pwm-load-balance/cosmos_framework/model/generator/omni_mot_model.py", line 1303, in training_step
    return self.training_step_for_task(task, data_batch, iteration)
           │    │                      │     │           └ 12600
           │    │                      │     └ {'ai_caption': ['{"scene": "A small wooden table sits against a white wall beneath a large window with white frames. A red re...
           │    │                      └ 'gen'
           │    └ <function OmniMoTModel.training_step_for_task at 0x7f0a99655120>
           └ OmniMoTModel(
               (net): FSDPCosmos3VFMNetwork(
                 (language_model): Qwen3VLTextForCausalLM(
                   (model): Qwen3VLTextModel(
             ...

  File "/share/project/eai_pwm/home/hcr/worktrees/cosmos-framework-pwm-load-balance/cosmos_framework/model/generator/omni_mot_model.py", line 1274, in training_step_for_task
    output, raw_loss = self._training_step_gen(data_batch, iteration)
                       │    │                  │           └ 12600
                       │    │                  └ {'ai_caption': ['{"scene": "A small wooden table sits against a white wall beneath a large window with white frames. A red re...
                       │    └ <function OmniMoTModel._training_step_gen at 0x7f0a99655300>
                       └ OmniMoTModel(
                           (net): FSDPCosmos3VFMNetwork(
                             (language_model): Qwen3VLTextForCausalLM(
                               (model): Qwen3VLTextModel(
                         ...

  File "/share/project/eai_pwm/home/hcr/worktrees/cosmos-framework-pwm-load-balance/cosmos_framework/model/generator/omni_mot_model.py", line 1559, in _training_step_gen
    out_net = self.denoise(
              │    └ <function OmniMoTModel.denoise at 0x7f0a99657380>
              └ OmniMoTModel(
                  (net): FSDPCosmos3VFMNetwork(
                    (language_model): Qwen3VLTextForCausalLM(
                      (model): Qwen3VLTextModel(
                ...

  File "/share/project/eai_pwm/home/hcr/worktrees/cosmos-framework-pwm-load-balance/cosmos_framework/model/generator/omni_mot_model.py", line 5115, in denoise
    out_net = net(
              └ FSDPCosmos3VFMNetwork(
                  (language_model): Qwen3VLTextForCausalLM(
                    (model): Qwen3VLTextModel(
                      (embed_tokens): Embed...

  File "/usr/local/lib/python3.12/dist-packages/torch/nn/modules/module.py", line 1778, in _wrapped_call_impl
    return self._call_impl(*args, **kwargs)
           │    │           │       └ {'packed_seq': PackedSequence(sample_lens=[71360], split_lens=[160, 71200], attn_modes=['causal', 'full'], is_image_batch=Fal...
           │    │           └ ()
           │    └ <function Module._call_impl at 0x7f0d677bb7e0>
           └ FSDPCosmos3VFMNetwork(
               (language_model): Qwen3VLTextForCausalLM(
                 (model): Qwen3VLTextModel(
                   (embed_tokens): Embed...

  File "/usr/local/lib/python3.12/dist-packages/torch/nn/modules/module.py", line 1884, in _call_impl
    return inner()
           └ <function Module._call_impl.<locals>.inner at 0x7f08dcff99e0>

  File "/usr/local/lib/python3.12/dist-packages/torch/nn/modules/module.py", line 1832, in inner
    result = forward_call(*args, **kwargs)
             │             │       └ {'packed_seq': PackedSequence(sample_lens=[71360], split_lens=[160, 71200], attn_modes=['causal', 'full'], is_image_batch=Fal...
             │             └ ()
             └ <bound method Cosmos3VFMNetwork.forward of FSDPCosmos3VFMNetwork(
                 (language_model): Qwen3VLTextForCausalLM(
                   (model): Qw...

  File "/share/project/eai_pwm/home/hcr/worktrees/cosmos-framework-pwm-load-balance/cosmos_framework/model/generator/mot/cosmos3_vfm_network.py", line 1487, in forward
    packed_outputs, lbl_metadata = self.language_model(
                                   └ FSDPCosmos3VFMNetwork(
                                       (language_model): Qwen3VLTextForCausalLM(
                                         (model): Qwen3VLTextModel(
                                           (embed_tokens): Embed...

  File "/usr/local/lib/python3.12/dist-packages/torch/nn/modules/module.py", line 1778, in _wrapped_call_impl
    return self._call_impl(*args, **kwargs)
           │    │           │       └ {'attention_mask': <cosmos_framework.model.generator.mot.attention.SplitInfo object at 0x7f0a467c8dd0>, 'position_ids': tenso...
           │    │           └ ({'sample_offsets': tensor([    0, 71360], device='cuda:3', dtype=torch.int32), 'max_sample_len': 101376, 'max_causal_len': 3...
           │    └ <function Module._call_impl at 0x7f0d677bb7e0>
           └ Qwen3VLTextForCausalLM(
               (model): Qwen3VLTextModel(
                 (embed_tokens): Embedding(151936, 4096)
                 (layers): ModuleList(
               ...

  File "/usr/local/lib/python3.12/dist-packages/torch/nn/modules/module.py", line 1789, in _call_impl
    return forward_call(*args, **kwargs)
           │             │       └ {'attention_mask': <cosmos_framework.model.generator.mot.attention.SplitInfo object at 0x7f0a467c8dd0>, 'position_ids': tenso...
           │             └ ({'sample_offsets': tensor([    0, 71360], device='cuda:3', dtype=torch.int32), 'max_sample_len': 101376, 'max_causal_len': 3...
           └ <bound method Qwen3VLTextForCausalLM.forward of Qwen3VLTextForCausalLM(
               (model): Qwen3VLTextModel(
                 (embed_tokens): Embe...

  File "/share/project/eai_pwm/home/hcr/worktrees/cosmos-framework-pwm-load-balance/cosmos_framework/model/generator/mot/unified_mot.py", line 2365, in forward
    outputs = self.model(
              └ Qwen3VLTextForCausalLM(
                  (model): Qwen3VLTextModel(
                    (embed_tokens): Embedding(151936, 4096)
                    (layers): ModuleList(
                  ...

  File "/usr/local/lib/python3.12/dist-packages/torch/nn/modules/module.py", line 1778, in _wrapped_call_impl
    return self._call_impl(*args, **kwargs)
           │    │           │       └ {'pack': {'sample_offsets': tensor([    0, 71360], device='cuda:3', dtype=torch.int32), 'max_sample_len': 101376, 'max_causal...
           │    │           └ ()
           │    └ <function Module._call_impl at 0x7f0d677bb7e0>
           └ Qwen3VLTextModel(
               (embed_tokens): Embedding(151936, 4096)
               (layers): ModuleList(
                 (0-35): 36 x FSDPOptimizedModule(
                ...

  File "/usr/local/lib/python3.12/dist-packages/torch/nn/modules/module.py", line 1789, in _call_impl
    return forward_call(*args, **kwargs)
           │             │       └ {'pack': {'sample_offsets': tensor([    0, 71360], device='cuda:3', dtype=torch.int32), 'max_sample_len': 101376, 'max_causal...
           │             └ ()
           └ <bound method Qwen3VLTextModel.forward of Qwen3VLTextModel(
               (embed_tokens): Embedding(151936, 4096)
               (layers): ModuleList(...

  File "/share/project/eai_pwm/home/hcr/worktrees/cosmos-framework-pwm-load-balance/cosmos_framework/model/generator/mot/unified_mot.py", line 1543, in forward
    return _impl_forward(self, *args, **kwargs)
           │             │      │       └ {'pack': {'sample_offsets': tensor([    0, 71360], device='cuda:3', dtype=torch.int32), 'max_sample_len': 101376, 'max_causal...
           │             │      └ ()
           │             └ Qwen3VLTextModel(
           │                 (embed_tokens): Embedding(151936, 4096)
           │                 (layers): ModuleList(
           │                   (0-35): 36 x FSDPOptimizedModule(
           │                  ...
           └ <function _impl_forward at 0x7f0a99dbf380>

  File "/share/project/eai_pwm/home/hcr/worktrees/cosmos-framework-pwm-load-balance/cosmos_framework/model/generator/mot/unified_mot.py", line 1084, in _impl_forward
    hidden_states, lbl_metadata_dict, kv_to_store = decoder_layer(
    │                                               └ FSDPOptimizedModule(
    │                                                   (_orig_mod): CheckpointWrapper(
    │                                                     (_checkpoint_wrapped_module): MoTDecoderLayer(
    │                                                       (self_attn): ...
    └ {'sample_offsets': tensor([    0, 71360], device='cuda:3', dtype=torch.int32), 'max_sample_len': 101376, 'max_causal_len': 30...

  File "/usr/local/lib/python3.12/dist-packages/torch/_dynamo/eval_frame.py", line 468, in __call__
    return super().__call__(*args, **kwargs)
                             │       └ {'natten_metadata': None, 'memory_value': None, 'gen_only': False}
                             └ ({'sample_offsets': tensor([    0, 71360], device='cuda:3', dtype=torch.int32), 'max_sample_len': 101376, 'max_causal_len': 3...

  File "/usr/local/lib/python3.12/dist-packages/torch/nn/modules/module.py", line 1778, in _wrapped_call_impl
    return self._call_impl(*args, **kwargs)
           │    │           │       └ {'natten_metadata': None, 'memory_value': None, 'gen_only': False}
           │    │           └ ({'sample_offsets': tensor([    0, 71360], device='cuda:3', dtype=torch.int32), 'max_sample_len': 101376, 'max_causal_len': 3...
           │    └ <function Module._call_impl at 0x7f0d677bb7e0>
           └ FSDPOptimizedModule(
               (_orig_mod): CheckpointWrapper(
                 (_checkpoint_wrapped_module): MoTDecoderLayer(
                   (self_attn): ...

  File "/usr/local/lib/python3.12/dist-packages/torch/nn/modules/module.py", line 1884, in _call_impl
    return inner()
           └ <function Module._call_impl.<locals>.inner at 0x7f08dcfce020>

  File "/usr/local/lib/python3.12/dist-packages/torch/nn/modules/module.py", line 1832, in inner
    result = forward_call(*args, **kwargs)
             │             │       └ {'natten_metadata': None, 'memory_value': None, 'gen_only': False}
             │             └ ({'sample_offsets': tensor([    0, 71360], device='cuda:3', dtype=torch.int32), 'max_sample_len': 101376, 'max_causal_len': 3...
             └ <function Module._wrapped_call_impl at 0x7f0a469d4040>

  File "/usr/local/lib/python3.12/dist-packages/torch/_dynamo/eval_frame.py", line 1030, in compile_wrapper
    raise e.with_traceback(None) from e.__cause__  # User compiler error

torch._dynamo.exc.Unsupported: Observed exception
  Explanation: Dynamo found no exception handler at the top-level compiled function when encountering an exception. Exception will propagate outside the compiled region.
  Hint: Your code may result in an error when running in eager. Please double check that your code doesn't contain a similar error when actually running eager/uncompiled. You can do this by removing the `torch.compile` call, or by using `torch.compiler.set_stance("force_eager")`. 
  Hint: It may be possible to write Dynamo tracing rules for this code. Please report an issue to PyTorch if you encounter this graph break often and it is causing performance issues.

  Developer debug context: raised exception ValueError([ConstantVariable(str: 'Could not find a compatible Attention backend for this use case / device. Try running with debug logs to find out why.')])

 For more details about this graph break, please visit: https://meta-pytorch.github.io/compile-graph-break-site/gb/gb0088.html

from user code:
   File "/usr/local/lib/python3.12/dist-packages/torch/distributed/algorithms/_checkpoint/checkpoint_wrapper.py", line 169, in forward
    return self.checkpoint_fn(  # type: ignore[misc]
  File "/share/project/eai_pwm/home/hcr/worktrees/cosmos-framework-pwm-load-balance/cosmos_framework/model/generator/mot/unified_mot.py", line 1360, in forward
    pack_attn_out, kv_to_store = self.self_attn(
  File "/share/project/eai_pwm/home/hcr/worktrees/cosmos-framework-pwm-load-balance/cosmos_framework/model/generator/mot/unified_mot.py", line 729, in forward
    packed_attn_output, kv_to_store = self.dispatch_attention_fn(
  File "/share/project/eai_pwm/home/hcr/worktrees/cosmos-framework-pwm-load-balance/cosmos_framework/model/generator/mot/attention.py", line 702, in dispatch_attention
    output = two_way_attention(
  File "/share/project/eai_pwm/home/hcr/worktrees/cosmos-framework-pwm-load-balance/cosmos_framework/model/generator/mot/attention.py", line 257, in two_way_attention
    causal_res = attention(
  File "/share/project/eai_pwm/home/hcr/worktrees/cosmos-framework-pwm-load-balance/cosmos_framework/model/attention/frontend.py", line 224, in attention
    raise ValueError(

Set TORCHDYNAMO_VERBOSE=1 for the internal stack trace (please do this especially if you're reporting a bug to PyTorch). For even more developer context, set TORCH_LOGS="+dynamo"

2026-09-24 16:05:24.266 | ERROR    | __main__:<module>:320 - An error has been caught in function '<module>', process 'MainProcess' (324519), thread 'MainThread' (140258220318848):
torch._dynamo.exc.ObservedValueErrorError: raised exception ExceptionVariable(<class 'ValueError'>)


The above exception was the direct cause of the following exception:


Traceback (most recent call last):

  File "/share/project/eai_pwm/home/hcr/worktrees/cosmos-framework-pwm-load-balance/plans/v0.2.3c_kernel_list/run_profile.py", line 43, in <module>
    main()
    └ <function main at 0x7f906933a700>

  File "/share/project/eai_pwm/home/hcr/worktrees/cosmos-framework-pwm-load-balance/plans/v0.2.3c_kernel_list/run_profile.py", line 37, in main
    runpy.run_module("cosmos_framework.scripts.train", run_name="__main__")
    │     └ <function run_module at 0x7f906933ae80>
    └ <module 'runpy' (frozen)>

  File "<frozen runpy>", line 229, in run_module
  File "<frozen runpy>", line 88, in _run_code

> File "/share/project/eai_pwm/home/hcr/worktrees/cosmos-framework-pwm-load-balance/cosmos_framework/scripts/train.py", line 320, in <module>
    launch(config, args)
    │      │       └ Namespace(sft_toml='/share/project/eai_pwm/home/hcr/worktrees/cosmos-framework-pwm-load-balance/examples/toml/sft_config/visi...
    │      └ Config(model={'config': {'tokenizer': {'bucket_name': '', 'object_store_credential_path_pretrained': '', 'vae_path': 'pretrai...
    └ <function launch at 0x7f8f7e3d7880>

  File "/share/project/eai_pwm/home/hcr/worktrees/cosmos-framework-pwm-load-balance/cosmos_framework/utils/training_telemetry/telemetry.py", line 65, in wrapper
    return func(config, *args, **kwargs)
           │    │        │       └ {}
           │    │        └ (Namespace(sft_toml='/share/project/eai_pwm/home/hcr/worktrees/cosmos-framework-pwm-load-balance/examples/toml/sft_config/vis...
           │    └ Config(model={'config': {'tokenizer': {'bucket_name': '', 'object_store_credential_path_pretrained': '', 'vae_path': 'pretrai...
           └ <function launch at 0x7f8f7e3d74c0>

  File "/share/project/eai_pwm/home/hcr/worktrees/cosmos-framework-pwm-load-balance/cosmos_framework/scripts/train.py", line 197, in launch
    _run_training(config, args)
    │             │       └ Namespace(sft_toml='/share/project/eai_pwm/home/hcr/worktrees/cosmos-framework-pwm-load-balance/examples/toml/sft_config/visi...
    │             └ Config(model={'config': {'tokenizer': {'bucket_name': '', 'object_store_credential_path_pretrained': '', 'vae_path': 'pretrai...
    └ <function _run_training at 0x7f8f7e3d7920>

  File "/share/project/eai_pwm/home/hcr/worktrees/cosmos-framework-pwm-load-balance/cosmos_framework/scripts/train.py", line 242, in _run_training
    trainer.train(
    │       └ <function ImaginaireTrainer.train at 0x7f8f7e520fe0>
    └ <cosmos_framework.trainer.ImaginaireTrainer object at 0x7f8cd0fa9f10>

  File "/share/project/eai_pwm/home/hcr/worktrees/cosmos-framework-pwm-load-balance/cosmos_framework/trainer/__init__.py", line 346, in train
    output_batch, loss, grad_accum_iter = self.training_step(
                                          │    └ <function ImaginaireTrainer.training_step at 0x7f8f7e521080>
                                          └ <cosmos_framework.trainer.ImaginaireTrainer object at 0x7f8cd0fa9f10>

  File "/share/project/eai_pwm/home/hcr/worktrees/cosmos-framework-pwm-load-balance/cosmos_framework/trainer/__init__.py", line 426, in training_step
    output_batch, loss = model_ddp.training_step(data, iteration)
                         │         │             │     └ 12600
                         │         │             └ {'ai_caption': ['{"scene": "A small bedroom with pale blue-gray walls and a white ceiling with recessed lights. A bed with a ...
                         │         └ <function OmniMoTModel.training_step at 0x7f8cd8b9d1c0>
                         └ OmniMoTModel(
                             (net): FSDPCosmos3VFMNetwork(
                               (language_model): Qwen3VLTextForCausalLM(
                                 (model): Qwen3VLTextModel(
                           ...

  File "/share/project/eai_pwm/home/hcr/worktrees/cosmos-framework-pwm-load-balance/cosmos_framework/model/generator/omni_mot_model.py", line 1303, in training_step
    return self.training_step_for_task(task, data_batch, iteration)
           │    │                      │     │           └ 12600
           │    │                      │     └ {'ai_caption': ['{"scene": "A small bedroom with pale blue-gray walls and a white ceiling with recessed lights. A bed with a ...
           │    │                      └ 'gen'
           │    └ <function OmniMoTModel.training_step_for_task at 0x7f8cd8b9d120>
           └ OmniMoTModel(
               (net): FSDPCosmos3VFMNetwork(
                 (language_model): Qwen3VLTextForCausalLM(
                   (model): Qwen3VLTextModel(
             ...

  File "/share/project/eai_pwm/home/hcr/worktrees/cosmos-framework-pwm-load-balance/cosmos_framework/model/generator/omni_mot_model.py", line 1274, in training_step_for_task
    output, raw_loss = self._training_step_gen(data_batch, iteration)
                       │    │                  │           └ 12600
                       │    │                  └ {'ai_caption': ['{"scene": "A small bedroom with pale blue-gray walls and a white ceiling with recessed lights. A bed with a ...
                       │    └ <function OmniMoTModel._training_step_gen at 0x7f8cd8b9d300>
                       └ OmniMoTModel(
                           (net): FSDPCosmos3VFMNetwork(
                             (language_model): Qwen3VLTextForCausalLM(
                               (model): Qwen3VLTextModel(
                         ...

  File "/share/project/eai_pwm/home/hcr/worktrees/cosmos-framework-pwm-load-balance/cosmos_framework/model/generator/omni_mot_model.py", line 1559, in _training_step_gen
    out_net = self.denoise(
              │    └ <function OmniMoTModel.denoise at 0x7f8cd8b9f380>
              └ OmniMoTModel(
                  (net): FSDPCosmos3VFMNetwork(
                    (language_model): Qwen3VLTextForCausalLM(
                      (model): Qwen3VLTextModel(
                ...

  File "/share/project/eai_pwm/home/hcr/worktrees/cosmos-framework-pwm-load-balance/cosmos_framework/model/generator/omni_mot_model.py", line 5115, in denoise
    out_net = net(
              └ FSDPCosmos3VFMNetwork(
                  (language_model): Qwen3VLTextForCausalLM(
                    (model): Qwen3VLTextModel(
                      (embed_tokens): Embed...

  File "/usr/local/lib/python3.12/dist-packages/torch/nn/modules/module.py", line 1778, in _wrapped_call_impl
    return self._call_impl(*args, **kwargs)
           │    │           │       └ {'packed_seq': PackedSequence(sample_lens=[53538], split_lens=[338, 53200], attn_modes=['causal', 'full'], is_image_batch=Fal...
           │    │           └ ()
           │    └ <function Module._call_impl at 0x7f8fa6bbb7e0>
           └ FSDPCosmos3VFMNetwork(
               (language_model): Qwen3VLTextForCausalLM(
                 (model): Qwen3VLTextModel(
                   (embed_tokens): Embed...

  File "/usr/local/lib/python3.12/dist-packages/torch/nn/modules/module.py", line 1884, in _call_impl
    return inner()
           └ <function Module._call_impl.<locals>.inner at 0x7f8b1c2859e0>

  File "/usr/local/lib/python3.12/dist-packages/torch/nn/modules/module.py", line 1832, in inner
    result = forward_call(*args, **kwargs)
             │             │       └ {'packed_seq': PackedSequence(sample_lens=[53538], split_lens=[338, 53200], attn_modes=['causal', 'full'], is_image_batch=Fal...
             │             └ ()
             └ <bound method Cosmos3VFMNetwork.forward of FSDPCosmos3VFMNetwork(
                 (language_model): Qwen3VLTextForCausalLM(
                   (model): Qw...

  File "/share/project/eai_pwm/home/hcr/worktrees/cosmos-framework-pwm-load-balance/cosmos_framework/model/generator/mot/cosmos3_vfm_network.py", line 1487, in forward
    packed_outputs, lbl_metadata = self.language_model(
                                   └ FSDPCosmos3VFMNetwork(
                                       (language_model): Qwen3VLTextForCausalLM(
                                         (model): Qwen3VLTextModel(
                                           (embed_tokens): Embed...

  File "/usr/local/lib/python3.12/dist-packages/torch/nn/modules/module.py", line 1778, in _wrapped_call_impl
    return self._call_impl(*args, **kwargs)
           │    │           │       └ {'attention_mask': <cosmos_framework.model.generator.mot.attention.SplitInfo object at 0x7f8c8383c440>, 'position_ids': tenso...
           │    │           └ ({'sample_offsets': tensor([    0, 53538], device='cuda:5', dtype=torch.int32), 'max_sample_len': 101376, 'max_causal_len': 3...
           │    └ <function Module._call_impl at 0x7f8fa6bbb7e0>
           └ Qwen3VLTextForCausalLM(
               (model): Qwen3VLTextModel(
                 (embed_tokens): Embedding(151936, 4096)
                 (layers): ModuleList(
               ...

  File "/usr/local/lib/python3.12/dist-packages/torch/nn/modules/module.py", line 1789, in _call_impl
    return forward_call(*args, **kwargs)
           │             │       └ {'attention_mask': <cosmos_framework.model.generator.mot.attention.SplitInfo object at 0x7f8c8383c440>, 'position_ids': tenso...
           │             └ ({'sample_offsets': tensor([    0, 53538], device='cuda:5', dtype=torch.int32), 'max_sample_len': 101376, 'max_causal_len': 3...
           └ <bound method Qwen3VLTextForCausalLM.forward of Qwen3VLTextForCausalLM(
               (model): Qwen3VLTextModel(
                 (embed_tokens): Embe...

  File "/share/project/eai_pwm/home/hcr/worktrees/cosmos-framework-pwm-load-balance/cosmos_framework/model/generator/mot/unified_mot.py", line 2365, in forward
    outputs = self.model(
              └ Qwen3VLTextForCausalLM(
                  (model): Qwen3VLTextModel(
                    (embed_tokens): Embedding(151936, 4096)
                    (layers): ModuleList(
                  ...

  File "/usr/local/lib/python3.12/dist-packages/torch/nn/modules/module.py", line 1778, in _wrapped_call_impl
    return self._call_impl(*args, **kwargs)
           │    │           │       └ {'pack': {'sample_offsets': tensor([    0, 53538], device='cuda:5', dtype=torch.int32), 'max_sample_len': 101376, 'max_causal...
           │    │           └ ()
           │    └ <function Module._call_impl at 0x7f8fa6bbb7e0>
           └ Qwen3VLTextModel(
               (embed_tokens): Embedding(151936, 4096)
               (layers): ModuleList(
                 (0-35): 36 x FSDPOptimizedModule(
                ...

  File "/usr/local/lib/python3.12/dist-packages/torch/nn/modules/module.py", line 1789, in _call_impl
    return forward_call(*args, **kwargs)
           │             │       └ {'pack': {'sample_offsets': tensor([    0, 53538], device='cuda:5', dtype=torch.int32), 'max_sample_len': 101376, 'max_causal...
           │             └ ()
           └ <bound method Qwen3VLTextModel.forward of Qwen3VLTextModel(
               (embed_tokens): Embedding(151936, 4096)
               (layers): ModuleList(...

  File "/share/project/eai_pwm/home/hcr/worktrees/cosmos-framework-pwm-load-balance/cosmos_framework/model/generator/mot/unified_mot.py", line 1543, in forward
    return _impl_forward(self, *args, **kwargs)
           │             │      │       └ {'pack': {'sample_offsets': tensor([    0, 53538], device='cuda:5', dtype=torch.int32), 'max_sample_len': 101376, 'max_causal...
           │             │      └ ()
           │             └ Qwen3VLTextModel(
           │                 (embed_tokens): Embedding(151936, 4096)
           │                 (layers): ModuleList(
           │                   (0-35): 36 x FSDPOptimizedModule(
           │                  ...
           └ <function _impl_forward at 0x7f8cd90bf380>

  File "/share/project/eai_pwm/home/hcr/worktrees/cosmos-framework-pwm-load-balance/cosmos_framework/model/generator/mot/unified_mot.py", line 1084, in _impl_forward
    hidden_states, lbl_metadata_dict, kv_to_store = decoder_layer(
    │                                               └ FSDPOptimizedModule(
    │                                                   (_orig_mod): CheckpointWrapper(
    │                                                     (_checkpoint_wrapped_module): MoTDecoderLayer(
    │                                                       (self_attn): ...
    └ {'sample_offsets': tensor([    0, 53538], device='cuda:5', dtype=torch.int32), 'max_sample_len': 101376, 'max_causal_len': 30...

  File "/usr/local/lib/python3.12/dist-packages/torch/_dynamo/eval_frame.py", line 468, in __call__
    return super().__call__(*args, **kwargs)
                             │       └ {'natten_metadata': None, 'memory_value': None, 'gen_only': False}
                             └ ({'sample_offsets': tensor([    0, 53538], device='cuda:5', dtype=torch.int32), 'max_sample_len': 101376, 'max_causal_len': 3...

  File "/usr/local/lib/python3.12/dist-packages/torch/nn/modules/module.py", line 1778, in _wrapped_call_impl
    return self._call_impl(*args, **kwargs)
           │    │           │       └ {'natten_metadata': None, 'memory_value': None, 'gen_only': False}
           │    │           └ ({'sample_offsets': tensor([    0, 53538], device='cuda:5', dtype=torch.int32), 'max_sample_len': 101376, 'max_causal_len': 3...
           │    └ <function Module._call_impl at 0x7f8fa6bbb7e0>
           └ FSDPOptimizedModule(
               (_orig_mod): CheckpointWrapper(
                 (_checkpoint_wrapped_module): MoTDecoderLayer(
                   (self_attn): ...

  File "/usr/local/lib/python3.12/dist-packages/torch/nn/modules/module.py", line 1884, in _call_impl
    return inner()
           └ <function Module._call_impl.<locals>.inner at 0x7f8b1e0ae020>

  File "/usr/local/lib/python3.12/dist-packages/torch/nn/modules/module.py", line 1832, in inner
    result = forward_call(*args, **kwargs)
             │             │       └ {'natten_metadata': None, 'memory_value': None, 'gen_only': False}
             │             └ ({'sample_offsets': tensor([    0, 53538], device='cuda:5', dtype=torch.int32), 'max_sample_len': 101376, 'max_causal_len': 3...
             └ <function Module._wrapped_call_impl at 0x7f8c9425c040>

  File "/usr/local/lib/python3.12/dist-packages/torch/_dynamo/eval_frame.py", line 1030, in compile_wrapper
    raise e.with_traceback(None) from e.__cause__  # User compiler error

torch._dynamo.exc.Unsupported: Observed exception
  Explanation: Dynamo found no exception handler at the top-level compiled function when encountering an exception. Exception will propagate outside the compiled region.
  Hint: Your code may result in an error when running in eager. Please double check that your code doesn't contain a similar error when actually running eager/uncompiled. You can do this by removing the `torch.compile` call, or by using `torch.compiler.set_stance("force_eager")`. 
  Hint: It may be possible to write Dynamo tracing rules for this code. Please report an issue to PyTorch if you encounter this graph break often and it is causing performance issues.

  Developer debug context: raised exception ValueError([ConstantVariable(str: 'Could not find a compatible Attention backend for this use case / device. Try running with debug logs to find out why.')])

 For more details about this graph break, please visit: https://meta-pytorch.github.io/compile-graph-break-site/gb/gb0088.html

from user code:
   File "/usr/local/lib/python3.12/dist-packages/torch/distributed/algorithms/_checkpoint/checkpoint_wrapper.py", line 169, in forward
    return self.checkpoint_fn(  # type: ignore[misc]
  File "/share/project/eai_pwm/home/hcr/worktrees/cosmos-framework-pwm-load-balance/cosmos_framework/model/generator/mot/unified_mot.py", line 1360, in forward
    pack_attn_out, kv_to_store = self.self_attn(
  File "/share/project/eai_pwm/home/hcr/worktrees/cosmos-framework-pwm-load-balance/cosmos_framework/model/generator/mot/unified_mot.py", line 729, in forward
    packed_attn_output, kv_to_store = self.dispatch_attention_fn(
  File "/share/project/eai_pwm/home/hcr/worktrees/cosmos-framework-pwm-load-balance/cosmos_framework/model/generator/mot/attention.py", line 702, in dispatch_attention
    output = two_way_attention(
  File "/share/project/eai_pwm/home/hcr/worktrees/cosmos-framework-pwm-load-balance/cosmos_framework/model/generator/mot/attention.py", line 257, in two_way_attention
    causal_res = attention(
  File "/share/project/eai_pwm/home/hcr/worktrees/cosmos-framework-pwm-load-balance/cosmos_framework/model/attention/frontend.py", line 224, in attention
    raise ValueError(

Set TORCHDYNAMO_VERBOSE=1 for the internal stack trace (please do this especially if you're reporting a bug to PyTorch). For even more developer context, set TORCH_LOGS="+dynamo"

[rank3]: torch._dynamo.exc.ObservedValueErrorError: raised exception ExceptionVariable(<class 'ValueError'>)

[rank3]: The above exception was the direct cause of the following exception:

[rank3]: Traceback (most recent call last):
[rank3]:   File "/share/project/eai_pwm/home/hcr/worktrees/cosmos-framework-pwm-load-balance/plans/v0.2.3c_kernel_list/run_profile.py", line 43, in <module>
[rank3]:     main()
[rank3]:   File "/share/project/eai_pwm/home/hcr/worktrees/cosmos-framework-pwm-load-balance/plans/v0.2.3c_kernel_list/run_profile.py", line 37, in main
[rank3]:     runpy.run_module("cosmos_framework.scripts.train", run_name="__main__")
[rank3]:   File "<frozen runpy>", line 229, in run_module
[rank3]:   File "<frozen runpy>", line 88, in _run_code
[rank3]:   File "/share/project/eai_pwm/home/hcr/worktrees/cosmos-framework-pwm-load-balance/cosmos_framework/scripts/train.py", line 320, in <module>
[rank3]:     launch(config, args)
[rank3]:   File "/opt/venv/lib/python3.12/site-packages/loguru/_logger.py", line 1297, in catch_wrapper
[rank3]:     return function(*args, **kwargs)
[rank3]:            ^^^^^^^^^^^^^^^^^^^^^^^^^
[rank3]:   File "/share/project/eai_pwm/home/hcr/worktrees/cosmos-framework-pwm-load-balance/cosmos_framework/utils/training_telemetry/telemetry.py", line 65, in wrapper
[rank3]:     return func(config, *args, **kwargs)
[rank3]:            ^^^^^^^^^^^^^^^^^^^^^^^^^^^^^
[rank3]:   File "/share/project/eai_pwm/home/hcr/worktrees/cosmos-framework-pwm-load-balance/cosmos_framework/scripts/train.py", line 197, in launch
[rank3]:     _run_training(config, args)
[rank3]:   File "/share/project/eai_pwm/home/hcr/worktrees/cosmos-framework-pwm-load-balance/cosmos_framework/scripts/train.py", line 242, in _run_training
[rank3]:     trainer.train(
[rank3]:   File "/share/project/eai_pwm/home/hcr/worktrees/cosmos-framework-pwm-load-balance/cosmos_framework/trainer/__init__.py", line 346, in train
[rank3]:     output_batch, loss, grad_accum_iter = self.training_step(
[rank3]:                                           ^^^^^^^^^^^^^^^^^^^
[rank3]:   File "/share/project/eai_pwm/home/hcr/worktrees/cosmos-framework-pwm-load-balance/cosmos_framework/trainer/__init__.py", line 426, in training_step
[rank3]:     output_batch, loss = model_ddp.training_step(data, iteration)
[rank3]:                          ^^^^^^^^^^^^^^^^^^^^^^^^^^^^^^^^^^^^^^^^
[rank3]:   File "/share/project/eai_pwm/home/hcr/worktrees/cosmos-framework-pwm-load-balance/cosmos_framework/model/generator/omni_mot_model.py", line 1303, in training_step
[rank3]:     return self.training_step_for_task(task, data_batch, iteration)
[rank3]:            ^^^^^^^^^^^^^^^^^^^^^^^^^^^^^^^^^^^^^^^^^^^^^^^^^^^^^^^^
[rank3]:   File "/share/project/eai_pwm/home/hcr/worktrees/cosmos-framework-pwm-load-balance/cosmos_framework/model/generator/omni_mot_model.py", line 1274, in training_step_for_task
[rank3]:     output, raw_loss = self._training_step_gen(data_batch, iteration)
[rank3]:                        ^^^^^^^^^^^^^^^^^^^^^^^^^^^^^^^^^^^^^^^^^^^^^^
[rank3]:   File "/share/project/eai_pwm/home/hcr/worktrees/cosmos-framework-pwm-load-balance/cosmos_framework/model/generator/omni_mot_model.py", line 1559, in _training_step_gen
[rank3]:     out_net = self.denoise(
[rank3]:               ^^^^^^^^^^^^^
[rank3]:   File "/share/project/eai_pwm/home/hcr/worktrees/cosmos-framework-pwm-load-balance/cosmos_framework/model/generator/omni_mot_model.py", line 5115, in denoise
[rank3]:     out_net = net(
[rank3]:               ^^^^
[rank3]:   File "/usr/local/lib/python3.12/dist-packages/torch/nn/modules/module.py", line 1778, in _wrapped_call_impl
[rank3]:     return self._call_impl(*args, **kwargs)
[rank3]:            ^^^^^^^^^^^^^^^^^^^^^^^^^^^^^^^^
[rank3]:   File "/usr/local/lib/python3.12/dist-packages/torch/nn/modules/module.py", line 1884, in _call_impl
[rank3]:     return inner()
[rank3]:            ^^^^^^^
[rank3]:   File "/usr/local/lib/python3.12/dist-packages/torch/nn/modules/module.py", line 1832, in inner
[rank3]:     result = forward_call(*args, **kwargs)
[rank3]:              ^^^^^^^^^^^^^^^^^^^^^^^^^^^^^
[rank3]:   File "/share/project/eai_pwm/home/hcr/worktrees/cosmos-framework-pwm-load-balance/cosmos_framework/model/generator/mot/cosmos3_vfm_network.py", line 1487, in forward
[rank3]:     packed_outputs, lbl_metadata = self.language_model(
[rank3]:                                    ^^^^^^^^^^^^^^^^^^^^
[rank3]:   File "/usr/local/lib/python3.12/dist-packages/torch/nn/modules/module.py", line 1778, in _wrapped_call_impl
[rank3]:     return self._call_impl(*args, **kwargs)
[rank3]:            ^^^^^^^^^^^^^^^^^^^^^^^^^^^^^^^^
[rank3]:   File "/usr/local/lib/python3.12/dist-packages/torch/nn/modules/module.py", line 1789, in _call_impl
[rank3]:     return forward_call(*args, **kwargs)
[rank3]:            ^^^^^^^^^^^^^^^^^^^^^^^^^^^^^
[rank3]:   File "/share/project/eai_pwm/home/hcr/worktrees/cosmos-framework-pwm-load-balance/cosmos_framework/model/generator/mot/unified_mot.py", line 2365, in forward
[rank3]:     outputs = self.model(
[rank3]:               ^^^^^^^^^^^
[rank3]:   File "/usr/local/lib/python3.12/dist-packages/torch/nn/modules/module.py", line 1778, in _wrapped_call_impl
[rank3]:     return self._call_impl(*args, **kwargs)
[rank3]:            ^^^^^^^^^^^^^^^^^^^^^^^^^^^^^^^^
[rank3]:   File "/usr/local/lib/python3.12/dist-packages/torch/nn/modules/module.py", line 1789, in _call_impl
[rank3]:     return forward_call(*args, **kwargs)
[rank3]:            ^^^^^^^^^^^^^^^^^^^^^^^^^^^^^
[rank3]:   File "/share/project/eai_pwm/home/hcr/worktrees/cosmos-framework-pwm-load-balance/cosmos_framework/model/generator/mot/unified_mot.py", line 1543, in forward
[rank3]:     return _impl_forward(self, *args, **kwargs)
[rank3]:            ^^^^^^^^^^^^^^^^^^^^^^^^^^^^^^^^^^^^
[rank3]:   File "/share/project/eai_pwm/home/hcr/worktrees/cosmos-framework-pwm-load-balance/cosmos_framework/model/generator/mot/unified_mot.py", line 1084, in _impl_forward
[rank3]:     hidden_states, lbl_metadata_dict, kv_to_store = decoder_layer(
[rank3]:                                                     ^^^^^^^^^^^^^^
[rank3]:   File "/usr/local/lib/python3.12/dist-packages/torch/_dynamo/eval_frame.py", line 468, in __call__
[rank3]:     return super().__call__(*args, **kwargs)
[rank3]:            ^^^^^^^^^^^^^^^^^^^^^^^^^^^^^^^^^
[rank3]:   File "/usr/local/lib/python3.12/dist-packages/torch/nn/modules/module.py", line 1778, in _wrapped_call_impl
[rank3]:     return self._call_impl(*args, **kwargs)
[rank3]:            ^^^^^^^^^^^^^^^^^^^^^^^^^^^^^^^^
[rank3]:   File "/usr/local/lib/python3.12/dist-packages/torch/nn/modules/module.py", line 1884, in _call_impl
[rank3]:     return inner()
[rank3]:            ^^^^^^^
[rank3]:   File "/usr/local/lib/python3.12/dist-packages/torch/nn/modules/module.py", line 1832, in inner
[rank3]:     result = forward_call(*args, **kwargs)
[rank3]:              ^^^^^^^^^^^^^^^^^^^^^^^^^^^^^
[rank3]:   File "/usr/local/lib/python3.12/dist-packages/torch/_dynamo/eval_frame.py", line 1030, in compile_wrapper
[rank3]:     raise e.with_traceback(None) from e.__cause__  # User compiler error
[rank3]:     ^^^^^^^^^^^^^^^^^^^^^^^^^^^^^^^^^^^^^^^^^^^^^
[rank3]: torch._dynamo.exc.Unsupported: Observed exception
[rank3]:   Explanation: Dynamo found no exception handler at the top-level compiled function when encountering an exception. Exception will propagate outside the compiled region.
[rank3]:   Hint: Your code may result in an error when running in eager. Please double check that your code doesn't contain a similar error when actually running eager/uncompiled. You can do this by removing the `torch.compile` call, or by using `torch.compiler.set_stance("force_eager")`. 
[rank3]:   Hint: It may be possible to write Dynamo tracing rules for this code. Please report an issue to PyTorch if you encounter this graph break often and it is causing performance issues.

[rank3]:   Developer debug context: raised exception ValueError([ConstantVariable(str: 'Could not find a compatible Attention backend for this use case / device. Try running with debug logs to find out why.')])

[rank3]:  For more details about this graph break, please visit: https://meta-pytorch.github.io/compile-graph-break-site/gb/gb0088.html

[rank3]: from user code:
[rank3]:    File "/usr/local/lib/python3.12/dist-packages/torch/distributed/algorithms/_checkpoint/checkpoint_wrapper.py", line 169, in forward
[rank3]:     return self.checkpoint_fn(  # type: ignore[misc]
[rank3]:   File "/share/project/eai_pwm/home/hcr/worktrees/cosmos-framework-pwm-load-balance/cosmos_framework/model/generator/mot/unified_mot.py", line 1360, in forward
[rank3]:     pack_attn_out, kv_to_store = self.self_attn(
[rank3]:   File "/share/project/eai_pwm/home/hcr/worktrees/cosmos-framework-pwm-load-balance/cosmos_framework/model/generator/mot/unified_mot.py", line 729, in forward
[rank3]:     packed_attn_output, kv_to_store = self.dispatch_attention_fn(
[rank3]:   File "/share/project/eai_pwm/home/hcr/worktrees/cosmos-framework-pwm-load-balance/cosmos_framework/model/generator/mot/attention.py", line 702, in dispatch_attention
[rank3]:     output = two_way_attention(
[rank3]:   File "/share/project/eai_pwm/home/hcr/worktrees/cosmos-framework-pwm-load-balance/cosmos_framework/model/generator/mot/attention.py", line 257, in two_way_attention
[rank3]:     causal_res = attention(
[rank3]:   File "/share/project/eai_pwm/home/hcr/worktrees/cosmos-framework-pwm-load-balance/cosmos_framework/model/attention/frontend.py", line 224, in attention
[rank3]:     raise ValueError(

[rank3]: Set TORCHDYNAMO_VERBOSE=1 for the internal stack trace (please do this especially if you're reporting a bug to PyTorch). For even more developer context, set TORCH_LOGS="+dynamo"

[rank5]: torch._dynamo.exc.ObservedValueErrorError: raised exception ExceptionVariable(<class 'ValueError'>)

[rank5]: The above exception was the direct cause of the following exception:

[rank5]: Traceback (most recent call last):
[rank5]:   File "/share/project/eai_pwm/home/hcr/worktrees/cosmos-framework-pwm-load-balance/plans/v0.2.3c_kernel_list/run_profile.py", line 43, in <module>
[rank5]:     main()
[rank5]:   File "/share/project/eai_pwm/home/hcr/worktrees/cosmos-framework-pwm-load-balance/plans/v0.2.3c_kernel_list/run_profile.py", line 37, in main
[rank5]:     runpy.run_module("cosmos_framework.scripts.train", run_name="__main__")
[rank5]:   File "<frozen runpy>", line 229, in run_module
[rank5]:   File "<frozen runpy>", line 88, in _run_code
[rank5]:   File "/share/project/eai_pwm/home/hcr/worktrees/cosmos-framework-pwm-load-balance/cosmos_framework/scripts/train.py", line 320, in <module>
[rank5]:     launch(config, args)
[rank5]:   File "/opt/venv/lib/python3.12/site-packages/loguru/_logger.py", line 1297, in catch_wrapper
[rank5]:     return function(*args, **kwargs)
[rank5]:            ^^^^^^^^^^^^^^^^^^^^^^^^^
[rank5]:   File "/share/project/eai_pwm/home/hcr/worktrees/cosmos-framework-pwm-load-balance/cosmos_framework/utils/training_telemetry/telemetry.py", line 65, in wrapper
[rank5]:     return func(config, *args, **kwargs)
[rank5]:            ^^^^^^^^^^^^^^^^^^^^^^^^^^^^^
[rank5]:   File "/share/project/eai_pwm/home/hcr/worktrees/cosmos-framework-pwm-load-balance/cosmos_framework/scripts/train.py", line 197, in launch
[rank5]:     _run_training(config, args)
[rank5]:   File "/share/project/eai_pwm/home/hcr/worktrees/cosmos-framework-pwm-load-balance/cosmos_framework/scripts/train.py", line 242, in _run_training
[rank5]:     trainer.train(
[rank5]:   File "/share/project/eai_pwm/home/hcr/worktrees/cosmos-framework-pwm-load-balance/cosmos_framework/trainer/__init__.py", line 346, in train
[rank5]:     output_batch, loss, grad_accum_iter = self.training_step(
[rank5]:                                           ^^^^^^^^^^^^^^^^^^^
[rank5]:   File "/share/project/eai_pwm/home/hcr/worktrees/cosmos-framework-pwm-load-balance/cosmos_framework/trainer/__init__.py", line 426, in training_step
[rank5]:     output_batch, loss = model_ddp.training_step(data, iteration)
[rank5]:                          ^^^^^^^^^^^^^^^^^^^^^^^^^^^^^^^^^^^^^^^^
[rank5]:   File "/share/project/eai_pwm/home/hcr/worktrees/cosmos-framework-pwm-load-balance/cosmos_framework/model/generator/omni_mot_model.py", line 1303, in training_step
[rank5]:     return self.training_step_for_task(task, data_batch, iteration)
[rank5]:            ^^^^^^^^^^^^^^^^^^^^^^^^^^^^^^^^^^^^^^^^^^^^^^^^^^^^^^^^
[rank5]:   File "/share/project/eai_pwm/home/hcr/worktrees/cosmos-framework-pwm-load-balance/cosmos_framework/model/generator/omni_mot_model.py", line 1274, in training_step_for_task
[rank5]:     output, raw_loss = self._training_step_gen(data_batch, iteration)
[rank5]:                        ^^^^^^^^^^^^^^^^^^^^^^^^^^^^^^^^^^^^^^^^^^^^^^
[rank5]:   File "/share/project/eai_pwm/home/hcr/worktrees/cosmos-framework-pwm-load-balance/cosmos_framework/model/generator/omni_mot_model.py", line 1559, in _training_step_gen
[rank5]:     out_net = self.denoise(
[rank5]:               ^^^^^^^^^^^^^
[rank5]:   File "/share/project/eai_pwm/home/hcr/worktrees/cosmos-framework-pwm-load-balance/cosmos_framework/model/generator/omni_mot_model.py", line 5115, in denoise
[rank5]:     out_net = net(
[rank5]:               ^^^^
[rank5]:   File "/usr/local/lib/python3.12/dist-packages/torch/nn/modules/module.py", line 1778, in _wrapped_call_impl
[rank5]:     return self._call_impl(*args, **kwargs)
[rank5]:            ^^^^^^^^^^^^^^^^^^^^^^^^^^^^^^^^
[rank5]:   File "/usr/local/lib/python3.12/dist-packages/torch/nn/modules/module.py", line 1884, in _call_impl
[rank5]:     return inner()
[rank5]:            ^^^^^^^
[rank5]:   File "/usr/local/lib/python3.12/dist-packages/torch/nn/modules/module.py", line 1832, in inner
[rank5]:     result = forward_call(*args, **kwargs)
[rank5]:              ^^^^^^^^^^^^^^^^^^^^^^^^^^^^^
[rank5]:   File "/share/project/eai_pwm/home/hcr/worktrees/cosmos-framework-pwm-load-balance/cosmos_framework/model/generator/mot/cosmos3_vfm_network.py", line 1487, in forward
[rank5]:     packed_outputs, lbl_metadata = self.language_model(
[rank5]:                                    ^^^^^^^^^^^^^^^^^^^^
[rank5]:   File "/usr/local/lib/python3.12/dist-packages/torch/nn/modules/module.py", line 1778, in _wrapped_call_impl
[rank5]:     return self._call_impl(*args, **kwargs)
[rank5]:            ^^^^^^^^^^^^^^^^^^^^^^^^^^^^^^^^
[rank5]:   File "/usr/local/lib/python3.12/dist-packages/torch/nn/modules/module.py", line 1789, in _call_impl
[rank5]:     return forward_call(*args, **kwargs)
[rank5]:            ^^^^^^^^^^^^^^^^^^^^^^^^^^^^^
[rank5]:   File "/share/project/eai_pwm/home/hcr/worktrees/cosmos-framework-pwm-load-balance/cosmos_framework/model/generator/mot/unified_mot.py", line 2365, in forward
[rank5]:     outputs = self.model(
[rank5]:               ^^^^^^^^^^^
[rank5]:   File "/usr/local/lib/python3.12/dist-packages/torch/nn/modules/module.py", line 1778, in _wrapped_call_impl
[rank5]:     return self._call_impl(*args, **kwargs)
[rank5]:            ^^^^^^^^^^^^^^^^^^^^^^^^^^^^^^^^
[rank5]:   File "/usr/local/lib/python3.12/dist-packages/torch/nn/modules/module.py", line 1789, in _call_impl
[rank5]:     return forward_call(*args, **kwargs)
[rank5]:            ^^^^^^^^^^^^^^^^^^^^^^^^^^^^^
[rank5]:   File "/share/project/eai_pwm/home/hcr/worktrees/cosmos-framework-pwm-load-balance/cosmos_framework/model/generator/mot/unified_mot.py", line 1543, in forward
[rank5]:     return _impl_forward(self, *args, **kwargs)
[rank5]:            ^^^^^^^^^^^^^^^^^^^^^^^^^^^^^^^^^^^^
[rank5]:   File "/share/project/eai_pwm/home/hcr/worktrees/cosmos-framework-pwm-load-balance/cosmos_framework/model/generator/mot/unified_mot.py", line 1084, in _impl_forward
[rank5]:     hidden_states, lbl_metadata_dict, kv_to_store = decoder_layer(
[rank5]:                                                     ^^^^^^^^^^^^^^
[rank5]:   File "/usr/local/lib/python3.12/dist-packages/torch/_dynamo/eval_frame.py", line 468, in __call__
[rank5]:     return super().__call__(*args, **kwargs)
[rank5]:            ^^^^^^^^^^^^^^^^^^^^^^^^^^^^^^^^^
[rank5]:   File "/usr/local/lib/python3.12/dist-packages/torch/nn/modules/module.py", line 1778, in _wrapped_call_impl
[rank5]:     return self._call_impl(*args, **kwargs)
[rank5]:            ^^^^^^^^^^^^^^^^^^^^^^^^^^^^^^^^
[rank5]:   File "/usr/local/lib/python3.12/dist-packages/torch/nn/modules/module.py", line 1884, in _call_impl
[rank5]:     return inner()
[rank5]:            ^^^^^^^
[rank5]:   File "/usr/local/lib/python3.12/dist-packages/torch/nn/modules/module.py", line 1832, in inner
[rank5]:     result = forward_call(*args, **kwargs)
[rank5]:              ^^^^^^^^^^^^^^^^^^^^^^^^^^^^^
[rank5]:   File "/usr/local/lib/python3.12/dist-packages/torch/_dynamo/eval_frame.py", line 1030, in compile_wrapper
[rank5]:     raise e.with_traceback(None) from e.__cause__  # User compiler error
[rank5]:     ^^^^^^^^^^^^^^^^^^^^^^^^^^^^^^^^^^^^^^^^^^^^^
[rank5]: torch._dynamo.exc.Unsupported: Observed exception
[rank5]:   Explanation: Dynamo found no exception handler at the top-level compiled function when encountering an exception. Exception will propagate outside the compiled region.
[rank5]:   Hint: Your code may result in an error when running in eager. Please double check that your code doesn't contain a similar error when actually running eager/uncompiled. You can do this by removing the `torch.compile` call, or by using `torch.compiler.set_stance("force_eager")`. 
[rank5]:   Hint: It may be possible to write Dynamo tracing rules for this code. Please report an issue to PyTorch if you encounter this graph break often and it is causing performance issues.

[rank5]:   Developer debug context: raised exception ValueError([ConstantVariable(str: 'Could not find a compatible Attention backend for this use case / device. Try running with debug logs to find out why.')])

[rank5]:  For more details about this graph break, please visit: https://meta-pytorch.github.io/compile-graph-break-site/gb/gb0088.html

[rank5]: from user code:
[rank5]:    File "/usr/local/lib/python3.12/dist-packages/torch/distributed/algorithms/_checkpoint/checkpoint_wrapper.py", line 169, in forward
[rank5]:     return self.checkpoint_fn(  # type: ignore[misc]
[rank5]:   File "/share/project/eai_pwm/home/hcr/worktrees/cosmos-framework-pwm-load-balance/cosmos_framework/model/generator/mot/unified_mot.py", line 1360, in forward
[rank5]:     pack_attn_out, kv_to_store = self.self_attn(
[rank5]:   File "/share/project/eai_pwm/home/hcr/worktrees/cosmos-framework-pwm-load-balance/cosmos_framework/model/generator/mot/unified_mot.py", line 729, in forward
[rank5]:     packed_attn_output, kv_to_store = self.dispatch_attention_fn(
[rank5]:   File "/share/project/eai_pwm/home/hcr/worktrees/cosmos-framework-pwm-load-balance/cosmos_framework/model/generator/mot/attention.py", line 702, in dispatch_attention
[rank5]:     output = two_way_attention(
[rank5]:   File "/share/project/eai_pwm/home/hcr/worktrees/cosmos-framework-pwm-load-balance/cosmos_framework/model/generator/mot/attention.py", line 257, in two_way_attention
[rank5]:     causal_res = attention(
[rank5]:   File "/share/project/eai_pwm/home/hcr/worktrees/cosmos-framework-pwm-load-balance/cosmos_framework/model/attention/frontend.py", line 224, in attention
[rank5]:     raise ValueError(

[rank5]: Set TORCHDYNAMO_VERBOSE=1 for the internal stack trace (please do this especially if you're reporting a bug to PyTorch). For even more developer context, set TORCH_LOGS="+dynamo"

2026-09-24 16:05:24.301 | ERROR    | __main__:<module>:320 - An error has been caught in function '<module>', process 'MainProcess' (324520), thread 'MainThread' (139718706512000):
torch._dynamo.exc.ObservedValueErrorError: raised exception ExceptionVariable(<class 'ValueError'>)


The above exception was the direct cause of the following exception:


Traceback (most recent call last):

  File "/share/project/eai_pwm/home/hcr/worktrees/cosmos-framework-pwm-load-balance/plans/v0.2.3c_kernel_list/run_profile.py", line 43, in <module>
    main()
    └ <function main at 0x7f12cbac6700>

  File "/share/project/eai_pwm/home/hcr/worktrees/cosmos-framework-pwm-load-balance/plans/v0.2.3c_kernel_list/run_profile.py", line 37, in main
    runpy.run_module("cosmos_framework.scripts.train", run_name="__main__")
    │     └ <function run_module at 0x7f12cbac6e80>
    └ <module 'runpy' (frozen)>

  File "<frozen runpy>", line 229, in run_module
  File "<frozen runpy>", line 88, in _run_code

> File "/share/project/eai_pwm/home/hcr/worktrees/cosmos-framework-pwm-load-balance/cosmos_framework/scripts/train.py", line 320, in <module>
    launch(config, args)
    │      │       └ Namespace(sft_toml='/share/project/eai_pwm/home/hcr/worktrees/cosmos-framework-pwm-load-balance/examples/toml/sft_config/visi...
    │      └ Config(model={'config': {'tokenizer': {'bucket_name': '', 'object_store_credential_path_pretrained': '', 'vae_path': 'pretrai...
    └ <function launch at 0x7f11e0b6f880>

  File "/share/project/eai_pwm/home/hcr/worktrees/cosmos-framework-pwm-load-balance/cosmos_framework/utils/training_telemetry/telemetry.py", line 65, in wrapper
    return func(config, *args, **kwargs)
           │    │        │       └ {}
           │    │        └ (Namespace(sft_toml='/share/project/eai_pwm/home/hcr/worktrees/cosmos-framework-pwm-load-balance/examples/toml/sft_config/vis...
           │    └ Config(model={'config': {'tokenizer': {'bucket_name': '', 'object_store_credential_path_pretrained': '', 'vae_path': 'pretrai...
           └ <function launch at 0x7f11e0b6f4c0>

  File "/share/project/eai_pwm/home/hcr/worktrees/cosmos-framework-pwm-load-balance/cosmos_framework/scripts/train.py", line 197, in launch
    _run_training(config, args)
    │             │       └ Namespace(sft_toml='/share/project/eai_pwm/home/hcr/worktrees/cosmos-framework-pwm-load-balance/examples/toml/sft_config/visi...
    │             └ Config(model={'config': {'tokenizer': {'bucket_name': '', 'object_store_credential_path_pretrained': '', 'vae_path': 'pretrai...
    └ <function _run_training at 0x7f11e0b6f920>

  File "/share/project/eai_pwm/home/hcr/worktrees/cosmos-framework-pwm-load-balance/cosmos_framework/scripts/train.py", line 242, in _run_training
    trainer.train(
    │       └ <function ImaginaireTrainer.train at 0x7f11e0cc8fe0>
    └ <cosmos_framework.trainer.ImaginaireTrainer object at 0x7f0f338f3320>

  File "/share/project/eai_pwm/home/hcr/worktrees/cosmos-framework-pwm-load-balance/cosmos_framework/trainer/__init__.py", line 346, in train
    output_batch, loss, grad_accum_iter = self.training_step(
                                          │    └ <function ImaginaireTrainer.training_step at 0x7f11e0cc9080>
                                          └ <cosmos_framework.trainer.ImaginaireTrainer object at 0x7f0f338f3320>

  File "/share/project/eai_pwm/home/hcr/worktrees/cosmos-framework-pwm-load-balance/cosmos_framework/trainer/__init__.py", line 426, in training_step
    output_batch, loss = model_ddp.training_step(data, iteration)
                         │         │             │     └ 12600
                         │         │             └ {'ai_caption': ['{"scene": "A light wood-grain cabinet with two doors and curved gold handles stands against a white wall. Ab...
                         │         └ <function OmniMoTModel.training_step at 0x7f0f3b1611c0>
                         └ OmniMoTModel(
                             (net): FSDPCosmos3VFMNetwork(
                               (language_model): Qwen3VLTextForCausalLM(
                                 (model): Qwen3VLTextModel(
                           ...

  File "/share/project/eai_pwm/home/hcr/worktrees/cosmos-framework-pwm-load-balance/cosmos_framework/model/generator/omni_mot_model.py", line 1303, in training_step
    return self.training_step_for_task(task, data_batch, iteration)
           │    │                      │     │           └ 12600
           │    │                      │     └ {'ai_caption': ['{"scene": "A light wood-grain cabinet with two doors and curved gold handles stands against a white wall. Ab...
           │    │                      └ 'gen'
           │    └ <function OmniMoTModel.training_step_for_task at 0x7f0f3b161120>
           └ OmniMoTModel(
               (net): FSDPCosmos3VFMNetwork(
                 (language_model): Qwen3VLTextForCausalLM(
                   (model): Qwen3VLTextModel(
             ...

  File "/share/project/eai_pwm/home/hcr/worktrees/cosmos-framework-pwm-load-balance/cosmos_framework/model/generator/omni_mot_model.py", line 1274, in training_step_for_task
    output, raw_loss = self._training_step_gen(data_batch, iteration)
                       │    │                  │           └ 12600
                       │    │                  └ {'ai_caption': ['{"scene": "A light wood-grain cabinet with two doors and curved gold handles stands against a white wall. Ab...
                       │    └ <function OmniMoTModel._training_step_gen at 0x7f0f3b161300>
                       └ OmniMoTModel(
                           (net): FSDPCosmos3VFMNetwork(
                             (language_model): Qwen3VLTextForCausalLM(
                               (model): Qwen3VLTextModel(
                         ...

  File "/share/project/eai_pwm/home/hcr/worktrees/cosmos-framework-pwm-load-balance/cosmos_framework/model/generator/omni_mot_model.py", line 1559, in _training_step_gen
    out_net = self.denoise(
              │    └ <function OmniMoTModel.denoise at 0x7f0f3b163380>
              └ OmniMoTModel(
                  (net): FSDPCosmos3VFMNetwork(
                    (language_model): Qwen3VLTextForCausalLM(
                      (model): Qwen3VLTextModel(
                ...

  File "/share/project/eai_pwm/home/hcr/worktrees/cosmos-framework-pwm-load-balance/cosmos_framework/model/generator/omni_mot_model.py", line 5115, in denoise
    out_net = net(
              └ FSDPCosmos3VFMNetwork(
                  (language_model): Qwen3VLTextForCausalLM(
                    (model): Qwen3VLTextModel(
                      (embed_tokens): Embed...

  File "/usr/local/lib/python3.12/dist-packages/torch/nn/modules/module.py", line 1778, in _wrapped_call_impl
    return self._call_impl(*args, **kwargs)
           │    │           │       └ {'packed_seq': PackedSequence(sample_lens=[61110], split_lens=[310, 60800], attn_modes=['causal', 'full'], is_image_batch=Fal...
           │    │           └ ()
           │    └ <function Module._call_impl at 0x7f12093077e0>
           └ FSDPCosmos3VFMNetwork(
               (language_model): Qwen3VLTextForCausalLM(
                 (model): Qwen3VLTextModel(
                   (embed_tokens): Embed...

  File "/usr/local/lib/python3.12/dist-packages/torch/nn/modules/module.py", line 1884, in _call_impl
    return inner()
           └ <function Module._call_impl.<locals>.inner at 0x7f0bd6bfd9e0>

  File "/usr/local/lib/python3.12/dist-packages/torch/nn/modules/module.py", line 1832, in inner
    result = forward_call(*args, **kwargs)
             │             │       └ {'packed_seq': PackedSequence(sample_lens=[61110], split_lens=[310, 60800], attn_modes=['causal', 'full'], is_image_batch=Fal...
             │             └ ()
             └ <bound method Cosmos3VFMNetwork.forward of FSDPCosmos3VFMNetwork(
                 (language_model): Qwen3VLTextForCausalLM(
                   (model): Qw...

  File "/share/project/eai_pwm/home/hcr/worktrees/cosmos-framework-pwm-load-balance/cosmos_framework/model/generator/mot/cosmos3_vfm_network.py", line 1487, in forward
    packed_outputs, lbl_metadata = self.language_model(
                                   └ FSDPCosmos3VFMNetwork(
                                       (language_model): Qwen3VLTextForCausalLM(
                                         (model): Qwen3VLTextModel(
                                           (embed_tokens): Embed...

  File "/usr/local/lib/python3.12/dist-packages/torch/nn/modules/module.py", line 1778, in _wrapped_call_impl
    return self._call_impl(*args, **kwargs)
           │    │           │       └ {'attention_mask': <cosmos_framework.model.generator.mot.attention.SplitInfo object at 0x7f0ec4103080>, 'position_ids': tenso...
           │    │           └ ({'sample_offsets': tensor([    0, 61110], device='cuda:6', dtype=torch.int32), 'max_sample_len': 101376, 'max_causal_len': 3...
           │    └ <function Module._call_impl at 0x7f12093077e0>
           └ Qwen3VLTextForCausalLM(
               (model): Qwen3VLTextModel(
                 (embed_tokens): Embedding(151936, 4096)
                 (layers): ModuleList(
               ...

  File "/usr/local/lib/python3.12/dist-packages/torch/nn/modules/module.py", line 1789, in _call_impl
    return forward_call(*args, **kwargs)
           │             │       └ {'attention_mask': <cosmos_framework.model.generator.mot.attention.SplitInfo object at 0x7f0ec4103080>, 'position_ids': tenso...
           │             └ ({'sample_offsets': tensor([    0, 61110], device='cuda:6', dtype=torch.int32), 'max_sample_len': 101376, 'max_causal_len': 3...
           └ <bound method Qwen3VLTextForCausalLM.forward of Qwen3VLTextForCausalLM(
               (model): Qwen3VLTextModel(
                 (embed_tokens): Embe...

  File "/share/project/eai_pwm/home/hcr/worktrees/cosmos-framework-pwm-load-balance/cosmos_framework/model/generator/mot/unified_mot.py", line 2365, in forward
    outputs = self.model(
              └ Qwen3VLTextForCausalLM(
                  (model): Qwen3VLTextModel(
                    (embed_tokens): Embedding(151936, 4096)
                    (layers): ModuleList(
                  ...

  File "/usr/local/lib/python3.12/dist-packages/torch/nn/modules/module.py", line 1778, in _wrapped_call_impl
    return self._call_impl(*args, **kwargs)
           │    │           │       └ {'pack': {'sample_offsets': tensor([    0, 61110], device='cuda:6', dtype=torch.int32), 'max_sample_len': 101376, 'max_causal...
           │    │           └ ()
           │    └ <function Module._call_impl at 0x7f12093077e0>
           └ Qwen3VLTextModel(
               (embed_tokens): Embedding(151936, 4096)
               (layers): ModuleList(
                 (0-35): 36 x FSDPOptimizedModule(
                ...

  File "/usr/local/lib/python3.12/dist-packages/torch/nn/modules/module.py", line 1789, in _call_impl
    return forward_call(*args, **kwargs)
           │             │       └ {'pack': {'sample_offsets': tensor([    0, 61110], device='cuda:6', dtype=torch.int32), 'max_sample_len': 101376, 'max_causal...
           │             └ ()
           └ <bound method Qwen3VLTextModel.forward of Qwen3VLTextModel(
               (embed_tokens): Embedding(151936, 4096)
               (layers): ModuleList(...

  File "/share/project/eai_pwm/home/hcr/worktrees/cosmos-framework-pwm-load-balance/cosmos_framework/model/generator/mot/unified_mot.py", line 1543, in forward
    return _impl_forward(self, *args, **kwargs)
           │             │      │       └ {'pack': {'sample_offsets': tensor([    0, 61110], device='cuda:6', dtype=torch.int32), 'max_sample_len': 101376, 'max_causal...
           │             │      └ ()
           │             └ Qwen3VLTextModel(
           │                 (embed_tokens): Embedding(151936, 4096)
           │                 (layers): ModuleList(
           │                   (0-35): 36 x FSDPOptimizedModule(
           │                  ...
           └ <function _impl_forward at 0x7f0f3b79f380>

  File "/share/project/eai_pwm/home/hcr/worktrees/cosmos-framework-pwm-load-balance/cosmos_framework/model/generator/mot/unified_mot.py", line 1084, in _impl_forward
    hidden_states, lbl_metadata_dict, kv_to_store = decoder_layer(
    │                                               └ FSDPOptimizedModule(
    │                                                   (_orig_mod): CheckpointWrapper(
    │                                                     (_checkpoint_wrapped_module): MoTDecoderLayer(
    │                                                       (self_attn): ...
    └ {'sample_offsets': tensor([    0, 61110], device='cuda:6', dtype=torch.int32), 'max_sample_len': 101376, 'max_causal_len': 30...

  File "/usr/local/lib/python3.12/dist-packages/torch/_dynamo/eval_frame.py", line 468, in __call__
    return super().__call__(*args, **kwargs)
                             │       └ {'natten_metadata': None, 'memory_value': None, 'gen_only': False}
                             └ ({'sample_offsets': tensor([    0, 61110], device='cuda:6', dtype=torch.int32), 'max_sample_len': 101376, 'max_causal_len': 3...

  File "/usr/local/lib/python3.12/dist-packages/torch/nn/modules/module.py", line 1778, in _wrapped_call_impl
    return self._call_impl(*args, **kwargs)
           │    │           │       └ {'natten_metadata': None, 'memory_value': None, 'gen_only': False}
           │    │           └ ({'sample_offsets': tensor([    0, 61110], device='cuda:6', dtype=torch.int32), 'max_sample_len': 101376, 'max_causal_len': 3...
           │    └ <function Module._call_impl at 0x7f12093077e0>
           └ FSDPOptimizedModule(
               (_orig_mod): CheckpointWrapper(
                 (_checkpoint_wrapped_module): MoTDecoderLayer(
                   (self_attn): ...

  File "/usr/local/lib/python3.12/dist-packages/torch/nn/modules/module.py", line 1884, in _call_impl
    return inner()
           └ <function Module._call_impl.<locals>.inner at 0x7f0d84aa6020>

  File "/usr/local/lib/python3.12/dist-packages/torch/nn/modules/module.py", line 1832, in inner
    result = forward_call(*args, **kwargs)
             │             │       └ {'natten_metadata': None, 'memory_value': None, 'gen_only': False}
             │             └ ({'sample_offsets': tensor([    0, 61110], device='cuda:6', dtype=torch.int32), 'max_sample_len': 101376, 'max_causal_len': 3...
             └ <function Module._wrapped_call_impl at 0x7f0ec4524040>

  File "/usr/local/lib/python3.12/dist-packages/torch/_dynamo/eval_frame.py", line 1030, in compile_wrapper
    raise e.with_traceback(None) from e.__cause__  # User compiler error

torch._dynamo.exc.Unsupported: Observed exception
  Explanation: Dynamo found no exception handler at the top-level compiled function when encountering an exception. Exception will propagate outside the compiled region.
  Hint: Your code may result in an error when running in eager. Please double check that your code doesn't contain a similar error when actually running eager/uncompiled. You can do this by removing the `torch.compile` call, or by using `torch.compiler.set_stance("force_eager")`. 
  Hint: It may be possible to write Dynamo tracing rules for this code. Please report an issue to PyTorch if you encounter this graph break often and it is causing performance issues.

  Developer debug context: raised exception ValueError([ConstantVariable(str: 'Could not find a compatible Attention backend for this use case / device. Try running with debug logs to find out why.')])

 For more details about this graph break, please visit: https://meta-pytorch.github.io/compile-graph-break-site/gb/gb0088.html

from user code:
   File "/usr/local/lib/python3.12/dist-packages/torch/distributed/algorithms/_checkpoint/checkpoint_wrapper.py", line 169, in forward
    return self.checkpoint_fn(  # type: ignore[misc]
  File "/share/project/eai_pwm/home/hcr/worktrees/cosmos-framework-pwm-load-balance/cosmos_framework/model/generator/mot/unified_mot.py", line 1360, in forward
    pack_attn_out, kv_to_store = self.self_attn(
  File "/share/project/eai_pwm/home/hcr/worktrees/cosmos-framework-pwm-load-balance/cosmos_framework/model/generator/mot/unified_mot.py", line 729, in forward
    packed_attn_output, kv_to_store = self.dispatch_attention_fn(
  File "/share/project/eai_pwm/home/hcr/worktrees/cosmos-framework-pwm-load-balance/cosmos_framework/model/generator/mot/attention.py", line 702, in dispatch_attention
    output = two_way_attention(
  File "/share/project/eai_pwm/home/hcr/worktrees/cosmos-framework-pwm-load-balance/cosmos_framework/model/generator/mot/attention.py", line 257, in two_way_attention
    causal_res = attention(
  File "/share/project/eai_pwm/home/hcr/worktrees/cosmos-framework-pwm-load-balance/cosmos_framework/model/attention/frontend.py", line 224, in attention
    raise ValueError(

Set TORCHDYNAMO_VERBOSE=1 for the internal stack trace (please do this especially if you're reporting a bug to PyTorch). For even more developer context, set TORCH_LOGS="+dynamo"

2026-09-24 16:05:24.290 | ERROR    | __main__:<module>:320 - An error has been caught in function '<module>', process 'MainProcess' (324514), thread 'MainThread' (139877355163776):
torch._dynamo.exc.ObservedValueErrorError: raised exception ExceptionVariable(<class 'ValueError'>)


The above exception was the direct cause of the following exception:


Traceback (most recent call last):

  File "/share/project/eai_pwm/home/hcr/worktrees/cosmos-framework-pwm-load-balance/plans/v0.2.3c_kernel_list/run_profile.py", line 43, in <module>
    main()
    └ <function main at 0x7f37bbdf2700>

  File "/share/project/eai_pwm/home/hcr/worktrees/cosmos-framework-pwm-load-balance/plans/v0.2.3c_kernel_list/run_profile.py", line 37, in main
    runpy.run_module("cosmos_framework.scripts.train", run_name="__main__")
    │     └ <function run_module at 0x7f37bbdf2e80>
    └ <module 'runpy' (frozen)>

  File "<frozen runpy>", line 229, in run_module
  File "<frozen runpy>", line 88, in _run_code

> File "/share/project/eai_pwm/home/hcr/worktrees/cosmos-framework-pwm-load-balance/cosmos_framework/scripts/train.py", line 320, in <module>
    launch(config, args)
    │      │       └ Namespace(sft_toml='/share/project/eai_pwm/home/hcr/worktrees/cosmos-framework-pwm-load-balance/examples/toml/sft_config/visi...
    │      └ Config(model={'config': {'tokenizer': {'bucket_name': '', 'object_store_credential_path_pretrained': '', 'vae_path': 'pretrai...
    └ <function launch at 0x7f36d0e77880>

  File "/share/project/eai_pwm/home/hcr/worktrees/cosmos-framework-pwm-load-balance/cosmos_framework/utils/training_telemetry/telemetry.py", line 65, in wrapper
    return func(config, *args, **kwargs)
           │    │        │       └ {}
           │    │        └ (Namespace(sft_toml='/share/project/eai_pwm/home/hcr/worktrees/cosmos-framework-pwm-load-balance/examples/toml/sft_config/vis...
           │    └ Config(model={'config': {'tokenizer': {'bucket_name': '', 'object_store_credential_path_pretrained': '', 'vae_path': 'pretrai...
           └ <function launch at 0x7f36d0e774c0>

  File "/share/project/eai_pwm/home/hcr/worktrees/cosmos-framework-pwm-load-balance/cosmos_framework/scripts/train.py", line 197, in launch
    _run_training(config, args)
    │             │       └ Namespace(sft_toml='/share/project/eai_pwm/home/hcr/worktrees/cosmos-framework-pwm-load-balance/examples/toml/sft_config/visi...
    │             └ Config(model={'config': {'tokenizer': {'bucket_name': '', 'object_store_credential_path_pretrained': '', 'vae_path': 'pretrai...
    └ <function _run_training at 0x7f36d0e77920>

  File "/share/project/eai_pwm/home/hcr/worktrees/cosmos-framework-pwm-load-balance/cosmos_framework/scripts/train.py", line 242, in _run_training
    trainer.train(
    │       └ <function ImaginaireTrainer.train at 0x7f36d0fb4fe0>
    └ <cosmos_framework.trainer.ImaginaireTrainer object at 0x7f3423c1c740>

  File "/share/project/eai_pwm/home/hcr/worktrees/cosmos-framework-pwm-load-balance/cosmos_framework/trainer/__init__.py", line 346, in train
    output_batch, loss, grad_accum_iter = self.training_step(
                                          │    └ <function ImaginaireTrainer.training_step at 0x7f36d0fb5080>
                                          └ <cosmos_framework.trainer.ImaginaireTrainer object at 0x7f3423c1c740>

  File "/share/project/eai_pwm/home/hcr/worktrees/cosmos-framework-pwm-load-balance/cosmos_framework/trainer/__init__.py", line 426, in training_step
    output_batch, loss = model_ddp.training_step(data, iteration)
                         │         │             │     └ 12600
                         │         │             └ {'ai_caption': ['{"scene": "A living room with polished wooden flooring and white walls. A beige and gray sectional sofa with...
                         │         └ <function OmniMoTModel.training_step at 0x7f342b4851c0>
                         └ OmniMoTModel(
                             (net): FSDPCosmos3VFMNetwork(
                               (language_model): Qwen3VLTextForCausalLM(
                                 (model): Qwen3VLTextModel(
                           ...

  File "/share/project/eai_pwm/home/hcr/worktrees/cosmos-framework-pwm-load-balance/cosmos_framework/model/generator/omni_mot_model.py", line 1303, in training_step
    return self.training_step_for_task(task, data_batch, iteration)
           │    │                      │     │           └ 12600
           │    │                      │     └ {'ai_caption': ['{"scene": "A living room with polished wooden flooring and white walls. A beige and gray sectional sofa with...
           │    │                      └ 'gen'
           │    └ <function OmniMoTModel.training_step_for_task at 0x7f342b485120>
           └ OmniMoTModel(
               (net): FSDPCosmos3VFMNetwork(
                 (language_model): Qwen3VLTextForCausalLM(
                   (model): Qwen3VLTextModel(
             ...

  File "/share/project/eai_pwm/home/hcr/worktrees/cosmos-framework-pwm-load-balance/cosmos_framework/model/generator/omni_mot_model.py", line 1274, in training_step_for_task
    output, raw_loss = self._training_step_gen(data_batch, iteration)
                       │    │                  │           └ 12600
                       │    │                  └ {'ai_caption': ['{"scene": "A living room with polished wooden flooring and white walls. A beige and gray sectional sofa with...
                       │    └ <function OmniMoTModel._training_step_gen at 0x7f342b485300>
                       └ OmniMoTModel(
                           (net): FSDPCosmos3VFMNetwork(
                             (language_model): Qwen3VLTextForCausalLM(
                               (model): Qwen3VLTextModel(
                         ...

  File "/share/project/eai_pwm/home/hcr/worktrees/cosmos-framework-pwm-load-balance/cosmos_framework/model/generator/omni_mot_model.py", line 1559, in _training_step_gen
    out_net = self.denoise(
              │    └ <function OmniMoTModel.denoise at 0x7f342b487380>
              └ OmniMoTModel(
                  (net): FSDPCosmos3VFMNetwork(
                    (language_model): Qwen3VLTextForCausalLM(
                      (model): Qwen3VLTextModel(
                ...

  File "/share/project/eai_pwm/home/hcr/worktrees/cosmos-framework-pwm-load-balance/cosmos_framework/model/generator/omni_mot_model.py", line 5115, in denoise
    out_net = net(
              └ FSDPCosmos3VFMNetwork(
                  (language_model): Qwen3VLTextForCausalLM(
                    (model): Qwen3VLTextModel(
                      (embed_tokens): Embed...

  File "/usr/local/lib/python3.12/dist-packages/torch/nn/modules/module.py", line 1778, in _wrapped_call_impl
    return self._call_impl(*args, **kwargs)
           │    │           │       └ {'packed_seq': PackedSequence(sample_lens=[60323], split_lens=[323, 60000], attn_modes=['causal', 'full'], is_image_batch=Fal...
           │    │           └ ()
           │    └ <function Module._call_impl at 0x7f36f95af7e0>
           └ FSDPCosmos3VFMNetwork(
               (language_model): Qwen3VLTextForCausalLM(
                 (model): Qwen3VLTextModel(
                   (embed_tokens): Embed...

  File "/usr/local/lib/python3.12/dist-packages/torch/nn/modules/module.py", line 1884, in _call_impl
    return inner()
           └ <function Module._call_impl.<locals>.inner at 0x7f3274c1bec0>

  File "/usr/local/lib/python3.12/dist-packages/torch/nn/modules/module.py", line 1832, in inner
    result = forward_call(*args, **kwargs)
             │             │       └ {'packed_seq': PackedSequence(sample_lens=[60323], split_lens=[323, 60000], attn_modes=['causal', 'full'], is_image_batch=Fal...
             │             └ ()
             └ <bound method Cosmos3VFMNetwork.forward of FSDPCosmos3VFMNetwork(
                 (language_model): Qwen3VLTextForCausalLM(
                   (model): Qw...

  File "/share/project/eai_pwm/home/hcr/worktrees/cosmos-framework-pwm-load-balance/cosmos_framework/model/generator/mot/cosmos3_vfm_network.py", line 1487, in forward
    packed_outputs, lbl_metadata = self.language_model(
                                   └ FSDPCosmos3VFMNetwork(
                                       (language_model): Qwen3VLTextForCausalLM(
                                         (model): Qwen3VLTextModel(
                                           (embed_tokens): Embed...

  File "/usr/local/lib/python3.12/dist-packages/torch/nn/modules/module.py", line 1778, in _wrapped_call_impl
    return self._call_impl(*args, **kwargs)
           │    │           │       └ {'attention_mask': <cosmos_framework.model.generator.mot.attention.SplitInfo object at 0x7f3424d28050>, 'position_ids': tenso...
           │    │           └ ({'sample_offsets': tensor([    0, 60323], device='cuda:0', dtype=torch.int32), 'max_sample_len': 101376, 'max_causal_len': 3...
           │    └ <function Module._call_impl at 0x7f36f95af7e0>
           └ Qwen3VLTextForCausalLM(
               (model): Qwen3VLTextModel(
                 (embed_tokens): Embedding(151936, 4096)
                 (layers): ModuleList(
               ...

  File "/usr/local/lib/python3.12/dist-packages/torch/nn/modules/module.py", line 1789, in _call_impl
    return forward_call(*args, **kwargs)
           │             │       └ {'attention_mask': <cosmos_framework.model.generator.mot.attention.SplitInfo object at 0x7f3424d28050>, 'position_ids': tenso...
           │             └ ({'sample_offsets': tensor([    0, 60323], device='cuda:0', dtype=torch.int32), 'max_sample_len': 101376, 'max_causal_len': 3...
           └ <bound method Qwen3VLTextForCausalLM.forward of Qwen3VLTextForCausalLM(
               (model): Qwen3VLTextModel(
                 (embed_tokens): Embe...

  File "/share/project/eai_pwm/home/hcr/worktrees/cosmos-framework-pwm-load-balance/cosmos_framework/model/generator/mot/unified_mot.py", line 2365, in forward
    outputs = self.model(
              └ Qwen3VLTextForCausalLM(
                  (model): Qwen3VLTextModel(
                    (embed_tokens): Embedding(151936, 4096)
                    (layers): ModuleList(
                  ...

  File "/usr/local/lib/python3.12/dist-packages/torch/nn/modules/module.py", line 1778, in _wrapped_call_impl
    return self._call_impl(*args, **kwargs)
           │    │           │       └ {'pack': {'sample_offsets': tensor([    0, 60323], device='cuda:0', dtype=torch.int32), 'max_sample_len': 101376, 'max_causal...
           │    │           └ ()
           │    └ <function Module._call_impl at 0x7f36f95af7e0>
           └ Qwen3VLTextModel(
               (embed_tokens): Embedding(151936, 4096)
               (layers): ModuleList(
                 (0-35): 36 x FSDPOptimizedModule(
                ...

  File "/usr/local/lib/python3.12/dist-packages/torch/nn/modules/module.py", line 1789, in _call_impl
    return forward_call(*args, **kwargs)
           │             │       └ {'pack': {'sample_offsets': tensor([    0, 60323], device='cuda:0', dtype=torch.int32), 'max_sample_len': 101376, 'max_causal...
           │             └ ()
           └ <bound method Qwen3VLTextModel.forward of Qwen3VLTextModel(
               (embed_tokens): Embedding(151936, 4096)
               (layers): ModuleList(...

  File "/share/project/eai_pwm/home/hcr/worktrees/cosmos-framework-pwm-load-balance/cosmos_framework/model/generator/mot/unified_mot.py", line 1543, in forward
    return _impl_forward(self, *args, **kwargs)
           │             │      │       └ {'pack': {'sample_offsets': tensor([    0, 60323], device='cuda:0', dtype=torch.int32), 'max_sample_len': 101376, 'max_causal...
           │             │      └ ()
           │             └ Qwen3VLTextModel(
           │                 (embed_tokens): Embedding(151936, 4096)
           │                 (layers): ModuleList(
           │                   (0-35): 36 x FSDPOptimizedModule(
           │                  ...
           └ <function _impl_forward at 0x7f342ba9f380>

  File "/share/project/eai_pwm/home/hcr/worktrees/cosmos-framework-pwm-load-balance/cosmos_framework/model/generator/mot/unified_mot.py", line 1084, in _impl_forward
    hidden_states, lbl_metadata_dict, kv_to_store = decoder_layer(
    │                                               └ FSDPOptimizedModule(
    │                                                   (_orig_mod): CheckpointWrapper(
    │                                                     (_checkpoint_wrapped_module): MoTDecoderLayer(
    │                                                       (self_attn): ...
    └ {'sample_offsets': tensor([    0, 60323], device='cuda:0', dtype=torch.int32), 'max_sample_len': 101376, 'max_causal_len': 30...

  File "/usr/local/lib/python3.12/dist-packages/torch/_dynamo/eval_frame.py", line 468, in __call__
    return super().__call__(*args, **kwargs)
                             │       └ {'natten_metadata': None, 'memory_value': None, 'gen_only': False}
                             └ ({'sample_offsets': tensor([    0, 60323], device='cuda:0', dtype=torch.int32), 'max_sample_len': 101376, 'max_causal_len': 3...

  File "/usr/local/lib/python3.12/dist-packages/torch/nn/modules/module.py", line 1778, in _wrapped_call_impl
    return self._call_impl(*args, **kwargs)
           │    │           │       └ {'natten_metadata': None, 'memory_value': None, 'gen_only': False}
           │    │           └ ({'sample_offsets': tensor([    0, 60323], device='cuda:0', dtype=torch.int32), 'max_sample_len': 101376, 'max_causal_len': 3...
           │    └ <function Module._call_impl at 0x7f36f95af7e0>
           └ FSDPOptimizedModule(
               (_orig_mod): CheckpointWrapper(
                 (_checkpoint_wrapped_module): MoTDecoderLayer(
                   (self_attn): ...

  File "/usr/local/lib/python3.12/dist-packages/torch/nn/modules/module.py", line 1884, in _call_impl
    return inner()
           └ <function Module._call_impl.<locals>.inner at 0x7f30c6e5dd00>

  File "/usr/local/lib/python3.12/dist-packages/torch/nn/modules/module.py", line 1832, in inner
    result = forward_call(*args, **kwargs)
             │             │       └ {'natten_metadata': None, 'memory_value': None, 'gen_only': False}
             │             └ ({'sample_offsets': tensor([    0, 60323], device='cuda:0', dtype=torch.int32), 'max_sample_len': 101376, 'max_causal_len': 3...
             └ <function Module._wrapped_call_impl at 0x7f33b49d58a0>

  File "/usr/local/lib/python3.12/dist-packages/torch/_dynamo/eval_frame.py", line 1030, in compile_wrapper
    raise e.with_traceback(None) from e.__cause__  # User compiler error

torch._dynamo.exc.Unsupported: Observed exception
  Explanation: Dynamo found no exception handler at the top-level compiled function when encountering an exception. Exception will propagate outside the compiled region.
  Hint: Your code may result in an error when running in eager. Please double check that your code doesn't contain a similar error when actually running eager/uncompiled. You can do this by removing the `torch.compile` call, or by using `torch.compiler.set_stance("force_eager")`. 
  Hint: It may be possible to write Dynamo tracing rules for this code. Please report an issue to PyTorch if you encounter this graph break often and it is causing performance issues.

  Developer debug context: raised exception ValueError([ConstantVariable(str: 'Could not find a compatible Attention backend for this use case / device. Try running with debug logs to find out why.')])

 For more details about this graph break, please visit: https://meta-pytorch.github.io/compile-graph-break-site/gb/gb0088.html

from user code:
   File "/usr/local/lib/python3.12/dist-packages/torch/distributed/algorithms/_checkpoint/checkpoint_wrapper.py", line 169, in forward
    return self.checkpoint_fn(  # type: ignore[misc]
  File "/share/project/eai_pwm/home/hcr/worktrees/cosmos-framework-pwm-load-balance/cosmos_framework/model/generator/mot/unified_mot.py", line 1360, in forward
    pack_attn_out, kv_to_store = self.self_attn(
  File "/share/project/eai_pwm/home/hcr/worktrees/cosmos-framework-pwm-load-balance/cosmos_framework/model/generator/mot/unified_mot.py", line 729, in forward
    packed_attn_output, kv_to_store = self.dispatch_attention_fn(
  File "/share/project/eai_pwm/home/hcr/worktrees/cosmos-framework-pwm-load-balance/cosmos_framework/model/generator/mot/attention.py", line 702, in dispatch_attention
    output = two_way_attention(
  File "/share/project/eai_pwm/home/hcr/worktrees/cosmos-framework-pwm-load-balance/cosmos_framework/model/generator/mot/attention.py", line 257, in two_way_attention
    causal_res = attention(
  File "/share/project/eai_pwm/home/hcr/worktrees/cosmos-framework-pwm-load-balance/cosmos_framework/model/attention/frontend.py", line 224, in attention
    raise ValueError(

Set TORCHDYNAMO_VERBOSE=1 for the internal stack trace (please do this especially if you're reporting a bug to PyTorch). For even more developer context, set TORCH_LOGS="+dynamo"

[rank6]: torch._dynamo.exc.ObservedValueErrorError: raised exception ExceptionVariable(<class 'ValueError'>)

[rank6]: The above exception was the direct cause of the following exception:

[rank6]: Traceback (most recent call last):
[rank6]:   File "/share/project/eai_pwm/home/hcr/worktrees/cosmos-framework-pwm-load-balance/plans/v0.2.3c_kernel_list/run_profile.py", line 43, in <module>
[rank6]:     main()
[rank6]:   File "/share/project/eai_pwm/home/hcr/worktrees/cosmos-framework-pwm-load-balance/plans/v0.2.3c_kernel_list/run_profile.py", line 37, in main
[rank6]:     runpy.run_module("cosmos_framework.scripts.train", run_name="__main__")
[rank6]:   File "<frozen runpy>", line 229, in run_module
[rank6]:   File "<frozen runpy>", line 88, in _run_code
[rank6]:   File "/share/project/eai_pwm/home/hcr/worktrees/cosmos-framework-pwm-load-balance/cosmos_framework/scripts/train.py", line 320, in <module>
[rank6]:     launch(config, args)
[rank6]:   File "/opt/venv/lib/python3.12/site-packages/loguru/_logger.py", line 1297, in catch_wrapper
[rank6]:     return function(*args, **kwargs)
[rank6]:            ^^^^^^^^^^^^^^^^^^^^^^^^^
[rank6]:   File "/share/project/eai_pwm/home/hcr/worktrees/cosmos-framework-pwm-load-balance/cosmos_framework/utils/training_telemetry/telemetry.py", line 65, in wrapper
[rank6]:     return func(config, *args, **kwargs)
[rank6]:            ^^^^^^^^^^^^^^^^^^^^^^^^^^^^^
[rank6]:   File "/share/project/eai_pwm/home/hcr/worktrees/cosmos-framework-pwm-load-balance/cosmos_framework/scripts/train.py", line 197, in launch
[rank6]:     _run_training(config, args)
[rank6]:   File "/share/project/eai_pwm/home/hcr/worktrees/cosmos-framework-pwm-load-balance/cosmos_framework/scripts/train.py", line 242, in _run_training
[rank6]:     trainer.train(
[rank6]:   File "/share/project/eai_pwm/home/hcr/worktrees/cosmos-framework-pwm-load-balance/cosmos_framework/trainer/__init__.py", line 346, in train
[rank6]:     output_batch, loss, grad_accum_iter = self.training_step(
[rank6]:                                           ^^^^^^^^^^^^^^^^^^^
[rank6]:   File "/share/project/eai_pwm/home/hcr/worktrees/cosmos-framework-pwm-load-balance/cosmos_framework/trainer/__init__.py", line 426, in training_step
[rank6]:     output_batch, loss = model_ddp.training_step(data, iteration)
[rank6]:                          ^^^^^^^^^^^^^^^^^^^^^^^^^^^^^^^^^^^^^^^^
[rank6]:   File "/share/project/eai_pwm/home/hcr/worktrees/cosmos-framework-pwm-load-balance/cosmos_framework/model/generator/omni_mot_model.py", line 1303, in training_step
[rank6]:     return self.training_step_for_task(task, data_batch, iteration)
[rank6]:            ^^^^^^^^^^^^^^^^^^^^^^^^^^^^^^^^^^^^^^^^^^^^^^^^^^^^^^^^
[rank6]:   File "/share/project/eai_pwm/home/hcr/worktrees/cosmos-framework-pwm-load-balance/cosmos_framework/model/generator/omni_mot_model.py", line 1274, in training_step_for_task
[rank6]:     output, raw_loss = self._training_step_gen(data_batch, iteration)
[rank6]:                        ^^^^^^^^^^^^^^^^^^^^^^^^^^^^^^^^^^^^^^^^^^^^^^
[rank6]:   File "/share/project/eai_pwm/home/hcr/worktrees/cosmos-framework-pwm-load-balance/cosmos_framework/model/generator/omni_mot_model.py", line 1559, in _training_step_gen
[rank6]:     out_net = self.denoise(
[rank6]:               ^^^^^^^^^^^^^
[rank6]:   File "/share/project/eai_pwm/home/hcr/worktrees/cosmos-framework-pwm-load-balance/cosmos_framework/model/generator/omni_mot_model.py", line 5115, in denoise
[rank6]:     out_net = net(
[rank6]:               ^^^^
[rank6]:   File "/usr/local/lib/python3.12/dist-packages/torch/nn/modules/module.py", line 1778, in _wrapped_call_impl
[rank6]:     return self._call_impl(*args, **kwargs)
[rank6]:            ^^^^^^^^^^^^^^^^^^^^^^^^^^^^^^^^
[rank6]:   File "/usr/local/lib/python3.12/dist-packages/torch/nn/modules/module.py", line 1884, in _call_impl
[rank6]:     return inner()
[rank6]:            ^^^^^^^
[rank6]:   File "/usr/local/lib/python3.12/dist-packages/torch/nn/modules/module.py", line 1832, in inner
[rank6]:     result = forward_call(*args, **kwargs)
[rank6]:              ^^^^^^^^^^^^^^^^^^^^^^^^^^^^^
[rank6]:   File "/share/project/eai_pwm/home/hcr/worktrees/cosmos-framework-pwm-load-balance/cosmos_framework/model/generator/mot/cosmos3_vfm_network.py", line 1487, in forward
[rank6]:     packed_outputs, lbl_metadata = self.language_model(
[rank6]:                                    ^^^^^^^^^^^^^^^^^^^^
[rank6]:   File "/usr/local/lib/python3.12/dist-packages/torch/nn/modules/module.py", line 1778, in _wrapped_call_impl
[rank6]:     return self._call_impl(*args, **kwargs)
[rank6]:            ^^^^^^^^^^^^^^^^^^^^^^^^^^^^^^^^
[rank6]:   File "/usr/local/lib/python3.12/dist-packages/torch/nn/modules/module.py", line 1789, in _call_impl
[rank6]:     return forward_call(*args, **kwargs)
[rank6]:            ^^^^^^^^^^^^^^^^^^^^^^^^^^^^^
[rank6]:   File "/share/project/eai_pwm/home/hcr/worktrees/cosmos-framework-pwm-load-balance/cosmos_framework/model/generator/mot/unified_mot.py", line 2365, in forward
[rank6]:     outputs = self.model(
[rank6]:               ^^^^^^^^^^^
[rank6]:   File "/usr/local/lib/python3.12/dist-packages/torch/nn/modules/module.py", line 1778, in _wrapped_call_impl
[rank6]:     return self._call_impl(*args, **kwargs)
[rank6]:            ^^^^^^^^^^^^^^^^^^^^^^^^^^^^^^^^
[rank6]:   File "/usr/local/lib/python3.12/dist-packages/torch/nn/modules/module.py", line 1789, in _call_impl
[rank6]:     return forward_call(*args, **kwargs)
[rank6]:            ^^^^^^^^^^^^^^^^^^^^^^^^^^^^^
[rank6]:   File "/share/project/eai_pwm/home/hcr/worktrees/cosmos-framework-pwm-load-balance/cosmos_framework/model/generator/mot/unified_mot.py", line 1543, in forward
[rank6]:     return _impl_forward(self, *args, **kwargs)
[rank6]:            ^^^^^^^^^^^^^^^^^^^^^^^^^^^^^^^^^^^^
[rank6]:   File "/share/project/eai_pwm/home/hcr/worktrees/cosmos-framework-pwm-load-balance/cosmos_framework/model/generator/mot/unified_mot.py", line 1084, in _impl_forward
[rank6]:     hidden_states, lbl_metadata_dict, kv_to_store = decoder_layer(
[rank6]:                                                     ^^^^^^^^^^^^^^
[rank6]:   File "/usr/local/lib/python3.12/dist-packages/torch/_dynamo/eval_frame.py", line 468, in __call__
[rank6]:     return super().__call__(*args, **kwargs)
[rank6]:            ^^^^^^^^^^^^^^^^^^^^^^^^^^^^^^^^^
[rank6]:   File "/usr/local/lib/python3.12/dist-packages/torch/nn/modules/module.py", line 1778, in _wrapped_call_impl
[rank6]:     return self._call_impl(*args, **kwargs)
[rank6]:            ^^^^^^^^^^^^^^^^^^^^^^^^^^^^^^^^
[rank6]:   File "/usr/local/lib/python3.12/dist-packages/torch/nn/modules/module.py", line 1884, in _call_impl
[rank6]:     return inner()
[rank6]:            ^^^^^^^
[rank6]:   File "/usr/local/lib/python3.12/dist-packages/torch/nn/modules/module.py", line 1832, in inner
[rank6]:     result = forward_call(*args, **kwargs)
[rank6]:              ^^^^^^^^^^^^^^^^^^^^^^^^^^^^^
[rank6]:   File "/usr/local/lib/python3.12/dist-packages/torch/_dynamo/eval_frame.py", line 1030, in compile_wrapper
[rank6]:     raise e.with_traceback(None) from e.__cause__  # User compiler error
[rank6]:     ^^^^^^^^^^^^^^^^^^^^^^^^^^^^^^^^^^^^^^^^^^^^^
[rank6]: torch._dynamo.exc.Unsupported: Observed exception
[rank6]:   Explanation: Dynamo found no exception handler at the top-level compiled function when encountering an exception. Exception will propagate outside the compiled region.
[rank6]:   Hint: Your code may result in an error when running in eager. Please double check that your code doesn't contain a similar error when actually running eager/uncompiled. You can do this by removing the `torch.compile` call, or by using `torch.compiler.set_stance("force_eager")`. 
[rank6]:   Hint: It may be possible to write Dynamo tracing rules for this code. Please report an issue to PyTorch if you encounter this graph break often and it is causing performance issues.

[rank6]:   Developer debug context: raised exception ValueError([ConstantVariable(str: 'Could not find a compatible Attention backend for this use case / device. Try running with debug logs to find out why.')])

[rank6]:  For more details about this graph break, please visit: https://meta-pytorch.github.io/compile-graph-break-site/gb/gb0088.html

[rank6]: from user code:
[rank6]:    File "/usr/local/lib/python3.12/dist-packages/torch/distributed/algorithms/_checkpoint/checkpoint_wrapper.py", line 169, in forward
[rank6]:     return self.checkpoint_fn(  # type: ignore[misc]
[rank6]:   File "/share/project/eai_pwm/home/hcr/worktrees/cosmos-framework-pwm-load-balance/cosmos_framework/model/generator/mot/unified_mot.py", line 1360, in forward
[rank6]:     pack_attn_out, kv_to_store = self.self_attn(
[rank6]:   File "/share/project/eai_pwm/home/hcr/worktrees/cosmos-framework-pwm-load-balance/cosmos_framework/model/generator/mot/unified_mot.py", line 729, in forward
[rank6]:     packed_attn_output, kv_to_store = self.dispatch_attention_fn(
[rank6]:   File "/share/project/eai_pwm/home/hcr/worktrees/cosmos-framework-pwm-load-balance/cosmos_framework/model/generator/mot/attention.py", line 702, in dispatch_attention
[rank6]:     output = two_way_attention(
[rank6]:   File "/share/project/eai_pwm/home/hcr/worktrees/cosmos-framework-pwm-load-balance/cosmos_framework/model/generator/mot/attention.py", line 257, in two_way_attention
[rank6]:     causal_res = attention(
[rank6]:   File "/share/project/eai_pwm/home/hcr/worktrees/cosmos-framework-pwm-load-balance/cosmos_framework/model/attention/frontend.py", line 224, in attention
[rank6]:     raise ValueError(

[rank6]: Set TORCHDYNAMO_VERBOSE=1 for the internal stack trace (please do this especially if you're reporting a bug to PyTorch). For even more developer context, set TORCH_LOGS="+dynamo"

[rank0]: torch._dynamo.exc.ObservedValueErrorError: raised exception ExceptionVariable(<class 'ValueError'>)

[rank0]: The above exception was the direct cause of the following exception:

[rank0]: Traceback (most recent call last):
[rank0]:   File "/share/project/eai_pwm/home/hcr/worktrees/cosmos-framework-pwm-load-balance/plans/v0.2.3c_kernel_list/run_profile.py", line 43, in <module>
[rank0]:     main()
[rank0]:   File "/share/project/eai_pwm/home/hcr/worktrees/cosmos-framework-pwm-load-balance/plans/v0.2.3c_kernel_list/run_profile.py", line 37, in main
[rank0]:     runpy.run_module("cosmos_framework.scripts.train", run_name="__main__")
[rank0]:   File "<frozen runpy>", line 229, in run_module
[rank0]:   File "<frozen runpy>", line 88, in _run_code
[rank0]:   File "/share/project/eai_pwm/home/hcr/worktrees/cosmos-framework-pwm-load-balance/cosmos_framework/scripts/train.py", line 320, in <module>
[rank0]:     launch(config, args)
[rank0]:   File "/opt/venv/lib/python3.12/site-packages/loguru/_logger.py", line 1297, in catch_wrapper
[rank0]:     return function(*args, **kwargs)
[rank0]:            ^^^^^^^^^^^^^^^^^^^^^^^^^
[rank0]:   File "/share/project/eai_pwm/home/hcr/worktrees/cosmos-framework-pwm-load-balance/cosmos_framework/utils/training_telemetry/telemetry.py", line 65, in wrapper
[rank0]:     return func(config, *args, **kwargs)
[rank0]:            ^^^^^^^^^^^^^^^^^^^^^^^^^^^^^
[rank0]:   File "/share/project/eai_pwm/home/hcr/worktrees/cosmos-framework-pwm-load-balance/cosmos_framework/scripts/train.py", line 197, in launch
[rank0]:     _run_training(config, args)
[rank0]:   File "/share/project/eai_pwm/home/hcr/worktrees/cosmos-framework-pwm-load-balance/cosmos_framework/scripts/train.py", line 242, in _run_training
[rank0]:     trainer.train(
[rank0]:   File "/share/project/eai_pwm/home/hcr/worktrees/cosmos-framework-pwm-load-balance/cosmos_framework/trainer/__init__.py", line 346, in train
[rank0]:     output_batch, loss, grad_accum_iter = self.training_step(
[rank0]:                                           ^^^^^^^^^^^^^^^^^^^
[rank0]:   File "/share/project/eai_pwm/home/hcr/worktrees/cosmos-framework-pwm-load-balance/cosmos_framework/trainer/__init__.py", line 426, in training_step
[rank0]:     output_batch, loss = model_ddp.training_step(data, iteration)
[rank0]:                          ^^^^^^^^^^^^^^^^^^^^^^^^^^^^^^^^^^^^^^^^
[rank0]:   File "/share/project/eai_pwm/home/hcr/worktrees/cosmos-framework-pwm-load-balance/cosmos_framework/model/generator/omni_mot_model.py", line 1303, in training_step
[rank0]:     return self.training_step_for_task(task, data_batch, iteration)
[rank0]:            ^^^^^^^^^^^^^^^^^^^^^^^^^^^^^^^^^^^^^^^^^^^^^^^^^^^^^^^^
[rank0]:   File "/share/project/eai_pwm/home/hcr/worktrees/cosmos-framework-pwm-load-balance/cosmos_framework/model/generator/omni_mot_model.py", line 1274, in training_step_for_task
[rank0]:     output, raw_loss = self._training_step_gen(data_batch, iteration)
[rank0]:                        ^^^^^^^^^^^^^^^^^^^^^^^^^^^^^^^^^^^^^^^^^^^^^^
[rank0]:   File "/share/project/eai_pwm/home/hcr/worktrees/cosmos-framework-pwm-load-balance/cosmos_framework/model/generator/omni_mot_model.py", line 1559, in _training_step_gen
[rank0]:     out_net = self.denoise(
[rank0]:               ^^^^^^^^^^^^^
[rank0]:   File "/share/project/eai_pwm/home/hcr/worktrees/cosmos-framework-pwm-load-balance/cosmos_framework/model/generator/omni_mot_model.py", line 5115, in denoise
[rank0]:     out_net = net(
[rank0]:               ^^^^
[rank0]:   File "/usr/local/lib/python3.12/dist-packages/torch/nn/modules/module.py", line 1778, in _wrapped_call_impl
[rank0]:     return self._call_impl(*args, **kwargs)
[rank0]:            ^^^^^^^^^^^^^^^^^^^^^^^^^^^^^^^^
[rank0]:   File "/usr/local/lib/python3.12/dist-packages/torch/nn/modules/module.py", line 1884, in _call_impl
[rank0]:     return inner()
[rank0]:            ^^^^^^^
[rank0]:   File "/usr/local/lib/python3.12/dist-packages/torch/nn/modules/module.py", line 1832, in inner
[rank0]:     result = forward_call(*args, **kwargs)
[rank0]:              ^^^^^^^^^^^^^^^^^^^^^^^^^^^^^
[rank0]:   File "/share/project/eai_pwm/home/hcr/worktrees/cosmos-framework-pwm-load-balance/cosmos_framework/model/generator/mot/cosmos3_vfm_network.py", line 1487, in forward
[rank0]:     packed_outputs, lbl_metadata = self.language_model(
[rank0]:                                    ^^^^^^^^^^^^^^^^^^^^
[rank0]:   File "/usr/local/lib/python3.12/dist-packages/torch/nn/modules/module.py", line 1778, in _wrapped_call_impl
[rank0]:     return self._call_impl(*args, **kwargs)
[rank0]:            ^^^^^^^^^^^^^^^^^^^^^^^^^^^^^^^^
[rank0]:   File "/usr/local/lib/python3.12/dist-packages/torch/nn/modules/module.py", line 1789, in _call_impl
[rank0]:     return forward_call(*args, **kwargs)
[rank0]:            ^^^^^^^^^^^^^^^^^^^^^^^^^^^^^
[rank0]:   File "/share/project/eai_pwm/home/hcr/worktrees/cosmos-framework-pwm-load-balance/cosmos_framework/model/generator/mot/unified_mot.py", line 2365, in forward
[rank0]:     outputs = self.model(
[rank0]:               ^^^^^^^^^^^
[rank0]:   File "/usr/local/lib/python3.12/dist-packages/torch/nn/modules/module.py", line 1778, in _wrapped_call_impl
[rank0]:     return self._call_impl(*args, **kwargs)
[rank0]:            ^^^^^^^^^^^^^^^^^^^^^^^^^^^^^^^^
[rank0]:   File "/usr/local/lib/python3.12/dist-packages/torch/nn/modules/module.py", line 1789, in _call_impl
[rank0]:     return forward_call(*args, **kwargs)
[rank0]:            ^^^^^^^^^^^^^^^^^^^^^^^^^^^^^
[rank0]:   File "/share/project/eai_pwm/home/hcr/worktrees/cosmos-framework-pwm-load-balance/cosmos_framework/model/generator/mot/unified_mot.py", line 1543, in forward
[rank0]:     return _impl_forward(self, *args, **kwargs)
[rank0]:            ^^^^^^^^^^^^^^^^^^^^^^^^^^^^^^^^^^^^
[rank0]:   File "/share/project/eai_pwm/home/hcr/worktrees/cosmos-framework-pwm-load-balance/cosmos_framework/model/generator/mot/unified_mot.py", line 1084, in _impl_forward
[rank0]:     hidden_states, lbl_metadata_dict, kv_to_store = decoder_layer(
[rank0]:                                                     ^^^^^^^^^^^^^^
[rank0]:   File "/usr/local/lib/python3.12/dist-packages/torch/_dynamo/eval_frame.py", line 468, in __call__
[rank0]:     return super().__call__(*args, **kwargs)
[rank0]:            ^^^^^^^^^^^^^^^^^^^^^^^^^^^^^^^^^
[rank0]:   File "/usr/local/lib/python3.12/dist-packages/torch/nn/modules/module.py", line 1778, in _wrapped_call_impl
[rank0]:     return self._call_impl(*args, **kwargs)
[rank0]:            ^^^^^^^^^^^^^^^^^^^^^^^^^^^^^^^^
[rank0]:   File "/usr/local/lib/python3.12/dist-packages/torch/nn/modules/module.py", line 1884, in _call_impl
[rank0]:     return inner()
[rank0]:            ^^^^^^^
[rank0]:   File "/usr/local/lib/python3.12/dist-packages/torch/nn/modules/module.py", line 1832, in inner
[rank0]:     result = forward_call(*args, **kwargs)
[rank0]:              ^^^^^^^^^^^^^^^^^^^^^^^^^^^^^
[rank0]:   File "/usr/local/lib/python3.12/dist-packages/torch/_dynamo/eval_frame.py", line 1030, in compile_wrapper
[rank0]:     raise e.with_traceback(None) from e.__cause__  # User compiler error
[rank0]:     ^^^^^^^^^^^^^^^^^^^^^^^^^^^^^^^^^^^^^^^^^^^^^
[rank0]: torch._dynamo.exc.Unsupported: Observed exception
[rank0]:   Explanation: Dynamo found no exception handler at the top-level compiled function when encountering an exception. Exception will propagate outside the compiled region.
[rank0]:   Hint: Your code may result in an error when running in eager. Please double check that your code doesn't contain a similar error when actually running eager/uncompiled. You can do this by removing the `torch.compile` call, or by using `torch.compiler.set_stance("force_eager")`. 
[rank0]:   Hint: It may be possible to write Dynamo tracing rules for this code. Please report an issue to PyTorch if you encounter this graph break often and it is causing performance issues.

[rank0]:   Developer debug context: raised exception ValueError([ConstantVariable(str: 'Could not find a compatible Attention backend for this use case / device. Try running with debug logs to find out why.')])

[rank0]:  For more details about this graph break, please visit: https://meta-pytorch.github.io/compile-graph-break-site/gb/gb0088.html

[rank0]: from user code:
[rank0]:    File "/usr/local/lib/python3.12/dist-packages/torch/distributed/algorithms/_checkpoint/checkpoint_wrapper.py", line 169, in forward
[rank0]:     return self.checkpoint_fn(  # type: ignore[misc]
[rank0]:   File "/share/project/eai_pwm/home/hcr/worktrees/cosmos-framework-pwm-load-balance/cosmos_framework/model/generator/mot/unified_mot.py", line 1360, in forward
[rank0]:     pack_attn_out, kv_to_store = self.self_attn(
[rank0]:   File "/share/project/eai_pwm/home/hcr/worktrees/cosmos-framework-pwm-load-balance/cosmos_framework/model/generator/mot/unified_mot.py", line 729, in forward
[rank0]:     packed_attn_output, kv_to_store = self.dispatch_attention_fn(
[rank0]:   File "/share/project/eai_pwm/home/hcr/worktrees/cosmos-framework-pwm-load-balance/cosmos_framework/model/generator/mot/attention.py", line 702, in dispatch_attention
[rank0]:     output = two_way_attention(
[rank0]:   File "/share/project/eai_pwm/home/hcr/worktrees/cosmos-framework-pwm-load-balance/cosmos_framework/model/generator/mot/attention.py", line 257, in two_way_attention
[rank0]:     causal_res = attention(
[rank0]:   File "/share/project/eai_pwm/home/hcr/worktrees/cosmos-framework-pwm-load-balance/cosmos_framework/model/attention/frontend.py", line 224, in attention
[rank0]:     raise ValueError(

[rank0]: Set TORCHDYNAMO_VERBOSE=1 for the internal stack trace (please do this especially if you're reporting a bug to PyTorch). For even more developer context, set TORCH_LOGS="+dynamo"

2026-09-24 16:05:24.377 | ERROR    | __main__:<module>:320 - An error has been caught in function '<module>', process 'MainProcess' (324518), thread 'MainThread' (140664375013504):
torch._dynamo.exc.ObservedValueErrorError: raised exception ExceptionVariable(<class 'ValueError'>)


The above exception was the direct cause of the following exception:


Traceback (most recent call last):

  File "/share/project/eai_pwm/home/hcr/worktrees/cosmos-framework-pwm-load-balance/plans/v0.2.3c_kernel_list/run_profile.py", line 43, in <module>
    main()
    └ <function main at 0x7feef9e8a700>

  File "/share/project/eai_pwm/home/hcr/worktrees/cosmos-framework-pwm-load-balance/plans/v0.2.3c_kernel_list/run_profile.py", line 37, in main
    runpy.run_module("cosmos_framework.scripts.train", run_name="__main__")
    │     └ <function run_module at 0x7feef9e8ae80>
    └ <module 'runpy' (frozen)>

  File "<frozen runpy>", line 229, in run_module
  File "<frozen runpy>", line 88, in _run_code

> File "/share/project/eai_pwm/home/hcr/worktrees/cosmos-framework-pwm-load-balance/cosmos_framework/scripts/train.py", line 320, in <module>
    launch(config, args)
    │      │       └ Namespace(sft_toml='/share/project/eai_pwm/home/hcr/worktrees/cosmos-framework-pwm-load-balance/examples/toml/sft_config/visi...
    │      └ Config(model={'config': {'tokenizer': {'bucket_name': '', 'object_store_credential_path_pretrained': '', 'vae_path': 'pretrai...
    └ <function launch at 0x7fee0f0c3880>

  File "/share/project/eai_pwm/home/hcr/worktrees/cosmos-framework-pwm-load-balance/cosmos_framework/utils/training_telemetry/telemetry.py", line 65, in wrapper
    return func(config, *args, **kwargs)
           │    │        │       └ {}
           │    │        └ (Namespace(sft_toml='/share/project/eai_pwm/home/hcr/worktrees/cosmos-framework-pwm-load-balance/examples/toml/sft_config/vis...
           │    └ Config(model={'config': {'tokenizer': {'bucket_name': '', 'object_store_credential_path_pretrained': '', 'vae_path': 'pretrai...
           └ <function launch at 0x7fee0f0c34c0>

  File "/share/project/eai_pwm/home/hcr/worktrees/cosmos-framework-pwm-load-balance/cosmos_framework/scripts/train.py", line 197, in launch
    _run_training(config, args)
    │             │       └ Namespace(sft_toml='/share/project/eai_pwm/home/hcr/worktrees/cosmos-framework-pwm-load-balance/examples/toml/sft_config/visi...
    │             └ Config(model={'config': {'tokenizer': {'bucket_name': '', 'object_store_credential_path_pretrained': '', 'vae_path': 'pretrai...
    └ <function _run_training at 0x7fee0f0c3920>

  File "/share/project/eai_pwm/home/hcr/worktrees/cosmos-framework-pwm-load-balance/cosmos_framework/scripts/train.py", line 242, in _run_training
    trainer.train(
    │       └ <function ImaginaireTrainer.train at 0x7fee0f204fe0>
    └ <cosmos_framework.trainer.ImaginaireTrainer object at 0x7feb619134d0>

  File "/share/project/eai_pwm/home/hcr/worktrees/cosmos-framework-pwm-load-balance/cosmos_framework/trainer/__init__.py", line 346, in train
    output_batch, loss, grad_accum_iter = self.training_step(
                                          │    └ <function ImaginaireTrainer.training_step at 0x7fee0f205080>
                                          └ <cosmos_framework.trainer.ImaginaireTrainer object at 0x7feb619134d0>

  File "/share/project/eai_pwm/home/hcr/worktrees/cosmos-framework-pwm-load-balance/cosmos_framework/trainer/__init__.py", line 426, in training_step
    output_batch, loss = model_ddp.training_step(data, iteration)
                         │         │             │     └ 12600
                         │         │             └ {'ai_caption': ['{"scene": "A bedroom interior with pale cream wallpaper bearing a faint damask pattern. A bed with a white h...
                         │         └ <function OmniMoTModel.training_step at 0x7feb697311c0>
                         └ OmniMoTModel(
                             (net): FSDPCosmos3VFMNetwork(
                               (language_model): Qwen3VLTextForCausalLM(
                                 (model): Qwen3VLTextModel(
                           ...

  File "/share/project/eai_pwm/home/hcr/worktrees/cosmos-framework-pwm-load-balance/cosmos_framework/model/generator/omni_mot_model.py", line 1303, in training_step
    return self.training_step_for_task(task, data_batch, iteration)
           │    │                      │     │           └ 12600
           │    │                      │     └ {'ai_caption': ['{"scene": "A bedroom interior with pale cream wallpaper bearing a faint damask pattern. A bed with a white h...
           │    │                      └ 'gen'
           │    └ <function OmniMoTModel.training_step_for_task at 0x7feb69731120>
           └ OmniMoTModel(
               (net): FSDPCosmos3VFMNetwork(
                 (language_model): Qwen3VLTextForCausalLM(
                   (model): Qwen3VLTextModel(
             ...

  File "/share/project/eai_pwm/home/hcr/worktrees/cosmos-framework-pwm-load-balance/cosmos_framework/model/generator/omni_mot_model.py", line 1274, in training_step_for_task
    output, raw_loss = self._training_step_gen(data_batch, iteration)
                       │    │                  │           └ 12600
                       │    │                  └ {'ai_caption': ['{"scene": "A bedroom interior with pale cream wallpaper bearing a faint damask pattern. A bed with a white h...
                       │    └ <function OmniMoTModel._training_step_gen at 0x7feb69731300>
                       └ OmniMoTModel(
                           (net): FSDPCosmos3VFMNetwork(
                             (language_model): Qwen3VLTextForCausalLM(
                               (model): Qwen3VLTextModel(
                         ...

  File "/share/project/eai_pwm/home/hcr/worktrees/cosmos-framework-pwm-load-balance/cosmos_framework/model/generator/omni_mot_model.py", line 1559, in _training_step_gen
    out_net = self.denoise(
              │    └ <function OmniMoTModel.denoise at 0x7feb69733380>
              └ OmniMoTModel(
                  (net): FSDPCosmos3VFMNetwork(
                    (language_model): Qwen3VLTextForCausalLM(
                      (model): Qwen3VLTextModel(
                ...

  File "/share/project/eai_pwm/home/hcr/worktrees/cosmos-framework-pwm-load-balance/cosmos_framework/model/generator/omni_mot_model.py", line 5115, in denoise
    out_net = net(
              └ FSDPCosmos3VFMNetwork(
                  (language_model): Qwen3VLTextForCausalLM(
                    (model): Qwen3VLTextModel(
                      (embed_tokens): Embed...

  File "/usr/local/lib/python3.12/dist-packages/torch/nn/modules/module.py", line 1778, in _wrapped_call_impl
    return self._call_impl(*args, **kwargs)
           │    │           │       └ {'packed_seq': PackedSequence(sample_lens=[55530], split_lens=[330, 55200], attn_modes=['causal', 'full'], is_image_batch=Fal...
           │    │           └ ()
           │    └ <function Module._call_impl at 0x7fee376bb7e0>
           └ FSDPCosmos3VFMNetwork(
               (language_model): Qwen3VLTextForCausalLM(
                 (model): Qwen3VLTextModel(
                   (embed_tokens): Embed...

  File "/usr/local/lib/python3.12/dist-packages/torch/nn/modules/module.py", line 1884, in _call_impl
    return inner()
           └ <function Module._call_impl.<locals>.inner at 0x7fe9acd919e0>

  File "/usr/local/lib/python3.12/dist-packages/torch/nn/modules/module.py", line 1832, in inner
    result = forward_call(*args, **kwargs)
             │             │       └ {'packed_seq': PackedSequence(sample_lens=[55530], split_lens=[330, 55200], attn_modes=['causal', 'full'], is_image_batch=Fal...
             │             └ ()
             └ <bound method Cosmos3VFMNetwork.forward of FSDPCosmos3VFMNetwork(
                 (language_model): Qwen3VLTextForCausalLM(
                   (model): Qw...

  File "/share/project/eai_pwm/home/hcr/worktrees/cosmos-framework-pwm-load-balance/cosmos_framework/model/generator/mot/cosmos3_vfm_network.py", line 1487, in forward
    packed_outputs, lbl_metadata = self.language_model(
                                   └ FSDPCosmos3VFMNetwork(
                                       (language_model): Qwen3VLTextForCausalLM(
                                         (model): Qwen3VLTextModel(
                                           (embed_tokens): Embed...

  File "/usr/local/lib/python3.12/dist-packages/torch/nn/modules/module.py", line 1778, in _wrapped_call_impl
    return self._call_impl(*args, **kwargs)
           │    │           │       └ {'attention_mask': <cosmos_framework.model.generator.mot.attention.SplitInfo object at 0x7fe9aed3ff20>, 'position_ids': tenso...
           │    │           └ ({'sample_offsets': tensor([    0, 55530], device='cuda:4', dtype=torch.int32), 'max_sample_len': 101376, 'max_causal_len': 3...
           │    └ <function Module._call_impl at 0x7fee376bb7e0>
           └ Qwen3VLTextForCausalLM(
               (model): Qwen3VLTextModel(
                 (embed_tokens): Embedding(151936, 4096)
                 (layers): ModuleList(
               ...

  File "/usr/local/lib/python3.12/dist-packages/torch/nn/modules/module.py", line 1789, in _call_impl
    return forward_call(*args, **kwargs)
           │             │       └ {'attention_mask': <cosmos_framework.model.generator.mot.attention.SplitInfo object at 0x7fe9aed3ff20>, 'position_ids': tenso...
           │             └ ({'sample_offsets': tensor([    0, 55530], device='cuda:4', dtype=torch.int32), 'max_sample_len': 101376, 'max_causal_len': 3...
           └ <bound method Qwen3VLTextForCausalLM.forward of Qwen3VLTextForCausalLM(
               (model): Qwen3VLTextModel(
                 (embed_tokens): Embe...

  File "/share/project/eai_pwm/home/hcr/worktrees/cosmos-framework-pwm-load-balance/cosmos_framework/model/generator/mot/unified_mot.py", line 2365, in forward
    outputs = self.model(
              └ Qwen3VLTextForCausalLM(
                  (model): Qwen3VLTextModel(
                    (embed_tokens): Embedding(151936, 4096)
                    (layers): ModuleList(
                  ...

  File "/usr/local/lib/python3.12/dist-packages/torch/nn/modules/module.py", line 1778, in _wrapped_call_impl
    return self._call_impl(*args, **kwargs)
           │    │           │       └ {'pack': {'sample_offsets': tensor([    0, 55530], device='cuda:4', dtype=torch.int32), 'max_sample_len': 101376, 'max_causal...
           │    │           └ ()
           │    └ <function Module._call_impl at 0x7fee376bb7e0>
           └ Qwen3VLTextModel(
               (embed_tokens): Embedding(151936, 4096)
               (layers): ModuleList(
                 (0-35): 36 x FSDPOptimizedModule(
                ...

  File "/usr/local/lib/python3.12/dist-packages/torch/nn/modules/module.py", line 1789, in _call_impl
    return forward_call(*args, **kwargs)
           │             │       └ {'pack': {'sample_offsets': tensor([    0, 55530], device='cuda:4', dtype=torch.int32), 'max_sample_len': 101376, 'max_causal...
           │             └ ()
           └ <bound method Qwen3VLTextModel.forward of Qwen3VLTextModel(
               (embed_tokens): Embedding(151936, 4096)
               (layers): ModuleList(...

  File "/share/project/eai_pwm/home/hcr/worktrees/cosmos-framework-pwm-load-balance/cosmos_framework/model/generator/mot/unified_mot.py", line 1543, in forward
    return _impl_forward(self, *args, **kwargs)
           │             │      │       └ {'pack': {'sample_offsets': tensor([    0, 55530], device='cuda:4', dtype=torch.int32), 'max_sample_len': 101376, 'max_causal...
           │             │      └ ()
           │             └ Qwen3VLTextModel(
           │                 (embed_tokens): Embedding(151936, 4096)
           │                 (layers): ModuleList(
           │                   (0-35): 36 x FSDPOptimizedModule(
           │                  ...
           └ <function _impl_forward at 0x7feb69c13380>

  File "/share/project/eai_pwm/home/hcr/worktrees/cosmos-framework-pwm-load-balance/cosmos_framework/model/generator/mot/unified_mot.py", line 1084, in _impl_forward
    hidden_states, lbl_metadata_dict, kv_to_store = decoder_layer(
    │                                               └ FSDPOptimizedModule(
    │                                                   (_orig_mod): CheckpointWrapper(
    │                                                     (_checkpoint_wrapped_module): MoTDecoderLayer(
    │                                                       (self_attn): ...
    └ {'sample_offsets': tensor([    0, 55530], device='cuda:4', dtype=torch.int32), 'max_sample_len': 101376, 'max_causal_len': 30...

  File "/usr/local/lib/python3.12/dist-packages/torch/_dynamo/eval_frame.py", line 468, in __call__
    return super().__call__(*args, **kwargs)
                             │       └ {'natten_metadata': None, 'memory_value': None, 'gen_only': False}
                             └ ({'sample_offsets': tensor([    0, 55530], device='cuda:4', dtype=torch.int32), 'max_sample_len': 101376, 'max_causal_len': 3...

  File "/usr/local/lib/python3.12/dist-packages/torch/nn/modules/module.py", line 1778, in _wrapped_call_impl
    return self._call_impl(*args, **kwargs)
           │    │           │       └ {'natten_metadata': None, 'memory_value': None, 'gen_only': False}
           │    │           └ ({'sample_offsets': tensor([    0, 55530], device='cuda:4', dtype=torch.int32), 'max_sample_len': 101376, 'max_causal_len': 3...
           │    └ <function Module._call_impl at 0x7fee376bb7e0>
           └ FSDPOptimizedModule(
               (_orig_mod): CheckpointWrapper(
                 (_checkpoint_wrapped_module): MoTDecoderLayer(
                   (self_attn): ...

  File "/usr/local/lib/python3.12/dist-packages/torch/nn/modules/module.py", line 1884, in _call_impl
    return inner()
           └ <function Module._call_impl.<locals>.inner at 0x7fe9aebb6020>

  File "/usr/local/lib/python3.12/dist-packages/torch/nn/modules/module.py", line 1832, in inner
    result = forward_call(*args, **kwargs)
             │             │       └ {'natten_metadata': None, 'memory_value': None, 'gen_only': False}
             │             └ ({'sample_offsets': tensor([    0, 55530], device='cuda:4', dtype=torch.int32), 'max_sample_len': 101376, 'max_causal_len': 3...
             └ <function Module._wrapped_call_impl at 0x7feb16940040>

  File "/usr/local/lib/python3.12/dist-packages/torch/_dynamo/eval_frame.py", line 1030, in compile_wrapper
    raise e.with_traceback(None) from e.__cause__  # User compiler error

torch._dynamo.exc.Unsupported: Observed exception
  Explanation: Dynamo found no exception handler at the top-level compiled function when encountering an exception. Exception will propagate outside the compiled region.
  Hint: Your code may result in an error when running in eager. Please double check that your code doesn't contain a similar error when actually running eager/uncompiled. You can do this by removing the `torch.compile` call, or by using `torch.compiler.set_stance("force_eager")`. 
  Hint: It may be possible to write Dynamo tracing rules for this code. Please report an issue to PyTorch if you encounter this graph break often and it is causing performance issues.

  Developer debug context: raised exception ValueError([ConstantVariable(str: 'Could not find a compatible Attention backend for this use case / device. Try running with debug logs to find out why.')])

 For more details about this graph break, please visit: https://meta-pytorch.github.io/compile-graph-break-site/gb/gb0088.html

from user code:
   File "/usr/local/lib/python3.12/dist-packages/torch/distributed/algorithms/_checkpoint/checkpoint_wrapper.py", line 169, in forward
    return self.checkpoint_fn(  # type: ignore[misc]
  File "/share/project/eai_pwm/home/hcr/worktrees/cosmos-framework-pwm-load-balance/cosmos_framework/model/generator/mot/unified_mot.py", line 1360, in forward
    pack_attn_out, kv_to_store = self.self_attn(
  File "/share/project/eai_pwm/home/hcr/worktrees/cosmos-framework-pwm-load-balance/cosmos_framework/model/generator/mot/unified_mot.py", line 729, in forward
    packed_attn_output, kv_to_store = self.dispatch_attention_fn(
  File "/share/project/eai_pwm/home/hcr/worktrees/cosmos-framework-pwm-load-balance/cosmos_framework/model/generator/mot/attention.py", line 702, in dispatch_attention
    output = two_way_attention(
  File "/share/project/eai_pwm/home/hcr/worktrees/cosmos-framework-pwm-load-balance/cosmos_framework/model/generator/mot/attention.py", line 257, in two_way_attention
    causal_res = attention(
  File "/share/project/eai_pwm/home/hcr/worktrees/cosmos-framework-pwm-load-balance/cosmos_framework/model/attention/frontend.py", line 224, in attention
    raise ValueError(

Set TORCHDYNAMO_VERBOSE=1 for the internal stack trace (please do this especially if you're reporting a bug to PyTorch). For even more developer context, set TORCH_LOGS="+dynamo"

[rank4]: torch._dynamo.exc.ObservedValueErrorError: raised exception ExceptionVariable(<class 'ValueError'>)

[rank4]: The above exception was the direct cause of the following exception:

[rank4]: Traceback (most recent call last):
[rank4]:   File "/share/project/eai_pwm/home/hcr/worktrees/cosmos-framework-pwm-load-balance/plans/v0.2.3c_kernel_list/run_profile.py", line 43, in <module>
[rank4]:     main()
[rank4]:   File "/share/project/eai_pwm/home/hcr/worktrees/cosmos-framework-pwm-load-balance/plans/v0.2.3c_kernel_list/run_profile.py", line 37, in main
[rank4]:     runpy.run_module("cosmos_framework.scripts.train", run_name="__main__")
[rank4]:   File "<frozen runpy>", line 229, in run_module
[rank4]:   File "<frozen runpy>", line 88, in _run_code
[rank4]:   File "/share/project/eai_pwm/home/hcr/worktrees/cosmos-framework-pwm-load-balance/cosmos_framework/scripts/train.py", line 320, in <module>
[rank4]:     launch(config, args)
[rank4]:   File "/opt/venv/lib/python3.12/site-packages/loguru/_logger.py", line 1297, in catch_wrapper
[rank4]:     return function(*args, **kwargs)
[rank4]:            ^^^^^^^^^^^^^^^^^^^^^^^^^
[rank4]:   File "/share/project/eai_pwm/home/hcr/worktrees/cosmos-framework-pwm-load-balance/cosmos_framework/utils/training_telemetry/telemetry.py", line 65, in wrapper
[rank4]:     return func(config, *args, **kwargs)
[rank4]:            ^^^^^^^^^^^^^^^^^^^^^^^^^^^^^
[rank4]:   File "/share/project/eai_pwm/home/hcr/worktrees/cosmos-framework-pwm-load-balance/cosmos_framework/scripts/train.py", line 197, in launch
[rank4]:     _run_training(config, args)
[rank4]:   File "/share/project/eai_pwm/home/hcr/worktrees/cosmos-framework-pwm-load-balance/cosmos_framework/scripts/train.py", line 242, in _run_training
[rank4]:     trainer.train(
[rank4]:   File "/share/project/eai_pwm/home/hcr/worktrees/cosmos-framework-pwm-load-balance/cosmos_framework/trainer/__init__.py", line 346, in train
[rank4]:     output_batch, loss, grad_accum_iter = self.training_step(
[rank4]:                                           ^^^^^^^^^^^^^^^^^^^
[rank4]:   File "/share/project/eai_pwm/home/hcr/worktrees/cosmos-framework-pwm-load-balance/cosmos_framework/trainer/__init__.py", line 426, in training_step
[rank4]:     output_batch, loss = model_ddp.training_step(data, iteration)
[rank4]:                          ^^^^^^^^^^^^^^^^^^^^^^^^^^^^^^^^^^^^^^^^
[rank4]:   File "/share/project/eai_pwm/home/hcr/worktrees/cosmos-framework-pwm-load-balance/cosmos_framework/model/generator/omni_mot_model.py", line 1303, in training_step
[rank4]:     return self.training_step_for_task(task, data_batch, iteration)
[rank4]:            ^^^^^^^^^^^^^^^^^^^^^^^^^^^^^^^^^^^^^^^^^^^^^^^^^^^^^^^^
[rank4]:   File "/share/project/eai_pwm/home/hcr/worktrees/cosmos-framework-pwm-load-balance/cosmos_framework/model/generator/omni_mot_model.py", line 1274, in training_step_for_task
[rank4]:     output, raw_loss = self._training_step_gen(data_batch, iteration)
[rank4]:                        ^^^^^^^^^^^^^^^^^^^^^^^^^^^^^^^^^^^^^^^^^^^^^^
[rank4]:   File "/share/project/eai_pwm/home/hcr/worktrees/cosmos-framework-pwm-load-balance/cosmos_framework/model/generator/omni_mot_model.py", line 1559, in _training_step_gen
[rank4]:     out_net = self.denoise(
[rank4]:               ^^^^^^^^^^^^^
[rank4]:   File "/share/project/eai_pwm/home/hcr/worktrees/cosmos-framework-pwm-load-balance/cosmos_framework/model/generator/omni_mot_model.py", line 5115, in denoise
[rank4]:     out_net = net(
[rank4]:               ^^^^
[rank4]:   File "/usr/local/lib/python3.12/dist-packages/torch/nn/modules/module.py", line 1778, in _wrapped_call_impl
[rank4]:     return self._call_impl(*args, **kwargs)
[rank4]:            ^^^^^^^^^^^^^^^^^^^^^^^^^^^^^^^^
[rank4]:   File "/usr/local/lib/python3.12/dist-packages/torch/nn/modules/module.py", line 1884, in _call_impl
[rank4]:     return inner()
[rank4]:            ^^^^^^^
[rank4]:   File "/usr/local/lib/python3.12/dist-packages/torch/nn/modules/module.py", line 1832, in inner
[rank4]:     result = forward_call(*args, **kwargs)
[rank4]:              ^^^^^^^^^^^^^^^^^^^^^^^^^^^^^
[rank4]:   File "/share/project/eai_pwm/home/hcr/worktrees/cosmos-framework-pwm-load-balance/cosmos_framework/model/generator/mot/cosmos3_vfm_network.py", line 1487, in forward
[rank4]:     packed_outputs, lbl_metadata = self.language_model(
[rank4]:                                    ^^^^^^^^^^^^^^^^^^^^
[rank4]:   File "/usr/local/lib/python3.12/dist-packages/torch/nn/modules/module.py", line 1778, in _wrapped_call_impl
[rank4]:     return self._call_impl(*args, **kwargs)
[rank4]:            ^^^^^^^^^^^^^^^^^^^^^^^^^^^^^^^^
[rank4]:   File "/usr/local/lib/python3.12/dist-packages/torch/nn/modules/module.py", line 1789, in _call_impl
[rank4]:     return forward_call(*args, **kwargs)
[rank4]:            ^^^^^^^^^^^^^^^^^^^^^^^^^^^^^
[rank4]:   File "/share/project/eai_pwm/home/hcr/worktrees/cosmos-framework-pwm-load-balance/cosmos_framework/model/generator/mot/unified_mot.py", line 2365, in forward
[rank4]:     outputs = self.model(
[rank4]:               ^^^^^^^^^^^
[rank4]:   File "/usr/local/lib/python3.12/dist-packages/torch/nn/modules/module.py", line 1778, in _wrapped_call_impl
[rank4]:     return self._call_impl(*args, **kwargs)
[rank4]:            ^^^^^^^^^^^^^^^^^^^^^^^^^^^^^^^^
[rank4]:   File "/usr/local/lib/python3.12/dist-packages/torch/nn/modules/module.py", line 1789, in _call_impl
[rank4]:     return forward_call(*args, **kwargs)
[rank4]:            ^^^^^^^^^^^^^^^^^^^^^^^^^^^^^
[rank4]:   File "/share/project/eai_pwm/home/hcr/worktrees/cosmos-framework-pwm-load-balance/cosmos_framework/model/generator/mot/unified_mot.py", line 1543, in forward
[rank4]:     return _impl_forward(self, *args, **kwargs)
[rank4]:            ^^^^^^^^^^^^^^^^^^^^^^^^^^^^^^^^^^^^
[rank4]:   File "/share/project/eai_pwm/home/hcr/worktrees/cosmos-framework-pwm-load-balance/cosmos_framework/model/generator/mot/unified_mot.py", line 1084, in _impl_forward
[rank4]:     hidden_states, lbl_metadata_dict, kv_to_store = decoder_layer(
[rank4]:                                                     ^^^^^^^^^^^^^^
[rank4]:   File "/usr/local/lib/python3.12/dist-packages/torch/_dynamo/eval_frame.py", line 468, in __call__
[rank4]:     return super().__call__(*args, **kwargs)
[rank4]:            ^^^^^^^^^^^^^^^^^^^^^^^^^^^^^^^^^
[rank4]:   File "/usr/local/lib/python3.12/dist-packages/torch/nn/modules/module.py", line 1778, in _wrapped_call_impl
[rank4]:     return self._call_impl(*args, **kwargs)
[rank4]:            ^^^^^^^^^^^^^^^^^^^^^^^^^^^^^^^^
[rank4]:   File "/usr/local/lib/python3.12/dist-packages/torch/nn/modules/module.py", line 1884, in _call_impl
[rank4]:     return inner()
[rank4]:            ^^^^^^^
[rank4]:   File "/usr/local/lib/python3.12/dist-packages/torch/nn/modules/module.py", line 1832, in inner
[rank4]:     result = forward_call(*args, **kwargs)
[rank4]:              ^^^^^^^^^^^^^^^^^^^^^^^^^^^^^
[rank4]:   File "/usr/local/lib/python3.12/dist-packages/torch/_dynamo/eval_frame.py", line 1030, in compile_wrapper
[rank4]:     raise e.with_traceback(None) from e.__cause__  # User compiler error
[rank4]:     ^^^^^^^^^^^^^^^^^^^^^^^^^^^^^^^^^^^^^^^^^^^^^
[rank4]: torch._dynamo.exc.Unsupported: Observed exception
[rank4]:   Explanation: Dynamo found no exception handler at the top-level compiled function when encountering an exception. Exception will propagate outside the compiled region.
[rank4]:   Hint: Your code may result in an error when running in eager. Please double check that your code doesn't contain a similar error when actually running eager/uncompiled. You can do this by removing the `torch.compile` call, or by using `torch.compiler.set_stance("force_eager")`. 
[rank4]:   Hint: It may be possible to write Dynamo tracing rules for this code. Please report an issue to PyTorch if you encounter this graph break often and it is causing performance issues.

[rank4]:   Developer debug context: raised exception ValueError([ConstantVariable(str: 'Could not find a compatible Attention backend for this use case / device. Try running with debug logs to find out why.')])

[rank4]:  For more details about this graph break, please visit: https://meta-pytorch.github.io/compile-graph-break-site/gb/gb0088.html

[rank4]: from user code:
[rank4]:    File "/usr/local/lib/python3.12/dist-packages/torch/distributed/algorithms/_checkpoint/checkpoint_wrapper.py", line 169, in forward
[rank4]:     return self.checkpoint_fn(  # type: ignore[misc]
[rank4]:   File "/share/project/eai_pwm/home/hcr/worktrees/cosmos-framework-pwm-load-balance/cosmos_framework/model/generator/mot/unified_mot.py", line 1360, in forward
[rank4]:     pack_attn_out, kv_to_store = self.self_attn(
[rank4]:   File "/share/project/eai_pwm/home/hcr/worktrees/cosmos-framework-pwm-load-balance/cosmos_framework/model/generator/mot/unified_mot.py", line 729, in forward
[rank4]:     packed_attn_output, kv_to_store = self.dispatch_attention_fn(
[rank4]:   File "/share/project/eai_pwm/home/hcr/worktrees/cosmos-framework-pwm-load-balance/cosmos_framework/model/generator/mot/attention.py", line 702, in dispatch_attention
[rank4]:     output = two_way_attention(
[rank4]:   File "/share/project/eai_pwm/home/hcr/worktrees/cosmos-framework-pwm-load-balance/cosmos_framework/model/generator/mot/attention.py", line 257, in two_way_attention
[rank4]:     causal_res = attention(
[rank4]:   File "/share/project/eai_pwm/home/hcr/worktrees/cosmos-framework-pwm-load-balance/cosmos_framework/model/attention/frontend.py", line 224, in attention
[rank4]:     raise ValueError(

[rank4]: Set TORCHDYNAMO_VERBOSE=1 for the internal stack trace (please do this especially if you're reporting a bug to PyTorch). For even more developer context, set TORCH_LOGS="+dynamo"

W0924 16:05:27.991000 324388 torch/distributed/elastic/multiprocessing/api.py:1014] Sending process 324514 closing signal SIGTERM
W0924 16:05:27.992000 324388 torch/distributed/elastic/multiprocessing/api.py:1014] Sending process 324515 closing signal SIGTERM
W0924 16:05:27.992000 324388 torch/distributed/elastic/multiprocessing/api.py:1014] Sending process 324516 closing signal SIGTERM
W0924 16:05:27.992000 324388 torch/distributed/elastic/multiprocessing/api.py:1014] Sending process 324517 closing signal SIGTERM
W0924 16:05:27.992000 324388 torch/distributed/elastic/multiprocessing/api.py:1014] Sending process 324518 closing signal SIGTERM
W0924 16:05:27.992000 324388 torch/distributed/elastic/multiprocessing/api.py:1014] Sending process 324519 closing signal SIGTERM
W0924 16:05:27.992000 324388 torch/distributed/elastic/multiprocessing/api.py:1014] Sending process 324520 closing signal SIGTERM
E0924 16:05:29.425000 324388 torch/distributed/elastic/multiprocessing/api.py:988] failed (exitcode: 1) local_rank: 7 (pid: 324521) of binary: /opt/venv/bin/python
Traceback (most recent call last):
  File "<frozen runpy>", line 198, in _run_module_as_main
  File "<frozen runpy>", line 88, in _run_code
  File "/usr/local/lib/python3.12/dist-packages/torch/distributed/run.py", line 1020, in <module>
    main()
  File "/usr/local/lib/python3.12/dist-packages/torch/distributed/elastic/multiprocessing/errors/__init__.py", line 367, in wrapper
    return f(*args, **kwargs)
           ^^^^^^^^^^^^^^^^^^
  File "/usr/local/lib/python3.12/dist-packages/torch/distributed/run.py", line 1016, in main
    run(args)
  File "/usr/local/lib/python3.12/dist-packages/torch/distributed/run.py", line 1007, in run
    elastic_launch(
  File "/usr/local/lib/python3.12/dist-packages/torch/distributed/launcher/api.py", line 184, in __call__
    return launch_agent(self._config, self._entrypoint, list(args))
           ^^^^^^^^^^^^^^^^^^^^^^^^^^^^^^^^^^^^^^^^^^^^^^^^^^^^^^^^
  File "/usr/local/lib/python3.12/dist-packages/torch/distributed/launcher/api.py", line 332, in launch_agent
    raise ChildFailedError(
torch.distributed.elastic.multiprocessing.errors.ChildFailedError: 
============================================================
/share/project/eai_pwm/home/hcr/worktrees/cosmos-framework-pwm-load-balance/plans/v0.2.3c_kernel_list/run_profile.py FAILED
------------------------------------------------------------
Failures:
[1]:
  time      : 2026-09-24_16:05:29
  host      : job-c17f88d9-a1cc-483d-b95d-25251e64afa9-master-0
  rank      : 0 (local_rank: 0)
  exitcode  : 1 (pid: 324514) 
  error_file: <N/A>
  traceback : To enable traceback see: https://pytorch.org/docs/stable/elastic/errors.html
[2]:
  time      : 2026-09-24_16:05:29
  host      : job-c17f88d9-a1cc-483d-b95d-25251e64afa9-master-0
  rank      : 1 (local_rank: 1)
  exitcode  : 1 (pid: 324515) 
  error_file: <N/A>
  traceback : To enable traceback see: https://pytorch.org/docs/stable/elastic/errors.html
[3]:
  time      : 2026-09-24_16:05:29
  host      : job-c17f88d9-a1cc-483d-b95d-25251e64afa9-master-0
  rank      : 2 (local_rank: 2)
  exitcode  : 1 (pid: 324516) 
  error_file: <N/A>
  traceback : To enable traceback see: https://pytorch.org/docs/stable/elastic/errors.html
[4]:
  time      : 2026-09-24_16:05:29
  host      : job-c17f88d9-a1cc-483d-b95d-25251e64afa9-master-0
  rank      : 3 (local_rank: 3)
  exitcode  : 1 (pid: 324517) 
  error_file: <N/A>
  traceback : To enable traceback see: https://pytorch.org/docs/stable/elastic/errors.html
[5]:
  time      : 2026-09-24_16:05:29
  host      : job-c17f88d9-a1cc-483d-b95d-25251e64afa9-master-0
  rank      : 4 (local_rank: 4)
  exitcode  : 1 (pid: 324518) 
  error_file: <N/A>
  traceback : To enable traceback see: https://pytorch.org/docs/stable/elastic/errors.html
[6]:
  time      : 2026-09-24_16:05:29
  host      : job-c17f88d9-a1cc-483d-b95d-25251e64afa9-master-0
  rank      : 5 (local_rank: 5)
  exitcode  : 1 (pid: 324519) 
  error_file: <N/A>
  traceback : To enable traceback see: https://pytorch.org/docs/stable/elastic/errors.html
[7]:
  time      : 2026-09-24_16:05:29
  host      : job-c17f88d9-a1cc-483d-b95d-25251e64afa9-master-0
  rank      : 6 (local_rank: 6)
  exitcode  : 1 (pid: 324520) 
  error_file: <N/A>
  traceback : To enable traceback see: https://pytorch.org/docs/stable/elastic/errors.html
------------------------------------------------------------
Root Cause (first observed failure):
[0]:
  time      : 2026-09-24_16:05:27
  host      : job-c17f88d9-a1cc-483d-b95d-25251e64afa9-master-0
  rank      : 7 (local_rank: 7)
  exitcode  : 1 (pid: 324521) 
  error_file: <N/A>
  traceback : To enable traceback see: https://pytorch.org/docs/stable/elastic/errors.html
============================================================
