custom_operator,execution_operator,kernel_name,variant_index,mapping_status,input_shapes,input_dtypes,candidate_operators,kernel_event_count,kernel_time_us
null,aten::_chunk_cat,"void at::native::detail::chunk_cat_cuda_kernel<char, char>(char**, char*, long*, long*, long*, long*, long*, long*, long, long, long)",1,operator_shape_matched,"[[],[],[],[8,24118304]]",[],null,216,66057.413
null,aten::_chunk_cat,"void at::native::detail::chunk_cat_cuda_kernel<char, char>(char**, char*, long*, long*, long*, long*, long*, long*, long, long, long)",2,operator_shape_matched,"[[],[],[],[8,2426904]]",[],null,6,222.976
null,aten::_foreach_add_,"void at::native::(anonymous namespace)::multi_tensor_apply_kernel<at::native::(anonymous namespace)::TensorListMetadata<1>, at::native::(anonymous namespace)::BinaryOpScalarFunctor<float, 1, 1, 0>, std::plus<float>, float>(at::native::(anonymous namespace)::TensorListMetadata<1>, at::native::(anonymous namespace)::BinaryOpScalarFunctor<float, 1, 1, 0>, std::plus<float>, float)",1,operator_shape_matched,"[[],[]]","[""TensorList"",""Scalar""]",null,12,21.055
null,aten::_foreach_copy_,"void at::native::(anonymous namespace)::multi_tensor_apply_kernel<at::native::(anonymous namespace)::TensorListMetadata<2>, at::native::(anonymous namespace)::UnaryOpFunctor<c10::BFloat16, 2, 1, 1>, at::native::Copy<c10::BFloat16, c10::BFloat16> >(at::native::(anonymous namespace)::TensorListMetadata<2>, at::native::(anonymous namespace)::UnaryOpFunctor<c10::BFloat16, 2, 1, 1>, at::native::Copy<c10::BFloat16, c10::BFloat16>)",1,operator_shape_matched,"[[],[],[]]",[],null,1344,67232.973
null,aten::_foreach_mul_,"void at::native::(anonymous namespace)::multi_tensor_apply_kernel<at::native::(anonymous namespace)::TensorListMetadata<1>, at::native::(anonymous namespace)::BinaryOpScalarTensorFunctor<c10::BFloat16, 1, 1, 0>, std::multiplies<float>, c10::BFloat16*, float>(at::native::(anonymous namespace)::TensorListMetadata<1>, at::native::(anonymous namespace)::BinaryOpScalarTensorFunctor<c10::BFloat16, 1, 1, 0>, std::multiplies<float>, c10::BFloat16*, float)",1,operator_shape_matched,"[[],[]]","[""TensorList"",""c10::BFloat16""]",null,126,7511.564
null,aten::_foreach_norm,"void at::native::(anonymous namespace)::multi_tensor_apply_kernel<at::native::(anonymous namespace)::TensorListMetadata<1>, at::native::LpNormFunctor<c10::BFloat16, (at::native::NormType)1, c10::BFloat16, 1, 1, 0>, float*, int>(at::native::(anonymous namespace)::TensorListMetadata<1>, at::native::LpNormFunctor<c10::BFloat16, (at::native::NormType)1, c10::BFloat16, 1, 1, 0>, float*, int)",1,operator_shape_matched,"[[],[],[]]","[""TensorList"",""Scalar"",""""]",null,126,2558.762
null,aten::_foreach_norm,"void at::native::lpnorm_cleanup<c10::BFloat16, (at::native::NormType)1, c10::BFloat16, float>(float const*, at::native::TensorListAddresses, int)",1,operator_shape_matched,"[[],[],[]]","[""TensorList"",""Scalar"",""""]",null,6,12.191
null,aten::_fused_adamw_,"void at::native::(anonymous namespace)::multi_tensor_apply_kernel<at::native::(anonymous namespace)::FusedOptimizerTensorListMetadata<4>, at::native::(anonymous namespace)::FusedAdamMathFunctor<c10::BFloat16, 4, (at::native::ADAM_MODE)1, false>, float const*, double, double, double, double, double, bool, float const*, float const*>(at::native::(anonymous namespace)::FusedOptimizerTensorListMetadata<4>, at::native::(anonymous namespace)::FusedAdamMathFunctor<c10::BFloat16, 4, (at::native::ADAM_MODE)1, false>, float const*, double, double, double, double, double, bool, float const*, float const*)",1,operator_shape_matched,"[[],[],[],[],[],[],[],[],[],[],[],[],[],[],[]]","[""TensorList"",""TensorList"",""TensorList"",""TensorList"",""TensorList"",""TensorList"",""Scalar"",""Scalar"",""Scalar"",""Scalar"",""Scalar"",""Scalar"",""Scalar"","""",""""]",null,126,17776.866
null,aten::_index_put_impl_,"void (anonymous namespace)::indexing_backward_kernel<c10::BFloat16, 4>(long const*, long const*, c10::BFloat16 const*, c10::BFloat16*, long, long, long, long, bool)",1,operator_shape_matched,"[[98970,4096],[],[97800,4096],[],[]]","[""c10::BFloat16"","""",""c10::BFloat16"",""Scalar"",""Scalar""]",null,1,1439.72
null,aten::_index_put_impl_,"void (anonymous namespace)::indexing_backward_kernel<c10::BFloat16, 4>(long const*, long const*, c10::BFloat16 const*, c10::BFloat16*, long, long, long, long, bool)",2,operator_shape_matched,"[[96992,4096],[],[90870,4096],[],[]]","[""c10::BFloat16"","""",""c10::BFloat16"",""Scalar"",""Scalar""]",null,1,1391.303
null,aten::_index_put_impl_,"void (anonymous namespace)::indexing_backward_kernel<c10::BFloat16, 4>(long const*, long const*, c10::BFloat16 const*, c10::BFloat16*, long, long, long, long, bool)",3,operator_shape_matched,"[[98970,4096],[],[96000,4096],[],[]]","[""c10::BFloat16"","""",""c10::BFloat16"",""Scalar"",""Scalar""]",null,1,1370.119
null,aten::_index_put_impl_,"void (anonymous namespace)::indexing_backward_kernel<c10::BFloat16, 4>(long const*, long const*, c10::BFloat16 const*, c10::BFloat16*, long, long, long, long, bool)",4,operator_shape_matched,"[[97971,4096],[],[94622,4096],[],[]]","[""c10::BFloat16"","""",""c10::BFloat16"",""Scalar"",""Scalar""]",null,1,1342.887
null,aten::_index_put_impl_,"void (anonymous namespace)::indexing_backward_kernel<c10::BFloat16, 4>(long const*, long const*, c10::BFloat16 const*, c10::BFloat16*, long, long, long, long, bool)",5,operator_shape_matched,"[[96992,4096],[],[94380,4096],[],[]]","[""c10::BFloat16"","""",""c10::BFloat16"",""Scalar"",""Scalar""]",null,1,1303.591
null,aten::_index_put_impl_,"void (anonymous namespace)::indexing_backward_kernel<c10::BFloat16, 4>(long const*, long const*, c10::BFloat16 const*, c10::BFloat16*, long, long, long, long, bool)",6,operator_shape_matched,"[[97971,4096],[],[96577,4096],[],[]]","[""c10::BFloat16"","""",""c10::BFloat16"",""Scalar"",""Scalar""]",null,1,1299.879
null,aten::_index_put_impl_,"void (anonymous namespace)::indexing_backward_kernel<c10::BFloat16, 4>(long const*, long const*, c10::BFloat16 const*, c10::BFloat16*, long, long, long, long, bool)",7,operator_shape_matched,"[[91618,4096],[],[90712,4096],[],[]]","[""c10::BFloat16"","""",""c10::BFloat16"",""Scalar"",""Scalar""]",null,1,1201.351
null,aten::_index_put_impl_,"void (anonymous namespace)::indexing_backward_kernel<c10::BFloat16, 4>(long const*, long const*, c10::BFloat16 const*, c10::BFloat16*, long, long, long, long, bool)",8,operator_shape_matched,"[[91618,4096],[],[90321,4096],[],[]]","[""c10::BFloat16"","""",""c10::BFloat16"",""Scalar"",""Scalar""]",null,1,1189.287
null,aten::_index_put_impl_,"void (anonymous namespace)::indexing_backward_kernel<c10::BFloat16, 4>(long const*, long const*, c10::BFloat16 const*, c10::BFloat16*, long, long, long, long, bool)",9,operator_shape_matched,"[[58939,4096],[],[58259,4096],[],[]]","[""c10::BFloat16"","""",""c10::BFloat16"",""Scalar"",""Scalar""]",null,1,747.012
null,aten::_index_put_impl_,"void (anonymous namespace)::indexing_backward_kernel<c10::BFloat16, 4>(long const*, long const*, c10::BFloat16 const*, c10::BFloat16*, long, long, long, long, bool)",10,operator_shape_matched,"[[58939,4096],[],[58650,4096],[],[]]","[""c10::BFloat16"","""",""c10::BFloat16"",""Scalar"",""Scalar""]",null,1,720.932
null,aten::_index_put_impl_,"void (anonymous namespace)::indexing_backward_kernel<c10::BFloat16, 4>(long const*, long const*, c10::BFloat16 const*, c10::BFloat16*, long, long, long, long, bool)",11,operator_shape_matched,"[[56605,4096],[],[55913,4096],[],[]]","[""c10::BFloat16"","""",""c10::BFloat16"",""Scalar"",""Scalar""]",null,1,717.892
null,aten::_index_put_impl_,"void (anonymous namespace)::indexing_backward_kernel<c10::BFloat16, 4>(long const*, long const*, c10::BFloat16 const*, c10::BFloat16*, long, long, long, long, bool)",12,operator_shape_matched,"[[56605,4096],[],[56304,4096],[],[]]","[""c10::BFloat16"","""",""c10::BFloat16"",""Scalar"",""Scalar""]",null,1,695.044
null,aten::_index_put_impl_,"void (anonymous namespace)::indexing_backward_kernel<c10::BFloat16, 4>(long const*, long const*, c10::BFloat16 const*, c10::BFloat16*, long, long, long, long, bool)",13,operator_shape_matched,"[[96992,4096],[],[2612,4096],[],[]]","[""c10::BFloat16"","""",""c10::BFloat16"",""Scalar"",""Scalar""]",null,1,35.36
null,aten::_index_put_impl_,"void (anonymous namespace)::indexing_backward_kernel<c10::BFloat16, 4>(long const*, long const*, c10::BFloat16 const*, c10::BFloat16*, long, long, long, long, bool)",14,operator_shape_matched,"[[97971,4096],[],[1394,4096],[],[]]","[""c10::BFloat16"","""",""c10::BFloat16"",""Scalar"",""Scalar""]",null,1,19.168
null,aten::_index_put_impl_,"void (anonymous namespace)::indexing_backward_kernel<c10::BFloat16, 4>(long const*, long const*, c10::BFloat16 const*, c10::BFloat16*, long, long, long, long, bool)",15,operator_shape_matched,"[[98970,4096],[],[1170,4096],[],[]]","[""c10::BFloat16"","""",""c10::BFloat16"",""Scalar"",""Scalar""]",null,1,18.977
null,aten::_index_put_impl_,"void (anonymous namespace)::indexing_backward_kernel<c10::BFloat16, 4>(long const*, long const*, c10::BFloat16 const*, c10::BFloat16*, long, long, long, long, bool)",16,operator_shape_matched,"[[91618,4096],[],[906,4096],[],[]]","[""c10::BFloat16"","""",""c10::BFloat16"",""Scalar"",""Scalar""]",null,1,13.505
null,aten::_index_put_impl_,"void (anonymous namespace)::indexing_backward_kernel<c10::BFloat16, 4>(long const*, long const*, c10::BFloat16 const*, c10::BFloat16*, long, long, long, long, bool)",17,operator_shape_matched,"[[56605,4096],[],[301,4096],[],[]]","[""c10::BFloat16"","""",""c10::BFloat16"",""Scalar"",""Scalar""]",null,1,6.624
null,aten::_index_put_impl_,"void (anonymous namespace)::indexing_backward_kernel<c10::BFloat16, 4>(long const*, long const*, c10::BFloat16 const*, c10::BFloat16*, long, long, long, long, bool)",18,operator_shape_matched,"[[58939,4096],[],[289,4096],[],[]]","[""c10::BFloat16"","""",""c10::BFloat16"",""Scalar"",""Scalar""]",null,1,6.433
null,aten::_index_put_impl_,"void at::native::index_elementwise_kernel<128, 4, at::native::gpu_index_kernel<at::native::index_put_kernel_impl<at::native::OpaqueType<2> >(at::TensorIterator&, c10::ArrayRef<long>, c10::ArrayRef<long>)::{lambda(char*, char const*, long)#1}>(at::TensorIteratorBase&, c10::ArrayRef<long>, c10::ArrayRef<long>, at::native::index_put_kernel_impl<at::native::OpaqueType<2> >(at::TensorIterator&, c10::ArrayRef<long>, c10::ArrayRef<long>)::{lambda(char*, char const*, long)#1} const&, bool)::{lambda(int)#1}>(long, at::native::gpu_index_kernel<at::native::index_put_kernel_impl<at::native::OpaqueType<2> >(at::TensorIterator&, c10::ArrayRef<long>, c10::ArrayRef<long>)::{lambda(char*, char const*, long)#1}>(at::TensorIteratorBase&, c10::ArrayRef<long>, c10::ArrayRef<long>, at::native::index_put_kernel_impl<at::native::OpaqueType<2> >(at::TensorIterator&, c10::ArrayRef<long>, c10::ArrayRef<long>)::{lambda(char*, char const*, long)#1} const&, bool)::{lambda(int)#1})",1,operator_shape_matched,"[[96992,4096],[],[94380,4096],[],[]]","[""c10::BFloat16"","""",""c10::BFloat16"",""Scalar"",""Scalar""]",null,3,7161.67
null,aten::_index_put_impl_,"void at::native::index_elementwise_kernel<128, 4, at::native::gpu_index_kernel<at::native::index_put_kernel_impl<at::native::OpaqueType<2> >(at::TensorIterator&, c10::ArrayRef<long>, c10::ArrayRef<long>)::{lambda(char*, char const*, long)#1}>(at::TensorIteratorBase&, c10::ArrayRef<long>, c10::ArrayRef<long>, at::native::index_put_kernel_impl<at::native::OpaqueType<2> >(at::TensorIterator&, c10::ArrayRef<long>, c10::ArrayRef<long>)::{lambda(char*, char const*, long)#1} const&, bool)::{lambda(int)#1}>(long, at::native::gpu_index_kernel<at::native::index_put_kernel_impl<at::native::OpaqueType<2> >(at::TensorIterator&, c10::ArrayRef<long>, c10::ArrayRef<long>)::{lambda(char*, char const*, long)#1}>(at::TensorIteratorBase&, c10::ArrayRef<long>, c10::ArrayRef<long>, at::native::index_put_kernel_impl<at::native::OpaqueType<2> >(at::TensorIterator&, c10::ArrayRef<long>, c10::ArrayRef<long>)::{lambda(char*, char const*, long)#1} const&, bool)::{lambda(int)#1})",2,operator_shape_matched,"[[98970,4096],[],[97800,4096],[],[]]","[""c10::BFloat16"","""",""c10::BFloat16"",""Scalar"",""Scalar""]",null,3,7047.621
null,aten::_index_put_impl_,"void at::native::index_elementwise_kernel<128, 4, at::native::gpu_index_kernel<at::native::index_put_kernel_impl<at::native::OpaqueType<2> >(at::TensorIterator&, c10::ArrayRef<long>, c10::ArrayRef<long>)::{lambda(char*, char const*, long)#1}>(at::TensorIteratorBase&, c10::ArrayRef<long>, c10::ArrayRef<long>, at::native::index_put_kernel_impl<at::native::OpaqueType<2> >(at::TensorIterator&, c10::ArrayRef<long>, c10::ArrayRef<long>)::{lambda(char*, char const*, long)#1} const&, bool)::{lambda(int)#1}>(long, at::native::gpu_index_kernel<at::native::index_put_kernel_impl<at::native::OpaqueType<2> >(at::TensorIterator&, c10::ArrayRef<long>, c10::ArrayRef<long>)::{lambda(char*, char const*, long)#1}>(at::TensorIteratorBase&, c10::ArrayRef<long>, c10::ArrayRef<long>, at::native::index_put_kernel_impl<at::native::OpaqueType<2> >(at::TensorIterator&, c10::ArrayRef<long>, c10::ArrayRef<long>)::{lambda(char*, char const*, long)#1} const&, bool)::{lambda(int)#1})",3,operator_shape_matched,"[[97971,4096],[],[96577,4096],[],[]]","[""c10::BFloat16"","""",""c10::BFloat16"",""Scalar"",""Scalar""]",null,3,6859.077
null,aten::_index_put_impl_,"void at::native::index_elementwise_kernel<128, 4, at::native::gpu_index_kernel<at::native::index_put_kernel_impl<at::native::OpaqueType<2> >(at::TensorIterator&, c10::ArrayRef<long>, c10::ArrayRef<long>)::{lambda(char*, char const*, long)#1}>(at::TensorIteratorBase&, c10::ArrayRef<long>, c10::ArrayRef<long>, at::native::index_put_kernel_impl<at::native::OpaqueType<2> >(at::TensorIterator&, c10::ArrayRef<long>, c10::ArrayRef<long>)::{lambda(char*, char const*, long)#1} const&, bool)::{lambda(int)#1}>(long, at::native::gpu_index_kernel<at::native::index_put_kernel_impl<at::native::OpaqueType<2> >(at::TensorIterator&, c10::ArrayRef<long>, c10::ArrayRef<long>)::{lambda(char*, char const*, long)#1}>(at::TensorIteratorBase&, c10::ArrayRef<long>, c10::ArrayRef<long>, at::native::index_put_kernel_impl<at::native::OpaqueType<2> >(at::TensorIterator&, c10::ArrayRef<long>, c10::ArrayRef<long>)::{lambda(char*, char const*, long)#1} const&, bool)::{lambda(int)#1})",4,operator_shape_matched,"[[91618,4096],[],[90712,4096],[],[]]","[""c10::BFloat16"","""",""c10::BFloat16"",""Scalar"",""Scalar""]",null,3,6238.401
null,aten::_index_put_impl_,"void at::native::index_elementwise_kernel<128, 4, at::native::gpu_index_kernel<at::native::index_put_kernel_impl<at::native::OpaqueType<2> >(at::TensorIterator&, c10::ArrayRef<long>, c10::ArrayRef<long>)::{lambda(char*, char const*, long)#1}>(at::TensorIteratorBase&, c10::ArrayRef<long>, c10::ArrayRef<long>, at::native::index_put_kernel_impl<at::native::OpaqueType<2> >(at::TensorIterator&, c10::ArrayRef<long>, c10::ArrayRef<long>)::{lambda(char*, char const*, long)#1} const&, bool)::{lambda(int)#1}>(long, at::native::gpu_index_kernel<at::native::index_put_kernel_impl<at::native::OpaqueType<2> >(at::TensorIterator&, c10::ArrayRef<long>, c10::ArrayRef<long>)::{lambda(char*, char const*, long)#1}>(at::TensorIteratorBase&, c10::ArrayRef<long>, c10::ArrayRef<long>, at::native::index_put_kernel_impl<at::native::OpaqueType<2> >(at::TensorIterator&, c10::ArrayRef<long>, c10::ArrayRef<long>)::{lambda(char*, char const*, long)#1} const&, bool)::{lambda(int)#1})",5,operator_shape_matched,"[[58939,4096],[],[58650,4096],[],[]]","[""c10::BFloat16"","""",""c10::BFloat16"",""Scalar"",""Scalar""]",null,3,4025.654
null,aten::_index_put_impl_,"void at::native::index_elementwise_kernel<128, 4, at::native::gpu_index_kernel<at::native::index_put_kernel_impl<at::native::OpaqueType<2> >(at::TensorIterator&, c10::ArrayRef<long>, c10::ArrayRef<long>)::{lambda(char*, char const*, long)#1}>(at::TensorIteratorBase&, c10::ArrayRef<long>, c10::ArrayRef<long>, at::native::index_put_kernel_impl<at::native::OpaqueType<2> >(at::TensorIterator&, c10::ArrayRef<long>, c10::ArrayRef<long>)::{lambda(char*, char const*, long)#1} const&, bool)::{lambda(int)#1}>(long, at::native::gpu_index_kernel<at::native::index_put_kernel_impl<at::native::OpaqueType<2> >(at::TensorIterator&, c10::ArrayRef<long>, c10::ArrayRef<long>)::{lambda(char*, char const*, long)#1}>(at::TensorIteratorBase&, c10::ArrayRef<long>, c10::ArrayRef<long>, at::native::index_put_kernel_impl<at::native::OpaqueType<2> >(at::TensorIterator&, c10::ArrayRef<long>, c10::ArrayRef<long>)::{lambda(char*, char const*, long)#1} const&, bool)::{lambda(int)#1})",6,operator_shape_matched,"[[56605,4096],[],[56304,4096],[],[]]","[""c10::BFloat16"","""",""c10::BFloat16"",""Scalar"",""Scalar""]",null,3,3855.445
null,aten::_index_put_impl_,"void at::native::index_elementwise_kernel<128, 4, at::native::gpu_index_kernel<at::native::index_put_kernel_impl<at::native::OpaqueType<2> >(at::TensorIterator&, c10::ArrayRef<long>, c10::ArrayRef<long>)::{lambda(char*, char const*, long)#1}>(at::TensorIteratorBase&, c10::ArrayRef<long>, c10::ArrayRef<long>, at::native::index_put_kernel_impl<at::native::OpaqueType<2> >(at::TensorIterator&, c10::ArrayRef<long>, c10::ArrayRef<long>)::{lambda(char*, char const*, long)#1} const&, bool)::{lambda(int)#1}>(long, at::native::gpu_index_kernel<at::native::index_put_kernel_impl<at::native::OpaqueType<2> >(at::TensorIterator&, c10::ArrayRef<long>, c10::ArrayRef<long>)::{lambda(char*, char const*, long)#1}>(at::TensorIteratorBase&, c10::ArrayRef<long>, c10::ArrayRef<long>, at::native::index_put_kernel_impl<at::native::OpaqueType<2> >(at::TensorIterator&, c10::ArrayRef<long>, c10::ArrayRef<long>)::{lambda(char*, char const*, long)#1} const&, bool)::{lambda(int)#1})",7,operator_shape_matched,"[[96992,4096],[],[2612,4096],[],[]]","[""c10::BFloat16"","""",""c10::BFloat16"",""Scalar"",""Scalar""]",null,2,126.624
null,aten::_index_put_impl_,"void at::native::index_elementwise_kernel<128, 4, at::native::gpu_index_kernel<at::native::index_put_kernel_impl<at::native::OpaqueType<2> >(at::TensorIterator&, c10::ArrayRef<long>, c10::ArrayRef<long>)::{lambda(char*, char const*, long)#1}>(at::TensorIteratorBase&, c10::ArrayRef<long>, c10::ArrayRef<long>, at::native::index_put_kernel_impl<at::native::OpaqueType<2> >(at::TensorIterator&, c10::ArrayRef<long>, c10::ArrayRef<long>)::{lambda(char*, char const*, long)#1} const&, bool)::{lambda(int)#1}>(long, at::native::gpu_index_kernel<at::native::index_put_kernel_impl<at::native::OpaqueType<2> >(at::TensorIterator&, c10::ArrayRef<long>, c10::ArrayRef<long>)::{lambda(char*, char const*, long)#1}>(at::TensorIteratorBase&, c10::ArrayRef<long>, c10::ArrayRef<long>, at::native::index_put_kernel_impl<at::native::OpaqueType<2> >(at::TensorIterator&, c10::ArrayRef<long>, c10::ArrayRef<long>)::{lambda(char*, char const*, long)#1} const&, bool)::{lambda(int)#1})",8,operator_shape_matched,"[[97971,4096],[],[1394,4096],[],[]]","[""c10::BFloat16"","""",""c10::BFloat16"",""Scalar"",""Scalar""]",null,2,66.08
null,aten::_index_put_impl_,"void at::native::index_elementwise_kernel<128, 4, at::native::gpu_index_kernel<at::native::index_put_kernel_impl<at::native::OpaqueType<2> >(at::TensorIterator&, c10::ArrayRef<long>, c10::ArrayRef<long>)::{lambda(char*, char const*, long)#1}>(at::TensorIteratorBase&, c10::ArrayRef<long>, c10::ArrayRef<long>, at::native::index_put_kernel_impl<at::native::OpaqueType<2> >(at::TensorIterator&, c10::ArrayRef<long>, c10::ArrayRef<long>)::{lambda(char*, char const*, long)#1} const&, bool)::{lambda(int)#1}>(long, at::native::gpu_index_kernel<at::native::index_put_kernel_impl<at::native::OpaqueType<2> >(at::TensorIterator&, c10::ArrayRef<long>, c10::ArrayRef<long>)::{lambda(char*, char const*, long)#1}>(at::TensorIteratorBase&, c10::ArrayRef<long>, c10::ArrayRef<long>, at::native::index_put_kernel_impl<at::native::OpaqueType<2> >(at::TensorIterator&, c10::ArrayRef<long>, c10::ArrayRef<long>)::{lambda(char*, char const*, long)#1} const&, bool)::{lambda(int)#1})",9,operator_shape_matched,"[[48,150,34,46],[],[48,149,34,46],[],[]]","[""c10::BFloat16"","""",""c10::BFloat16"",""Scalar"",""Scalar""]",null,1,65.601
null,aten::_index_put_impl_,"void at::native::index_elementwise_kernel<128, 4, at::native::gpu_index_kernel<at::native::index_put_kernel_impl<at::native::OpaqueType<2> >(at::TensorIterator&, c10::ArrayRef<long>, c10::ArrayRef<long>)::{lambda(char*, char const*, long)#1}>(at::TensorIteratorBase&, c10::ArrayRef<long>, c10::ArrayRef<long>, at::native::index_put_kernel_impl<at::native::OpaqueType<2> >(at::TensorIterator&, c10::ArrayRef<long>, c10::ArrayRef<long>)::{lambda(char*, char const*, long)#1} const&, bool)::{lambda(int)#1}>(long, at::native::gpu_index_kernel<at::native::index_put_kernel_impl<at::native::OpaqueType<2> >(at::TensorIterator&, c10::ArrayRef<long>, c10::ArrayRef<long>)::{lambda(char*, char const*, long)#1}>(at::TensorIteratorBase&, c10::ArrayRef<long>, c10::ArrayRef<long>, at::native::index_put_kernel_impl<at::native::OpaqueType<2> >(at::TensorIterator&, c10::ArrayRef<long>, c10::ArrayRef<long>)::{lambda(char*, char const*, long)#1} const&, bool)::{lambda(int)#1})",10,operator_shape_matched,"[[48,144,34,46],[],[48,143,34,46],[],[]]","[""c10::BFloat16"","""",""c10::BFloat16"",""Scalar"",""Scalar""]",null,1,62.144
null,aten::_index_put_impl_,"void at::native::index_elementwise_kernel<128, 4, at::native::gpu_index_kernel<at::native::index_put_kernel_impl<at::native::OpaqueType<2> >(at::TensorIterator&, c10::ArrayRef<long>, c10::ArrayRef<long>)::{lambda(char*, char const*, long)#1}>(at::TensorIteratorBase&, c10::ArrayRef<long>, c10::ArrayRef<long>, at::native::index_put_kernel_impl<at::native::OpaqueType<2> >(at::TensorIterator&, c10::ArrayRef<long>, c10::ArrayRef<long>)::{lambda(char*, char const*, long)#1} const&, bool)::{lambda(int)#1}>(long, at::native::gpu_index_kernel<at::native::index_put_kernel_impl<at::native::OpaqueType<2> >(at::TensorIterator&, c10::ArrayRef<long>, c10::ArrayRef<long>)::{lambda(char*, char const*, long)#1}>(at::TensorIteratorBase&, c10::ArrayRef<long>, c10::ArrayRef<long>, at::native::index_put_kernel_impl<at::native::OpaqueType<2> >(at::TensorIterator&, c10::ArrayRef<long>, c10::ArrayRef<long>)::{lambda(char*, char const*, long)#1} const&, bool)::{lambda(int)#1})",11,operator_shape_matched,"[[98970,4096],[],[1170,4096],[],[]]","[""c10::BFloat16"","""",""c10::BFloat16"",""Scalar"",""Scalar""]",null,2,58.656
null,aten::_index_put_impl_,"void at::native::index_elementwise_kernel<128, 4, at::native::gpu_index_kernel<at::native::index_put_kernel_impl<at::native::OpaqueType<2> >(at::TensorIterator&, c10::ArrayRef<long>, c10::ArrayRef<long>)::{lambda(char*, char const*, long)#1}>(at::TensorIteratorBase&, c10::ArrayRef<long>, c10::ArrayRef<long>, at::native::index_put_kernel_impl<at::native::OpaqueType<2> >(at::TensorIterator&, c10::ArrayRef<long>, c10::ArrayRef<long>)::{lambda(char*, char const*, long)#1} const&, bool)::{lambda(int)#1}>(long, at::native::gpu_index_kernel<at::native::index_put_kernel_impl<at::native::OpaqueType<2> >(at::TensorIterator&, c10::ArrayRef<long>, c10::ArrayRef<long>)::{lambda(char*, char const*, long)#1}>(at::TensorIteratorBase&, c10::ArrayRef<long>, c10::ArrayRef<long>, at::native::index_put_kernel_impl<at::native::OpaqueType<2> >(at::TensorIterator&, c10::ArrayRef<long>, c10::ArrayRef<long>)::{lambda(char*, char const*, long)#1} const&, bool)::{lambda(int)#1})",12,operator_shape_matched,"[[48,109,34,46],[],[48,109,34,46],[],[]]","[""c10::BFloat16"","""",""c10::BFloat16"",""Scalar"",""Scalar""]",null,1,54.144
null,aten::_index_put_impl_,"void at::native::index_elementwise_kernel<128, 4, at::native::gpu_index_kernel<at::native::index_put_kernel_impl<at::native::OpaqueType<2> >(at::TensorIterator&, c10::ArrayRef<long>, c10::ArrayRef<long>)::{lambda(char*, char const*, long)#1}>(at::TensorIteratorBase&, c10::ArrayRef<long>, c10::ArrayRef<long>, at::native::index_put_kernel_impl<at::native::OpaqueType<2> >(at::TensorIterator&, c10::ArrayRef<long>, c10::ArrayRef<long>)::{lambda(char*, char const*, long)#1} const&, bool)::{lambda(int)#1}>(long, at::native::gpu_index_kernel<at::native::index_put_kernel_impl<at::native::OpaqueType<2> >(at::TensorIterator&, c10::ArrayRef<long>, c10::ArrayRef<long>)::{lambda(char*, char const*, long)#1}>(at::TensorIteratorBase&, c10::ArrayRef<long>, c10::ArrayRef<long>, at::native::index_put_kernel_impl<at::native::OpaqueType<2> >(at::TensorIterator&, c10::ArrayRef<long>, c10::ArrayRef<long>)::{lambda(char*, char const*, long)#1} const&, bool)::{lambda(int)#1})",13,operator_shape_matched,"[[91618,4096],[],[906,4096],[],[]]","[""c10::BFloat16"","""",""c10::BFloat16"",""Scalar"",""Scalar""]",null,2,46.976
null,aten::_index_put_impl_,"void at::native::index_elementwise_kernel<128, 4, at::native::gpu_index_kernel<at::native::index_put_kernel_impl<at::native::OpaqueType<2> >(at::TensorIterator&, c10::ArrayRef<long>, c10::ArrayRef<long>)::{lambda(char*, char const*, long)#1}>(at::TensorIteratorBase&, c10::ArrayRef<long>, c10::ArrayRef<long>, at::native::index_put_kernel_impl<at::native::OpaqueType<2> >(at::TensorIterator&, c10::ArrayRef<long>, c10::ArrayRef<long>)::{lambda(char*, char const*, long)#1} const&, bool)::{lambda(int)#1}>(long, at::native::gpu_index_kernel<at::native::index_put_kernel_impl<at::native::OpaqueType<2> >(at::TensorIterator&, c10::ArrayRef<long>, c10::ArrayRef<long>)::{lambda(char*, char const*, long)#1}>(at::TensorIteratorBase&, c10::ArrayRef<long>, c10::ArrayRef<long>, at::native::index_put_kernel_impl<at::native::OpaqueType<2> >(at::TensorIterator&, c10::ArrayRef<long>, c10::ArrayRef<long>)::{lambda(char*, char const*, long)#1} const&, bool)::{lambda(int)#1})",14,operator_shape_matched,"[[48,73,34,46],[],[48,73,34,46],[],[]]","[""c10::BFloat16"","""",""c10::BFloat16"",""Scalar"",""Scalar""]",null,1,35.52
null,aten::_index_put_impl_,"void at::native::index_elementwise_kernel<128, 4, at::native::gpu_index_kernel<at::native::index_put_kernel_impl<at::native::OpaqueType<2> >(at::TensorIterator&, c10::ArrayRef<long>, c10::ArrayRef<long>)::{lambda(char*, char const*, long)#1}>(at::TensorIteratorBase&, c10::ArrayRef<long>, c10::ArrayRef<long>, at::native::index_put_kernel_impl<at::native::OpaqueType<2> >(at::TensorIterator&, c10::ArrayRef<long>, c10::ArrayRef<long>)::{lambda(char*, char const*, long)#1} const&, bool)::{lambda(int)#1}>(long, at::native::gpu_index_kernel<at::native::index_put_kernel_impl<at::native::OpaqueType<2> >(at::TensorIterator&, c10::ArrayRef<long>, c10::ArrayRef<long>)::{lambda(char*, char const*, long)#1}>(at::TensorIteratorBase&, c10::ArrayRef<long>, c10::ArrayRef<long>, at::native::index_put_kernel_impl<at::native::OpaqueType<2> >(at::TensorIterator&, c10::ArrayRef<long>, c10::ArrayRef<long>)::{lambda(char*, char const*, long)#1} const&, bool)::{lambda(int)#1})",15,operator_shape_matched,"[[48,79,30,40],[],[48,78,30,40],[],[]]","[""c10::BFloat16"","""",""c10::BFloat16"",""Scalar"",""Scalar""]",null,1,29.6
null,aten::_index_put_impl_,"void at::native::index_elementwise_kernel<128, 4, at::native::gpu_index_kernel<at::native::index_put_kernel_impl<at::native::OpaqueType<2> >(at::TensorIterator&, c10::ArrayRef<long>, c10::ArrayRef<long>)::{lambda(char*, char const*, long)#1}>(at::TensorIteratorBase&, c10::ArrayRef<long>, c10::ArrayRef<long>, at::native::index_put_kernel_impl<at::native::OpaqueType<2> >(at::TensorIterator&, c10::ArrayRef<long>, c10::ArrayRef<long>)::{lambda(char*, char const*, long)#1} const&, bool)::{lambda(int)#1}>(long, at::native::gpu_index_kernel<at::native::index_put_kernel_impl<at::native::OpaqueType<2> >(at::TensorIterator&, c10::ArrayRef<long>, c10::ArrayRef<long>)::{lambda(char*, char const*, long)#1}>(at::TensorIteratorBase&, c10::ArrayRef<long>, c10::ArrayRef<long>, at::native::index_put_kernel_impl<at::native::OpaqueType<2> >(at::TensorIterator&, c10::ArrayRef<long>, c10::ArrayRef<long>)::{lambda(char*, char const*, long)#1} const&, bool)::{lambda(int)#1})",16,operator_shape_matched,"[[48,61,34,46],[],[48,61,34,46],[],[]]","[""c10::BFloat16"","""",""c10::BFloat16"",""Scalar"",""Scalar""]",null,1,27.648
null,aten::_index_put_impl_,"void at::native::index_elementwise_kernel<128, 4, at::native::gpu_index_kernel<at::native::index_put_kernel_impl<at::native::OpaqueType<2> >(at::TensorIterator&, c10::ArrayRef<long>, c10::ArrayRef<long>)::{lambda(char*, char const*, long)#1}>(at::TensorIteratorBase&, c10::ArrayRef<long>, c10::ArrayRef<long>, at::native::index_put_kernel_impl<at::native::OpaqueType<2> >(at::TensorIterator&, c10::ArrayRef<long>, c10::ArrayRef<long>)::{lambda(char*, char const*, long)#1} const&, bool)::{lambda(int)#1}>(long, at::native::gpu_index_kernel<at::native::index_put_kernel_impl<at::native::OpaqueType<2> >(at::TensorIterator&, c10::ArrayRef<long>, c10::ArrayRef<long>)::{lambda(char*, char const*, long)#1}>(at::TensorIteratorBase&, c10::ArrayRef<long>, c10::ArrayRef<long>, at::native::index_put_kernel_impl<at::native::OpaqueType<2> >(at::TensorIterator&, c10::ArrayRef<long>, c10::ArrayRef<long>)::{lambda(char*, char const*, long)#1} const&, bool)::{lambda(int)#1})",17,operator_shape_matched,"[[48,25,34,46],[],[48,24,34,46],[],[]]","[""c10::BFloat16"","""",""c10::BFloat16"",""Scalar"",""Scalar""]",null,2,26.304
null,aten::_index_put_impl_,"void at::native::index_elementwise_kernel<128, 4, at::native::gpu_index_kernel<at::native::index_put_kernel_impl<at::native::OpaqueType<2> >(at::TensorIterator&, c10::ArrayRef<long>, c10::ArrayRef<long>)::{lambda(char*, char const*, long)#1}>(at::TensorIteratorBase&, c10::ArrayRef<long>, c10::ArrayRef<long>, at::native::index_put_kernel_impl<at::native::OpaqueType<2> >(at::TensorIterator&, c10::ArrayRef<long>, c10::ArrayRef<long>)::{lambda(char*, char const*, long)#1} const&, bool)::{lambda(int)#1}>(long, at::native::gpu_index_kernel<at::native::index_put_kernel_impl<at::native::OpaqueType<2> >(at::TensorIterator&, c10::ArrayRef<long>, c10::ArrayRef<long>)::{lambda(char*, char const*, long)#1}>(at::TensorIteratorBase&, c10::ArrayRef<long>, c10::ArrayRef<long>, at::native::index_put_kernel_impl<at::native::OpaqueType<2> >(at::TensorIterator&, c10::ArrayRef<long>, c10::ArrayRef<long>)::{lambda(char*, char const*, long)#1} const&, bool)::{lambda(int)#1})",18,operator_shape_matched,"[[48,52,34,46],[],[48,52,34,46],[],[]]","[""c10::BFloat16"","""",""c10::BFloat16"",""Scalar"",""Scalar""]",null,1,23.808
null,aten::_index_put_impl_,"void at::native::index_elementwise_kernel<128, 4, at::native::gpu_index_kernel<at::native::index_put_kernel_impl<at::native::OpaqueType<2> >(at::TensorIterator&, c10::ArrayRef<long>, c10::ArrayRef<long>)::{lambda(char*, char const*, long)#1}>(at::TensorIteratorBase&, c10::ArrayRef<long>, c10::ArrayRef<long>, at::native::index_put_kernel_impl<at::native::OpaqueType<2> >(at::TensorIterator&, c10::ArrayRef<long>, c10::ArrayRef<long>)::{lambda(char*, char const*, long)#1} const&, bool)::{lambda(int)#1}>(long, at::native::gpu_index_kernel<at::native::index_put_kernel_impl<at::native::OpaqueType<2> >(at::TensorIterator&, c10::ArrayRef<long>, c10::ArrayRef<long>)::{lambda(char*, char const*, long)#1}>(at::TensorIteratorBase&, c10::ArrayRef<long>, c10::ArrayRef<long>, at::native::index_put_kernel_impl<at::native::OpaqueType<2> >(at::TensorIterator&, c10::ArrayRef<long>, c10::ArrayRef<long>)::{lambda(char*, char const*, long)#1} const&, bool)::{lambda(int)#1})",19,operator_shape_matched,"[[48,63,30,40],[],[48,61,30,40],[],[]]","[""c10::BFloat16"","""",""c10::BFloat16"",""Scalar"",""Scalar""]",null,1,23.712
null,aten::_index_put_impl_,"void at::native::index_elementwise_kernel<128, 4, at::native::gpu_index_kernel<at::native::index_put_kernel_impl<at::native::OpaqueType<2> >(at::TensorIterator&, c10::ArrayRef<long>, c10::ArrayRef<long>)::{lambda(char*, char const*, long)#1}>(at::TensorIteratorBase&, c10::ArrayRef<long>, c10::ArrayRef<long>, at::native::index_put_kernel_impl<at::native::OpaqueType<2> >(at::TensorIterator&, c10::ArrayRef<long>, c10::ArrayRef<long>)::{lambda(char*, char const*, long)#1} const&, bool)::{lambda(int)#1}>(long, at::native::gpu_index_kernel<at::native::index_put_kernel_impl<at::native::OpaqueType<2> >(at::TensorIterator&, c10::ArrayRef<long>, c10::ArrayRef<long>)::{lambda(char*, char const*, long)#1}>(at::TensorIteratorBase&, c10::ArrayRef<long>, c10::ArrayRef<long>, at::native::index_put_kernel_impl<at::native::OpaqueType<2> >(at::TensorIterator&, c10::ArrayRef<long>, c10::ArrayRef<long>)::{lambda(char*, char const*, long)#1} const&, bool)::{lambda(int)#1})",20,operator_shape_matched,"[[58939,4096],[],[289,4096],[],[]]","[""c10::BFloat16"","""",""c10::BFloat16"",""Scalar"",""Scalar""]",null,2,20.831
null,aten::_index_put_impl_,"void at::native::index_elementwise_kernel<128, 4, at::native::gpu_index_kernel<at::native::index_put_kernel_impl<at::native::OpaqueType<2> >(at::TensorIterator&, c10::ArrayRef<long>, c10::ArrayRef<long>)::{lambda(char*, char const*, long)#1}>(at::TensorIteratorBase&, c10::ArrayRef<long>, c10::ArrayRef<long>, at::native::index_put_kernel_impl<at::native::OpaqueType<2> >(at::TensorIterator&, c10::ArrayRef<long>, c10::ArrayRef<long>)::{lambda(char*, char const*, long)#1} const&, bool)::{lambda(int)#1}>(long, at::native::gpu_index_kernel<at::native::index_put_kernel_impl<at::native::OpaqueType<2> >(at::TensorIterator&, c10::ArrayRef<long>, c10::ArrayRef<long>)::{lambda(char*, char const*, long)#1}>(at::TensorIteratorBase&, c10::ArrayRef<long>, c10::ArrayRef<long>, at::native::index_put_kernel_impl<at::native::OpaqueType<2> >(at::TensorIterator&, c10::ArrayRef<long>, c10::ArrayRef<long>)::{lambda(char*, char const*, long)#1} const&, bool)::{lambda(int)#1})",21,operator_shape_matched,"[[48,52,30,40],[],[48,51,30,40],[],[]]","[""c10::BFloat16"","""",""c10::BFloat16"",""Scalar"",""Scalar""]",null,1,20.256
null,aten::_index_put_impl_,"void at::native::index_elementwise_kernel<128, 4, at::native::gpu_index_kernel<at::native::index_put_kernel_impl<at::native::OpaqueType<2> >(at::TensorIterator&, c10::ArrayRef<long>, c10::ArrayRef<long>)::{lambda(char*, char const*, long)#1}>(at::TensorIteratorBase&, c10::ArrayRef<long>, c10::ArrayRef<long>, at::native::index_put_kernel_impl<at::native::OpaqueType<2> >(at::TensorIterator&, c10::ArrayRef<long>, c10::ArrayRef<long>)::{lambda(char*, char const*, long)#1} const&, bool)::{lambda(int)#1}>(long, at::native::gpu_index_kernel<at::native::index_put_kernel_impl<at::native::OpaqueType<2> >(at::TensorIterator&, c10::ArrayRef<long>, c10::ArrayRef<long>)::{lambda(char*, char const*, long)#1}>(at::TensorIteratorBase&, c10::ArrayRef<long>, c10::ArrayRef<long>, at::native::index_put_kernel_impl<at::native::OpaqueType<2> >(at::TensorIterator&, c10::ArrayRef<long>, c10::ArrayRef<long>)::{lambda(char*, char const*, long)#1} const&, bool)::{lambda(int)#1})",22,operator_shape_matched,"[[56605,4096],[],[301,4096],[],[]]","[""c10::BFloat16"","""",""c10::BFloat16"",""Scalar"",""Scalar""]",null,2,19.871
null,aten::_index_put_impl_,"void at::native::index_elementwise_kernel<128, 4, at::native::gpu_index_kernel<at::native::index_put_kernel_impl<at::native::OpaqueType<2> >(at::TensorIterator&, c10::ArrayRef<long>, c10::ArrayRef<long>)::{lambda(char*, char const*, long)#1}>(at::TensorIteratorBase&, c10::ArrayRef<long>, c10::ArrayRef<long>, at::native::index_put_kernel_impl<at::native::OpaqueType<2> >(at::TensorIterator&, c10::ArrayRef<long>, c10::ArrayRef<long>)::{lambda(char*, char const*, long)#1} const&, bool)::{lambda(int)#1}>(long, at::native::gpu_index_kernel<at::native::index_put_kernel_impl<at::native::OpaqueType<2> >(at::TensorIterator&, c10::ArrayRef<long>, c10::ArrayRef<long>)::{lambda(char*, char const*, long)#1}>(at::TensorIteratorBase&, c10::ArrayRef<long>, c10::ArrayRef<long>, at::native::index_put_kernel_impl<at::native::OpaqueType<2> >(at::TensorIterator&, c10::ArrayRef<long>, c10::ArrayRef<long>)::{lambda(char*, char const*, long)#1} const&, bool)::{lambda(int)#1})",23,operator_shape_matched,"[[48,50,30,40],[],[48,49,30,40],[],[]]","[""c10::BFloat16"","""",""c10::BFloat16"",""Scalar"",""Scalar""]",null,1,19.521
null,aten::_index_put_impl_,"void at::native::index_elementwise_kernel<128, 4, at::native::gpu_index_kernel<at::native::index_put_kernel_impl<at::native::OpaqueType<2> >(at::TensorIterator&, c10::ArrayRef<long>, c10::ArrayRef<long>)::{lambda(char*, char const*, long)#1}>(at::TensorIteratorBase&, c10::ArrayRef<long>, c10::ArrayRef<long>, at::native::index_put_kernel_impl<at::native::OpaqueType<2> >(at::TensorIterator&, c10::ArrayRef<long>, c10::ArrayRef<long>)::{lambda(char*, char const*, long)#1} const&, bool)::{lambda(int)#1}>(long, at::native::gpu_index_kernel<at::native::index_put_kernel_impl<at::native::OpaqueType<2> >(at::TensorIterator&, c10::ArrayRef<long>, c10::ArrayRef<long>)::{lambda(char*, char const*, long)#1}>(at::TensorIteratorBase&, c10::ArrayRef<long>, c10::ArrayRef<long>, at::native::index_put_kernel_impl<at::native::OpaqueType<2> >(at::TensorIterator&, c10::ArrayRef<long>, c10::ArrayRef<long>)::{lambda(char*, char const*, long)#1} const&, bool)::{lambda(int)#1})",24,operator_shape_matched,"[[48,35,30,52],[],[48,33,30,52],[],[]]","[""c10::BFloat16"","""",""c10::BFloat16"",""Scalar"",""Scalar""]",null,1,18.432
null,aten::_index_put_impl_,"void at::native::index_elementwise_kernel<128, 4, at::native::gpu_index_kernel<at::native::index_put_kernel_impl<at::native::OpaqueType<2> >(at::TensorIterator&, c10::ArrayRef<long>, c10::ArrayRef<long>)::{lambda(char*, char const*, long)#1}>(at::TensorIteratorBase&, c10::ArrayRef<long>, c10::ArrayRef<long>, at::native::index_put_kernel_impl<at::native::OpaqueType<2> >(at::TensorIterator&, c10::ArrayRef<long>, c10::ArrayRef<long>)::{lambda(char*, char const*, long)#1} const&, bool)::{lambda(int)#1}>(long, at::native::gpu_index_kernel<at::native::index_put_kernel_impl<at::native::OpaqueType<2> >(at::TensorIterator&, c10::ArrayRef<long>, c10::ArrayRef<long>)::{lambda(char*, char const*, long)#1}>(at::TensorIteratorBase&, c10::ArrayRef<long>, c10::ArrayRef<long>, at::native::index_put_kernel_impl<at::native::OpaqueType<2> >(at::TensorIterator&, c10::ArrayRef<long>, c10::ArrayRef<long>)::{lambda(char*, char const*, long)#1} const&, bool)::{lambda(int)#1})",25,operator_shape_matched,"[[48,44,30,40],[],[48,44,30,40],[],[]]","[""c10::BFloat16"","""",""c10::BFloat16"",""Scalar"",""Scalar""]",null,1,17.792
null,aten::_index_put_impl_,"void at::native::index_elementwise_kernel<128, 4, at::native::gpu_index_kernel<at::native::index_put_kernel_impl<at::native::OpaqueType<2> >(at::TensorIterator&, c10::ArrayRef<long>, c10::ArrayRef<long>)::{lambda(char*, char const*, long)#1}>(at::TensorIteratorBase&, c10::ArrayRef<long>, c10::ArrayRef<long>, at::native::index_put_kernel_impl<at::native::OpaqueType<2> >(at::TensorIterator&, c10::ArrayRef<long>, c10::ArrayRef<long>)::{lambda(char*, char const*, long)#1} const&, bool)::{lambda(int)#1}>(long, at::native::gpu_index_kernel<at::native::index_put_kernel_impl<at::native::OpaqueType<2> >(at::TensorIterator&, c10::ArrayRef<long>, c10::ArrayRef<long>)::{lambda(char*, char const*, long)#1}>(at::TensorIteratorBase&, c10::ArrayRef<long>, c10::ArrayRef<long>, at::native::index_put_kernel_impl<at::native::OpaqueType<2> >(at::TensorIterator&, c10::ArrayRef<long>, c10::ArrayRef<long>)::{lambda(char*, char const*, long)#1} const&, bool)::{lambda(int)#1})",26,operator_shape_matched,"[[48,37,34,46],[],[48,35,34,46],[],[]]","[""c10::BFloat16"","""",""c10::BFloat16"",""Scalar"",""Scalar""]",null,1,17.152
null,aten::_index_put_impl_,"void at::native::index_elementwise_kernel<128, 4, at::native::gpu_index_kernel<at::native::index_put_kernel_impl<at::native::OpaqueType<2> >(at::TensorIterator&, c10::ArrayRef<long>, c10::ArrayRef<long>)::{lambda(char*, char const*, long)#1}>(at::TensorIteratorBase&, c10::ArrayRef<long>, c10::ArrayRef<long>, at::native::index_put_kernel_impl<at::native::OpaqueType<2> >(at::TensorIterator&, c10::ArrayRef<long>, c10::ArrayRef<long>)::{lambda(char*, char const*, long)#1} const&, bool)::{lambda(int)#1}>(long, at::native::gpu_index_kernel<at::native::index_put_kernel_impl<at::native::OpaqueType<2> >(at::TensorIterator&, c10::ArrayRef<long>, c10::ArrayRef<long>)::{lambda(char*, char const*, long)#1}>(at::TensorIteratorBase&, c10::ArrayRef<long>, c10::ArrayRef<long>, at::native::index_put_kernel_impl<at::native::OpaqueType<2> >(at::TensorIterator&, c10::ArrayRef<long>, c10::ArrayRef<long>)::{lambda(char*, char const*, long)#1} const&, bool)::{lambda(int)#1})",27,operator_shape_matched,"[[48,29,30,52],[],[48,29,30,52],[],[]]","[""c10::BFloat16"","""",""c10::BFloat16"",""Scalar"",""Scalar""]",null,1,16.608
null,aten::_index_put_impl_,"void at::native::index_elementwise_kernel<128, 4, at::native::gpu_index_kernel<at::native::index_put_kernel_impl<at::native::OpaqueType<2> >(at::TensorIterator&, c10::ArrayRef<long>, c10::ArrayRef<long>)::{lambda(char*, char const*, long)#1}>(at::TensorIteratorBase&, c10::ArrayRef<long>, c10::ArrayRef<long>, at::native::index_put_kernel_impl<at::native::OpaqueType<2> >(at::TensorIterator&, c10::ArrayRef<long>, c10::ArrayRef<long>)::{lambda(char*, char const*, long)#1} const&, bool)::{lambda(int)#1}>(long, at::native::gpu_index_kernel<at::native::index_put_kernel_impl<at::native::OpaqueType<2> >(at::TensorIterator&, c10::ArrayRef<long>, c10::ArrayRef<long>)::{lambda(char*, char const*, long)#1}>(at::TensorIteratorBase&, c10::ArrayRef<long>, c10::ArrayRef<long>, at::native::index_put_kernel_impl<at::native::OpaqueType<2> >(at::TensorIterator&, c10::ArrayRef<long>, c10::ArrayRef<long>)::{lambda(char*, char const*, long)#1} const&, bool)::{lambda(int)#1})",28,operator_shape_matched,"[[48,31,34,46],[],[48,31,34,46],[],[]]","[""c10::BFloat16"","""",""c10::BFloat16"",""Scalar"",""Scalar""]",null,1,15.488
null,aten::_index_put_impl_,"void at::native::index_elementwise_kernel<128, 4, at::native::gpu_index_kernel<at::native::index_put_kernel_impl<at::native::OpaqueType<2> >(at::TensorIterator&, c10::ArrayRef<long>, c10::ArrayRef<long>)::{lambda(char*, char const*, long)#1}>(at::TensorIteratorBase&, c10::ArrayRef<long>, c10::ArrayRef<long>, at::native::index_put_kernel_impl<at::native::OpaqueType<2> >(at::TensorIterator&, c10::ArrayRef<long>, c10::ArrayRef<long>)::{lambda(char*, char const*, long)#1} const&, bool)::{lambda(int)#1}>(long, at::native::gpu_index_kernel<at::native::index_put_kernel_impl<at::native::OpaqueType<2> >(at::TensorIterator&, c10::ArrayRef<long>, c10::ArrayRef<long>)::{lambda(char*, char const*, long)#1}>(at::TensorIteratorBase&, c10::ArrayRef<long>, c10::ArrayRef<long>, at::native::index_put_kernel_impl<at::native::OpaqueType<2> >(at::TensorIterator&, c10::ArrayRef<long>, c10::ArrayRef<long>)::{lambda(char*, char const*, long)#1} const&, bool)::{lambda(int)#1})",29,operator_shape_matched,"[[48,38,30,40],[],[48,37,30,40],[],[]]","[""c10::BFloat16"","""",""c10::BFloat16"",""Scalar"",""Scalar""]",null,1,15.392
null,aten::_index_put_impl_,"void at::native::index_elementwise_kernel<128, 4, at::native::gpu_index_kernel<at::native::index_put_kernel_impl<at::native::OpaqueType<2> >(at::TensorIterator&, c10::ArrayRef<long>, c10::ArrayRef<long>)::{lambda(char*, char const*, long)#1}>(at::TensorIteratorBase&, c10::ArrayRef<long>, c10::ArrayRef<long>, at::native::index_put_kernel_impl<at::native::OpaqueType<2> >(at::TensorIterator&, c10::ArrayRef<long>, c10::ArrayRef<long>)::{lambda(char*, char const*, long)#1} const&, bool)::{lambda(int)#1}>(long, at::native::gpu_index_kernel<at::native::index_put_kernel_impl<at::native::OpaqueType<2> >(at::TensorIterator&, c10::ArrayRef<long>, c10::ArrayRef<long>)::{lambda(char*, char const*, long)#1}>(at::TensorIteratorBase&, c10::ArrayRef<long>, c10::ArrayRef<long>, at::native::index_put_kernel_impl<at::native::OpaqueType<2> >(at::TensorIterator&, c10::ArrayRef<long>, c10::ArrayRef<long>)::{lambda(char*, char const*, long)#1} const&, bool)::{lambda(int)#1})",30,operator_shape_matched,"[[48,25,34,46],[],[48,25,34,46],[],[]]","[""c10::BFloat16"","""",""c10::BFloat16"",""Scalar"",""Scalar""]",null,1,14.112
null,aten::_index_put_impl_,"void at::native::index_elementwise_kernel<128, 4, at::native::gpu_index_kernel<at::native::index_put_kernel_impl<at::native::OpaqueType<2> >(at::TensorIterator&, c10::ArrayRef<long>, c10::ArrayRef<long>)::{lambda(char*, char const*, long)#1}>(at::TensorIteratorBase&, c10::ArrayRef<long>, c10::ArrayRef<long>, at::native::index_put_kernel_impl<at::native::OpaqueType<2> >(at::TensorIterator&, c10::ArrayRef<long>, c10::ArrayRef<long>)::{lambda(char*, char const*, long)#1} const&, bool)::{lambda(int)#1}>(long, at::native::gpu_index_kernel<at::native::index_put_kernel_impl<at::native::OpaqueType<2> >(at::TensorIterator&, c10::ArrayRef<long>, c10::ArrayRef<long>)::{lambda(char*, char const*, long)#1}>(at::TensorIteratorBase&, c10::ArrayRef<long>, c10::ArrayRef<long>, at::native::index_put_kernel_impl<at::native::OpaqueType<2> >(at::TensorIterator&, c10::ArrayRef<long>, c10::ArrayRef<long>)::{lambda(char*, char const*, long)#1} const&, bool)::{lambda(int)#1})",31,operator_shape_matched,"[[48,22,30,52],[],[48,21,30,52],[],[]]","[""c10::BFloat16"","""",""c10::BFloat16"",""Scalar"",""Scalar""]",null,1,12.768
null,aten::_index_put_impl_,"void at::native::index_elementwise_kernel<128, 4, at::native::gpu_index_kernel<at::native::index_put_kernel_impl<at::native::OpaqueType<2> >(at::TensorIterator&, c10::ArrayRef<long>, c10::ArrayRef<long>)::{lambda(char*, char const*, long)#1}>(at::TensorIteratorBase&, c10::ArrayRef<long>, c10::ArrayRef<long>, at::native::index_put_kernel_impl<at::native::OpaqueType<2> >(at::TensorIterator&, c10::ArrayRef<long>, c10::ArrayRef<long>)::{lambda(char*, char const*, long)#1} const&, bool)::{lambda(int)#1}>(long, at::native::gpu_index_kernel<at::native::index_put_kernel_impl<at::native::OpaqueType<2> >(at::TensorIterator&, c10::ArrayRef<long>, c10::ArrayRef<long>)::{lambda(char*, char const*, long)#1}>(at::TensorIteratorBase&, c10::ArrayRef<long>, c10::ArrayRef<long>, at::native::index_put_kernel_impl<at::native::OpaqueType<2> >(at::TensorIterator&, c10::ArrayRef<long>, c10::ArrayRef<long>)::{lambda(char*, char const*, long)#1} const&, bool)::{lambda(int)#1})",32,operator_shape_matched,"[[48,25,34,46],[],[48,23,34,46],[],[]]","[""c10::BFloat16"","""",""c10::BFloat16"",""Scalar"",""Scalar""]",null,1,12.576
null,aten::_index_put_impl_,"void at::native::index_elementwise_kernel<128, 4, at::native::gpu_index_kernel<at::native::index_put_kernel_impl<at::native::OpaqueType<2> >(at::TensorIterator&, c10::ArrayRef<long>, c10::ArrayRef<long>)::{lambda(char*, char const*, long)#1}>(at::TensorIteratorBase&, c10::ArrayRef<long>, c10::ArrayRef<long>, at::native::index_put_kernel_impl<at::native::OpaqueType<2> >(at::TensorIterator&, c10::ArrayRef<long>, c10::ArrayRef<long>)::{lambda(char*, char const*, long)#1} const&, bool)::{lambda(int)#1}>(long, at::native::gpu_index_kernel<at::native::index_put_kernel_impl<at::native::OpaqueType<2> >(at::TensorIterator&, c10::ArrayRef<long>, c10::ArrayRef<long>)::{lambda(char*, char const*, long)#1}>(at::TensorIteratorBase&, c10::ArrayRef<long>, c10::ArrayRef<long>, at::native::index_put_kernel_impl<at::native::OpaqueType<2> >(at::TensorIterator&, c10::ArrayRef<long>, c10::ArrayRef<long>)::{lambda(char*, char const*, long)#1} const&, bool)::{lambda(int)#1})",33,operator_shape_matched,"[[48,19,30,52],[],[48,19,30,52],[],[]]","[""c10::BFloat16"","""",""c10::BFloat16"",""Scalar"",""Scalar""]",null,1,12.064
null,aten::_index_put_impl_,"void at::native::index_elementwise_kernel<128, 4, at::native::gpu_index_kernel<at::native::index_put_kernel_impl<at::native::OpaqueType<2> >(at::TensorIterator&, c10::ArrayRef<long>, c10::ArrayRef<long>)::{lambda(char*, char const*, long)#1}>(at::TensorIteratorBase&, c10::ArrayRef<long>, c10::ArrayRef<long>, at::native::index_put_kernel_impl<at::native::OpaqueType<2> >(at::TensorIterator&, c10::ArrayRef<long>, c10::ArrayRef<long>)::{lambda(char*, char const*, long)#1} const&, bool)::{lambda(int)#1}>(long, at::native::gpu_index_kernel<at::native::index_put_kernel_impl<at::native::OpaqueType<2> >(at::TensorIterator&, c10::ArrayRef<long>, c10::ArrayRef<long>)::{lambda(char*, char const*, long)#1}>(at::TensorIteratorBase&, c10::ArrayRef<long>, c10::ArrayRef<long>, at::native::index_put_kernel_impl<at::native::OpaqueType<2> >(at::TensorIterator&, c10::ArrayRef<long>, c10::ArrayRef<long>)::{lambda(char*, char const*, long)#1} const&, bool)::{lambda(int)#1})",34,operator_shape_matched,"[[48,17,30,52],[],[48,16,30,52],[],[]]","[""c10::BFloat16"","""",""c10::BFloat16"",""Scalar"",""Scalar""]",null,1,10.72
null,aten::_index_put_impl_,"void at::native::index_elementwise_kernel<128, 4, at::native::gpu_index_kernel<at::native::index_put_kernel_impl<at::native::OpaqueType<2> >(at::TensorIterator&, c10::ArrayRef<long>, c10::ArrayRef<long>)::{lambda(char*, char const*, long)#1}>(at::TensorIteratorBase&, c10::ArrayRef<long>, c10::ArrayRef<long>, at::native::index_put_kernel_impl<at::native::OpaqueType<2> >(at::TensorIterator&, c10::ArrayRef<long>, c10::ArrayRef<long>)::{lambda(char*, char const*, long)#1} const&, bool)::{lambda(int)#1}>(long, at::native::gpu_index_kernel<at::native::index_put_kernel_impl<at::native::OpaqueType<2> >(at::TensorIterator&, c10::ArrayRef<long>, c10::ArrayRef<long>)::{lambda(char*, char const*, long)#1}>(at::TensorIteratorBase&, c10::ArrayRef<long>, c10::ArrayRef<long>, at::native::index_put_kernel_impl<at::native::OpaqueType<2> >(at::TensorIterator&, c10::ArrayRef<long>, c10::ArrayRef<long>)::{lambda(char*, char const*, long)#1} const&, bool)::{lambda(int)#1})",35,operator_shape_matched,"[[48,16,30,52],[],[48,16,30,52],[],[]]","[""c10::BFloat16"","""",""c10::BFloat16"",""Scalar"",""Scalar""]",null,1,10.368
null,aten::_index_put_impl_,"void at::native::index_elementwise_kernel<128, 4, at::native::gpu_index_kernel<at::native::index_put_kernel_impl<at::native::OpaqueType<2> >(at::TensorIterator&, c10::ArrayRef<long>, c10::ArrayRef<long>)::{lambda(char*, char const*, long)#1}>(at::TensorIteratorBase&, c10::ArrayRef<long>, c10::ArrayRef<long>, at::native::index_put_kernel_impl<at::native::OpaqueType<2> >(at::TensorIterator&, c10::ArrayRef<long>, c10::ArrayRef<long>)::{lambda(char*, char const*, long)#1} const&, bool)::{lambda(int)#1}>(long, at::native::gpu_index_kernel<at::native::index_put_kernel_impl<at::native::OpaqueType<2> >(at::TensorIterator&, c10::ArrayRef<long>, c10::ArrayRef<long>)::{lambda(char*, char const*, long)#1}>(at::TensorIteratorBase&, c10::ArrayRef<long>, c10::ArrayRef<long>, at::native::index_put_kernel_impl<at::native::OpaqueType<2> >(at::TensorIterator&, c10::ArrayRef<long>, c10::ArrayRef<long>)::{lambda(char*, char const*, long)#1} const&, bool)::{lambda(int)#1})",36,operator_shape_matched,"[[48,15,30,52],[],[48,15,30,52],[],[]]","[""c10::BFloat16"","""",""c10::BFloat16"",""Scalar"",""Scalar""]",null,1,10.016
null,aten::_index_put_impl_,"void at::native::index_elementwise_kernel<128, 4, at::native::gpu_index_kernel<at::native::index_put_kernel_impl<at::native::OpaqueType<2> >(at::TensorIterator&, c10::ArrayRef<long>, c10::ArrayRef<long>)::{lambda(char*, char const*, long)#1}>(at::TensorIteratorBase&, c10::ArrayRef<long>, c10::ArrayRef<long>, at::native::index_put_kernel_impl<at::native::OpaqueType<2> >(at::TensorIterator&, c10::ArrayRef<long>, c10::ArrayRef<long>)::{lambda(char*, char const*, long)#1} const&, bool)::{lambda(int)#1}>(long, at::native::gpu_index_kernel<at::native::index_put_kernel_impl<at::native::OpaqueType<2> >(at::TensorIterator&, c10::ArrayRef<long>, c10::ArrayRef<long>)::{lambda(char*, char const*, long)#1}>(at::TensorIteratorBase&, c10::ArrayRef<long>, c10::ArrayRef<long>, at::native::index_put_kernel_impl<at::native::OpaqueType<2> >(at::TensorIterator&, c10::ArrayRef<long>, c10::ArrayRef<long>)::{lambda(char*, char const*, long)#1} const&, bool)::{lambda(int)#1})",37,operator_shape_matched,"[[48,15,30,52],[],[48,14,30,52],[],[]]","[""c10::BFloat16"","""",""c10::BFloat16"",""Scalar"",""Scalar""]",null,1,9.409
null,aten::_index_put_impl_,"void at::native::index_elementwise_kernel<128, 4, at::native::gpu_index_kernel<at::native::index_put_kernel_impl<at::native::OpaqueType<2> >(at::TensorIterator&, c10::ArrayRef<long>, c10::ArrayRef<long>)::{lambda(char*, char const*, long)#1}>(at::TensorIteratorBase&, c10::ArrayRef<long>, c10::ArrayRef<long>, at::native::index_put_kernel_impl<at::native::OpaqueType<2> >(at::TensorIterator&, c10::ArrayRef<long>, c10::ArrayRef<long>)::{lambda(char*, char const*, long)#1} const&, bool)::{lambda(int)#1}>(long, at::native::gpu_index_kernel<at::native::index_put_kernel_impl<at::native::OpaqueType<2> >(at::TensorIterator&, c10::ArrayRef<long>, c10::ArrayRef<long>)::{lambda(char*, char const*, long)#1}>(at::TensorIteratorBase&, c10::ArrayRef<long>, c10::ArrayRef<long>, at::native::index_put_kernel_impl<at::native::OpaqueType<2> >(at::TensorIterator&, c10::ArrayRef<long>, c10::ArrayRef<long>)::{lambda(char*, char const*, long)#1} const&, bool)::{lambda(int)#1})",38,operator_shape_matched,"[[48,16,34,46],[],[48,16,34,46],[],[]]","[""c10::BFloat16"","""",""c10::BFloat16"",""Scalar"",""Scalar""]",null,1,9.184
null,aten::_index_put_impl_,"void at::native::index_elementwise_kernel<128, 4, at::native::gpu_index_kernel<at::native::index_put_kernel_impl<at::native::OpaqueType<2> >(at::TensorIterator&, c10::ArrayRef<long>, c10::ArrayRef<long>)::{lambda(char*, char const*, long)#1}>(at::TensorIteratorBase&, c10::ArrayRef<long>, c10::ArrayRef<long>, at::native::index_put_kernel_impl<at::native::OpaqueType<2> >(at::TensorIterator&, c10::ArrayRef<long>, c10::ArrayRef<long>)::{lambda(char*, char const*, long)#1} const&, bool)::{lambda(int)#1}>(long, at::native::gpu_index_kernel<at::native::index_put_kernel_impl<at::native::OpaqueType<2> >(at::TensorIterator&, c10::ArrayRef<long>, c10::ArrayRef<long>)::{lambda(char*, char const*, long)#1}>(at::TensorIteratorBase&, c10::ArrayRef<long>, c10::ArrayRef<long>, at::native::index_put_kernel_impl<at::native::OpaqueType<2> >(at::TensorIterator&, c10::ArrayRef<long>, c10::ArrayRef<long>)::{lambda(char*, char const*, long)#1} const&, bool)::{lambda(int)#1})",39,operator_shape_matched,"[[48,13,30,52],[],[48,13,30,52],[],[]]","[""c10::BFloat16"","""",""c10::BFloat16"",""Scalar"",""Scalar""]",null,1,9.119
null,aten::_index_put_impl_,"void at::native::index_elementwise_kernel<128, 4, at::native::gpu_index_kernel<at::native::index_put_kernel_impl<at::native::OpaqueType<2> >(at::TensorIterator&, c10::ArrayRef<long>, c10::ArrayRef<long>)::{lambda(char*, char const*, long)#1}>(at::TensorIteratorBase&, c10::ArrayRef<long>, c10::ArrayRef<long>, at::native::index_put_kernel_impl<at::native::OpaqueType<2> >(at::TensorIterator&, c10::ArrayRef<long>, c10::ArrayRef<long>)::{lambda(char*, char const*, long)#1} const&, bool)::{lambda(int)#1}>(long, at::native::gpu_index_kernel<at::native::index_put_kernel_impl<at::native::OpaqueType<2> >(at::TensorIterator&, c10::ArrayRef<long>, c10::ArrayRef<long>)::{lambda(char*, char const*, long)#1}>(at::TensorIteratorBase&, c10::ArrayRef<long>, c10::ArrayRef<long>, at::native::index_put_kernel_impl<at::native::OpaqueType<2> >(at::TensorIterator&, c10::ArrayRef<long>, c10::ArrayRef<long>)::{lambda(char*, char const*, long)#1} const&, bool)::{lambda(int)#1})",40,operator_shape_matched,"[[48,14,30,52],[],[48,13,30,52],[],[]]","[""c10::BFloat16"","""",""c10::BFloat16"",""Scalar"",""Scalar""]",null,1,8.959
null,aten::_index_put_impl_,"void at::native::index_elementwise_kernel<128, 4, at::native::gpu_index_kernel<at::native::index_put_kernel_impl<at::native::OpaqueType<2> >(at::TensorIterator&, c10::ArrayRef<long>, c10::ArrayRef<long>)::{lambda(char*, char const*, long)#1}>(at::TensorIteratorBase&, c10::ArrayRef<long>, c10::ArrayRef<long>, at::native::index_put_kernel_impl<at::native::OpaqueType<2> >(at::TensorIterator&, c10::ArrayRef<long>, c10::ArrayRef<long>)::{lambda(char*, char const*, long)#1} const&, bool)::{lambda(int)#1}>(long, at::native::gpu_index_kernel<at::native::index_put_kernel_impl<at::native::OpaqueType<2> >(at::TensorIterator&, c10::ArrayRef<long>, c10::ArrayRef<long>)::{lambda(char*, char const*, long)#1}>(at::TensorIteratorBase&, c10::ArrayRef<long>, c10::ArrayRef<long>, at::native::index_put_kernel_impl<at::native::OpaqueType<2> >(at::TensorIterator&, c10::ArrayRef<long>, c10::ArrayRef<long>)::{lambda(char*, char const*, long)#1} const&, bool)::{lambda(int)#1})",41,operator_shape_matched,"[[48,12,30,52],[],[48,12,30,52],[],[]]","[""c10::BFloat16"","""",""c10::BFloat16"",""Scalar"",""Scalar""]",null,1,8.864
null,aten::_index_put_impl_,"void at::native::index_elementwise_kernel<128, 4, at::native::gpu_index_kernel<at::native::index_put_kernel_impl<at::native::OpaqueType<2> >(at::TensorIterator&, c10::ArrayRef<long>, c10::ArrayRef<long>)::{lambda(char*, char const*, long)#1}>(at::TensorIteratorBase&, c10::ArrayRef<long>, c10::ArrayRef<long>, at::native::index_put_kernel_impl<at::native::OpaqueType<2> >(at::TensorIterator&, c10::ArrayRef<long>, c10::ArrayRef<long>)::{lambda(char*, char const*, long)#1} const&, bool)::{lambda(int)#1}>(long, at::native::gpu_index_kernel<at::native::index_put_kernel_impl<at::native::OpaqueType<2> >(at::TensorIterator&, c10::ArrayRef<long>, c10::ArrayRef<long>)::{lambda(char*, char const*, long)#1}>(at::TensorIteratorBase&, c10::ArrayRef<long>, c10::ArrayRef<long>, at::native::index_put_kernel_impl<at::native::OpaqueType<2> >(at::TensorIterator&, c10::ArrayRef<long>, c10::ArrayRef<long>)::{lambda(char*, char const*, long)#1} const&, bool)::{lambda(int)#1})",42,operator_shape_matched,"[[48,11,30,52],[],[48,11,30,52],[],[]]","[""c10::BFloat16"","""",""c10::BFloat16"",""Scalar"",""Scalar""]",null,1,8.704
null,aten::_index_put_impl_,"void at::native::index_elementwise_kernel<128, 4, at::native::gpu_index_kernel<at::native::index_put_kernel_impl<at::native::OpaqueType<2> >(at::TensorIterator&, c10::ArrayRef<long>, c10::ArrayRef<long>)::{lambda(char*, char const*, long)#1}>(at::TensorIteratorBase&, c10::ArrayRef<long>, c10::ArrayRef<long>, at::native::index_put_kernel_impl<at::native::OpaqueType<2> >(at::TensorIterator&, c10::ArrayRef<long>, c10::ArrayRef<long>)::{lambda(char*, char const*, long)#1} const&, bool)::{lambda(int)#1}>(long, at::native::gpu_index_kernel<at::native::index_put_kernel_impl<at::native::OpaqueType<2> >(at::TensorIterator&, c10::ArrayRef<long>, c10::ArrayRef<long>)::{lambda(char*, char const*, long)#1}>(at::TensorIteratorBase&, c10::ArrayRef<long>, c10::ArrayRef<long>, at::native::index_put_kernel_impl<at::native::OpaqueType<2> >(at::TensorIterator&, c10::ArrayRef<long>, c10::ArrayRef<long>)::{lambda(char*, char const*, long)#1} const&, bool)::{lambda(int)#1})",43,operator_shape_matched,"[[48,13,30,52],[],[48,11,30,52],[],[]]","[""c10::BFloat16"","""",""c10::BFloat16"",""Scalar"",""Scalar""]",null,1,8.609
null,aten::_index_put_impl_,"void at::native::index_elementwise_kernel<128, 4, at::native::gpu_index_kernel<at::native::index_put_kernel_impl<at::native::OpaqueType<2> >(at::TensorIterator&, c10::ArrayRef<long>, c10::ArrayRef<long>)::{lambda(char*, char const*, long)#1}>(at::TensorIteratorBase&, c10::ArrayRef<long>, c10::ArrayRef<long>, at::native::index_put_kernel_impl<at::native::OpaqueType<2> >(at::TensorIterator&, c10::ArrayRef<long>, c10::ArrayRef<long>)::{lambda(char*, char const*, long)#1} const&, bool)::{lambda(int)#1}>(long, at::native::gpu_index_kernel<at::native::index_put_kernel_impl<at::native::OpaqueType<2> >(at::TensorIterator&, c10::ArrayRef<long>, c10::ArrayRef<long>)::{lambda(char*, char const*, long)#1}>(at::TensorIteratorBase&, c10::ArrayRef<long>, c10::ArrayRef<long>, at::native::index_put_kernel_impl<at::native::OpaqueType<2> >(at::TensorIterator&, c10::ArrayRef<long>, c10::ArrayRef<long>)::{lambda(char*, char const*, long)#1} const&, bool)::{lambda(int)#1})",44,operator_shape_matched,"[[48,11,30,52],[],[48,10,30,52],[],[]]","[""c10::BFloat16"","""",""c10::BFloat16"",""Scalar"",""Scalar""]",null,1,7.616
null,aten::_index_put_impl_,"void at_cuda_detail::cub::detail::radix_sort::DeviceRadixSortExclusiveSumKernel<at_cuda_detail::cub::detail::radix::policy_hub<long, at::cuda::cub::detail::OpaqueType<8>, unsigned long long>::Policy1000, unsigned long long>(unsigned long long*)",1,operator_shape_matched,"[[91618,4096],[],[90712,4096],[],[]]","[""c10::BFloat16"","""",""c10::BFloat16"",""Scalar"",""Scalar""]",null,1,3.552
null,aten::_index_put_impl_,"void at_cuda_detail::cub::detail::radix_sort::DeviceRadixSortExclusiveSumKernel<at_cuda_detail::cub::detail::radix::policy_hub<long, at::cuda::cub::detail::OpaqueType<8>, unsigned long long>::Policy1000, unsigned long long>(unsigned long long*)",2,operator_shape_matched,"[[91618,4096],[],[90321,4096],[],[]]","[""c10::BFloat16"","""",""c10::BFloat16"",""Scalar"",""Scalar""]",null,1,1.984
null,aten::_index_put_impl_,"void at_cuda_detail::cub::detail::radix_sort::DeviceRadixSortExclusiveSumKernel<at_cuda_detail::cub::detail::radix::policy_hub<long, at::cuda::cub::detail::OpaqueType<8>, unsigned long long>::Policy1000, unsigned long long>(unsigned long long*)",3,operator_shape_matched,"[[96992,4096],[],[90870,4096],[],[]]","[""c10::BFloat16"","""",""c10::BFloat16"",""Scalar"",""Scalar""]",null,1,1.792
null,aten::_index_put_impl_,"void at_cuda_detail::cub::detail::radix_sort::DeviceRadixSortExclusiveSumKernel<at_cuda_detail::cub::detail::radix::policy_hub<long, at::cuda::cub::detail::OpaqueType<8>, unsigned long long>::Policy1000, unsigned long long>(unsigned long long*)",4,operator_shape_matched,"[[97971,4096],[],[94622,4096],[],[]]","[""c10::BFloat16"","""",""c10::BFloat16"",""Scalar"",""Scalar""]",null,1,1.6
null,aten::_index_put_impl_,"void at_cuda_detail::cub::detail::radix_sort::DeviceRadixSortExclusiveSumKernel<at_cuda_detail::cub::detail::radix::policy_hub<long, at::cuda::cub::detail::OpaqueType<8>, unsigned long long>::Policy1000, unsigned long long>(unsigned long long*)",5,operator_shape_matched,"[[98970,4096],[],[97800,4096],[],[]]","[""c10::BFloat16"","""",""c10::BFloat16"",""Scalar"",""Scalar""]",null,1,1.6
null,aten::_index_put_impl_,"void at_cuda_detail::cub::detail::radix_sort::DeviceRadixSortExclusiveSumKernel<at_cuda_detail::cub::detail::radix::policy_hub<long, at::cuda::cub::detail::OpaqueType<8>, unsigned long long>::Policy1000, unsigned long long>(unsigned long long*)",6,operator_shape_matched,"[[98970,4096],[],[96000,4096],[],[]]","[""c10::BFloat16"","""",""c10::BFloat16"",""Scalar"",""Scalar""]",null,1,1.568
null,aten::_index_put_impl_,"void at_cuda_detail::cub::detail::radix_sort::DeviceRadixSortExclusiveSumKernel<at_cuda_detail::cub::detail::radix::policy_hub<long, at::cuda::cub::detail::OpaqueType<8>, unsigned long long>::Policy1000, unsigned long long>(unsigned long long*)",7,operator_shape_matched,"[[96992,4096],[],[2612,4096],[],[]]","[""c10::BFloat16"","""",""c10::BFloat16"",""Scalar"",""Scalar""]",null,1,1.504
null,aten::_index_put_impl_,"void at_cuda_detail::cub::detail::radix_sort::DeviceRadixSortExclusiveSumKernel<at_cuda_detail::cub::detail::radix::policy_hub<long, at::cuda::cub::detail::OpaqueType<8>, unsigned long long>::Policy1000, unsigned long long>(unsigned long long*)",8,operator_shape_matched,"[[96992,4096],[],[94380,4096],[],[]]","[""c10::BFloat16"","""",""c10::BFloat16"",""Scalar"",""Scalar""]",null,1,1.504
null,aten::_index_put_impl_,"void at_cuda_detail::cub::detail::radix_sort::DeviceRadixSortExclusiveSumKernel<at_cuda_detail::cub::detail::radix::policy_hub<long, at::cuda::cub::detail::OpaqueType<8>, unsigned long long>::Policy1000, unsigned long long>(unsigned long long*)",9,operator_shape_matched,"[[58939,4096],[],[58650,4096],[],[]]","[""c10::BFloat16"","""",""c10::BFloat16"",""Scalar"",""Scalar""]",null,1,1.44
null,aten::_index_put_impl_,"void at_cuda_detail::cub::detail::radix_sort::DeviceRadixSortExclusiveSumKernel<at_cuda_detail::cub::detail::radix::policy_hub<long, at::cuda::cub::detail::OpaqueType<8>, unsigned long long>::Policy1000, unsigned long long>(unsigned long long*)",10,operator_shape_matched,"[[58939,4096],[],[58259,4096],[],[]]","[""c10::BFloat16"","""",""c10::BFloat16"",""Scalar"",""Scalar""]",null,1,1.44
null,aten::_index_put_impl_,"void at_cuda_detail::cub::detail::radix_sort::DeviceRadixSortExclusiveSumKernel<at_cuda_detail::cub::detail::radix::policy_hub<long, at::cuda::cub::detail::OpaqueType<8>, unsigned long long>::Policy1000, unsigned long long>(unsigned long long*)",11,operator_shape_matched,"[[56605,4096],[],[55913,4096],[],[]]","[""c10::BFloat16"","""",""c10::BFloat16"",""Scalar"",""Scalar""]",null,1,1.408
null,aten::_index_put_impl_,"void at_cuda_detail::cub::detail::radix_sort::DeviceRadixSortExclusiveSumKernel<at_cuda_detail::cub::detail::radix::policy_hub<long, at::cuda::cub::detail::OpaqueType<8>, unsigned long long>::Policy1000, unsigned long long>(unsigned long long*)",12,operator_shape_matched,"[[97971,4096],[],[96577,4096],[],[]]","[""c10::BFloat16"","""",""c10::BFloat16"",""Scalar"",""Scalar""]",null,1,1.408
null,aten::_index_put_impl_,"void at_cuda_detail::cub::detail::radix_sort::DeviceRadixSortExclusiveSumKernel<at_cuda_detail::cub::detail::radix::policy_hub<long, at::cuda::cub::detail::OpaqueType<8>, unsigned long long>::Policy1000, unsigned long long>(unsigned long long*)",13,operator_shape_matched,"[[56605,4096],[],[56304,4096],[],[]]","[""c10::BFloat16"","""",""c10::BFloat16"",""Scalar"",""Scalar""]",null,1,1.344
null,aten::_index_put_impl_,"void at_cuda_detail::cub::detail::radix_sort::DeviceRadixSortHistogramKernel<at_cuda_detail::cub::detail::radix::policy_hub<long, at::cuda::cub::detail::OpaqueType<8>, unsigned long long>::Policy1000, (at_cuda_detail::cub::SortOrder)0, long, unsigned long long, at_cuda_detail::cub::detail::identity_decomposer_t>(unsigned long long*, long const*, unsigned long long, int, int, at_cuda_detail::cub::detail::identity_decomposer_t)",1,operator_shape_matched,"[[91618,4096],[],[90712,4096],[],[]]","[""c10::BFloat16"","""",""c10::BFloat16"",""Scalar"",""Scalar""]",null,1,5.472
null,aten::_index_put_impl_,"void at_cuda_detail::cub::detail::radix_sort::DeviceRadixSortHistogramKernel<at_cuda_detail::cub::detail::radix::policy_hub<long, at::cuda::cub::detail::OpaqueType<8>, unsigned long long>::Policy1000, (at_cuda_detail::cub::SortOrder)0, long, unsigned long long, at_cuda_detail::cub::detail::identity_decomposer_t>(unsigned long long*, long const*, unsigned long long, int, int, at_cuda_detail::cub::detail::identity_decomposer_t)",2,operator_shape_matched,"[[96992,4096],[],[90870,4096],[],[]]","[""c10::BFloat16"","""",""c10::BFloat16"",""Scalar"",""Scalar""]",null,1,4.319
null,aten::_index_put_impl_,"void at_cuda_detail::cub::detail::radix_sort::DeviceRadixSortHistogramKernel<at_cuda_detail::cub::detail::radix::policy_hub<long, at::cuda::cub::detail::OpaqueType<8>, unsigned long long>::Policy1000, (at_cuda_detail::cub::SortOrder)0, long, unsigned long long, at_cuda_detail::cub::detail::identity_decomposer_t>(unsigned long long*, long const*, unsigned long long, int, int, at_cuda_detail::cub::detail::identity_decomposer_t)",3,operator_shape_matched,"[[91618,4096],[],[90321,4096],[],[]]","[""c10::BFloat16"","""",""c10::BFloat16"",""Scalar"",""Scalar""]",null,1,4.224
null,aten::_index_put_impl_,"void at_cuda_detail::cub::detail::radix_sort::DeviceRadixSortHistogramKernel<at_cuda_detail::cub::detail::radix::policy_hub<long, at::cuda::cub::detail::OpaqueType<8>, unsigned long long>::Policy1000, (at_cuda_detail::cub::SortOrder)0, long, unsigned long long, at_cuda_detail::cub::detail::identity_decomposer_t>(unsigned long long*, long const*, unsigned long long, int, int, at_cuda_detail::cub::detail::identity_decomposer_t)",4,operator_shape_matched,"[[98970,4096],[],[96000,4096],[],[]]","[""c10::BFloat16"","""",""c10::BFloat16"",""Scalar"",""Scalar""]",null,1,3.936
null,aten::_index_put_impl_,"void at_cuda_detail::cub::detail::radix_sort::DeviceRadixSortHistogramKernel<at_cuda_detail::cub::detail::radix::policy_hub<long, at::cuda::cub::detail::OpaqueType<8>, unsigned long long>::Policy1000, (at_cuda_detail::cub::SortOrder)0, long, unsigned long long, at_cuda_detail::cub::detail::identity_decomposer_t>(unsigned long long*, long const*, unsigned long long, int, int, at_cuda_detail::cub::detail::identity_decomposer_t)",5,operator_shape_matched,"[[98970,4096],[],[97800,4096],[],[]]","[""c10::BFloat16"","""",""c10::BFloat16"",""Scalar"",""Scalar""]",null,1,3.936
null,aten::_index_put_impl_,"void at_cuda_detail::cub::detail::radix_sort::DeviceRadixSortHistogramKernel<at_cuda_detail::cub::detail::radix::policy_hub<long, at::cuda::cub::detail::OpaqueType<8>, unsigned long long>::Policy1000, (at_cuda_detail::cub::SortOrder)0, long, unsigned long long, at_cuda_detail::cub::detail::identity_decomposer_t>(unsigned long long*, long const*, unsigned long long, int, int, at_cuda_detail::cub::detail::identity_decomposer_t)",6,operator_shape_matched,"[[97971,4096],[],[94622,4096],[],[]]","[""c10::BFloat16"","""",""c10::BFloat16"",""Scalar"",""Scalar""]",null,1,3.872
null,aten::_index_put_impl_,"void at_cuda_detail::cub::detail::radix_sort::DeviceRadixSortHistogramKernel<at_cuda_detail::cub::detail::radix::policy_hub<long, at::cuda::cub::detail::OpaqueType<8>, unsigned long long>::Policy1000, (at_cuda_detail::cub::SortOrder)0, long, unsigned long long, at_cuda_detail::cub::detail::identity_decomposer_t>(unsigned long long*, long const*, unsigned long long, int, int, at_cuda_detail::cub::detail::identity_decomposer_t)",7,operator_shape_matched,"[[58939,4096],[],[58259,4096],[],[]]","[""c10::BFloat16"","""",""c10::BFloat16"",""Scalar"",""Scalar""]",null,1,3.616
null,aten::_index_put_impl_,"void at_cuda_detail::cub::detail::radix_sort::DeviceRadixSortHistogramKernel<at_cuda_detail::cub::detail::radix::policy_hub<long, at::cuda::cub::detail::OpaqueType<8>, unsigned long long>::Policy1000, (at_cuda_detail::cub::SortOrder)0, long, unsigned long long, at_cuda_detail::cub::detail::identity_decomposer_t>(unsigned long long*, long const*, unsigned long long, int, int, at_cuda_detail::cub::detail::identity_decomposer_t)",8,operator_shape_matched,"[[96992,4096],[],[94380,4096],[],[]]","[""c10::BFloat16"","""",""c10::BFloat16"",""Scalar"",""Scalar""]",null,1,3.584
null,aten::_index_put_impl_,"void at_cuda_detail::cub::detail::radix_sort::DeviceRadixSortHistogramKernel<at_cuda_detail::cub::detail::radix::policy_hub<long, at::cuda::cub::detail::OpaqueType<8>, unsigned long long>::Policy1000, (at_cuda_detail::cub::SortOrder)0, long, unsigned long long, at_cuda_detail::cub::detail::identity_decomposer_t>(unsigned long long*, long const*, unsigned long long, int, int, at_cuda_detail::cub::detail::identity_decomposer_t)",9,operator_shape_matched,"[[56605,4096],[],[55913,4096],[],[]]","[""c10::BFloat16"","""",""c10::BFloat16"",""Scalar"",""Scalar""]",null,1,3.456
null,aten::_index_put_impl_,"void at_cuda_detail::cub::detail::radix_sort::DeviceRadixSortHistogramKernel<at_cuda_detail::cub::detail::radix::policy_hub<long, at::cuda::cub::detail::OpaqueType<8>, unsigned long long>::Policy1000, (at_cuda_detail::cub::SortOrder)0, long, unsigned long long, at_cuda_detail::cub::detail::identity_decomposer_t>(unsigned long long*, long const*, unsigned long long, int, int, at_cuda_detail::cub::detail::identity_decomposer_t)",10,operator_shape_matched,"[[97971,4096],[],[96577,4096],[],[]]","[""c10::BFloat16"","""",""c10::BFloat16"",""Scalar"",""Scalar""]",null,1,3.425
null,aten::_index_put_impl_,"void at_cuda_detail::cub::detail::radix_sort::DeviceRadixSortHistogramKernel<at_cuda_detail::cub::detail::radix::policy_hub<long, at::cuda::cub::detail::OpaqueType<8>, unsigned long long>::Policy1000, (at_cuda_detail::cub::SortOrder)0, long, unsigned long long, at_cuda_detail::cub::detail::identity_decomposer_t>(unsigned long long*, long const*, unsigned long long, int, int, at_cuda_detail::cub::detail::identity_decomposer_t)",11,operator_shape_matched,"[[56605,4096],[],[56304,4096],[],[]]","[""c10::BFloat16"","""",""c10::BFloat16"",""Scalar"",""Scalar""]",null,1,3.328
null,aten::_index_put_impl_,"void at_cuda_detail::cub::detail::radix_sort::DeviceRadixSortHistogramKernel<at_cuda_detail::cub::detail::radix::policy_hub<long, at::cuda::cub::detail::OpaqueType<8>, unsigned long long>::Policy1000, (at_cuda_detail::cub::SortOrder)0, long, unsigned long long, at_cuda_detail::cub::detail::identity_decomposer_t>(unsigned long long*, long const*, unsigned long long, int, int, at_cuda_detail::cub::detail::identity_decomposer_t)",12,operator_shape_matched,"[[96992,4096],[],[2612,4096],[],[]]","[""c10::BFloat16"","""",""c10::BFloat16"",""Scalar"",""Scalar""]",null,1,3.328
null,aten::_index_put_impl_,"void at_cuda_detail::cub::detail::radix_sort::DeviceRadixSortHistogramKernel<at_cuda_detail::cub::detail::radix::policy_hub<long, at::cuda::cub::detail::OpaqueType<8>, unsigned long long>::Policy1000, (at_cuda_detail::cub::SortOrder)0, long, unsigned long long, at_cuda_detail::cub::detail::identity_decomposer_t>(unsigned long long*, long const*, unsigned long long, int, int, at_cuda_detail::cub::detail::identity_decomposer_t)",13,operator_shape_matched,"[[58939,4096],[],[58650,4096],[],[]]","[""c10::BFloat16"","""",""c10::BFloat16"",""Scalar"",""Scalar""]",null,1,3.231
null,aten::_index_put_impl_,"void at_cuda_detail::cub::detail::radix_sort::DeviceRadixSortOnesweepKernel<at_cuda_detail::cub::detail::radix::policy_hub<long, at::cuda::cub::detail::OpaqueType<8>, unsigned long long>::Policy1000, (at_cuda_detail::cub::SortOrder)0, long, at::cuda::cub::detail::OpaqueType<8>, unsigned long long, int, int, at_cuda_detail::cub::detail::identity_decomposer_t>(int*, int*, unsigned long long*, unsigned long long const*, long*, long const*, at::cuda::cub::detail::OpaqueType<8>*, at::cuda::cub::detail::OpaqueType<8> const*, int, int, int, at_cuda_detail::cub::detail::identity_decomposer_t)",1,operator_shape_matched,"[[91618,4096],[],[90712,4096],[],[]]","[""c10::BFloat16"","""",""c10::BFloat16"",""Scalar"",""Scalar""]",null,3,38.689
null,aten::_index_put_impl_,"void at_cuda_detail::cub::detail::radix_sort::DeviceRadixSortOnesweepKernel<at_cuda_detail::cub::detail::radix::policy_hub<long, at::cuda::cub::detail::OpaqueType<8>, unsigned long long>::Policy1000, (at_cuda_detail::cub::SortOrder)0, long, at::cuda::cub::detail::OpaqueType<8>, unsigned long long, int, int, at_cuda_detail::cub::detail::identity_decomposer_t>(int*, int*, unsigned long long*, unsigned long long const*, long*, long const*, at::cuda::cub::detail::OpaqueType<8>*, at::cuda::cub::detail::OpaqueType<8> const*, int, int, int, at_cuda_detail::cub::detail::identity_decomposer_t)",2,operator_shape_matched,"[[91618,4096],[],[90321,4096],[],[]]","[""c10::BFloat16"","""",""c10::BFloat16"",""Scalar"",""Scalar""]",null,3,36.035
null,aten::_index_put_impl_,"void at_cuda_detail::cub::detail::radix_sort::DeviceRadixSortOnesweepKernel<at_cuda_detail::cub::detail::radix::policy_hub<long, at::cuda::cub::detail::OpaqueType<8>, unsigned long long>::Policy1000, (at_cuda_detail::cub::SortOrder)0, long, at::cuda::cub::detail::OpaqueType<8>, unsigned long long, int, int, at_cuda_detail::cub::detail::identity_decomposer_t>(int*, int*, unsigned long long*, unsigned long long const*, long*, long const*, at::cuda::cub::detail::OpaqueType<8>*, at::cuda::cub::detail::OpaqueType<8> const*, int, int, int, at_cuda_detail::cub::detail::identity_decomposer_t)",3,operator_shape_matched,"[[96992,4096],[],[90870,4096],[],[]]","[""c10::BFloat16"","""",""c10::BFloat16"",""Scalar"",""Scalar""]",null,3,35.808
null,aten::_index_put_impl_,"void at_cuda_detail::cub::detail::radix_sort::DeviceRadixSortOnesweepKernel<at_cuda_detail::cub::detail::radix::policy_hub<long, at::cuda::cub::detail::OpaqueType<8>, unsigned long long>::Policy1000, (at_cuda_detail::cub::SortOrder)0, long, at::cuda::cub::detail::OpaqueType<8>, unsigned long long, int, int, at_cuda_detail::cub::detail::identity_decomposer_t>(int*, int*, unsigned long long*, unsigned long long const*, long*, long const*, at::cuda::cub::detail::OpaqueType<8>*, at::cuda::cub::detail::OpaqueType<8> const*, int, int, int, at_cuda_detail::cub::detail::identity_decomposer_t)",4,operator_shape_matched,"[[98970,4096],[],[97800,4096],[],[]]","[""c10::BFloat16"","""",""c10::BFloat16"",""Scalar"",""Scalar""]",null,3,34.624
null,aten::_index_put_impl_,"void at_cuda_detail::cub::detail::radix_sort::DeviceRadixSortOnesweepKernel<at_cuda_detail::cub::detail::radix::policy_hub<long, at::cuda::cub::detail::OpaqueType<8>, unsigned long long>::Policy1000, (at_cuda_detail::cub::SortOrder)0, long, at::cuda::cub::detail::OpaqueType<8>, unsigned long long, int, int, at_cuda_detail::cub::detail::identity_decomposer_t>(int*, int*, unsigned long long*, unsigned long long const*, long*, long const*, at::cuda::cub::detail::OpaqueType<8>*, at::cuda::cub::detail::OpaqueType<8> const*, int, int, int, at_cuda_detail::cub::detail::identity_decomposer_t)",5,operator_shape_matched,"[[98970,4096],[],[96000,4096],[],[]]","[""c10::BFloat16"","""",""c10::BFloat16"",""Scalar"",""Scalar""]",null,3,33.664
null,aten::_index_put_impl_,"void at_cuda_detail::cub::detail::radix_sort::DeviceRadixSortOnesweepKernel<at_cuda_detail::cub::detail::radix::policy_hub<long, at::cuda::cub::detail::OpaqueType<8>, unsigned long long>::Policy1000, (at_cuda_detail::cub::SortOrder)0, long, at::cuda::cub::detail::OpaqueType<8>, unsigned long long, int, int, at_cuda_detail::cub::detail::identity_decomposer_t>(int*, int*, unsigned long long*, unsigned long long const*, long*, long const*, at::cuda::cub::detail::OpaqueType<8>*, at::cuda::cub::detail::OpaqueType<8> const*, int, int, int, at_cuda_detail::cub::detail::identity_decomposer_t)",6,operator_shape_matched,"[[97971,4096],[],[94622,4096],[],[]]","[""c10::BFloat16"","""",""c10::BFloat16"",""Scalar"",""Scalar""]",null,3,31.936
null,aten::_index_put_impl_,"void at_cuda_detail::cub::detail::radix_sort::DeviceRadixSortOnesweepKernel<at_cuda_detail::cub::detail::radix::policy_hub<long, at::cuda::cub::detail::OpaqueType<8>, unsigned long long>::Policy1000, (at_cuda_detail::cub::SortOrder)0, long, at::cuda::cub::detail::OpaqueType<8>, unsigned long long, int, int, at_cuda_detail::cub::detail::identity_decomposer_t>(int*, int*, unsigned long long*, unsigned long long const*, long*, long const*, at::cuda::cub::detail::OpaqueType<8>*, at::cuda::cub::detail::OpaqueType<8> const*, int, int, int, at_cuda_detail::cub::detail::identity_decomposer_t)",7,operator_shape_matched,"[[96992,4096],[],[94380,4096],[],[]]","[""c10::BFloat16"","""",""c10::BFloat16"",""Scalar"",""Scalar""]",null,3,30.144
null,aten::_index_put_impl_,"void at_cuda_detail::cub::detail::radix_sort::DeviceRadixSortOnesweepKernel<at_cuda_detail::cub::detail::radix::policy_hub<long, at::cuda::cub::detail::OpaqueType<8>, unsigned long long>::Policy1000, (at_cuda_detail::cub::SortOrder)0, long, at::cuda::cub::detail::OpaqueType<8>, unsigned long long, int, int, at_cuda_detail::cub::detail::identity_decomposer_t>(int*, int*, unsigned long long*, unsigned long long const*, long*, long const*, at::cuda::cub::detail::OpaqueType<8>*, at::cuda::cub::detail::OpaqueType<8> const*, int, int, int, at_cuda_detail::cub::detail::identity_decomposer_t)",8,operator_shape_matched,"[[97971,4096],[],[96577,4096],[],[]]","[""c10::BFloat16"","""",""c10::BFloat16"",""Scalar"",""Scalar""]",null,3,29.12
null,aten::_index_put_impl_,"void at_cuda_detail::cub::detail::radix_sort::DeviceRadixSortOnesweepKernel<at_cuda_detail::cub::detail::radix::policy_hub<long, at::cuda::cub::detail::OpaqueType<8>, unsigned long long>::Policy1000, (at_cuda_detail::cub::SortOrder)0, long, at::cuda::cub::detail::OpaqueType<8>, unsigned long long, int, int, at_cuda_detail::cub::detail::identity_decomposer_t>(int*, int*, unsigned long long*, unsigned long long const*, long*, long const*, at::cuda::cub::detail::OpaqueType<8>*, at::cuda::cub::detail::OpaqueType<8> const*, int, int, int, at_cuda_detail::cub::detail::identity_decomposer_t)",9,operator_shape_matched,"[[96992,4096],[],[2612,4096],[],[]]","[""c10::BFloat16"","""",""c10::BFloat16"",""Scalar"",""Scalar""]",null,3,21.088
null,aten::_index_put_impl_,"void at_cuda_detail::cub::detail::radix_sort::DeviceRadixSortOnesweepKernel<at_cuda_detail::cub::detail::radix::policy_hub<long, at::cuda::cub::detail::OpaqueType<8>, unsigned long long>::Policy1000, (at_cuda_detail::cub::SortOrder)0, long, at::cuda::cub::detail::OpaqueType<8>, unsigned long long, int, int, at_cuda_detail::cub::detail::identity_decomposer_t>(int*, int*, unsigned long long*, unsigned long long const*, long*, long const*, at::cuda::cub::detail::OpaqueType<8>*, at::cuda::cub::detail::OpaqueType<8> const*, int, int, int, at_cuda_detail::cub::detail::identity_decomposer_t)",10,operator_shape_matched,"[[58939,4096],[],[58259,4096],[],[]]","[""c10::BFloat16"","""",""c10::BFloat16"",""Scalar"",""Scalar""]",null,2,20.96
null,aten::_index_put_impl_,"void at_cuda_detail::cub::detail::radix_sort::DeviceRadixSortOnesweepKernel<at_cuda_detail::cub::detail::radix::policy_hub<long, at::cuda::cub::detail::OpaqueType<8>, unsigned long long>::Policy1000, (at_cuda_detail::cub::SortOrder)0, long, at::cuda::cub::detail::OpaqueType<8>, unsigned long long, int, int, at_cuda_detail::cub::detail::identity_decomposer_t>(int*, int*, unsigned long long*, unsigned long long const*, long*, long const*, at::cuda::cub::detail::OpaqueType<8>*, at::cuda::cub::detail::OpaqueType<8> const*, int, int, int, at_cuda_detail::cub::detail::identity_decomposer_t)",11,operator_shape_matched,"[[56605,4096],[],[55913,4096],[],[]]","[""c10::BFloat16"","""",""c10::BFloat16"",""Scalar"",""Scalar""]",null,2,19.808
null,aten::_index_put_impl_,"void at_cuda_detail::cub::detail::radix_sort::DeviceRadixSortOnesweepKernel<at_cuda_detail::cub::detail::radix::policy_hub<long, at::cuda::cub::detail::OpaqueType<8>, unsigned long long>::Policy1000, (at_cuda_detail::cub::SortOrder)0, long, at::cuda::cub::detail::OpaqueType<8>, unsigned long long, int, int, at_cuda_detail::cub::detail::identity_decomposer_t>(int*, int*, unsigned long long*, unsigned long long const*, long*, long const*, at::cuda::cub::detail::OpaqueType<8>*, at::cuda::cub::detail::OpaqueType<8> const*, int, int, int, at_cuda_detail::cub::detail::identity_decomposer_t)",12,operator_shape_matched,"[[58939,4096],[],[58650,4096],[],[]]","[""c10::BFloat16"","""",""c10::BFloat16"",""Scalar"",""Scalar""]",null,2,17.857
null,aten::_index_put_impl_,"void at_cuda_detail::cub::detail::radix_sort::DeviceRadixSortOnesweepKernel<at_cuda_detail::cub::detail::radix::policy_hub<long, at::cuda::cub::detail::OpaqueType<8>, unsigned long long>::Policy1000, (at_cuda_detail::cub::SortOrder)0, long, at::cuda::cub::detail::OpaqueType<8>, unsigned long long, int, int, at_cuda_detail::cub::detail::identity_decomposer_t>(int*, int*, unsigned long long*, unsigned long long const*, long*, long const*, at::cuda::cub::detail::OpaqueType<8>*, at::cuda::cub::detail::OpaqueType<8> const*, int, int, int, at_cuda_detail::cub::detail::identity_decomposer_t)",13,operator_shape_matched,"[[56605,4096],[],[56304,4096],[],[]]","[""c10::BFloat16"","""",""c10::BFloat16"",""Scalar"",""Scalar""]",null,2,17.472
null,aten::_index_put_impl_,"void at_cuda_detail::cub::detail::radix_sort::DeviceRadixSortSingleTileKernel<at_cuda_detail::cub::detail::radix::policy_hub<long, at::cuda::cub::detail::OpaqueType<8>, unsigned long long>::Policy1000, (at_cuda_detail::cub::SortOrder)0, long, at::cuda::cub::detail::OpaqueType<8>, unsigned long long, at_cuda_detail::cub::detail::identity_decomposer_t>(long const*, long*, at::cuda::cub::detail::OpaqueType<8> const*, at::cuda::cub::detail::OpaqueType<8>*, unsigned long long, int, int, at_cuda_detail::cub::detail::identity_decomposer_t)",1,operator_shape_matched,"[[98970,4096],[],[1170,4096],[],[]]","[""c10::BFloat16"","""",""c10::BFloat16"",""Scalar"",""Scalar""]",null,1,7.393
null,aten::_index_put_impl_,"void at_cuda_detail::cub::detail::radix_sort::DeviceRadixSortSingleTileKernel<at_cuda_detail::cub::detail::radix::policy_hub<long, at::cuda::cub::detail::OpaqueType<8>, unsigned long long>::Policy1000, (at_cuda_detail::cub::SortOrder)0, long, at::cuda::cub::detail::OpaqueType<8>, unsigned long long, at_cuda_detail::cub::detail::identity_decomposer_t>(long const*, long*, at::cuda::cub::detail::OpaqueType<8> const*, at::cuda::cub::detail::OpaqueType<8>*, unsigned long long, int, int, at_cuda_detail::cub::detail::identity_decomposer_t)",2,operator_shape_matched,"[[91618,4096],[],[906,4096],[],[]]","[""c10::BFloat16"","""",""c10::BFloat16"",""Scalar"",""Scalar""]",null,1,6.721
null,aten::_index_put_impl_,"void at_cuda_detail::cub::detail::radix_sort::DeviceRadixSortSingleTileKernel<at_cuda_detail::cub::detail::radix::policy_hub<long, at::cuda::cub::detail::OpaqueType<8>, unsigned long long>::Policy1000, (at_cuda_detail::cub::SortOrder)0, long, at::cuda::cub::detail::OpaqueType<8>, unsigned long long, at_cuda_detail::cub::detail::identity_decomposer_t>(long const*, long*, at::cuda::cub::detail::OpaqueType<8> const*, at::cuda::cub::detail::OpaqueType<8>*, unsigned long long, int, int, at_cuda_detail::cub::detail::identity_decomposer_t)",3,operator_shape_matched,"[[97971,4096],[],[1394,4096],[],[]]","[""c10::BFloat16"","""",""c10::BFloat16"",""Scalar"",""Scalar""]",null,1,6.176
null,aten::_index_put_impl_,"void at_cuda_detail::cub::detail::radix_sort::DeviceRadixSortSingleTileKernel<at_cuda_detail::cub::detail::radix::policy_hub<long, at::cuda::cub::detail::OpaqueType<8>, unsigned long long>::Policy1000, (at_cuda_detail::cub::SortOrder)0, long, at::cuda::cub::detail::OpaqueType<8>, unsigned long long, at_cuda_detail::cub::detail::identity_decomposer_t>(long const*, long*, at::cuda::cub::detail::OpaqueType<8> const*, at::cuda::cub::detail::OpaqueType<8>*, unsigned long long, int, int, at_cuda_detail::cub::detail::identity_decomposer_t)",4,operator_shape_matched,"[[56605,4096],[],[301,4096],[],[]]","[""c10::BFloat16"","""",""c10::BFloat16"",""Scalar"",""Scalar""]",null,1,5.248
null,aten::_index_put_impl_,"void at_cuda_detail::cub::detail::radix_sort::DeviceRadixSortSingleTileKernel<at_cuda_detail::cub::detail::radix::policy_hub<long, at::cuda::cub::detail::OpaqueType<8>, unsigned long long>::Policy1000, (at_cuda_detail::cub::SortOrder)0, long, at::cuda::cub::detail::OpaqueType<8>, unsigned long long, at_cuda_detail::cub::detail::identity_decomposer_t>(long const*, long*, at::cuda::cub::detail::OpaqueType<8> const*, at::cuda::cub::detail::OpaqueType<8>*, unsigned long long, int, int, at_cuda_detail::cub::detail::identity_decomposer_t)",5,operator_shape_matched,"[[58939,4096],[],[289,4096],[],[]]","[""c10::BFloat16"","""",""c10::BFloat16"",""Scalar"",""Scalar""]",null,1,5.248
null,aten::abs,"void at::native::vectorized_elementwise_kernel<4, at::native::AbsFunctor<float>, std::array<char*, 2ul> >(int, at::native::AbsFunctor<float>, std::array<char*, 2ul>)",1,operator_shape_matched,"[[],[0]]","[""float"",""float""]",null,55,66.655
null,aten::abs,"void at::native::vectorized_elementwise_kernel<8, at::native::AbsFunctor<c10::BFloat16>, std::array<char*, 2ul> >(int, at::native::AbsFunctor<c10::BFloat16>, std::array<char*, 2ul>)",1,operator_shape_matched,"[[],[0]]","[""c10::BFloat16"",""c10::BFloat16""]",null,3,3.713
null,aten::add,"void at::native::elementwise_kernel<128, 2, at::native::gpu_kernel_impl_nocast<at::native::CUDAFunctor_add<long> >(at::TensorIteratorBase&, at::native::CUDAFunctor_add<long> const&)::{lambda(int)#1}>(int, at::native::gpu_kernel_impl_nocast<at::native::CUDAFunctor_add<long> >(at::TensorIteratorBase&, at::native::CUDAFunctor_add<long> const&)::{lambda(int)#1})",1,operator_shape_matched,"[[13,390],[390],[]]","[""long int"",""long int"",""Scalar""]",null,2,3.488
null,aten::add,"void at::native::elementwise_kernel<128, 2, at::native::gpu_kernel_impl_nocast<at::native::CUDAFunctor_add<long> >(at::TensorIteratorBase&, at::native::CUDAFunctor_add<long> const&)::{lambda(int)#1}>(int, at::native::gpu_kernel_impl_nocast<at::native::CUDAFunctor_add<long> >(at::TensorIteratorBase&, at::native::CUDAFunctor_add<long> const&)::{lambda(int)#1})",2,operator_shape_matched,"[[11,390],[390],[]]","[""long int"",""long int"",""Scalar""]",null,2,3.424
null,aten::add,"void at::native::elementwise_kernel<128, 2, at::native::gpu_kernel_impl_nocast<at::native::CUDAFunctor_add<long> >(at::TensorIteratorBase&, at::native::CUDAFunctor_add<long> const&)::{lambda(int)#1}>(int, at::native::gpu_kernel_impl_nocast<at::native::CUDAFunctor_add<long> >(at::TensorIteratorBase&, at::native::CUDAFunctor_add<long> const&)::{lambda(int)#1})",3,operator_shape_matched,"[[16,390],[390],[]]","[""long int"",""long int"",""Scalar""]",null,2,3.263
null,aten::add,"void at::native::elementwise_kernel<128, 2, at::native::gpu_kernel_impl_nocast<at::native::CUDAFunctor_add<long> >(at::TensorIteratorBase&, at::native::CUDAFunctor_add<long> const&)::{lambda(int)#1}>(int, at::native::gpu_kernel_impl_nocast<at::native::CUDAFunctor_add<long> >(at::TensorIteratorBase&, at::native::CUDAFunctor_add<long> const&)::{lambda(int)#1})",4,operator_shape_matched,"[[24,391],[391],[]]","[""long int"",""long int"",""Scalar""]",null,2,3.232
null,aten::add,"void at::native::elementwise_kernel<128, 2, at::native::gpu_kernel_impl_nocast<at::native::CUDAFunctor_add<long> >(at::TensorIteratorBase&, at::native::CUDAFunctor_add<long> const&)::{lambda(int)#1}>(int, at::native::gpu_kernel_impl_nocast<at::native::CUDAFunctor_add<long> >(at::TensorIteratorBase&, at::native::CUDAFunctor_add<long> const&)::{lambda(int)#1})",5,operator_shape_matched,"[[143,391],[391],[]]","[""long int"",""long int"",""Scalar""]",null,1,2.112
null,aten::add,"void at::native::elementwise_kernel<128, 2, at::native::gpu_kernel_impl_nocast<at::native::CUDAFunctor_add<long> >(at::TensorIteratorBase&, at::native::CUDAFunctor_add<long> const&)::{lambda(int)#1}>(int, at::native::gpu_kernel_impl_nocast<at::native::CUDAFunctor_add<long> >(at::TensorIteratorBase&, at::native::CUDAFunctor_add<long> const&)::{lambda(int)#1})",6,operator_shape_matched,"[[149,391],[391],[]]","[""long int"",""long int"",""Scalar""]",null,1,2.08
null,aten::add,"void at::native::elementwise_kernel<128, 2, at::native::gpu_kernel_impl_nocast<at::native::CUDAFunctor_add<long> >(at::TensorIteratorBase&, at::native::CUDAFunctor_add<long> const&)::{lambda(int)#1}>(int, at::native::gpu_kernel_impl_nocast<at::native::CUDAFunctor_add<long> >(at::TensorIteratorBase&, at::native::CUDAFunctor_add<long> const&)::{lambda(int)#1})",7,operator_shape_matched,"[[19,390],[390],[]]","[""long int"",""long int"",""Scalar""]",null,1,2.016
null,aten::add,"void at::native::elementwise_kernel<128, 2, at::native::gpu_kernel_impl_nocast<at::native::CUDAFunctor_add<long> >(at::TensorIteratorBase&, at::native::CUDAFunctor_add<long> const&)::{lambda(int)#1}>(int, at::native::gpu_kernel_impl_nocast<at::native::CUDAFunctor_add<long> >(at::TensorIteratorBase&, at::native::CUDAFunctor_add<long> const&)::{lambda(int)#1})",8,operator_shape_matched,"[[73,391],[391],[]]","[""long int"",""long int"",""Scalar""]",null,1,1.953
null,aten::add,"void at::native::elementwise_kernel<128, 2, at::native::gpu_kernel_impl_nocast<at::native::CUDAFunctor_add<long> >(at::TensorIteratorBase&, at::native::CUDAFunctor_add<long> const&)::{lambda(int)#1}>(int, at::native::gpu_kernel_impl_nocast<at::native::CUDAFunctor_add<long> >(at::TensorIteratorBase&, at::native::CUDAFunctor_add<long> const&)::{lambda(int)#1})",9,operator_shape_matched,"[[51,300],[300],[]]","[""long int"",""long int"",""Scalar""]",null,1,1.855
null,aten::add,"void at::native::elementwise_kernel<128, 2, at::native::gpu_kernel_impl_nocast<at::native::CUDAFunctor_add<long> >(at::TensorIteratorBase&, at::native::CUDAFunctor_add<long> const&)::{lambda(int)#1}>(int, at::native::gpu_kernel_impl_nocast<at::native::CUDAFunctor_add<long> >(at::TensorIteratorBase&, at::native::CUDAFunctor_add<long> const&)::{lambda(int)#1})",10,operator_shape_matched,"[[23,391],[391],[]]","[""long int"",""long int"",""Scalar""]",null,1,1.824
null,aten::add,"void at::native::elementwise_kernel<128, 2, at::native::gpu_kernel_impl_nocast<at::native::CUDAFunctor_add<long> >(at::TensorIteratorBase&, at::native::CUDAFunctor_add<long> const&)::{lambda(int)#1}>(int, at::native::gpu_kernel_impl_nocast<at::native::CUDAFunctor_add<long> >(at::TensorIteratorBase&, at::native::CUDAFunctor_add<long> const&)::{lambda(int)#1})",11,operator_shape_matched,"[[49,300],[300],[]]","[""long int"",""long int"",""Scalar""]",null,1,1.824
null,aten::add,"void at::native::elementwise_kernel<128, 2, at::native::gpu_kernel_impl_nocast<at::native::CUDAFunctor_add<long> >(at::TensorIteratorBase&, at::native::CUDAFunctor_add<long> const&)::{lambda(int)#1}>(int, at::native::gpu_kernel_impl_nocast<at::native::CUDAFunctor_add<long> >(at::TensorIteratorBase&, at::native::CUDAFunctor_add<long> const&)::{lambda(int)#1})",12,operator_shape_matched,"[[109,391],[391],[]]","[""long int"",""long int"",""Scalar""]",null,1,1.791
null,aten::add,"void at::native::elementwise_kernel<128, 2, at::native::gpu_kernel_impl_nocast<at::native::CUDAFunctor_add<long> >(at::TensorIteratorBase&, at::native::CUDAFunctor_add<long> const&)::{lambda(int)#1}>(int, at::native::gpu_kernel_impl_nocast<at::native::CUDAFunctor_add<long> >(at::TensorIteratorBase&, at::native::CUDAFunctor_add<long> const&)::{lambda(int)#1})",13,operator_shape_matched,"[[21,390],[390],[]]","[""long int"",""long int"",""Scalar""]",null,1,1.761
null,aten::add,"void at::native::elementwise_kernel<128, 2, at::native::gpu_kernel_impl_nocast<at::native::CUDAFunctor_add<long> >(at::TensorIteratorBase&, at::native::CUDAFunctor_add<long> const&)::{lambda(int)#1}>(int, at::native::gpu_kernel_impl_nocast<at::native::CUDAFunctor_add<long> >(at::TensorIteratorBase&, at::native::CUDAFunctor_add<long> const&)::{lambda(int)#1})",14,operator_shape_matched,"[[15,390],[390],[]]","[""long int"",""long int"",""Scalar""]",null,1,1.76
null,aten::add,"void at::native::elementwise_kernel<128, 2, at::native::gpu_kernel_impl_nocast<at::native::CUDAFunctor_add<long> >(at::TensorIteratorBase&, at::native::CUDAFunctor_add<long> const&)::{lambda(int)#1}>(int, at::native::gpu_kernel_impl_nocast<at::native::CUDAFunctor_add<long> >(at::TensorIteratorBase&, at::native::CUDAFunctor_add<long> const&)::{lambda(int)#1})",15,operator_shape_matched,"[[35,391],[391],[]]","[""long int"",""long int"",""Scalar""]",null,1,1.728
null,aten::add,"void at::native::elementwise_kernel<128, 2, at::native::gpu_kernel_impl_nocast<at::native::CUDAFunctor_add<long> >(at::TensorIteratorBase&, at::native::CUDAFunctor_add<long> const&)::{lambda(int)#1}>(int, at::native::gpu_kernel_impl_nocast<at::native::CUDAFunctor_add<long> >(at::TensorIteratorBase&, at::native::CUDAFunctor_add<long> const&)::{lambda(int)#1})",16,operator_shape_matched,"[[78,300],[300],[]]","[""long int"",""long int"",""Scalar""]",null,1,1.728
null,aten::add,"void at::native::elementwise_kernel<128, 2, at::native::gpu_kernel_impl_nocast<at::native::CUDAFunctor_add<long> >(at::TensorIteratorBase&, at::native::CUDAFunctor_add<long> const&)::{lambda(int)#1}>(int, at::native::gpu_kernel_impl_nocast<at::native::CUDAFunctor_add<long> >(at::TensorIteratorBase&, at::native::CUDAFunctor_add<long> const&)::{lambda(int)#1})",17,operator_shape_matched,"[[10,390],[390],[]]","[""long int"",""long int"",""Scalar""]",null,1,1.696
null,aten::add,"void at::native::elementwise_kernel<128, 2, at::native::gpu_kernel_impl_nocast<at::native::CUDAFunctor_add<long> >(at::TensorIteratorBase&, at::native::CUDAFunctor_add<long> const&)::{lambda(int)#1}>(int, at::native::gpu_kernel_impl_nocast<at::native::CUDAFunctor_add<long> >(at::TensorIteratorBase&, at::native::CUDAFunctor_add<long> const&)::{lambda(int)#1})",18,operator_shape_matched,"[[33,390],[390],[]]","[""long int"",""long int"",""Scalar""]",null,1,1.696
null,aten::add,"void at::native::elementwise_kernel<128, 2, at::native::gpu_kernel_impl_nocast<at::native::CUDAFunctor_add<long> >(at::TensorIteratorBase&, at::native::CUDAFunctor_add<long> const&)::{lambda(int)#1}>(int, at::native::gpu_kernel_impl_nocast<at::native::CUDAFunctor_add<long> >(at::TensorIteratorBase&, at::native::CUDAFunctor_add<long> const&)::{lambda(int)#1})",19,operator_shape_matched,"[[61,391],[391],[]]","[""long int"",""long int"",""Scalar""]",null,1,1.665
null,aten::add,"void at::native::elementwise_kernel<128, 2, at::native::gpu_kernel_impl_nocast<at::native::CUDAFunctor_add<long> >(at::TensorIteratorBase&, at::native::CUDAFunctor_add<long> const&)::{lambda(int)#1}>(int, at::native::gpu_kernel_impl_nocast<at::native::CUDAFunctor_add<long> >(at::TensorIteratorBase&, at::native::CUDAFunctor_add<long> const&)::{lambda(int)#1})",20,operator_shape_matched,"[[16,391],[391],[]]","[""long int"",""long int"",""Scalar""]",null,1,1.665
null,aten::add,"void at::native::elementwise_kernel<128, 2, at::native::gpu_kernel_impl_nocast<at::native::CUDAFunctor_add<long> >(at::TensorIteratorBase&, at::native::CUDAFunctor_add<long> const&)::{lambda(int)#1}>(int, at::native::gpu_kernel_impl_nocast<at::native::CUDAFunctor_add<long> >(at::TensorIteratorBase&, at::native::CUDAFunctor_add<long> const&)::{lambda(int)#1})",21,operator_shape_matched,"[[52,391],[391],[]]","[""long int"",""long int"",""Scalar""]",null,1,1.665
null,aten::add,"void at::native::elementwise_kernel<128, 2, at::native::gpu_kernel_impl_nocast<at::native::CUDAFunctor_add<long> >(at::TensorIteratorBase&, at::native::CUDAFunctor_add<long> const&)::{lambda(int)#1}>(int, at::native::gpu_kernel_impl_nocast<at::native::CUDAFunctor_add<long> >(at::TensorIteratorBase&, at::native::CUDAFunctor_add<long> const&)::{lambda(int)#1})",22,operator_shape_matched,"[[61,300],[300],[]]","[""long int"",""long int"",""Scalar""]",null,1,1.664
null,aten::add,"void at::native::elementwise_kernel<128, 2, at::native::gpu_kernel_impl_nocast<at::native::CUDAFunctor_add<long> >(at::TensorIteratorBase&, at::native::CUDAFunctor_add<long> const&)::{lambda(int)#1}>(int, at::native::gpu_kernel_impl_nocast<at::native::CUDAFunctor_add<long> >(at::TensorIteratorBase&, at::native::CUDAFunctor_add<long> const&)::{lambda(int)#1})",23,operator_shape_matched,"[[37,300],[300],[]]","[""long int"",""long int"",""Scalar""]",null,1,1.664
null,aten::add,"void at::native::elementwise_kernel<128, 2, at::native::gpu_kernel_impl_nocast<at::native::CUDAFunctor_add<long> >(at::TensorIteratorBase&, at::native::CUDAFunctor_add<long> const&)::{lambda(int)#1}>(int, at::native::gpu_kernel_impl_nocast<at::native::CUDAFunctor_add<long> >(at::TensorIteratorBase&, at::native::CUDAFunctor_add<long> const&)::{lambda(int)#1})",24,operator_shape_matched,"[[12,390],[390],[]]","[""long int"",""long int"",""Scalar""]",null,1,1.632
null,aten::add,"void at::native::elementwise_kernel<128, 2, at::native::gpu_kernel_impl_nocast<at::native::CUDAFunctor_add<long> >(at::TensorIteratorBase&, at::native::CUDAFunctor_add<long> const&)::{lambda(int)#1}>(int, at::native::gpu_kernel_impl_nocast<at::native::CUDAFunctor_add<long> >(at::TensorIteratorBase&, at::native::CUDAFunctor_add<long> const&)::{lambda(int)#1})",25,operator_shape_matched,"[[14,390],[390],[]]","[""long int"",""long int"",""Scalar""]",null,1,1.632
null,aten::add,"void at::native::elementwise_kernel<128, 2, at::native::gpu_kernel_impl_nocast<at::native::CUDAFunctor_add<long> >(at::TensorIteratorBase&, at::native::CUDAFunctor_add<long> const&)::{lambda(int)#1}>(int, at::native::gpu_kernel_impl_nocast<at::native::CUDAFunctor_add<long> >(at::TensorIteratorBase&, at::native::CUDAFunctor_add<long> const&)::{lambda(int)#1})",26,operator_shape_matched,"[[25,391],[391],[]]","[""long int"",""long int"",""Scalar""]",null,1,1.632
null,aten::add,"void at::native::elementwise_kernel<128, 2, at::native::gpu_kernel_impl_nocast<at::native::CUDAFunctor_add<long> >(at::TensorIteratorBase&, at::native::CUDAFunctor_add<long> const&)::{lambda(int)#1}>(int, at::native::gpu_kernel_impl_nocast<at::native::CUDAFunctor_add<long> >(at::TensorIteratorBase&, at::native::CUDAFunctor_add<long> const&)::{lambda(int)#1})",27,operator_shape_matched,"[[29,390],[390],[]]","[""long int"",""long int"",""Scalar""]",null,1,1.631
null,aten::add,"void at::native::elementwise_kernel<128, 2, at::native::gpu_kernel_impl_nocast<at::native::CUDAFunctor_add<long> >(at::TensorIteratorBase&, at::native::CUDAFunctor_add<long> const&)::{lambda(int)#1}>(int, at::native::gpu_kernel_impl_nocast<at::native::CUDAFunctor_add<long> >(at::TensorIteratorBase&, at::native::CUDAFunctor_add<long> const&)::{lambda(int)#1})",28,operator_shape_matched,"[[31,391],[391],[]]","[""long int"",""long int"",""Scalar""]",null,1,1.6
null,aten::add,"void at::native::elementwise_kernel<128, 2, at::native::gpu_kernel_impl_nocast<at::native::CUDAFunctor_add<long> >(at::TensorIteratorBase&, at::native::CUDAFunctor_add<long> const&)::{lambda(int)#1}>(int, at::native::gpu_kernel_impl_nocast<at::native::CUDAFunctor_add<long> >(at::TensorIteratorBase&, at::native::CUDAFunctor_add<long> const&)::{lambda(int)#1})",29,operator_shape_matched,"[[44,300],[300],[]]","[""long int"",""long int"",""Scalar""]",null,1,1.568
null,aten::add,"void at::native::vectorized_elementwise_kernel<2, at::native::CUDAFunctorOnSelf_add<long>, std::array<char*, 2ul> >(int, at::native::CUDAFunctorOnSelf_add<long>, std::array<char*, 2ul>)",1,operator_shape_matched,"[[13,390],[],[]]","[""long int"",""long int"",""Scalar""]",null,2,3.072
null,aten::add,"void at::native::vectorized_elementwise_kernel<2, at::native::CUDAFunctorOnSelf_add<long>, std::array<char*, 2ul> >(int, at::native::CUDAFunctorOnSelf_add<long>, std::array<char*, 2ul>)",2,operator_shape_matched,"[[11,390],[],[]]","[""long int"",""long int"",""Scalar""]",null,2,2.784
null,aten::add,"void at::native::vectorized_elementwise_kernel<2, at::native::CUDAFunctorOnSelf_add<long>, std::array<char*, 2ul> >(int, at::native::CUDAFunctorOnSelf_add<long>, std::array<char*, 2ul>)",3,operator_shape_matched,"[[24,391],[],[]]","[""long int"",""long int"",""Scalar""]",null,2,2.624
null,aten::add,"void at::native::vectorized_elementwise_kernel<2, at::native::CUDAFunctorOnSelf_add<long>, std::array<char*, 2ul> >(int, at::native::CUDAFunctorOnSelf_add<long>, std::array<char*, 2ul>)",4,operator_shape_matched,"[[16,390],[],[]]","[""long int"",""long int"",""Scalar""]",null,2,2.56
null,aten::add,"void at::native::vectorized_elementwise_kernel<2, at::native::CUDAFunctorOnSelf_add<long>, std::array<char*, 2ul> >(int, at::native::CUDAFunctorOnSelf_add<long>, std::array<char*, 2ul>)",5,operator_shape_matched,"[[51,300],[],[]]","[""long int"",""long int"",""Scalar""]",null,1,1.792
null,aten::add,"void at::native::vectorized_elementwise_kernel<2, at::native::CUDAFunctorOnSelf_add<long>, std::array<char*, 2ul> >(int, at::native::CUDAFunctorOnSelf_add<long>, std::array<char*, 2ul>)",6,operator_shape_matched,"[[149,391],[],[]]","[""long int"",""long int"",""Scalar""]",null,1,1.76
null,aten::add,"void at::native::vectorized_elementwise_kernel<2, at::native::CUDAFunctorOnSelf_add<long>, std::array<char*, 2ul> >(int, at::native::CUDAFunctorOnSelf_add<long>, std::array<char*, 2ul>)",7,operator_shape_matched,"[[23,391],[],[]]","[""long int"",""long int"",""Scalar""]",null,1,1.728
null,aten::add,"void at::native::vectorized_elementwise_kernel<2, at::native::CUDAFunctorOnSelf_add<long>, std::array<char*, 2ul> >(int, at::native::CUDAFunctorOnSelf_add<long>, std::array<char*, 2ul>)",8,operator_shape_matched,"[[73,391],[],[]]","[""long int"",""long int"",""Scalar""]",null,1,1.696
null,aten::add,"void at::native::vectorized_elementwise_kernel<2, at::native::CUDAFunctorOnSelf_add<long>, std::array<char*, 2ul> >(int, at::native::CUDAFunctorOnSelf_add<long>, std::array<char*, 2ul>)",9,operator_shape_matched,"[[143,391],[],[]]","[""long int"",""long int"",""Scalar""]",null,1,1.664
null,aten::add,"void at::native::vectorized_elementwise_kernel<2, at::native::CUDAFunctorOnSelf_add<long>, std::array<char*, 2ul> >(int, at::native::CUDAFunctorOnSelf_add<long>, std::array<char*, 2ul>)",10,operator_shape_matched,"[[61,391],[],[]]","[""long int"",""long int"",""Scalar""]",null,1,1.631
null,aten::add,"void at::native::vectorized_elementwise_kernel<2, at::native::CUDAFunctorOnSelf_add<long>, std::array<char*, 2ul> >(int, at::native::CUDAFunctorOnSelf_add<long>, std::array<char*, 2ul>)",11,operator_shape_matched,"[[37,300],[],[]]","[""long int"",""long int"",""Scalar""]",null,1,1.6
null,aten::add,"void at::native::vectorized_elementwise_kernel<2, at::native::CUDAFunctorOnSelf_add<long>, std::array<char*, 2ul> >(int, at::native::CUDAFunctorOnSelf_add<long>, std::array<char*, 2ul>)",12,operator_shape_matched,"[[109,391],[],[]]","[""long int"",""long int"",""Scalar""]",null,1,1.6
null,aten::add,"void at::native::vectorized_elementwise_kernel<2, at::native::CUDAFunctorOnSelf_add<long>, std::array<char*, 2ul> >(int, at::native::CUDAFunctorOnSelf_add<long>, std::array<char*, 2ul>)",13,operator_shape_matched,"[[33,390],[],[]]","[""long int"",""long int"",""Scalar""]",null,1,1.568
null,aten::add,"void at::native::vectorized_elementwise_kernel<2, at::native::CUDAFunctorOnSelf_add<long>, std::array<char*, 2ul> >(int, at::native::CUDAFunctorOnSelf_add<long>, std::array<char*, 2ul>)",14,operator_shape_matched,"[[10,390],[],[]]","[""long int"",""long int"",""Scalar""]",null,1,1.536
null,aten::add,"void at::native::vectorized_elementwise_kernel<2, at::native::CUDAFunctorOnSelf_add<long>, std::array<char*, 2ul> >(int, at::native::CUDAFunctorOnSelf_add<long>, std::array<char*, 2ul>)",15,operator_shape_matched,"[[31,391],[],[]]","[""long int"",""long int"",""Scalar""]",null,1,1.536
null,aten::add,"void at::native::vectorized_elementwise_kernel<2, at::native::CUDAFunctorOnSelf_add<long>, std::array<char*, 2ul> >(int, at::native::CUDAFunctorOnSelf_add<long>, std::array<char*, 2ul>)",16,operator_shape_matched,"[[19,390],[],[]]","[""long int"",""long int"",""Scalar""]",null,1,1.504
null,aten::add,"void at::native::vectorized_elementwise_kernel<2, at::native::CUDAFunctorOnSelf_add<long>, std::array<char*, 2ul> >(int, at::native::CUDAFunctorOnSelf_add<long>, std::array<char*, 2ul>)",17,operator_shape_matched,"[[25,391],[],[]]","[""long int"",""long int"",""Scalar""]",null,1,1.504
null,aten::add,"void at::native::vectorized_elementwise_kernel<2, at::native::CUDAFunctorOnSelf_add<long>, std::array<char*, 2ul> >(int, at::native::CUDAFunctorOnSelf_add<long>, std::array<char*, 2ul>)",18,operator_shape_matched,"[[35,391],[],[]]","[""long int"",""long int"",""Scalar""]",null,1,1.503
null,aten::add,"void at::native::vectorized_elementwise_kernel<2, at::native::CUDAFunctorOnSelf_add<long>, std::array<char*, 2ul> >(int, at::native::CUDAFunctorOnSelf_add<long>, std::array<char*, 2ul>)",19,operator_shape_matched,"[[21,390],[],[]]","[""long int"",""long int"",""Scalar""]",null,1,1.471
null,aten::add,"void at::native::vectorized_elementwise_kernel<2, at::native::CUDAFunctorOnSelf_add<long>, std::array<char*, 2ul> >(int, at::native::CUDAFunctorOnSelf_add<long>, std::array<char*, 2ul>)",20,operator_shape_matched,"[[15,390],[],[]]","[""long int"",""long int"",""Scalar""]",null,1,1.44
null,aten::add,"void at::native::vectorized_elementwise_kernel<2, at::native::CUDAFunctorOnSelf_add<long>, std::array<char*, 2ul> >(int, at::native::CUDAFunctorOnSelf_add<long>, std::array<char*, 2ul>)",21,operator_shape_matched,"[[52,391],[],[]]","[""long int"",""long int"",""Scalar""]",null,1,1.409
null,aten::add,"void at::native::vectorized_elementwise_kernel<2, at::native::CUDAFunctorOnSelf_add<long>, std::array<char*, 2ul> >(int, at::native::CUDAFunctorOnSelf_add<long>, std::array<char*, 2ul>)",22,operator_shape_matched,"[[78,300],[],[]]","[""long int"",""long int"",""Scalar""]",null,1,1.408
null,aten::add,"void at::native::vectorized_elementwise_kernel<2, at::native::CUDAFunctorOnSelf_add<long>, std::array<char*, 2ul> >(int, at::native::CUDAFunctorOnSelf_add<long>, std::array<char*, 2ul>)",23,operator_shape_matched,"[[29,390],[],[]]","[""long int"",""long int"",""Scalar""]",null,1,1.377
null,aten::add,"void at::native::vectorized_elementwise_kernel<2, at::native::CUDAFunctorOnSelf_add<long>, std::array<char*, 2ul> >(int, at::native::CUDAFunctorOnSelf_add<long>, std::array<char*, 2ul>)",24,operator_shape_matched,"[[44,300],[],[]]","[""long int"",""long int"",""Scalar""]",null,1,1.376
null,aten::add,"void at::native::vectorized_elementwise_kernel<2, at::native::CUDAFunctorOnSelf_add<long>, std::array<char*, 2ul> >(int, at::native::CUDAFunctorOnSelf_add<long>, std::array<char*, 2ul>)",25,operator_shape_matched,"[[61,300],[],[]]","[""long int"",""long int"",""Scalar""]",null,1,1.376
null,aten::add,"void at::native::vectorized_elementwise_kernel<2, at::native::CUDAFunctorOnSelf_add<long>, std::array<char*, 2ul> >(int, at::native::CUDAFunctorOnSelf_add<long>, std::array<char*, 2ul>)",26,operator_shape_matched,"[[12,390],[],[]]","[""long int"",""long int"",""Scalar""]",null,1,1.376
null,aten::add,"void at::native::vectorized_elementwise_kernel<2, at::native::CUDAFunctorOnSelf_add<long>, std::array<char*, 2ul> >(int, at::native::CUDAFunctorOnSelf_add<long>, std::array<char*, 2ul>)",27,operator_shape_matched,"[[49,300],[],[]]","[""long int"",""long int"",""Scalar""]",null,1,1.313
null,aten::add,"void at::native::vectorized_elementwise_kernel<2, at::native::CUDAFunctorOnSelf_add<long>, std::array<char*, 2ul> >(int, at::native::CUDAFunctorOnSelf_add<long>, std::array<char*, 2ul>)",28,operator_shape_matched,"[[14,390],[],[]]","[""long int"",""long int"",""Scalar""]",null,1,1.312
null,aten::add,"void at::native::vectorized_elementwise_kernel<2, at::native::CUDAFunctorOnSelf_add<long>, std::array<char*, 2ul> >(int, at::native::CUDAFunctorOnSelf_add<long>, std::array<char*, 2ul>)",29,operator_shape_matched,"[[16,391],[],[]]","[""long int"",""long int"",""Scalar""]",null,1,1.28
null,aten::add,"void at::native::vectorized_elementwise_kernel<4, at::native::CUDAFunctorOnSelf_add<float>, std::array<char*, 2ul> >(int, at::native::CUDAFunctorOnSelf_add<float>, std::array<char*, 2ul>)",1,operator_shape_matched,"[[],[],[]]","[""float"",""long int"",""Scalar""]",null,41,50.501
null,aten::add,"void at::native::vectorized_elementwise_kernel<4, at::native::CUDAFunctorOnSelf_add<float>, std::array<char*, 2ul> >(int, at::native::CUDAFunctorOnSelf_add<float>, std::array<char*, 2ul>)",2,operator_shape_matched,"[[98304,1],[],[]]","[""float"",""double"",""Scalar""]",null,6,11.393
null,aten::add,"void at::native::vectorized_elementwise_kernel<4, at::native::CUDAFunctorOnSelf_add<float>, std::array<char*, 2ul> >(int, at::native::CUDAFunctorOnSelf_add<float>, std::array<char*, 2ul>)",3,operator_shape_matched,"[[3072,1],[],[]]","[""float"",""double"",""Scalar""]",null,6,8.768
null,aten::add,"void at::native::vectorized_elementwise_kernel<4, at::native::CUDAFunctorOnSelf_add<float>, std::array<char*, 2ul> >(int, at::native::CUDAFunctorOnSelf_add<float>, std::array<char*, 2ul>)",4,operator_shape_matched,"[[],[],[]]","[""float"",""double"",""Scalar""]",null,6,8.321
null,aten::add,"void at::native::vectorized_elementwise_kernel<4, at::native::CUDAFunctorOnSelf_add<float>, std::array<char*, 2ul> >(int, at::native::CUDAFunctorOnSelf_add<float>, std::array<char*, 2ul>)",5,operator_shape_matched,"[[1],[],[]]","[""float"",""long int"",""Scalar""]",null,2,2.721
null,aten::add,"void at::native::vectorized_elementwise_kernel<4, at::native::CUDAFunctorOnSelf_add<float>, std::array<char*, 2ul> >(int, at::native::CUDAFunctorOnSelf_add<float>, std::array<char*, 2ul>)",6,operator_shape_matched,"[[14],[],[]]","[""float"",""long int"",""Scalar""]",null,1,1.44
null,aten::add,"void at::native::vectorized_elementwise_kernel<4, at::native::CUDAFunctorOnSelf_add<float>, std::array<char*, 2ul> >(int, at::native::CUDAFunctorOnSelf_add<float>, std::array<char*, 2ul>)",7,operator_shape_matched,"[[7],[],[]]","[""float"",""long int"",""Scalar""]",null,1,1.407
null,aten::add,"void at::native::vectorized_elementwise_kernel<4, at::native::CUDAFunctorOnSelf_add<float>, std::array<char*, 2ul> >(int, at::native::CUDAFunctorOnSelf_add<float>, std::array<char*, 2ul>)",8,operator_shape_matched,"[[4],[],[]]","[""float"",""long int"",""Scalar""]",null,1,1.344
null,aten::add,"void at::native::vectorized_elementwise_kernel<4, at::native::CUDAFunctorOnSelf_add<float>, std::array<char*, 2ul> >(int, at::native::CUDAFunctorOnSelf_add<float>, std::array<char*, 2ul>)",9,operator_shape_matched,"[[6],[],[]]","[""float"",""long int"",""Scalar""]",null,1,1.344
null,aten::add,"void at::native::vectorized_elementwise_kernel<4, at::native::CUDAFunctor_add<float>, std::array<char*, 3ul> >(int, at::native::CUDAFunctor_add<float>, std::array<char*, 3ul>)",1,operator_shape_matched,"[[1,48,150,34,46],[1,48,150,34,46],[]]","[""float"",""float"",""Scalar""]",null,1,44.352
null,aten::add,"void at::native::vectorized_elementwise_kernel<4, at::native::CUDAFunctor_add<float>, std::array<char*, 3ul> >(int, at::native::CUDAFunctor_add<float>, std::array<char*, 3ul>)",2,operator_shape_matched,"[[1,48,144,34,46],[1,48,144,34,46],[]]","[""float"",""float"",""Scalar""]",null,1,42.464
null,aten::add,"void at::native::vectorized_elementwise_kernel<4, at::native::CUDAFunctor_add<float>, std::array<char*, 3ul> >(int, at::native::CUDAFunctor_add<float>, std::array<char*, 3ul>)",3,operator_shape_matched,"[[1,48,109,34,46],[1,48,109,34,46],[]]","[""float"",""float"",""Scalar""]",null,1,32.064
null,aten::add,"void at::native::vectorized_elementwise_kernel<4, at::native::CUDAFunctor_add<float>, std::array<char*, 3ul> >(int, at::native::CUDAFunctor_add<float>, std::array<char*, 3ul>)",4,operator_shape_matched,"[[1,48,25,34,46],[1,48,25,34,46],[]]","[""float"",""float"",""Scalar""]",null,4,19.647
null,aten::add,"void at::native::vectorized_elementwise_kernel<4, at::native::CUDAFunctor_add<float>, std::array<char*, 3ul> >(int, at::native::CUDAFunctor_add<float>, std::array<char*, 3ul>)",5,operator_shape_matched,"[[1,48,73,34,46],[1,48,73,34,46],[]]","[""float"",""float"",""Scalar""]",null,1,19.201
null,aten::add,"void at::native::vectorized_elementwise_kernel<4, at::native::CUDAFunctor_add<float>, std::array<char*, 3ul> >(int, at::native::CUDAFunctor_add<float>, std::array<char*, 3ul>)",6,operator_shape_matched,"[[1,48,61,34,46],[1,48,61,34,46],[]]","[""float"",""float"",""Scalar""]",null,1,15.04
null,aten::add,"void at::native::vectorized_elementwise_kernel<4, at::native::CUDAFunctor_add<float>, std::array<char*, 3ul> >(int, at::native::CUDAFunctor_add<float>, std::array<char*, 3ul>)",7,operator_shape_matched,"[[1,48,79,30,40],[1,48,79,30,40],[]]","[""float"",""float"",""Scalar""]",null,1,14.849
null,aten::add,"void at::native::vectorized_elementwise_kernel<4, at::native::CUDAFunctor_add<float>, std::array<char*, 3ul> >(int, at::native::CUDAFunctor_add<float>, std::array<char*, 3ul>)",8,operator_shape_matched,"[[1,48,52,34,46],[1,48,52,34,46],[]]","[""float"",""float"",""Scalar""]",null,1,13.055
null,aten::add,"void at::native::vectorized_elementwise_kernel<4, at::native::CUDAFunctor_add<float>, std::array<char*, 3ul> >(int, at::native::CUDAFunctor_add<float>, std::array<char*, 3ul>)",9,operator_shape_matched,"[[1,48,63,30,40],[1,48,63,30,40],[]]","[""float"",""float"",""Scalar""]",null,1,11.072
null,aten::add,"void at::native::vectorized_elementwise_kernel<4, at::native::CUDAFunctor_add<float>, std::array<char*, 3ul> >(int, at::native::CUDAFunctor_add<float>, std::array<char*, 3ul>)",10,operator_shape_matched,"[[1,48,52,30,40],[1,48,52,30,40],[]]","[""float"",""float"",""Scalar""]",null,1,9.184
null,aten::add,"void at::native::vectorized_elementwise_kernel<4, at::native::CUDAFunctor_add<float>, std::array<char*, 3ul> >(int, at::native::CUDAFunctor_add<float>, std::array<char*, 3ul>)",11,operator_shape_matched,"[[1,48,50,30,40],[1,48,50,30,40],[]]","[""float"",""float"",""Scalar""]",null,1,8.416
null,aten::add,"void at::native::vectorized_elementwise_kernel<4, at::native::CUDAFunctor_add<float>, std::array<char*, 3ul> >(int, at::native::CUDAFunctor_add<float>, std::array<char*, 3ul>)",12,operator_shape_matched,"[[1,48,37,34,46],[1,48,37,34,46],[]]","[""float"",""float"",""Scalar""]",null,1,8.064
null,aten::add,"void at::native::vectorized_elementwise_kernel<4, at::native::CUDAFunctor_add<float>, std::array<char*, 3ul> >(int, at::native::CUDAFunctor_add<float>, std::array<char*, 3ul>)",13,operator_shape_matched,"[[1,48,44,30,40],[1,48,44,30,40],[]]","[""float"",""float"",""Scalar""]",null,1,7.616
null,aten::add,"void at::native::vectorized_elementwise_kernel<4, at::native::CUDAFunctor_add<float>, std::array<char*, 3ul> >(int, at::native::CUDAFunctor_add<float>, std::array<char*, 3ul>)",14,operator_shape_matched,"[[1,48,35,30,52],[1,48,35,30,52],[]]","[""float"",""float"",""Scalar""]",null,1,7.488
null,aten::add,"void at::native::vectorized_elementwise_kernel<4, at::native::CUDAFunctor_add<float>, std::array<char*, 3ul> >(int, at::native::CUDAFunctor_add<float>, std::array<char*, 3ul>)",15,operator_shape_matched,"[[1,48,15,30,52],[1,48,15,30,52],[]]","[""float"",""float"",""Scalar""]",null,2,6.816
null,aten::add,"void at::native::vectorized_elementwise_kernel<4, at::native::CUDAFunctor_add<float>, std::array<char*, 3ul> >(int, at::native::CUDAFunctor_add<float>, std::array<char*, 3ul>)",16,operator_shape_matched,"[[1,48,31,34,46],[1,48,31,34,46],[]]","[""float"",""float"",""Scalar""]",null,1,6.304
null,aten::add,"void at::native::vectorized_elementwise_kernel<4, at::native::CUDAFunctor_add<float>, std::array<char*, 3ul> >(int, at::native::CUDAFunctor_add<float>, std::array<char*, 3ul>)",17,operator_shape_matched,"[[1,48,13,30,52],[1,48,13,30,52],[]]","[""float"",""float"",""Scalar""]",null,2,5.854
null,aten::add,"void at::native::vectorized_elementwise_kernel<4, at::native::CUDAFunctor_add<float>, std::array<char*, 3ul> >(int, at::native::CUDAFunctor_add<float>, std::array<char*, 3ul>)",18,operator_shape_matched,"[[1,48,29,30,52],[1,48,29,30,52],[]]","[""float"",""float"",""Scalar""]",null,1,5.824
null,aten::add,"void at::native::vectorized_elementwise_kernel<4, at::native::CUDAFunctor_add<float>, std::array<char*, 3ul> >(int, at::native::CUDAFunctor_add<float>, std::array<char*, 3ul>)",19,operator_shape_matched,"[[1,48,11,30,52],[1,48,11,30,52],[]]","[""float"",""float"",""Scalar""]",null,2,5.631
null,aten::add,"void at::native::vectorized_elementwise_kernel<4, at::native::CUDAFunctor_add<float>, std::array<char*, 3ul> >(int, at::native::CUDAFunctor_add<float>, std::array<char*, 3ul>)",20,operator_shape_matched,"[[1,48,38,30,40],[1,48,38,30,40],[]]","[""float"",""float"",""Scalar""]",null,1,5.471
null,aten::add,"void at::native::vectorized_elementwise_kernel<4, at::native::CUDAFunctor_add<float>, std::array<char*, 3ul> >(int, at::native::CUDAFunctor_add<float>, std::array<char*, 3ul>)",21,operator_shape_matched,"[[1,48,22,30,52],[1,48,22,30,52],[]]","[""float"",""float"",""Scalar""]",null,1,4.384
null,aten::add,"void at::native::vectorized_elementwise_kernel<4, at::native::CUDAFunctor_add<float>, std::array<char*, 3ul> >(int, at::native::CUDAFunctor_add<float>, std::array<char*, 3ul>)",22,operator_shape_matched,"[[1,48,19,30,52],[1,48,19,30,52],[]]","[""float"",""float"",""Scalar""]",null,1,4.032
null,aten::add,"void at::native::vectorized_elementwise_kernel<4, at::native::CUDAFunctor_add<float>, std::array<char*, 3ul> >(int, at::native::CUDAFunctor_add<float>, std::array<char*, 3ul>)",23,operator_shape_matched,"[[1,48,17,30,52],[1,48,17,30,52],[]]","[""float"",""float"",""Scalar""]",null,1,3.616
null,aten::add,"void at::native::vectorized_elementwise_kernel<4, at::native::CUDAFunctor_add<float>, std::array<char*, 3ul> >(int, at::native::CUDAFunctor_add<float>, std::array<char*, 3ul>)",24,operator_shape_matched,"[[1,48,16,34,46],[1,48,16,34,46],[]]","[""float"",""float"",""Scalar""]",null,1,3.552
null,aten::add,"void at::native::vectorized_elementwise_kernel<4, at::native::CUDAFunctor_add<float>, std::array<char*, 3ul> >(int, at::native::CUDAFunctor_add<float>, std::array<char*, 3ul>)",25,operator_shape_matched,"[[1,48,14,30,52],[1,48,14,30,52],[]]","[""float"",""float"",""Scalar""]",null,1,3.36
null,aten::add,"void at::native::vectorized_elementwise_kernel<4, at::native::CUDAFunctor_add<float>, std::array<char*, 3ul> >(int, at::native::CUDAFunctor_add<float>, std::array<char*, 3ul>)",26,operator_shape_matched,"[[1,48,16,30,52],[1,48,16,30,52],[]]","[""float"",""float"",""Scalar""]",null,1,3.296
null,aten::add,"void at::native::vectorized_elementwise_kernel<4, at::native::CUDAFunctor_add<float>, std::array<char*, 3ul> >(int, at::native::CUDAFunctor_add<float>, std::array<char*, 3ul>)",27,operator_shape_matched,"[[1,48,12,30,52],[1,48,12,30,52],[]]","[""float"",""float"",""Scalar""]",null,1,2.976
null,aten::add,"void at::native::vectorized_elementwise_kernel<8, at::native::CUDAFunctorOnSelf_add<c10::BFloat16>, std::array<char*, 2ul> >(int, at::native::CUDAFunctorOnSelf_add<c10::BFloat16>, std::array<char*, 2ul>)",1,operator_shape_matched,"[[],[],[]]","[""c10::BFloat16"",""double"",""Scalar""]",null,3,4
null,aten::add_,"void at::native::vectorized_elementwise_kernel<4, at::native::CUDAFunctor_add<float>, std::array<char*, 3ul> >(int, at::native::CUDAFunctor_add<float>, std::array<char*, 3ul>)",1,operator_shape_matched,"[[98304,4096],[98304,4096],[]]","[""float"",""float"",""Scalar""]",null,6,9373.458
null,aten::add_,"void at::native::vectorized_elementwise_kernel<4, at::native::CUDAFunctor_add<float>, std::array<char*, 3ul> >(int, at::native::CUDAFunctor_add<float>, std::array<char*, 3ul>)",2,operator_shape_matched,"[[3072,4096],[3072,4096],[]]","[""float"",""float"",""Scalar""]",null,6,304.034
null,aten::add_,"void at::native::vectorized_elementwise_kernel<4, at::native::CUDAFunctor_add<float>, std::array<char*, 3ul> >(int, at::native::CUDAFunctor_add<float>, std::array<char*, 3ul>)",3,operator_shape_matched,"[[],[],[]]","[""float"",""float"",""Scalar""]",null,13,18.049
null,aten::add_,"void at::native::vectorized_elementwise_kernel<8, at::native::CUDAFunctor_add<c10::BFloat16>, std::array<char*, 3ul> >(int, at::native::CUDAFunctor_add<c10::BFloat16>, std::array<char*, 3ul>)",1,operator_shape_matched,"[[1536,4096],[1536,4096],[]]","[""c10::BFloat16"",""c10::BFloat16"",""Scalar""]",null,216,6989.192
null,aten::add_,"void at::native::vectorized_elementwise_kernel<8, at::native::CUDAFunctor_add<c10::BFloat16>, std::array<char*, 3ul> >(int, at::native::CUDAFunctor_add<c10::BFloat16>, std::array<char*, 3ul>)",2,operator_shape_matched,"[[512,12288],[512,12288],[]]","[""c10::BFloat16"",""c10::BFloat16"",""Scalar""]",null,108,4358.584
null,aten::add_,"void at::native::vectorized_elementwise_kernel<8, at::native::CUDAFunctor_add<c10::BFloat16>, std::array<char*, 3ul> >(int, at::native::CUDAFunctor_add<c10::BFloat16>, std::array<char*, 3ul>)",3,operator_shape_matched,"[[512,4096],[512,4096],[]]","[""c10::BFloat16"",""c10::BFloat16"",""Scalar""]",null,219,4267.128
null,aten::add_,"void at::native::vectorized_elementwise_kernel<8, at::native::CUDAFunctor_add<c10::BFloat16>, std::array<char*, 3ul> >(int, at::native::CUDAFunctor_add<c10::BFloat16>, std::array<char*, 3ul>)",4,operator_shape_matched,"[[128,4096],[128,4096],[]]","[""c10::BFloat16"",""c10::BFloat16"",""Scalar""]",null,216,1791.817
null,aten::add_,"void at::native::vectorized_elementwise_kernel<8, at::native::CUDAFunctor_add<c10::BFloat16>, std::array<char*, 3ul> >(int, at::native::CUDAFunctor_add<c10::BFloat16>, std::array<char*, 3ul>)",5,operator_shape_matched,"[[512],[512],[]]","[""c10::BFloat16"",""c10::BFloat16"",""Scalar""]",null,228,953.885
null,aten::add_,"void at::native::vectorized_elementwise_kernel<8, at::native::CUDAFunctor_add<c10::BFloat16>, std::array<char*, 3ul> >(int, at::native::CUDAFunctor_add<c10::BFloat16>, std::array<char*, 3ul>)",6,operator_shape_matched,"[[98970,4096],[98970,4096],[]]","[""c10::BFloat16"",""c10::BFloat16"",""Scalar""]",null,1,780.036
null,aten::add_,"void at::native::vectorized_elementwise_kernel<8, at::native::CUDAFunctor_add<c10::BFloat16>, std::array<char*, 3ul> >(int, at::native::CUDAFunctor_add<c10::BFloat16>, std::array<char*, 3ul>)",7,operator_shape_matched,"[[97971,4096],[97971,4096],[]]","[""c10::BFloat16"",""c10::BFloat16"",""Scalar""]",null,1,771.844
null,aten::add_,"void at::native::vectorized_elementwise_kernel<8, at::native::CUDAFunctor_add<c10::BFloat16>, std::array<char*, 3ul> >(int, at::native::CUDAFunctor_add<c10::BFloat16>, std::array<char*, 3ul>)",8,operator_shape_matched,"[[96992,4096],[96992,4096],[]]","[""c10::BFloat16"",""c10::BFloat16"",""Scalar""]",null,1,762.18
null,aten::add_,"void at::native::vectorized_elementwise_kernel<8, at::native::CUDAFunctor_add<c10::BFloat16>, std::array<char*, 3ul> >(int, at::native::CUDAFunctor_add<c10::BFloat16>, std::array<char*, 3ul>)",9,operator_shape_matched,"[[91618,4096],[91618,4096],[]]","[""c10::BFloat16"",""c10::BFloat16"",""Scalar""]",null,1,724.9
null,aten::add_,"void at::native::vectorized_elementwise_kernel<8, at::native::CUDAFunctor_add<c10::BFloat16>, std::array<char*, 3ul> >(int, at::native::CUDAFunctor_add<c10::BFloat16>, std::array<char*, 3ul>)",10,operator_shape_matched,"[[90870,192],[90870,192],[]]","[""c10::BFloat16"",""c10::BFloat16"",""Scalar""]",null,13,470.527
null,aten::add_,"void at::native::vectorized_elementwise_kernel<8, at::native::CUDAFunctor_add<c10::BFloat16>, std::array<char*, 3ul> >(int, at::native::CUDAFunctor_add<c10::BFloat16>, std::array<char*, 3ul>)",11,operator_shape_matched,"[[58939,4096],[58939,4096],[]]","[""c10::BFloat16"",""c10::BFloat16"",""Scalar""]",null,1,465.442
null,aten::add_,"void at::native::vectorized_elementwise_kernel<8, at::native::CUDAFunctor_add<c10::BFloat16>, std::array<char*, 3ul> >(int, at::native::CUDAFunctor_add<c10::BFloat16>, std::array<char*, 3ul>)",12,operator_shape_matched,"[[56605,4096],[56605,4096],[]]","[""c10::BFloat16"",""c10::BFloat16"",""Scalar""]",null,1,446.498
null,aten::add_,"void at::native::vectorized_elementwise_kernel<8, at::native::CUDAFunctor_add<c10::BFloat16>, std::array<char*, 3ul> >(int, at::native::CUDAFunctor_add<c10::BFloat16>, std::array<char*, 3ul>)",13,operator_shape_matched,"[[16],[16],[]]","[""c10::BFloat16"",""c10::BFloat16"",""Scalar""]",null,216,407.684
null,aten::add_,"void at::native::vectorized_elementwise_kernel<8, at::native::CUDAFunctor_add<c10::BFloat16>, std::array<char*, 3ul> >(int, at::native::CUDAFunctor_add<c10::BFloat16>, std::array<char*, 3ul>)",14,operator_shape_matched,"[[94622,192],[94622,192],[]]","[""c10::BFloat16"",""c10::BFloat16"",""Scalar""]",null,6,216.193
null,aten::add_,"void at::native::vectorized_elementwise_kernel<8, at::native::CUDAFunctor_add<c10::BFloat16>, std::array<char*, 3ul> >(int, at::native::CUDAFunctor_add<c10::BFloat16>, std::array<char*, 3ul>)",15,operator_shape_matched,"[[96000,192],[96000,192],[]]","[""c10::BFloat16"",""c10::BFloat16"",""Scalar""]",null,5,180.863
null,aten::add_,"void at::native::vectorized_elementwise_kernel<8, at::native::CUDAFunctor_add<c10::BFloat16>, std::array<char*, 3ul> >(int, at::native::CUDAFunctor_add<c10::BFloat16>, std::array<char*, 3ul>)",16,operator_shape_matched,"[[90321,192],[90321,192],[]]","[""c10::BFloat16"",""c10::BFloat16"",""Scalar""]",null,3,140.546
null,aten::add_,"void at::native::vectorized_elementwise_kernel<8, at::native::CUDAFunctor_add<c10::BFloat16>, std::array<char*, 3ul> >(int, at::native::CUDAFunctor_add<c10::BFloat16>, std::array<char*, 3ul>)",17,operator_shape_matched,"[[512,256],[512,256],[]]","[""c10::BFloat16"",""c10::BFloat16"",""Scalar""]",null,3,5.632
null,aten::add_,"void at::native::vectorized_elementwise_kernel<8, at::native::CUDAFunctor_add<c10::BFloat16>, std::array<char*, 3ul> >(int, at::native::CUDAFunctor_add<c10::BFloat16>, std::array<char*, 3ul>)",18,operator_shape_matched,"[[24,4096],[24,4096],[]]","[""c10::BFloat16"",""c10::BFloat16"",""Scalar""]",null,3,5.12
null,aten::add_,"void at::native::vectorized_elementwise_kernel<8, at::native::CUDAFunctor_add<c10::BFloat16>, std::array<char*, 3ul> >(int, at::native::CUDAFunctor_add<c10::BFloat16>, std::array<char*, 3ul>)",19,operator_shape_matched,"[[512,192],[512,192],[]]","[""c10::BFloat16"",""c10::BFloat16"",""Scalar""]",null,3,4.928
null,aten::add_,"void at::native::vectorized_elementwise_kernel<8, at::native::CUDAFunctor_add<c10::BFloat16>, std::array<char*, 3ul> >(int, at::native::CUDAFunctor_add<c10::BFloat16>, std::array<char*, 3ul>)",20,operator_shape_matched,"[[24],[24],[]]","[""c10::BFloat16"",""c10::BFloat16"",""Scalar""]",null,3,4.64
null,aten::addmm,nvjet_sm90_tst_192x144_64x5_1x2_h_bz_coopB_bias_TNT,1,operator_shape_matched,"[[192],[94622,4096],[4096,192],[],[]]","[""c10::BFloat16"",""c10::BFloat16"",""c10::BFloat16"",""Scalar"",""Scalar""]",null,1,286.945
null,aten::addmm,nvjet_sm90_tst_192x144_64x5_1x2_h_bz_coopB_bias_TNT,2,operator_shape_matched,"[[192],[55913,4096],[4096,192],[],[]]","[""c10::BFloat16"",""c10::BFloat16"",""c10::BFloat16"",""Scalar"",""Scalar""]",null,1,175.04
null,aten::addmm,nvjet_sm90_tst_192x160_64x4_1x2_h_bz_coopB_bias_TNT,1,operator_shape_matched,"[[192],[58259,4096],[4096,192],[],[]]","[""c10::BFloat16"",""c10::BFloat16"",""c10::BFloat16"",""Scalar"",""Scalar""]",null,1,185.185
null,aten::addmm,nvjet_sm90_tst_192x176_64x4_1x2_h_bz_coopB_bias_TNT,1,operator_shape_matched,"[[192],[90870,4096],[4096,192],[],[]]","[""c10::BFloat16"",""c10::BFloat16"",""c10::BFloat16"",""Scalar"",""Scalar""]",null,1,282.817
null,aten::addmm,nvjet_sm90_tst_192x176_64x4_1x2_h_bz_coopB_bias_TNT,2,operator_shape_matched,"[[192],[90321,4096],[4096,192],[],[]]","[""c10::BFloat16"",""c10::BFloat16"",""c10::BFloat16"",""Scalar"",""Scalar""]",null,1,280.065
null,aten::addmm,nvjet_sm90_tst_192x192_64x4_1x2_h_bz_coopB_bias_TNN,1,operator_shape_matched,"[[192],[96000,4096],[4096,192],[],[]]","[""c10::BFloat16"",""c10::BFloat16"",""c10::BFloat16"",""Scalar"",""Scalar""]",null,1,297.121
null,aten::addmm,nvjet_sm90_tst_256x144_64x4_1x2_h_bz_coopA_bias_TNT,1,operator_shape_matched,"[[4096],[97800,192],[192,4096],[],[]]","[""c10::BFloat16"",""c10::BFloat16"",""c10::BFloat16"",""Scalar"",""Scalar""]",null,1,333.089
null,aten::addmm,nvjet_sm90_tst_256x144_64x4_1x2_h_bz_coopA_bias_TNT,2,operator_shape_matched,"[[4096],[96577,192],[192,4096],[],[]]","[""c10::BFloat16"",""c10::BFloat16"",""c10::BFloat16"",""Scalar"",""Scalar""]",null,1,329.954
null,aten::addmm,nvjet_sm90_tst_256x144_64x4_1x2_h_bz_coopA_bias_TNT,3,operator_shape_matched,"[[4096],[56304,192],[192,4096],[],[]]","[""c10::BFloat16"",""c10::BFloat16"",""c10::BFloat16"",""Scalar"",""Scalar""]",null,1,193.985
null,aten::addmm,nvjet_sm90_tst_256x152_64x4_1x2_h_bz_coopA_bias_TNT,1,operator_shape_matched,"[[4096],[94380,192],[192,4096],[],[]]","[""c10::BFloat16"",""c10::BFloat16"",""c10::BFloat16"",""Scalar"",""Scalar""]",null,1,322.818
null,aten::addmm,nvjet_sm90_tst_256x152_64x4_1x2_h_bz_coopA_bias_TNT,2,operator_shape_matched,"[[4096],[90712,192],[192,4096],[],[]]","[""c10::BFloat16"",""c10::BFloat16"",""c10::BFloat16"",""Scalar"",""Scalar""]",null,1,310.21
null,aten::addmm,nvjet_sm90_tst_256x152_64x4_1x2_h_bz_coopA_bias_TNT,3,operator_shape_matched,"[[4096],[58650,192],[192,4096],[],[]]","[""c10::BFloat16"",""c10::BFloat16"",""c10::BFloat16"",""Scalar"",""Scalar""]",null,1,201.985
null,aten::addmm,sm80_xmma_gemm_f32f32_f32f32_f32_tn_n_tilesize128x128x8_stage3_warpsize2x2x1_ffma_aligna4_alignc4_execute_kernel__5x_cublas,1,operator_shape_matched,"[[4096],[96000,4096],[4096,4096],[],[]]","[""float"",""float"",""float"",""Scalar"",""Scalar""]",null,1,66076.615
null,aten::addmm,sm80_xmma_gemm_f32f32_f32f32_f32_tn_n_tilesize128x128x8_stage3_warpsize2x2x1_ffma_aligna4_alignc4_execute_kernel__5x_cublas,2,operator_shape_matched,"[[4096],[94622,4096],[4096,4096],[],[]]","[""float"",""float"",""float"",""Scalar"",""Scalar""]",null,1,65414.47
null,aten::addmm,sm80_xmma_gemm_f32f32_f32f32_f32_tn_n_tilesize128x128x8_stage3_warpsize2x2x1_ffma_aligna4_alignc4_execute_kernel__5x_cublas,3,operator_shape_matched,"[[4096],[90870,4096],[4096,4096],[],[]]","[""float"",""float"",""float"",""Scalar"",""Scalar""]",null,1,62698.931
null,aten::addmm,sm80_xmma_gemm_f32f32_f32f32_f32_tn_n_tilesize128x128x8_stage3_warpsize2x2x1_ffma_aligna4_alignc4_execute_kernel__5x_cublas,4,operator_shape_matched,"[[4096],[90321,4096],[4096,4096],[],[]]","[""float"",""float"",""float"",""Scalar"",""Scalar""]",null,1,62206.802
null,aten::addmm,sm80_xmma_gemm_f32f32_f32f32_f32_tn_n_tilesize128x128x8_stage3_warpsize2x2x1_ffma_aligna4_alignc4_execute_kernel__5x_cublas,5,operator_shape_matched,"[[4096],[96000,256],[256,4096],[],[]]","[""float"",""float"",""float"",""Scalar"",""Scalar""]",null,1,4633.466
null,aten::addmm,sm80_xmma_gemm_f32f32_f32f32_f32_tn_n_tilesize128x128x8_stage3_warpsize2x2x1_ffma_aligna4_alignc4_execute_kernel__5x_cublas,6,operator_shape_matched,"[[4096],[94622,256],[256,4096],[],[]]","[""float"",""float"",""float"",""Scalar"",""Scalar""]",null,1,4559.578
null,aten::addmm,sm80_xmma_gemm_f32f32_f32f32_f32_tn_n_tilesize128x128x8_stage3_warpsize2x2x1_ffma_aligna4_alignc4_execute_kernel__5x_cublas,7,operator_shape_matched,"[[4096],[90870,256],[256,4096],[],[]]","[""float"",""float"",""float"",""Scalar"",""Scalar""]",null,1,4440.312
null,aten::addmm,sm80_xmma_gemm_f32f32_f32f32_f32_tn_n_tilesize128x128x8_stage3_warpsize2x2x1_ffma_aligna4_alignc4_execute_kernel__5x_cublas,8,operator_shape_matched,"[[4096],[90321,256],[256,4096],[],[]]","[""float"",""float"",""float"",""Scalar"",""Scalar""]",null,1,4413.239
null,aten::addmm,"void gemv2T_kernel_val<int, int, float, float, float, float, 128, 16, 2, 2, false, false, cublasGemvParamsEx<int, cublasGemvTensorStridedBatched<float const>, cublasGemvTensorStridedBatched<float const>, cublasGemvTensorStridedBatched<float>, float> >(cublasGemvParamsEx<int, cublasGemvTensorStridedBatched<float const>, cublasGemvTensorStridedBatched<float const>, cublasGemvTensorStridedBatched<float>, float>, float, float)",1,operator_shape_matched,"[[4096],[1,256],[256,4096],[],[]]","[""float"",""float"",""float"",""Scalar"",""Scalar""]",null,2,6.496
null,aten::addmm,"void gemv2T_kernel_val<int, int, float, float, float, float, 128, 16, 4, 4, false, false, cublasGemvParamsEx<int, cublasGemvTensorStridedBatched<float const>, cublasGemvTensorStridedBatched<float const>, cublasGemvTensorStridedBatched<float>, float> >(cublasGemvParamsEx<int, cublasGemvTensorStridedBatched<float const>, cublasGemvTensorStridedBatched<float const>, cublasGemvTensorStridedBatched<float>, float>, float, float)",1,operator_shape_matched,"[[4096],[1,4096],[4096,4096],[],[]]","[""float"",""float"",""float"",""Scalar"",""Scalar""]",null,2,62.976
null,aten::arange,"void (anonymous namespace)::elementwise_kernel_with_index<int, at::native::arange_cuda_out(c10::Scalar const&, c10::Scalar const&, c10::Scalar const&, at::Tensor&)::{lambda()#1}::operator()() const::{lambda()#4}::operator()() const::{lambda(long)#1}>(int, at::native::arange_cuda_out(c10::Scalar const&, c10::Scalar const&, c10::Scalar const&, at::Tensor&)::{lambda()#1}::operator()() const::{lambda()#4}::operator()() const::{lambda(long)#1}, function_traits<at::native::arange_cuda_out(c10::Scalar const&, c10::Scalar const&, c10::Scalar const&, at::Tensor&)::{lambda()#1}::operator()() const::{lambda()#4}::operator()() const::{lambda(long)#1}>::result_type*)",1,operator_shape_matched,"[[],[],[],[0]]","[""Scalar"",""Scalar"",""Scalar"",""long int""]",null,50,64.159
null,aten::arange,"void (anonymous namespace)::elementwise_kernel_with_index<int, at::native::arange_cuda_out(c10::Scalar const&, c10::Scalar const&, c10::Scalar const&, at::Tensor&)::{lambda()#1}::operator()() const::{lambda()#4}::operator()() const::{lambda(long)#1}>(int, at::native::arange_cuda_out(c10::Scalar const&, c10::Scalar const&, c10::Scalar const&, at::Tensor&)::{lambda()#1}::operator()() const::{lambda()#4}::operator()() const::{lambda(long)#1}, function_traits<at::native::arange_cuda_out(c10::Scalar const&, c10::Scalar const&, c10::Scalar const&, at::Tensor&)::{lambda()#1}::operator()() const::{lambda()#4}::operator()() const::{lambda(long)#1}>::result_type*)",2,operator_shape_matched,"[[],[],[],[0]]","[""Scalar"",""Scalar"",""Scalar"",""float""]",null,19,21.825
null,aten::bmm,sm80_xmma_gemm_f32f32_f32f32_f32_nn_n_tilesize64x128x8_stage3_warpsize1x4x1_ffma_aligna4_alignc4_execute_kernel__5x_cublas,1,operator_shape_matched,"[[3,64,1],[3,1,98970]]","[""float"",""float""]",null,1,47.264
null,aten::bmm,sm80_xmma_gemm_f32f32_f32f32_f32_nn_n_tilesize64x128x8_stage3_warpsize1x4x1_ffma_aligna4_alignc4_execute_kernel__5x_cublas,2,operator_shape_matched,"[[3,64,1],[3,1,97971]]","[""float"",""float""]",null,1,47.136
null,aten::bmm,sm80_xmma_gemm_f32f32_f32f32_f32_nn_n_tilesize64x128x8_stage3_warpsize1x4x1_ffma_aligna4_alignc4_execute_kernel__5x_cublas,3,operator_shape_matched,"[[3,64,1],[3,1,91618]]","[""float"",""float""]",null,1,46.304
null,aten::bmm,sm80_xmma_gemm_f32f32_f32f32_f32_nn_n_tilesize64x128x8_stage3_warpsize1x4x1_ffma_aligna4_alignc4_execute_kernel__5x_cublas,4,operator_shape_matched,"[[3,64,1],[3,1,96992]]","[""float"",""float""]",null,1,44.48
null,aten::bmm,sm80_xmma_gemm_f32f32_f32f32_f32_nn_n_tilesize64x64x8_stage3_warpsize1x4x1_ffma_aligna4_alignc4_execute_kernel__5x_cublas,1,operator_shape_matched,"[[3,64,1],[3,1,58939]]","[""float"",""float""]",null,1,27.04
null,aten::bmm,void cutlass::Kernel2<cutlass_80_simt_sgemm_128x32_8x5_nn_align1>(cutlass_80_simt_sgemm_128x32_8x5_nn_align1::Params),1,operator_shape_matched,"[[3,64,1],[3,1,56605]]","[""float"",""float""]",null,1,21.728
null,aten::cat,"void at::native::(anonymous namespace)::CatArrayBatchedCopy<at::native::(anonymous namespace)::OpaqueType<4u>, unsigned int, 3, 64, 64>(at::native::(anonymous namespace)::OpaqueType<4u>*, at::native::(anonymous namespace)::CatArrInputTensorMetadata<at::native::(anonymous namespace)::OpaqueType<4u>, unsigned int, 64, 64>, at::native::(anonymous namespace)::TensorSizeStride<unsigned int, 4u>, int, unsigned int)",1,operator_shape_matched,"[[],[]]",[],null,6,268.385
null,aten::cat,"void at::native::(anonymous namespace)::CatArrayBatchedCopy_alignedK_contig<at::native::(anonymous namespace)::OpaqueType<2u>, unsigned int, 1, 128, 1, 8>(at::native::(anonymous namespace)::OpaqueType<2u>*, at::native::(anonymous namespace)::CatArrInputTensorMetadata<at::native::(anonymous namespace)::OpaqueType<2u>, unsigned int, 128, 1>, at::native::(anonymous namespace)::TensorSizeStride<unsigned int, 4u>, int, unsigned int)",1,operator_shape_matched,"[[],[]]",[],null,12,20.768
null,aten::cat,"void at::native::(anonymous namespace)::CatArrayBatchedCopy_alignedK_contig<at::native::(anonymous namespace)::OpaqueType<4u>, unsigned int, 1, 128, 1, 16>(at::native::(anonymous namespace)::OpaqueType<4u>*, at::native::(anonymous namespace)::CatArrInputTensorMetadata<at::native::(anonymous namespace)::OpaqueType<4u>, unsigned int, 128, 1>, at::native::(anonymous namespace)::TensorSizeStride<unsigned int, 4u>, int, unsigned int)",1,operator_shape_matched,"[[],[]]",[],null,26,43.458
null,aten::cat,"void at::native::(anonymous namespace)::CatArrayBatchedCopy_alignedK_contig<at::native::(anonymous namespace)::OpaqueType<8u>, unsigned int, 1, 128, 1, 16>(at::native::(anonymous namespace)::OpaqueType<8u>*, at::native::(anonymous namespace)::CatArrInputTensorMetadata<at::native::(anonymous namespace)::OpaqueType<8u>, unsigned int, 128, 1>, at::native::(anonymous namespace)::TensorSizeStride<unsigned int, 4u>, int, unsigned int)",1,operator_shape_matched,"[[],[]]",[],null,6,10.144
null,aten::cat,"void at::native::(anonymous namespace)::CatArrayBatchedCopy_vectorized<at::native::(anonymous namespace)::OpaqueType<2u>, unsigned int, 1, 128, 1, 16, 8>(char*, at::native::(anonymous namespace)::CatArrInputTensorMetadata<at::native::(anonymous namespace)::OpaqueType<2u>, unsigned int, 128, 1>, at::native::(anonymous namespace)::TensorSizeStride<unsigned int, 4u>, int, unsigned int)",1,operator_shape_matched,"[[],[]]",[],null,4,94.53
null,aten::cat,"void at::native::(anonymous namespace)::CatArrayBatchedCopy_vectorized<at::native::(anonymous namespace)::OpaqueType<4u>, unsigned int, 2, 128, 1, 16, 4>(char*, at::native::(anonymous namespace)::CatArrInputTensorMetadata<at::native::(anonymous namespace)::OpaqueType<4u>, unsigned int, 128, 1>, at::native::(anonymous namespace)::TensorSizeStride<unsigned int, 4u>, int, unsigned int)",1,operator_shape_matched,"[[],[]]",[],null,5,267.905
null,aten::cat,"void at::native::(anonymous namespace)::CatArrayBatchedCopy_vectorized<at::native::(anonymous namespace)::OpaqueType<4u>, unsigned int, 2, 128, 1, 16, 4>(char*, at::native::(anonymous namespace)::CatArrInputTensorMetadata<at::native::(anonymous namespace)::OpaqueType<4u>, unsigned int, 128, 1>, at::native::(anonymous namespace)::TensorSizeStride<unsigned int, 4u>, int, unsigned int)",2,operator_shape_matched,"[[],[]]","[""TensorList"",""Scalar""]",null,1,1.28
null,aten::cat,"void at::native::(anonymous namespace)::CatArrayBatchedCopy_vectorized<at::native::(anonymous namespace)::OpaqueType<8u>, unsigned int, 1, 128, 1, 16, 2>(char*, at::native::(anonymous namespace)::CatArrInputTensorMetadata<at::native::(anonymous namespace)::OpaqueType<8u>, unsigned int, 128, 1>, at::native::(anonymous namespace)::TensorSizeStride<unsigned int, 4u>, int, unsigned int)",1,operator_shape_matched,"[[],[]]",[],null,2,3.552
null,aten::clamp,"void at::native::vectorized_elementwise_kernel<8, at::native::(anonymous namespace)::launch_clamp_scalar(at::TensorIteratorBase&, c10::Scalar, c10::Scalar, at::native::detail::ClampLimits)::{lambda()#1}::operator()() const::{lambda()#9}::operator()() const::{lambda(c10::BFloat16)#1}, std::array<char*, 2ul> >(int, at::native::(anonymous namespace)::launch_clamp_scalar(at::TensorIteratorBase&, c10::Scalar, c10::Scalar, at::native::detail::ClampLimits)::{lambda()#1}::operator()() const::{lambda()#9}::operator()() const::{lambda(c10::BFloat16)#1}, std::array<char*, 2ul>)",1,operator_shape_matched,"[[],[],[]]","[""c10::BFloat16"","""",""Scalar""]",null,3,4.159
null,aten::copy_,"void at::native::elementwise_kernel<128, 2, at::native::gpu_kernel_impl_nocast<at::native::direct_copy_kernel_cuda(at::TensorIteratorBase&)::{lambda()#3}::operator()() const::{lambda()#4}::operator()() const::{lambda(long)#1}>(at::TensorIteratorBase&, at::native::direct_copy_kernel_cuda(at::TensorIteratorBase&)::{lambda()#3}::operator()() const::{lambda()#4}::operator()() const::{lambda(long)#1} const&)::{lambda(int)#1}>(int, at::native::gpu_kernel_impl_nocast<at::native::direct_copy_kernel_cuda(at::TensorIteratorBase&)::{lambda()#3}::operator()() const::{lambda()#4}::operator()() const::{lambda(long)#1}>(at::TensorIteratorBase&, at::native::direct_copy_kernel_cuda(at::TensorIteratorBase&)::{lambda()#3}::operator()() const::{lambda()#4}::operator()() const::{lambda(long)#1} const&)::{lambda(int)#1})",1,operator_shape_matched,"[[24,391],[24,391],[]]","[""long int"",""long int"",""Scalar""]",null,2,2.816
null,aten::copy_,"void at::native::elementwise_kernel<128, 2, at::native::gpu_kernel_impl_nocast<at::native::direct_copy_kernel_cuda(at::TensorIteratorBase&)::{lambda()#3}::operator()() const::{lambda()#4}::operator()() const::{lambda(long)#1}>(at::TensorIteratorBase&, at::native::direct_copy_kernel_cuda(at::TensorIteratorBase&)::{lambda()#3}::operator()() const::{lambda()#4}::operator()() const::{lambda(long)#1} const&)::{lambda(int)#1}>(int, at::native::gpu_kernel_impl_nocast<at::native::direct_copy_kernel_cuda(at::TensorIteratorBase&)::{lambda()#3}::operator()() const::{lambda()#4}::operator()() const::{lambda(long)#1}>(at::TensorIteratorBase&, at::native::direct_copy_kernel_cuda(at::TensorIteratorBase&)::{lambda()#3}::operator()() const::{lambda()#4}::operator()() const::{lambda(long)#1} const&)::{lambda(int)#1})",2,operator_shape_matched,"[[11,390],[11,390],[]]","[""long int"",""long int"",""Scalar""]",null,2,2.816
null,aten::copy_,"void at::native::elementwise_kernel<128, 2, at::native::gpu_kernel_impl_nocast<at::native::direct_copy_kernel_cuda(at::TensorIteratorBase&)::{lambda()#3}::operator()() const::{lambda()#4}::operator()() const::{lambda(long)#1}>(at::TensorIteratorBase&, at::native::direct_copy_kernel_cuda(at::TensorIteratorBase&)::{lambda()#3}::operator()() const::{lambda()#4}::operator()() const::{lambda(long)#1} const&)::{lambda(int)#1}>(int, at::native::gpu_kernel_impl_nocast<at::native::direct_copy_kernel_cuda(at::TensorIteratorBase&)::{lambda()#3}::operator()() const::{lambda()#4}::operator()() const::{lambda(long)#1}>(at::TensorIteratorBase&, at::native::direct_copy_kernel_cuda(at::TensorIteratorBase&)::{lambda()#3}::operator()() const::{lambda()#4}::operator()() const::{lambda(long)#1} const&)::{lambda(int)#1})",3,operator_shape_matched,"[[13,390],[13,390],[]]","[""long int"",""long int"",""Scalar""]",null,2,2.816
null,aten::copy_,"void at::native::elementwise_kernel<128, 2, at::native::gpu_kernel_impl_nocast<at::native::direct_copy_kernel_cuda(at::TensorIteratorBase&)::{lambda()#3}::operator()() const::{lambda()#4}::operator()() const::{lambda(long)#1}>(at::TensorIteratorBase&, at::native::direct_copy_kernel_cuda(at::TensorIteratorBase&)::{lambda()#3}::operator()() const::{lambda()#4}::operator()() const::{lambda(long)#1} const&)::{lambda(int)#1}>(int, at::native::gpu_kernel_impl_nocast<at::native::direct_copy_kernel_cuda(at::TensorIteratorBase&)::{lambda()#3}::operator()() const::{lambda()#4}::operator()() const::{lambda(long)#1}>(at::TensorIteratorBase&, at::native::direct_copy_kernel_cuda(at::TensorIteratorBase&)::{lambda()#3}::operator()() const::{lambda()#4}::operator()() const::{lambda(long)#1} const&)::{lambda(int)#1})",4,operator_shape_matched,"[[16,390],[16,390],[]]","[""long int"",""long int"",""Scalar""]",null,2,2.752
null,aten::copy_,"void at::native::elementwise_kernel<128, 2, at::native::gpu_kernel_impl_nocast<at::native::direct_copy_kernel_cuda(at::TensorIteratorBase&)::{lambda()#3}::operator()() const::{lambda()#4}::operator()() const::{lambda(long)#1}>(at::TensorIteratorBase&, at::native::direct_copy_kernel_cuda(at::TensorIteratorBase&)::{lambda()#3}::operator()() const::{lambda()#4}::operator()() const::{lambda(long)#1} const&)::{lambda(int)#1}>(int, at::native::gpu_kernel_impl_nocast<at::native::direct_copy_kernel_cuda(at::TensorIteratorBase&)::{lambda()#3}::operator()() const::{lambda()#4}::operator()() const::{lambda(long)#1}>(at::TensorIteratorBase&, at::native::direct_copy_kernel_cuda(at::TensorIteratorBase&)::{lambda()#3}::operator()() const::{lambda()#4}::operator()() const::{lambda(long)#1} const&)::{lambda(int)#1})",5,operator_shape_matched,"[[149,391],[149,391],[]]","[""long int"",""long int"",""Scalar""]",null,1,1.952
null,aten::copy_,"void at::native::elementwise_kernel<128, 2, at::native::gpu_kernel_impl_nocast<at::native::direct_copy_kernel_cuda(at::TensorIteratorBase&)::{lambda()#3}::operator()() const::{lambda()#4}::operator()() const::{lambda(long)#1}>(at::TensorIteratorBase&, at::native::direct_copy_kernel_cuda(at::TensorIteratorBase&)::{lambda()#3}::operator()() const::{lambda()#4}::operator()() const::{lambda(long)#1} const&)::{lambda(int)#1}>(int, at::native::gpu_kernel_impl_nocast<at::native::direct_copy_kernel_cuda(at::TensorIteratorBase&)::{lambda()#3}::operator()() const::{lambda()#4}::operator()() const::{lambda(long)#1}>(at::TensorIteratorBase&, at::native::direct_copy_kernel_cuda(at::TensorIteratorBase&)::{lambda()#3}::operator()() const::{lambda()#4}::operator()() const::{lambda(long)#1} const&)::{lambda(int)#1})",6,operator_shape_matched,"[[143,391],[143,391],[]]","[""long int"",""long int"",""Scalar""]",null,1,1.856
null,aten::copy_,"void at::native::elementwise_kernel<128, 2, at::native::gpu_kernel_impl_nocast<at::native::direct_copy_kernel_cuda(at::TensorIteratorBase&)::{lambda()#3}::operator()() const::{lambda()#4}::operator()() const::{lambda(long)#1}>(at::TensorIteratorBase&, at::native::direct_copy_kernel_cuda(at::TensorIteratorBase&)::{lambda()#3}::operator()() const::{lambda()#4}::operator()() const::{lambda(long)#1} const&)::{lambda(int)#1}>(int, at::native::gpu_kernel_impl_nocast<at::native::direct_copy_kernel_cuda(at::TensorIteratorBase&)::{lambda()#3}::operator()() const::{lambda()#4}::operator()() const::{lambda(long)#1}>(at::TensorIteratorBase&, at::native::direct_copy_kernel_cuda(at::TensorIteratorBase&)::{lambda()#3}::operator()() const::{lambda()#4}::operator()() const::{lambda(long)#1} const&)::{lambda(int)#1})",7,operator_shape_matched,"[[109,391],[109,391],[]]","[""long int"",""long int"",""Scalar""]",null,1,1.76
null,aten::copy_,"void at::native::elementwise_kernel<128, 2, at::native::gpu_kernel_impl_nocast<at::native::direct_copy_kernel_cuda(at::TensorIteratorBase&)::{lambda()#3}::operator()() const::{lambda()#4}::operator()() const::{lambda(long)#1}>(at::TensorIteratorBase&, at::native::direct_copy_kernel_cuda(at::TensorIteratorBase&)::{lambda()#3}::operator()() const::{lambda()#4}::operator()() const::{lambda(long)#1} const&)::{lambda(int)#1}>(int, at::native::gpu_kernel_impl_nocast<at::native::direct_copy_kernel_cuda(at::TensorIteratorBase&)::{lambda()#3}::operator()() const::{lambda()#4}::operator()() const::{lambda(long)#1}>(at::TensorIteratorBase&, at::native::direct_copy_kernel_cuda(at::TensorIteratorBase&)::{lambda()#3}::operator()() const::{lambda()#4}::operator()() const::{lambda(long)#1} const&)::{lambda(int)#1})",8,operator_shape_matched,"[[19,390],[19,390],[]]","[""long int"",""long int"",""Scalar""]",null,1,1.76
null,aten::copy_,"void at::native::elementwise_kernel<128, 2, at::native::gpu_kernel_impl_nocast<at::native::direct_copy_kernel_cuda(at::TensorIteratorBase&)::{lambda()#3}::operator()() const::{lambda()#4}::operator()() const::{lambda(long)#1}>(at::TensorIteratorBase&, at::native::direct_copy_kernel_cuda(at::TensorIteratorBase&)::{lambda()#3}::operator()() const::{lambda()#4}::operator()() const::{lambda(long)#1} const&)::{lambda(int)#1}>(int, at::native::gpu_kernel_impl_nocast<at::native::direct_copy_kernel_cuda(at::TensorIteratorBase&)::{lambda()#3}::operator()() const::{lambda()#4}::operator()() const::{lambda(long)#1}>(at::TensorIteratorBase&, at::native::direct_copy_kernel_cuda(at::TensorIteratorBase&)::{lambda()#3}::operator()() const::{lambda()#4}::operator()() const::{lambda(long)#1} const&)::{lambda(int)#1})",9,operator_shape_matched,"[[73,391],[73,391],[]]","[""long int"",""long int"",""Scalar""]",null,1,1.695
null,aten::copy_,"void at::native::elementwise_kernel<128, 2, at::native::gpu_kernel_impl_nocast<at::native::direct_copy_kernel_cuda(at::TensorIteratorBase&)::{lambda()#3}::operator()() const::{lambda()#4}::operator()() const::{lambda(long)#1}>(at::TensorIteratorBase&, at::native::direct_copy_kernel_cuda(at::TensorIteratorBase&)::{lambda()#3}::operator()() const::{lambda()#4}::operator()() const::{lambda(long)#1} const&)::{lambda(int)#1}>(int, at::native::gpu_kernel_impl_nocast<at::native::direct_copy_kernel_cuda(at::TensorIteratorBase&)::{lambda()#3}::operator()() const::{lambda()#4}::operator()() const::{lambda(long)#1}>(at::TensorIteratorBase&, at::native::direct_copy_kernel_cuda(at::TensorIteratorBase&)::{lambda()#3}::operator()() const::{lambda()#4}::operator()() const::{lambda(long)#1} const&)::{lambda(int)#1})",10,operator_shape_matched,"[[23,391],[23,391],[]]","[""long int"",""long int"",""Scalar""]",null,1,1.632
null,aten::copy_,"void at::native::elementwise_kernel<128, 2, at::native::gpu_kernel_impl_nocast<at::native::direct_copy_kernel_cuda(at::TensorIteratorBase&)::{lambda()#3}::operator()() const::{lambda()#4}::operator()() const::{lambda(long)#1}>(at::TensorIteratorBase&, at::native::direct_copy_kernel_cuda(at::TensorIteratorBase&)::{lambda()#3}::operator()() const::{lambda()#4}::operator()() const::{lambda(long)#1} const&)::{lambda(int)#1}>(int, at::native::gpu_kernel_impl_nocast<at::native::direct_copy_kernel_cuda(at::TensorIteratorBase&)::{lambda()#3}::operator()() const::{lambda()#4}::operator()() const::{lambda(long)#1}>(at::TensorIteratorBase&, at::native::direct_copy_kernel_cuda(at::TensorIteratorBase&)::{lambda()#3}::operator()() const::{lambda()#4}::operator()() const::{lambda(long)#1} const&)::{lambda(int)#1})",11,operator_shape_matched,"[[33,390],[33,390],[]]","[""long int"",""long int"",""Scalar""]",null,1,1.632
null,aten::copy_,"void at::native::elementwise_kernel<128, 2, at::native::gpu_kernel_impl_nocast<at::native::direct_copy_kernel_cuda(at::TensorIteratorBase&)::{lambda()#3}::operator()() const::{lambda()#4}::operator()() const::{lambda(long)#1}>(at::TensorIteratorBase&, at::native::direct_copy_kernel_cuda(at::TensorIteratorBase&)::{lambda()#3}::operator()() const::{lambda()#4}::operator()() const::{lambda(long)#1} const&)::{lambda(int)#1}>(int, at::native::gpu_kernel_impl_nocast<at::native::direct_copy_kernel_cuda(at::TensorIteratorBase&)::{lambda()#3}::operator()() const::{lambda()#4}::operator()() const::{lambda(long)#1}>(at::TensorIteratorBase&, at::native::direct_copy_kernel_cuda(at::TensorIteratorBase&)::{lambda()#3}::operator()() const::{lambda()#4}::operator()() const::{lambda(long)#1} const&)::{lambda(int)#1})",12,operator_shape_matched,"[[61,300],[61,300],[]]","[""long int"",""long int"",""Scalar""]",null,1,1.6
null,aten::copy_,"void at::native::elementwise_kernel<128, 2, at::native::gpu_kernel_impl_nocast<at::native::direct_copy_kernel_cuda(at::TensorIteratorBase&)::{lambda()#3}::operator()() const::{lambda()#4}::operator()() const::{lambda(long)#1}>(at::TensorIteratorBase&, at::native::direct_copy_kernel_cuda(at::TensorIteratorBase&)::{lambda()#3}::operator()() const::{lambda()#4}::operator()() const::{lambda(long)#1} const&)::{lambda(int)#1}>(int, at::native::gpu_kernel_impl_nocast<at::native::direct_copy_kernel_cuda(at::TensorIteratorBase&)::{lambda()#3}::operator()() const::{lambda()#4}::operator()() const::{lambda(long)#1}>(at::TensorIteratorBase&, at::native::direct_copy_kernel_cuda(at::TensorIteratorBase&)::{lambda()#3}::operator()() const::{lambda()#4}::operator()() const::{lambda(long)#1} const&)::{lambda(int)#1})",13,operator_shape_matched,"[[51,300],[51,300],[]]","[""long int"",""long int"",""Scalar""]",null,1,1.599
null,aten::copy_,"void at::native::elementwise_kernel<128, 2, at::native::gpu_kernel_impl_nocast<at::native::direct_copy_kernel_cuda(at::TensorIteratorBase&)::{lambda()#3}::operator()() const::{lambda()#4}::operator()() const::{lambda(long)#1}>(at::TensorIteratorBase&, at::native::direct_copy_kernel_cuda(at::TensorIteratorBase&)::{lambda()#3}::operator()() const::{lambda()#4}::operator()() const::{lambda(long)#1} const&)::{lambda(int)#1}>(int, at::native::gpu_kernel_impl_nocast<at::native::direct_copy_kernel_cuda(at::TensorIteratorBase&)::{lambda()#3}::operator()() const::{lambda()#4}::operator()() const::{lambda(long)#1}>(at::TensorIteratorBase&, at::native::direct_copy_kernel_cuda(at::TensorIteratorBase&)::{lambda()#3}::operator()() const::{lambda()#4}::operator()() const::{lambda(long)#1} const&)::{lambda(int)#1})",14,operator_shape_matched,"[[25,391],[25,391],[]]","[""long int"",""long int"",""Scalar""]",null,1,1.536
null,aten::copy_,"void at::native::elementwise_kernel<128, 2, at::native::gpu_kernel_impl_nocast<at::native::direct_copy_kernel_cuda(at::TensorIteratorBase&)::{lambda()#3}::operator()() const::{lambda()#4}::operator()() const::{lambda(long)#1}>(at::TensorIteratorBase&, at::native::direct_copy_kernel_cuda(at::TensorIteratorBase&)::{lambda()#3}::operator()() const::{lambda()#4}::operator()() const::{lambda(long)#1} const&)::{lambda(int)#1}>(int, at::native::gpu_kernel_impl_nocast<at::native::direct_copy_kernel_cuda(at::TensorIteratorBase&)::{lambda()#3}::operator()() const::{lambda()#4}::operator()() const::{lambda(long)#1}>(at::TensorIteratorBase&, at::native::direct_copy_kernel_cuda(at::TensorIteratorBase&)::{lambda()#3}::operator()() const::{lambda()#4}::operator()() const::{lambda(long)#1} const&)::{lambda(int)#1})",15,operator_shape_matched,"[[29,390],[29,390],[]]","[""long int"",""long int"",""Scalar""]",null,1,1.536
null,aten::copy_,"void at::native::elementwise_kernel<128, 2, at::native::gpu_kernel_impl_nocast<at::native::direct_copy_kernel_cuda(at::TensorIteratorBase&)::{lambda()#3}::operator()() const::{lambda()#4}::operator()() const::{lambda(long)#1}>(at::TensorIteratorBase&, at::native::direct_copy_kernel_cuda(at::TensorIteratorBase&)::{lambda()#3}::operator()() const::{lambda()#4}::operator()() const::{lambda(long)#1} const&)::{lambda(int)#1}>(int, at::native::gpu_kernel_impl_nocast<at::native::direct_copy_kernel_cuda(at::TensorIteratorBase&)::{lambda()#3}::operator()() const::{lambda()#4}::operator()() const::{lambda(long)#1}>(at::TensorIteratorBase&, at::native::direct_copy_kernel_cuda(at::TensorIteratorBase&)::{lambda()#3}::operator()() const::{lambda()#4}::operator()() const::{lambda(long)#1} const&)::{lambda(int)#1})",16,operator_shape_matched,"[[61,391],[61,391],[]]","[""long int"",""long int"",""Scalar""]",null,1,1.536
null,aten::copy_,"void at::native::elementwise_kernel<128, 2, at::native::gpu_kernel_impl_nocast<at::native::direct_copy_kernel_cuda(at::TensorIteratorBase&)::{lambda()#3}::operator()() const::{lambda()#4}::operator()() const::{lambda(long)#1}>(at::TensorIteratorBase&, at::native::direct_copy_kernel_cuda(at::TensorIteratorBase&)::{lambda()#3}::operator()() const::{lambda()#4}::operator()() const::{lambda(long)#1} const&)::{lambda(int)#1}>(int, at::native::gpu_kernel_impl_nocast<at::native::direct_copy_kernel_cuda(at::TensorIteratorBase&)::{lambda()#3}::operator()() const::{lambda()#4}::operator()() const::{lambda(long)#1}>(at::TensorIteratorBase&, at::native::direct_copy_kernel_cuda(at::TensorIteratorBase&)::{lambda()#3}::operator()() const::{lambda()#4}::operator()() const::{lambda(long)#1} const&)::{lambda(int)#1})",17,operator_shape_matched,"[[78,300],[78,300],[]]","[""long int"",""long int"",""Scalar""]",null,1,1.536
null,aten::copy_,"void at::native::elementwise_kernel<128, 2, at::native::gpu_kernel_impl_nocast<at::native::direct_copy_kernel_cuda(at::TensorIteratorBase&)::{lambda()#3}::operator()() const::{lambda()#4}::operator()() const::{lambda(long)#1}>(at::TensorIteratorBase&, at::native::direct_copy_kernel_cuda(at::TensorIteratorBase&)::{lambda()#3}::operator()() const::{lambda()#4}::operator()() const::{lambda(long)#1} const&)::{lambda(int)#1}>(int, at::native::gpu_kernel_impl_nocast<at::native::direct_copy_kernel_cuda(at::TensorIteratorBase&)::{lambda()#3}::operator()() const::{lambda()#4}::operator()() const::{lambda(long)#1}>(at::TensorIteratorBase&, at::native::direct_copy_kernel_cuda(at::TensorIteratorBase&)::{lambda()#3}::operator()() const::{lambda()#4}::operator()() const::{lambda(long)#1} const&)::{lambda(int)#1})",18,operator_shape_matched,"[[35,391],[35,391],[]]","[""long int"",""long int"",""Scalar""]",null,1,1.535
null,aten::copy_,"void at::native::elementwise_kernel<128, 2, at::native::gpu_kernel_impl_nocast<at::native::direct_copy_kernel_cuda(at::TensorIteratorBase&)::{lambda()#3}::operator()() const::{lambda()#4}::operator()() const::{lambda(long)#1}>(at::TensorIteratorBase&, at::native::direct_copy_kernel_cuda(at::TensorIteratorBase&)::{lambda()#3}::operator()() const::{lambda()#4}::operator()() const::{lambda(long)#1} const&)::{lambda(int)#1}>(int, at::native::gpu_kernel_impl_nocast<at::native::direct_copy_kernel_cuda(at::TensorIteratorBase&)::{lambda()#3}::operator()() const::{lambda()#4}::operator()() const::{lambda(long)#1}>(at::TensorIteratorBase&, at::native::direct_copy_kernel_cuda(at::TensorIteratorBase&)::{lambda()#3}::operator()() const::{lambda()#4}::operator()() const::{lambda(long)#1} const&)::{lambda(int)#1})",19,operator_shape_matched,"[[44,300],[44,300],[]]","[""long int"",""long int"",""Scalar""]",null,1,1.472
null,aten::copy_,"void at::native::elementwise_kernel<128, 2, at::native::gpu_kernel_impl_nocast<at::native::direct_copy_kernel_cuda(at::TensorIteratorBase&)::{lambda()#3}::operator()() const::{lambda()#4}::operator()() const::{lambda(long)#1}>(at::TensorIteratorBase&, at::native::direct_copy_kernel_cuda(at::TensorIteratorBase&)::{lambda()#3}::operator()() const::{lambda()#4}::operator()() const::{lambda(long)#1} const&)::{lambda(int)#1}>(int, at::native::gpu_kernel_impl_nocast<at::native::direct_copy_kernel_cuda(at::TensorIteratorBase&)::{lambda()#3}::operator()() const::{lambda()#4}::operator()() const::{lambda(long)#1}>(at::TensorIteratorBase&, at::native::direct_copy_kernel_cuda(at::TensorIteratorBase&)::{lambda()#3}::operator()() const::{lambda()#4}::operator()() const::{lambda(long)#1} const&)::{lambda(int)#1})",20,operator_shape_matched,"[[49,300],[49,300],[]]","[""long int"",""long int"",""Scalar""]",null,1,1.471
null,aten::copy_,"void at::native::elementwise_kernel<128, 2, at::native::gpu_kernel_impl_nocast<at::native::direct_copy_kernel_cuda(at::TensorIteratorBase&)::{lambda()#3}::operator()() const::{lambda()#4}::operator()() const::{lambda(long)#1}>(at::TensorIteratorBase&, at::native::direct_copy_kernel_cuda(at::TensorIteratorBase&)::{lambda()#3}::operator()() const::{lambda()#4}::operator()() const::{lambda(long)#1} const&)::{lambda(int)#1}>(int, at::native::gpu_kernel_impl_nocast<at::native::direct_copy_kernel_cuda(at::TensorIteratorBase&)::{lambda()#3}::operator()() const::{lambda()#4}::operator()() const::{lambda(long)#1}>(at::TensorIteratorBase&, at::native::direct_copy_kernel_cuda(at::TensorIteratorBase&)::{lambda()#3}::operator()() const::{lambda()#4}::operator()() const::{lambda(long)#1} const&)::{lambda(int)#1})",21,operator_shape_matched,"[[52,391],[52,391],[]]","[""long int"",""long int"",""Scalar""]",null,1,1.471
null,aten::copy_,"void at::native::elementwise_kernel<128, 2, at::native::gpu_kernel_impl_nocast<at::native::direct_copy_kernel_cuda(at::TensorIteratorBase&)::{lambda()#3}::operator()() const::{lambda()#4}::operator()() const::{lambda(long)#1}>(at::TensorIteratorBase&, at::native::direct_copy_kernel_cuda(at::TensorIteratorBase&)::{lambda()#3}::operator()() const::{lambda()#4}::operator()() const::{lambda(long)#1} const&)::{lambda(int)#1}>(int, at::native::gpu_kernel_impl_nocast<at::native::direct_copy_kernel_cuda(at::TensorIteratorBase&)::{lambda()#3}::operator()() const::{lambda()#4}::operator()() const::{lambda(long)#1}>(at::TensorIteratorBase&, at::native::direct_copy_kernel_cuda(at::TensorIteratorBase&)::{lambda()#3}::operator()() const::{lambda()#4}::operator()() const::{lambda(long)#1} const&)::{lambda(int)#1})",22,operator_shape_matched,"[[37,300],[37,300],[]]","[""long int"",""long int"",""Scalar""]",null,1,1.44
null,aten::copy_,"void at::native::elementwise_kernel<128, 2, at::native::gpu_kernel_impl_nocast<at::native::direct_copy_kernel_cuda(at::TensorIteratorBase&)::{lambda()#3}::operator()() const::{lambda()#4}::operator()() const::{lambda(long)#1}>(at::TensorIteratorBase&, at::native::direct_copy_kernel_cuda(at::TensorIteratorBase&)::{lambda()#3}::operator()() const::{lambda()#4}::operator()() const::{lambda(long)#1} const&)::{lambda(int)#1}>(int, at::native::gpu_kernel_impl_nocast<at::native::direct_copy_kernel_cuda(at::TensorIteratorBase&)::{lambda()#3}::operator()() const::{lambda()#4}::operator()() const::{lambda(long)#1}>(at::TensorIteratorBase&, at::native::direct_copy_kernel_cuda(at::TensorIteratorBase&)::{lambda()#3}::operator()() const::{lambda()#4}::operator()() const::{lambda(long)#1} const&)::{lambda(int)#1})",23,operator_shape_matched,"[[10,390],[10,390],[]]","[""long int"",""long int"",""Scalar""]",null,1,1.408
null,aten::copy_,"void at::native::elementwise_kernel<128, 2, at::native::gpu_kernel_impl_nocast<at::native::direct_copy_kernel_cuda(at::TensorIteratorBase&)::{lambda()#3}::operator()() const::{lambda()#4}::operator()() const::{lambda(long)#1}>(at::TensorIteratorBase&, at::native::direct_copy_kernel_cuda(at::TensorIteratorBase&)::{lambda()#3}::operator()() const::{lambda()#4}::operator()() const::{lambda(long)#1} const&)::{lambda(int)#1}>(int, at::native::gpu_kernel_impl_nocast<at::native::direct_copy_kernel_cuda(at::TensorIteratorBase&)::{lambda()#3}::operator()() const::{lambda()#4}::operator()() const::{lambda(long)#1}>(at::TensorIteratorBase&, at::native::direct_copy_kernel_cuda(at::TensorIteratorBase&)::{lambda()#3}::operator()() const::{lambda()#4}::operator()() const::{lambda(long)#1} const&)::{lambda(int)#1})",24,operator_shape_matched,"[[14,390],[14,390],[]]","[""long int"",""long int"",""Scalar""]",null,1,1.408
null,aten::copy_,"void at::native::elementwise_kernel<128, 2, at::native::gpu_kernel_impl_nocast<at::native::direct_copy_kernel_cuda(at::TensorIteratorBase&)::{lambda()#3}::operator()() const::{lambda()#4}::operator()() const::{lambda(long)#1}>(at::TensorIteratorBase&, at::native::direct_copy_kernel_cuda(at::TensorIteratorBase&)::{lambda()#3}::operator()() const::{lambda()#4}::operator()() const::{lambda(long)#1} const&)::{lambda(int)#1}>(int, at::native::gpu_kernel_impl_nocast<at::native::direct_copy_kernel_cuda(at::TensorIteratorBase&)::{lambda()#3}::operator()() const::{lambda()#4}::operator()() const::{lambda(long)#1}>(at::TensorIteratorBase&, at::native::direct_copy_kernel_cuda(at::TensorIteratorBase&)::{lambda()#3}::operator()() const::{lambda()#4}::operator()() const::{lambda(long)#1} const&)::{lambda(int)#1})",25,operator_shape_matched,"[[21,390],[21,390],[]]","[""long int"",""long int"",""Scalar""]",null,1,1.408
null,aten::copy_,"void at::native::elementwise_kernel<128, 2, at::native::gpu_kernel_impl_nocast<at::native::direct_copy_kernel_cuda(at::TensorIteratorBase&)::{lambda()#3}::operator()() const::{lambda()#4}::operator()() const::{lambda(long)#1}>(at::TensorIteratorBase&, at::native::direct_copy_kernel_cuda(at::TensorIteratorBase&)::{lambda()#3}::operator()() const::{lambda()#4}::operator()() const::{lambda(long)#1} const&)::{lambda(int)#1}>(int, at::native::gpu_kernel_impl_nocast<at::native::direct_copy_kernel_cuda(at::TensorIteratorBase&)::{lambda()#3}::operator()() const::{lambda()#4}::operator()() const::{lambda(long)#1}>(at::TensorIteratorBase&, at::native::direct_copy_kernel_cuda(at::TensorIteratorBase&)::{lambda()#3}::operator()() const::{lambda()#4}::operator()() const::{lambda(long)#1} const&)::{lambda(int)#1})",26,operator_shape_matched,"[[31,391],[31,391],[]]","[""long int"",""long int"",""Scalar""]",null,1,1.407
null,aten::copy_,"void at::native::elementwise_kernel<128, 2, at::native::gpu_kernel_impl_nocast<at::native::direct_copy_kernel_cuda(at::TensorIteratorBase&)::{lambda()#3}::operator()() const::{lambda()#4}::operator()() const::{lambda(long)#1}>(at::TensorIteratorBase&, at::native::direct_copy_kernel_cuda(at::TensorIteratorBase&)::{lambda()#3}::operator()() const::{lambda()#4}::operator()() const::{lambda(long)#1} const&)::{lambda(int)#1}>(int, at::native::gpu_kernel_impl_nocast<at::native::direct_copy_kernel_cuda(at::TensorIteratorBase&)::{lambda()#3}::operator()() const::{lambda()#4}::operator()() const::{lambda(long)#1}>(at::TensorIteratorBase&, at::native::direct_copy_kernel_cuda(at::TensorIteratorBase&)::{lambda()#3}::operator()() const::{lambda()#4}::operator()() const::{lambda(long)#1} const&)::{lambda(int)#1})",27,operator_shape_matched,"[[12,390],[12,390],[]]","[""long int"",""long int"",""Scalar""]",null,1,1.376
null,aten::copy_,"void at::native::elementwise_kernel<128, 2, at::native::gpu_kernel_impl_nocast<at::native::direct_copy_kernel_cuda(at::TensorIteratorBase&)::{lambda()#3}::operator()() const::{lambda()#4}::operator()() const::{lambda(long)#1}>(at::TensorIteratorBase&, at::native::direct_copy_kernel_cuda(at::TensorIteratorBase&)::{lambda()#3}::operator()() const::{lambda()#4}::operator()() const::{lambda(long)#1} const&)::{lambda(int)#1}>(int, at::native::gpu_kernel_impl_nocast<at::native::direct_copy_kernel_cuda(at::TensorIteratorBase&)::{lambda()#3}::operator()() const::{lambda()#4}::operator()() const::{lambda(long)#1}>(at::TensorIteratorBase&, at::native::direct_copy_kernel_cuda(at::TensorIteratorBase&)::{lambda()#3}::operator()() const::{lambda()#4}::operator()() const::{lambda(long)#1} const&)::{lambda(int)#1})",28,operator_shape_matched,"[[15,390],[15,390],[]]","[""long int"",""long int"",""Scalar""]",null,1,1.376
null,aten::copy_,"void at::native::elementwise_kernel<128, 2, at::native::gpu_kernel_impl_nocast<at::native::direct_copy_kernel_cuda(at::TensorIteratorBase&)::{lambda()#3}::operator()() const::{lambda()#4}::operator()() const::{lambda(long)#1}>(at::TensorIteratorBase&, at::native::direct_copy_kernel_cuda(at::TensorIteratorBase&)::{lambda()#3}::operator()() const::{lambda()#4}::operator()() const::{lambda(long)#1} const&)::{lambda(int)#1}>(int, at::native::gpu_kernel_impl_nocast<at::native::direct_copy_kernel_cuda(at::TensorIteratorBase&)::{lambda()#3}::operator()() const::{lambda()#4}::operator()() const::{lambda(long)#1}>(at::TensorIteratorBase&, at::native::direct_copy_kernel_cuda(at::TensorIteratorBase&)::{lambda()#3}::operator()() const::{lambda()#4}::operator()() const::{lambda(long)#1} const&)::{lambda(int)#1})",29,operator_shape_matched,"[[16,391],[16,391],[]]","[""long int"",""long int"",""Scalar""]",null,1,1.343
null,aten::copy_,"void at::native::elementwise_kernel<128, 2, at::native::gpu_kernel_impl_nocast<at::native::direct_copy_kernel_cuda(at::TensorIteratorBase&)::{lambda()#3}::operator()() const::{lambda()#7}::operator()() const::{lambda(float)#1}>(at::TensorIteratorBase&, at::native::direct_copy_kernel_cuda(at::TensorIteratorBase&)::{lambda()#3}::operator()() const::{lambda()#7}::operator()() const::{lambda(float)#1} const&)::{lambda(int)#1}>(int, at::native::gpu_kernel_impl_nocast<at::native::direct_copy_kernel_cuda(at::TensorIteratorBase&)::{lambda()#3}::operator()() const::{lambda()#7}::operator()() const::{lambda(float)#1}>(at::TensorIteratorBase&, at::native::direct_copy_kernel_cuda(at::TensorIteratorBase&)::{lambda()#3}::operator()() const::{lambda()#7}::operator()() const::{lambda(float)#1} const&)::{lambda(int)#1})",1,operator_shape_matched,"[[58259,4096],[58259,4096],[]]","[""float"",""c10::BFloat16"",""Scalar""]",null,1,562.403
null,aten::copy_,"void at::native::elementwise_kernel<128, 2, at::native::gpu_kernel_impl_nocast<at::native::direct_copy_kernel_cuda(at::TensorIteratorBase&)::{lambda()#3}::operator()() const::{lambda()#7}::operator()() const::{lambda(float)#1}>(at::TensorIteratorBase&, at::native::direct_copy_kernel_cuda(at::TensorIteratorBase&)::{lambda()#3}::operator()() const::{lambda()#7}::operator()() const::{lambda(float)#1} const&)::{lambda(int)#1}>(int, at::native::gpu_kernel_impl_nocast<at::native::direct_copy_kernel_cuda(at::TensorIteratorBase&)::{lambda()#3}::operator()() const::{lambda()#7}::operator()() const::{lambda(float)#1}>(at::TensorIteratorBase&, at::native::direct_copy_kernel_cuda(at::TensorIteratorBase&)::{lambda()#3}::operator()() const::{lambda()#7}::operator()() const::{lambda(float)#1} const&)::{lambda(int)#1})",2,operator_shape_matched,"[[55913,4096],[55913,4096],[]]","[""float"",""c10::BFloat16"",""Scalar""]",null,1,539.203
null,aten::copy_,"void at::native::elementwise_kernel<128, 2, at::native::gpu_kernel_impl_nocast<at::native::direct_copy_kernel_cuda(at::TensorIteratorBase&)::{lambda()#3}::operator()() const::{lambda()#7}::operator()() const::{lambda(float)#1}>(at::TensorIteratorBase&, at::native::direct_copy_kernel_cuda(at::TensorIteratorBase&)::{lambda()#3}::operator()() const::{lambda()#7}::operator()() const::{lambda(float)#1} const&)::{lambda(int)#1}>(int, at::native::gpu_kernel_impl_nocast<at::native::direct_copy_kernel_cuda(at::TensorIteratorBase&)::{lambda()#3}::operator()() const::{lambda()#7}::operator()() const::{lambda(float)#1}>(at::TensorIteratorBase&, at::native::direct_copy_kernel_cuda(at::TensorIteratorBase&)::{lambda()#3}::operator()() const::{lambda()#7}::operator()() const::{lambda(float)#1} const&)::{lambda(int)#1})",3,operator_shape_matched,"[[1,98970,20],[1,98970,20],[]]","[""float"",""float"",""Scalar""]",null,2,17.663
null,aten::copy_,"void at::native::elementwise_kernel<128, 2, at::native::gpu_kernel_impl_nocast<at::native::direct_copy_kernel_cuda(at::TensorIteratorBase&)::{lambda()#3}::operator()() const::{lambda()#7}::operator()() const::{lambda(float)#1}>(at::TensorIteratorBase&, at::native::direct_copy_kernel_cuda(at::TensorIteratorBase&)::{lambda()#3}::operator()() const::{lambda()#7}::operator()() const::{lambda(float)#1} const&)::{lambda(int)#1}>(int, at::native::gpu_kernel_impl_nocast<at::native::direct_copy_kernel_cuda(at::TensorIteratorBase&)::{lambda()#3}::operator()() const::{lambda()#7}::operator()() const::{lambda(float)#1}>(at::TensorIteratorBase&, at::native::direct_copy_kernel_cuda(at::TensorIteratorBase&)::{lambda()#3}::operator()() const::{lambda()#7}::operator()() const::{lambda(float)#1} const&)::{lambda(int)#1})",4,operator_shape_matched,"[[1,97971,20],[1,97971,20],[]]","[""float"",""float"",""Scalar""]",null,2,17.12
null,aten::copy_,"void at::native::elementwise_kernel<128, 2, at::native::gpu_kernel_impl_nocast<at::native::direct_copy_kernel_cuda(at::TensorIteratorBase&)::{lambda()#3}::operator()() const::{lambda()#7}::operator()() const::{lambda(float)#1}>(at::TensorIteratorBase&, at::native::direct_copy_kernel_cuda(at::TensorIteratorBase&)::{lambda()#3}::operator()() const::{lambda()#7}::operator()() const::{lambda(float)#1} const&)::{lambda(int)#1}>(int, at::native::gpu_kernel_impl_nocast<at::native::direct_copy_kernel_cuda(at::TensorIteratorBase&)::{lambda()#3}::operator()() const::{lambda()#7}::operator()() const::{lambda(float)#1}>(at::TensorIteratorBase&, at::native::direct_copy_kernel_cuda(at::TensorIteratorBase&)::{lambda()#3}::operator()() const::{lambda()#7}::operator()() const::{lambda(float)#1} const&)::{lambda(int)#1})",5,operator_shape_matched,"[[1,91618,20],[1,91618,20],[]]","[""float"",""float"",""Scalar""]",null,2,15.648
null,aten::copy_,"void at::native::elementwise_kernel<128, 2, at::native::gpu_kernel_impl_nocast<at::native::direct_copy_kernel_cuda(at::TensorIteratorBase&)::{lambda()#3}::operator()() const::{lambda()#7}::operator()() const::{lambda(float)#1}>(at::TensorIteratorBase&, at::native::direct_copy_kernel_cuda(at::TensorIteratorBase&)::{lambda()#3}::operator()() const::{lambda()#7}::operator()() const::{lambda(float)#1} const&)::{lambda(int)#1}>(int, at::native::gpu_kernel_impl_nocast<at::native::direct_copy_kernel_cuda(at::TensorIteratorBase&)::{lambda()#3}::operator()() const::{lambda()#7}::operator()() const::{lambda(float)#1}>(at::TensorIteratorBase&, at::native::direct_copy_kernel_cuda(at::TensorIteratorBase&)::{lambda()#3}::operator()() const::{lambda()#7}::operator()() const::{lambda(float)#1} const&)::{lambda(int)#1})",6,operator_shape_matched,"[[1,96992,20],[1,96992,20],[]]","[""float"",""float"",""Scalar""]",null,2,15.615
null,aten::copy_,"void at::native::elementwise_kernel<128, 2, at::native::gpu_kernel_impl_nocast<at::native::direct_copy_kernel_cuda(at::TensorIteratorBase&)::{lambda()#3}::operator()() const::{lambda()#7}::operator()() const::{lambda(float)#1}>(at::TensorIteratorBase&, at::native::direct_copy_kernel_cuda(at::TensorIteratorBase&)::{lambda()#3}::operator()() const::{lambda()#7}::operator()() const::{lambda(float)#1} const&)::{lambda(int)#1}>(int, at::native::gpu_kernel_impl_nocast<at::native::direct_copy_kernel_cuda(at::TensorIteratorBase&)::{lambda()#3}::operator()() const::{lambda()#7}::operator()() const::{lambda(float)#1}>(at::TensorIteratorBase&, at::native::direct_copy_kernel_cuda(at::TensorIteratorBase&)::{lambda()#3}::operator()() const::{lambda()#7}::operator()() const::{lambda(float)#1} const&)::{lambda(int)#1})",7,operator_shape_matched,"[[1,56605,20],[1,56605,20],[]]","[""float"",""float"",""Scalar""]",null,2,13.536
null,aten::copy_,"void at::native::elementwise_kernel<128, 2, at::native::gpu_kernel_impl_nocast<at::native::direct_copy_kernel_cuda(at::TensorIteratorBase&)::{lambda()#3}::operator()() const::{lambda()#7}::operator()() const::{lambda(float)#1}>(at::TensorIteratorBase&, at::native::direct_copy_kernel_cuda(at::TensorIteratorBase&)::{lambda()#3}::operator()() const::{lambda()#7}::operator()() const::{lambda(float)#1} const&)::{lambda(int)#1}>(int, at::native::gpu_kernel_impl_nocast<at::native::direct_copy_kernel_cuda(at::TensorIteratorBase&)::{lambda()#3}::operator()() const::{lambda()#7}::operator()() const::{lambda(float)#1}>(at::TensorIteratorBase&, at::native::direct_copy_kernel_cuda(at::TensorIteratorBase&)::{lambda()#3}::operator()() const::{lambda()#7}::operator()() const::{lambda(float)#1} const&)::{lambda(int)#1})",8,operator_shape_matched,"[[1,58939,20],[1,58939,20],[]]","[""float"",""float"",""Scalar""]",null,2,9.985
null,aten::copy_,"void at::native::elementwise_kernel<128, 4, at::native::gpu_kernel_impl_nocast<at::native::direct_copy_kernel_cuda(at::TensorIteratorBase&)::{lambda()#3}::operator()() const::{lambda()#12}::operator()() const::{lambda(c10::BFloat16)#1}>(at::TensorIteratorBase&, at::native::direct_copy_kernel_cuda(at::TensorIteratorBase&)::{lambda()#3}::operator()() const::{lambda()#12}::operator()() const::{lambda(c10::BFloat16)#1} const&)::{lambda(int)#1}>(int, at::native::gpu_kernel_impl_nocast<at::native::direct_copy_kernel_cuda(at::TensorIteratorBase&)::{lambda()#3}::operator()() const::{lambda()#12}::operator()() const::{lambda(c10::BFloat16)#1}>(at::TensorIteratorBase&, at::native::direct_copy_kernel_cuda(at::TensorIteratorBase&)::{lambda()#3}::operator()() const::{lambda()#12}::operator()() const::{lambda(c10::BFloat16)#1} const&)::{lambda(int)#1})",1,operator_shape_matched,"[[109,17,23,2,2,48],[109,17,23,2,2,48],[]]","[""c10::BFloat16"",""c10::BFloat16"",""Scalar""]",null,2,87.744
null,aten::copy_,"void at::native::elementwise_kernel<128, 4, at::native::gpu_kernel_impl_nocast<at::native::direct_copy_kernel_cuda(at::TensorIteratorBase&)::{lambda()#3}::operator()() const::{lambda()#12}::operator()() const::{lambda(c10::BFloat16)#1}>(at::TensorIteratorBase&, at::native::direct_copy_kernel_cuda(at::TensorIteratorBase&)::{lambda()#3}::operator()() const::{lambda()#12}::operator()() const::{lambda(c10::BFloat16)#1} const&)::{lambda(int)#1}>(int, at::native::gpu_kernel_impl_nocast<at::native::direct_copy_kernel_cuda(at::TensorIteratorBase&)::{lambda()#3}::operator()() const::{lambda()#12}::operator()() const::{lambda(c10::BFloat16)#1}>(at::TensorIteratorBase&, at::native::direct_copy_kernel_cuda(at::TensorIteratorBase&)::{lambda()#3}::operator()() const::{lambda()#12}::operator()() const::{lambda(c10::BFloat16)#1} const&)::{lambda(int)#1})",2,operator_shape_matched,"[[48,149,17,2,23,2],[48,149,17,2,23,2],[]]","[""c10::BFloat16"",""c10::BFloat16"",""Scalar""]",null,1,84.449
null,aten::copy_,"void at::native::elementwise_kernel<128, 4, at::native::gpu_kernel_impl_nocast<at::native::direct_copy_kernel_cuda(at::TensorIteratorBase&)::{lambda()#3}::operator()() const::{lambda()#12}::operator()() const::{lambda(c10::BFloat16)#1}>(at::TensorIteratorBase&, at::native::direct_copy_kernel_cuda(at::TensorIteratorBase&)::{lambda()#3}::operator()() const::{lambda()#12}::operator()() const::{lambda(c10::BFloat16)#1} const&)::{lambda(int)#1}>(int, at::native::gpu_kernel_impl_nocast<at::native::direct_copy_kernel_cuda(at::TensorIteratorBase&)::{lambda()#3}::operator()() const::{lambda()#12}::operator()() const::{lambda(c10::BFloat16)#1}>(at::TensorIteratorBase&, at::native::direct_copy_kernel_cuda(at::TensorIteratorBase&)::{lambda()#3}::operator()() const::{lambda()#12}::operator()() const::{lambda(c10::BFloat16)#1} const&)::{lambda(int)#1})",3,operator_shape_matched,"[[48,143,17,2,23,2],[48,143,17,2,23,2],[]]","[""c10::BFloat16"",""c10::BFloat16"",""Scalar""]",null,1,78.176
null,aten::copy_,"void at::native::elementwise_kernel<128, 4, at::native::gpu_kernel_impl_nocast<at::native::direct_copy_kernel_cuda(at::TensorIteratorBase&)::{lambda()#3}::operator()() const::{lambda()#12}::operator()() const::{lambda(c10::BFloat16)#1}>(at::TensorIteratorBase&, at::native::direct_copy_kernel_cuda(at::TensorIteratorBase&)::{lambda()#3}::operator()() const::{lambda()#12}::operator()() const::{lambda(c10::BFloat16)#1} const&)::{lambda(int)#1}>(int, at::native::gpu_kernel_impl_nocast<at::native::direct_copy_kernel_cuda(at::TensorIteratorBase&)::{lambda()#3}::operator()() const::{lambda()#12}::operator()() const::{lambda(c10::BFloat16)#1}>(at::TensorIteratorBase&, at::native::direct_copy_kernel_cuda(at::TensorIteratorBase&)::{lambda()#3}::operator()() const::{lambda()#12}::operator()() const::{lambda(c10::BFloat16)#1} const&)::{lambda(int)#1})",4,operator_shape_matched,"[[149,17,23,2,2,48],[149,17,23,2,2,48],[]]","[""c10::BFloat16"",""c10::BFloat16"",""Scalar""]",null,1,68.224
null,aten::copy_,"void at::native::elementwise_kernel<128, 4, at::native::gpu_kernel_impl_nocast<at::native::direct_copy_kernel_cuda(at::TensorIteratorBase&)::{lambda()#3}::operator()() const::{lambda()#12}::operator()() const::{lambda(c10::BFloat16)#1}>(at::TensorIteratorBase&, at::native::direct_copy_kernel_cuda(at::TensorIteratorBase&)::{lambda()#3}::operator()() const::{lambda()#12}::operator()() const::{lambda(c10::BFloat16)#1} const&)::{lambda(int)#1}>(int, at::native::gpu_kernel_impl_nocast<at::native::direct_copy_kernel_cuda(at::TensorIteratorBase&)::{lambda()#3}::operator()() const::{lambda()#12}::operator()() const::{lambda(c10::BFloat16)#1}>(at::TensorIteratorBase&, at::native::direct_copy_kernel_cuda(at::TensorIteratorBase&)::{lambda()#3}::operator()() const::{lambda()#12}::operator()() const::{lambda(c10::BFloat16)#1} const&)::{lambda(int)#1})",5,operator_shape_matched,"[[73,17,23,2,2,48],[73,17,23,2,2,48],[]]","[""c10::BFloat16"",""c10::BFloat16"",""Scalar""]",null,2,67.904
null,aten::copy_,"void at::native::elementwise_kernel<128, 4, at::native::gpu_kernel_impl_nocast<at::native::direct_copy_kernel_cuda(at::TensorIteratorBase&)::{lambda()#3}::operator()() const::{lambda()#12}::operator()() const::{lambda(c10::BFloat16)#1}>(at::TensorIteratorBase&, at::native::direct_copy_kernel_cuda(at::TensorIteratorBase&)::{lambda()#3}::operator()() const::{lambda()#12}::operator()() const::{lambda(c10::BFloat16)#1} const&)::{lambda(int)#1}>(int, at::native::gpu_kernel_impl_nocast<at::native::direct_copy_kernel_cuda(at::TensorIteratorBase&)::{lambda()#3}::operator()() const::{lambda()#12}::operator()() const::{lambda(c10::BFloat16)#1}>(at::TensorIteratorBase&, at::native::direct_copy_kernel_cuda(at::TensorIteratorBase&)::{lambda()#3}::operator()() const::{lambda()#12}::operator()() const::{lambda(c10::BFloat16)#1} const&)::{lambda(int)#1})",6,operator_shape_matched,"[[48,109,17,2,23,2],[48,109,17,2,23,2],[]]","[""c10::BFloat16"",""c10::BFloat16"",""Scalar""]",null,1,64.577
null,aten::copy_,"void at::native::elementwise_kernel<128, 4, at::native::gpu_kernel_impl_nocast<at::native::direct_copy_kernel_cuda(at::TensorIteratorBase&)::{lambda()#3}::operator()() const::{lambda()#12}::operator()() const::{lambda(c10::BFloat16)#1}>(at::TensorIteratorBase&, at::native::direct_copy_kernel_cuda(at::TensorIteratorBase&)::{lambda()#3}::operator()() const::{lambda()#12}::operator()() const::{lambda(c10::BFloat16)#1} const&)::{lambda(int)#1}>(int, at::native::gpu_kernel_impl_nocast<at::native::direct_copy_kernel_cuda(at::TensorIteratorBase&)::{lambda()#3}::operator()() const::{lambda()#12}::operator()() const::{lambda(c10::BFloat16)#1}>(at::TensorIteratorBase&, at::native::direct_copy_kernel_cuda(at::TensorIteratorBase&)::{lambda()#3}::operator()() const::{lambda()#12}::operator()() const::{lambda(c10::BFloat16)#1} const&)::{lambda(int)#1})",7,operator_shape_matched,"[[143,17,23,2,2,48],[143,17,23,2,2,48],[]]","[""c10::BFloat16"",""c10::BFloat16"",""Scalar""]",null,1,62.689
null,aten::copy_,"void at::native::elementwise_kernel<128, 4, at::native::gpu_kernel_impl_nocast<at::native::direct_copy_kernel_cuda(at::TensorIteratorBase&)::{lambda()#3}::operator()() const::{lambda()#12}::operator()() const::{lambda(c10::BFloat16)#1}>(at::TensorIteratorBase&, at::native::direct_copy_kernel_cuda(at::TensorIteratorBase&)::{lambda()#3}::operator()() const::{lambda()#12}::operator()() const::{lambda(c10::BFloat16)#1} const&)::{lambda(int)#1}>(int, at::native::gpu_kernel_impl_nocast<at::native::direct_copy_kernel_cuda(at::TensorIteratorBase&)::{lambda()#3}::operator()() const::{lambda()#12}::operator()() const::{lambda(c10::BFloat16)#1}>(at::TensorIteratorBase&, at::native::direct_copy_kernel_cuda(at::TensorIteratorBase&)::{lambda()#3}::operator()() const::{lambda()#12}::operator()() const::{lambda(c10::BFloat16)#1} const&)::{lambda(int)#1})",8,operator_shape_matched,"[[25,17,23,2,2,48],[25,17,23,2,2,48],[]]","[""c10::BFloat16"",""c10::BFloat16"",""Scalar""]",null,5,58.016
null,aten::copy_,"void at::native::elementwise_kernel<128, 4, at::native::gpu_kernel_impl_nocast<at::native::direct_copy_kernel_cuda(at::TensorIteratorBase&)::{lambda()#3}::operator()() const::{lambda()#12}::operator()() const::{lambda(c10::BFloat16)#1}>(at::TensorIteratorBase&, at::native::direct_copy_kernel_cuda(at::TensorIteratorBase&)::{lambda()#3}::operator()() const::{lambda()#12}::operator()() const::{lambda(c10::BFloat16)#1} const&)::{lambda(int)#1}>(int, at::native::gpu_kernel_impl_nocast<at::native::direct_copy_kernel_cuda(at::TensorIteratorBase&)::{lambda()#3}::operator()() const::{lambda()#12}::operator()() const::{lambda(c10::BFloat16)#1}>(at::TensorIteratorBase&, at::native::direct_copy_kernel_cuda(at::TensorIteratorBase&)::{lambda()#3}::operator()() const::{lambda()#12}::operator()() const::{lambda(c10::BFloat16)#1} const&)::{lambda(int)#1})",9,operator_shape_matched,"[[144,17,23,2,2,48],[144,17,23,2,2,48],[]]","[""c10::BFloat16"",""c10::BFloat16"",""Scalar""]",null,1,56.897
null,aten::copy_,"void at::native::elementwise_kernel<128, 4, at::native::gpu_kernel_impl_nocast<at::native::direct_copy_kernel_cuda(at::TensorIteratorBase&)::{lambda()#3}::operator()() const::{lambda()#12}::operator()() const::{lambda(c10::BFloat16)#1}>(at::TensorIteratorBase&, at::native::direct_copy_kernel_cuda(at::TensorIteratorBase&)::{lambda()#3}::operator()() const::{lambda()#12}::operator()() const::{lambda(c10::BFloat16)#1} const&)::{lambda(int)#1}>(int, at::native::gpu_kernel_impl_nocast<at::native::direct_copy_kernel_cuda(at::TensorIteratorBase&)::{lambda()#3}::operator()() const::{lambda()#12}::operator()() const::{lambda(c10::BFloat16)#1}>(at::TensorIteratorBase&, at::native::direct_copy_kernel_cuda(at::TensorIteratorBase&)::{lambda()#3}::operator()() const::{lambda()#12}::operator()() const::{lambda(c10::BFloat16)#1} const&)::{lambda(int)#1})",10,operator_shape_matched,"[[150,17,23,2,2,48],[150,17,23,2,2,48],[]]","[""c10::BFloat16"",""c10::BFloat16"",""Scalar""]",null,1,43.36
null,aten::copy_,"void at::native::elementwise_kernel<128, 4, at::native::gpu_kernel_impl_nocast<at::native::direct_copy_kernel_cuda(at::TensorIteratorBase&)::{lambda()#3}::operator()() const::{lambda()#12}::operator()() const::{lambda(c10::BFloat16)#1}>(at::TensorIteratorBase&, at::native::direct_copy_kernel_cuda(at::TensorIteratorBase&)::{lambda()#3}::operator()() const::{lambda()#12}::operator()() const::{lambda(c10::BFloat16)#1} const&)::{lambda(int)#1}>(int, at::native::gpu_kernel_impl_nocast<at::native::direct_copy_kernel_cuda(at::TensorIteratorBase&)::{lambda()#3}::operator()() const::{lambda()#12}::operator()() const::{lambda(c10::BFloat16)#1}>(at::TensorIteratorBase&, at::native::direct_copy_kernel_cuda(at::TensorIteratorBase&)::{lambda()#3}::operator()() const::{lambda()#12}::operator()() const::{lambda(c10::BFloat16)#1} const&)::{lambda(int)#1})",11,operator_shape_matched,"[[48,73,17,2,23,2],[48,73,17,2,23,2],[]]","[""c10::BFloat16"",""c10::BFloat16"",""Scalar""]",null,1,42.56
null,aten::copy_,"void at::native::elementwise_kernel<128, 4, at::native::gpu_kernel_impl_nocast<at::native::direct_copy_kernel_cuda(at::TensorIteratorBase&)::{lambda()#3}::operator()() const::{lambda()#12}::operator()() const::{lambda(c10::BFloat16)#1}>(at::TensorIteratorBase&, at::native::direct_copy_kernel_cuda(at::TensorIteratorBase&)::{lambda()#3}::operator()() const::{lambda()#12}::operator()() const::{lambda(c10::BFloat16)#1} const&)::{lambda(int)#1}>(int, at::native::gpu_kernel_impl_nocast<at::native::direct_copy_kernel_cuda(at::TensorIteratorBase&)::{lambda()#3}::operator()() const::{lambda()#12}::operator()() const::{lambda(c10::BFloat16)#1}>(at::TensorIteratorBase&, at::native::direct_copy_kernel_cuda(at::TensorIteratorBase&)::{lambda()#3}::operator()() const::{lambda()#12}::operator()() const::{lambda(c10::BFloat16)#1} const&)::{lambda(int)#1})",12,operator_shape_matched,"[[61,17,23,2,2,48],[61,17,23,2,2,48],[]]","[""c10::BFloat16"",""c10::BFloat16"",""Scalar""]",null,2,41.312
null,aten::copy_,"void at::native::elementwise_kernel<128, 4, at::native::gpu_kernel_impl_nocast<at::native::direct_copy_kernel_cuda(at::TensorIteratorBase&)::{lambda()#3}::operator()() const::{lambda()#12}::operator()() const::{lambda(c10::BFloat16)#1}>(at::TensorIteratorBase&, at::native::direct_copy_kernel_cuda(at::TensorIteratorBase&)::{lambda()#3}::operator()() const::{lambda()#12}::operator()() const::{lambda(c10::BFloat16)#1} const&)::{lambda(int)#1}>(int, at::native::gpu_kernel_impl_nocast<at::native::direct_copy_kernel_cuda(at::TensorIteratorBase&)::{lambda()#3}::operator()() const::{lambda()#12}::operator()() const::{lambda(c10::BFloat16)#1}>(at::TensorIteratorBase&, at::native::direct_copy_kernel_cuda(at::TensorIteratorBase&)::{lambda()#3}::operator()() const::{lambda()#12}::operator()() const::{lambda(c10::BFloat16)#1} const&)::{lambda(int)#1})",13,operator_shape_matched,"[[48,78,15,2,20,2],[48,78,15,2,20,2],[]]","[""c10::BFloat16"",""c10::BFloat16"",""Scalar""]",null,1,37.184
null,aten::copy_,"void at::native::elementwise_kernel<128, 4, at::native::gpu_kernel_impl_nocast<at::native::direct_copy_kernel_cuda(at::TensorIteratorBase&)::{lambda()#3}::operator()() const::{lambda()#12}::operator()() const::{lambda(c10::BFloat16)#1}>(at::TensorIteratorBase&, at::native::direct_copy_kernel_cuda(at::TensorIteratorBase&)::{lambda()#3}::operator()() const::{lambda()#12}::operator()() const::{lambda(c10::BFloat16)#1} const&)::{lambda(int)#1}>(int, at::native::gpu_kernel_impl_nocast<at::native::direct_copy_kernel_cuda(at::TensorIteratorBase&)::{lambda()#3}::operator()() const::{lambda()#12}::operator()() const::{lambda(c10::BFloat16)#1}>(at::TensorIteratorBase&, at::native::direct_copy_kernel_cuda(at::TensorIteratorBase&)::{lambda()#3}::operator()() const::{lambda()#12}::operator()() const::{lambda(c10::BFloat16)#1} const&)::{lambda(int)#1})",14,operator_shape_matched,"[[52,17,23,2,2,48],[52,17,23,2,2,48],[]]","[""c10::BFloat16"",""c10::BFloat16"",""Scalar""]",null,2,35.617
null,aten::copy_,"void at::native::elementwise_kernel<128, 4, at::native::gpu_kernel_impl_nocast<at::native::direct_copy_kernel_cuda(at::TensorIteratorBase&)::{lambda()#3}::operator()() const::{lambda()#12}::operator()() const::{lambda(c10::BFloat16)#1}>(at::TensorIteratorBase&, at::native::direct_copy_kernel_cuda(at::TensorIteratorBase&)::{lambda()#3}::operator()() const::{lambda()#12}::operator()() const::{lambda(c10::BFloat16)#1} const&)::{lambda(int)#1}>(int, at::native::gpu_kernel_impl_nocast<at::native::direct_copy_kernel_cuda(at::TensorIteratorBase&)::{lambda()#3}::operator()() const::{lambda()#12}::operator()() const::{lambda(c10::BFloat16)#1}>(at::TensorIteratorBase&, at::native::direct_copy_kernel_cuda(at::TensorIteratorBase&)::{lambda()#3}::operator()() const::{lambda()#12}::operator()() const::{lambda(c10::BFloat16)#1} const&)::{lambda(int)#1})",15,operator_shape_matched,"[[44,15,20,2,2,48],[44,15,20,2,2,48],[]]","[""c10::BFloat16"",""c10::BFloat16"",""Scalar""]",null,2,35.233
null,aten::copy_,"void at::native::elementwise_kernel<128, 4, at::native::gpu_kernel_impl_nocast<at::native::direct_copy_kernel_cuda(at::TensorIteratorBase&)::{lambda()#3}::operator()() const::{lambda()#12}::operator()() const::{lambda(c10::BFloat16)#1}>(at::TensorIteratorBase&, at::native::direct_copy_kernel_cuda(at::TensorIteratorBase&)::{lambda()#3}::operator()() const::{lambda()#12}::operator()() const::{lambda(c10::BFloat16)#1} const&)::{lambda(int)#1}>(int, at::native::gpu_kernel_impl_nocast<at::native::direct_copy_kernel_cuda(at::TensorIteratorBase&)::{lambda()#3}::operator()() const::{lambda()#12}::operator()() const::{lambda(c10::BFloat16)#1}>(at::TensorIteratorBase&, at::native::direct_copy_kernel_cuda(at::TensorIteratorBase&)::{lambda()#3}::operator()() const::{lambda()#12}::operator()() const::{lambda(c10::BFloat16)#1} const&)::{lambda(int)#1})",16,operator_shape_matched,"[[48,61,17,2,23,2],[48,61,17,2,23,2],[]]","[""c10::BFloat16"",""c10::BFloat16"",""Scalar""]",null,1,34.816
null,aten::copy_,"void at::native::elementwise_kernel<128, 4, at::native::gpu_kernel_impl_nocast<at::native::direct_copy_kernel_cuda(at::TensorIteratorBase&)::{lambda()#3}::operator()() const::{lambda()#12}::operator()() const::{lambda(c10::BFloat16)#1}>(at::TensorIteratorBase&, at::native::direct_copy_kernel_cuda(at::TensorIteratorBase&)::{lambda()#3}::operator()() const::{lambda()#12}::operator()() const::{lambda(c10::BFloat16)#1} const&)::{lambda(int)#1}>(int, at::native::gpu_kernel_impl_nocast<at::native::direct_copy_kernel_cuda(at::TensorIteratorBase&)::{lambda()#3}::operator()() const::{lambda()#12}::operator()() const::{lambda(c10::BFloat16)#1}>(at::TensorIteratorBase&, at::native::direct_copy_kernel_cuda(at::TensorIteratorBase&)::{lambda()#3}::operator()() const::{lambda()#12}::operator()() const::{lambda(c10::BFloat16)#1} const&)::{lambda(int)#1})",17,operator_shape_matched,"[[16,15,26,2,2,48],[16,15,26,2,2,48],[]]","[""c10::BFloat16"",""c10::BFloat16"",""Scalar""]",null,3,32.736
null,aten::copy_,"void at::native::elementwise_kernel<128, 4, at::native::gpu_kernel_impl_nocast<at::native::direct_copy_kernel_cuda(at::TensorIteratorBase&)::{lambda()#3}::operator()() const::{lambda()#12}::operator()() const::{lambda(c10::BFloat16)#1}>(at::TensorIteratorBase&, at::native::direct_copy_kernel_cuda(at::TensorIteratorBase&)::{lambda()#3}::operator()() const::{lambda()#12}::operator()() const::{lambda(c10::BFloat16)#1} const&)::{lambda(int)#1}>(int, at::native::gpu_kernel_impl_nocast<at::native::direct_copy_kernel_cuda(at::TensorIteratorBase&)::{lambda()#3}::operator()() const::{lambda()#12}::operator()() const::{lambda(c10::BFloat16)#1}>(at::TensorIteratorBase&, at::native::direct_copy_kernel_cuda(at::TensorIteratorBase&)::{lambda()#3}::operator()() const::{lambda()#12}::operator()() const::{lambda(c10::BFloat16)#1} const&)::{lambda(int)#1})",18,operator_shape_matched,"[[48,24,17,2,23,2],[48,24,17,2,23,2],[]]","[""c10::BFloat16"",""c10::BFloat16"",""Scalar""]",null,2,31.873
null,aten::copy_,"void at::native::elementwise_kernel<128, 4, at::native::gpu_kernel_impl_nocast<at::native::direct_copy_kernel_cuda(at::TensorIteratorBase&)::{lambda()#3}::operator()() const::{lambda()#12}::operator()() const::{lambda(c10::BFloat16)#1}>(at::TensorIteratorBase&, at::native::direct_copy_kernel_cuda(at::TensorIteratorBase&)::{lambda()#3}::operator()() const::{lambda()#12}::operator()() const::{lambda(c10::BFloat16)#1} const&)::{lambda(int)#1}>(int, at::native::gpu_kernel_impl_nocast<at::native::direct_copy_kernel_cuda(at::TensorIteratorBase&)::{lambda()#3}::operator()() const::{lambda()#12}::operator()() const::{lambda(c10::BFloat16)#1}>(at::TensorIteratorBase&, at::native::direct_copy_kernel_cuda(at::TensorIteratorBase&)::{lambda()#3}::operator()() const::{lambda()#12}::operator()() const::{lambda(c10::BFloat16)#1} const&)::{lambda(int)#1})",19,operator_shape_matched,"[[24,17,23,2,2,48],[24,17,23,2,2,48],[]]","[""c10::BFloat16"",""c10::BFloat16"",""Scalar""]",null,2,31.328
null,aten::copy_,"void at::native::elementwise_kernel<128, 4, at::native::gpu_kernel_impl_nocast<at::native::direct_copy_kernel_cuda(at::TensorIteratorBase&)::{lambda()#3}::operator()() const::{lambda()#12}::operator()() const::{lambda(c10::BFloat16)#1}>(at::TensorIteratorBase&, at::native::direct_copy_kernel_cuda(at::TensorIteratorBase&)::{lambda()#3}::operator()() const::{lambda()#12}::operator()() const::{lambda(c10::BFloat16)#1} const&)::{lambda(int)#1}>(int, at::native::gpu_kernel_impl_nocast<at::native::direct_copy_kernel_cuda(at::TensorIteratorBase&)::{lambda()#3}::operator()() const::{lambda()#12}::operator()() const::{lambda(c10::BFloat16)#1}>(at::TensorIteratorBase&, at::native::direct_copy_kernel_cuda(at::TensorIteratorBase&)::{lambda()#3}::operator()() const::{lambda()#12}::operator()() const::{lambda(c10::BFloat16)#1} const&)::{lambda(int)#1})",20,operator_shape_matched,"[[48,52,17,2,23,2],[48,52,17,2,23,2],[]]","[""c10::BFloat16"",""c10::BFloat16"",""Scalar""]",null,1,29.825
null,aten::copy_,"void at::native::elementwise_kernel<128, 4, at::native::gpu_kernel_impl_nocast<at::native::direct_copy_kernel_cuda(at::TensorIteratorBase&)::{lambda()#3}::operator()() const::{lambda()#12}::operator()() const::{lambda(c10::BFloat16)#1}>(at::TensorIteratorBase&, at::native::direct_copy_kernel_cuda(at::TensorIteratorBase&)::{lambda()#3}::operator()() const::{lambda()#12}::operator()() const::{lambda(c10::BFloat16)#1} const&)::{lambda(int)#1}>(int, at::native::gpu_kernel_impl_nocast<at::native::direct_copy_kernel_cuda(at::TensorIteratorBase&)::{lambda()#3}::operator()() const::{lambda()#12}::operator()() const::{lambda(c10::BFloat16)#1}>(at::TensorIteratorBase&, at::native::direct_copy_kernel_cuda(at::TensorIteratorBase&)::{lambda()#3}::operator()() const::{lambda()#12}::operator()() const::{lambda(c10::BFloat16)#1} const&)::{lambda(int)#1})",21,operator_shape_matched,"[[48,61,15,2,20,2],[48,61,15,2,20,2],[]]","[""c10::BFloat16"",""c10::BFloat16"",""Scalar""]",null,1,28.193
null,aten::copy_,"void at::native::elementwise_kernel<128, 4, at::native::gpu_kernel_impl_nocast<at::native::direct_copy_kernel_cuda(at::TensorIteratorBase&)::{lambda()#3}::operator()() const::{lambda()#12}::operator()() const::{lambda(c10::BFloat16)#1}>(at::TensorIteratorBase&, at::native::direct_copy_kernel_cuda(at::TensorIteratorBase&)::{lambda()#3}::operator()() const::{lambda()#12}::operator()() const::{lambda(c10::BFloat16)#1} const&)::{lambda(int)#1}>(int, at::native::gpu_kernel_impl_nocast<at::native::direct_copy_kernel_cuda(at::TensorIteratorBase&)::{lambda()#3}::operator()() const::{lambda()#12}::operator()() const::{lambda(c10::BFloat16)#1}>(at::TensorIteratorBase&, at::native::direct_copy_kernel_cuda(at::TensorIteratorBase&)::{lambda()#3}::operator()() const::{lambda()#12}::operator()() const::{lambda(c10::BFloat16)#1} const&)::{lambda(int)#1})",22,operator_shape_matched,"[[13,15,26,2,2,48],[13,15,26,2,2,48],[]]","[""c10::BFloat16"",""c10::BFloat16"",""Scalar""]",null,4,26.272
null,aten::copy_,"void at::native::elementwise_kernel<128, 4, at::native::gpu_kernel_impl_nocast<at::native::direct_copy_kernel_cuda(at::TensorIteratorBase&)::{lambda()#3}::operator()() const::{lambda()#12}::operator()() const::{lambda(c10::BFloat16)#1}>(at::TensorIteratorBase&, at::native::direct_copy_kernel_cuda(at::TensorIteratorBase&)::{lambda()#3}::operator()() const::{lambda()#12}::operator()() const::{lambda(c10::BFloat16)#1} const&)::{lambda(int)#1}>(int, at::native::gpu_kernel_impl_nocast<at::native::direct_copy_kernel_cuda(at::TensorIteratorBase&)::{lambda()#3}::operator()() const::{lambda()#12}::operator()() const::{lambda(c10::BFloat16)#1}>(at::TensorIteratorBase&, at::native::direct_copy_kernel_cuda(at::TensorIteratorBase&)::{lambda()#3}::operator()() const::{lambda()#12}::operator()() const::{lambda(c10::BFloat16)#1} const&)::{lambda(int)#1})",23,operator_shape_matched,"[[48,16,15,2,26,2],[48,16,15,2,26,2],[]]","[""c10::BFloat16"",""c10::BFloat16"",""Scalar""]",null,2,25.152
null,aten::copy_,"void at::native::elementwise_kernel<128, 4, at::native::gpu_kernel_impl_nocast<at::native::direct_copy_kernel_cuda(at::TensorIteratorBase&)::{lambda()#3}::operator()() const::{lambda()#12}::operator()() const::{lambda(c10::BFloat16)#1}>(at::TensorIteratorBase&, at::native::direct_copy_kernel_cuda(at::TensorIteratorBase&)::{lambda()#3}::operator()() const::{lambda()#12}::operator()() const::{lambda(c10::BFloat16)#1} const&)::{lambda(int)#1}>(int, at::native::gpu_kernel_impl_nocast<at::native::direct_copy_kernel_cuda(at::TensorIteratorBase&)::{lambda()#3}::operator()() const::{lambda()#12}::operator()() const::{lambda(c10::BFloat16)#1}>(at::TensorIteratorBase&, at::native::direct_copy_kernel_cuda(at::TensorIteratorBase&)::{lambda()#3}::operator()() const::{lambda()#12}::operator()() const::{lambda(c10::BFloat16)#1} const&)::{lambda(int)#1})",24,operator_shape_matched,"[[48,51,15,2,20,2],[48,51,15,2,20,2],[]]","[""c10::BFloat16"",""c10::BFloat16"",""Scalar""]",null,1,24.512
null,aten::copy_,"void at::native::elementwise_kernel<128, 4, at::native::gpu_kernel_impl_nocast<at::native::direct_copy_kernel_cuda(at::TensorIteratorBase&)::{lambda()#3}::operator()() const::{lambda()#12}::operator()() const::{lambda(c10::BFloat16)#1}>(at::TensorIteratorBase&, at::native::direct_copy_kernel_cuda(at::TensorIteratorBase&)::{lambda()#3}::operator()() const::{lambda()#12}::operator()() const::{lambda(c10::BFloat16)#1} const&)::{lambda(int)#1}>(int, at::native::gpu_kernel_impl_nocast<at::native::direct_copy_kernel_cuda(at::TensorIteratorBase&)::{lambda()#3}::operator()() const::{lambda()#12}::operator()() const::{lambda(c10::BFloat16)#1}>(at::TensorIteratorBase&, at::native::direct_copy_kernel_cuda(at::TensorIteratorBase&)::{lambda()#3}::operator()() const::{lambda()#12}::operator()() const::{lambda(c10::BFloat16)#1} const&)::{lambda(int)#1})",25,operator_shape_matched,"[[48,49,15,2,20,2],[48,49,15,2,20,2],[]]","[""c10::BFloat16"",""c10::BFloat16"",""Scalar""]",null,1,24.064
null,aten::copy_,"void at::native::elementwise_kernel<128, 4, at::native::gpu_kernel_impl_nocast<at::native::direct_copy_kernel_cuda(at::TensorIteratorBase&)::{lambda()#3}::operator()() const::{lambda()#12}::operator()() const::{lambda(c10::BFloat16)#1}>(at::TensorIteratorBase&, at::native::direct_copy_kernel_cuda(at::TensorIteratorBase&)::{lambda()#3}::operator()() const::{lambda()#12}::operator()() const::{lambda(c10::BFloat16)#1} const&)::{lambda(int)#1}>(int, at::native::gpu_kernel_impl_nocast<at::native::direct_copy_kernel_cuda(at::TensorIteratorBase&)::{lambda()#3}::operator()() const::{lambda()#12}::operator()() const::{lambda(c10::BFloat16)#1}>(at::TensorIteratorBase&, at::native::direct_copy_kernel_cuda(at::TensorIteratorBase&)::{lambda()#3}::operator()() const::{lambda()#12}::operator()() const::{lambda(c10::BFloat16)#1} const&)::{lambda(int)#1})",26,operator_shape_matched,"[[29,15,26,2,2,48],[29,15,26,2,2,48],[]]","[""c10::BFloat16"",""c10::BFloat16"",""Scalar""]",null,2,23.585
null,aten::copy_,"void at::native::elementwise_kernel<128, 4, at::native::gpu_kernel_impl_nocast<at::native::direct_copy_kernel_cuda(at::TensorIteratorBase&)::{lambda()#3}::operator()() const::{lambda()#12}::operator()() const::{lambda(c10::BFloat16)#1}>(at::TensorIteratorBase&, at::native::direct_copy_kernel_cuda(at::TensorIteratorBase&)::{lambda()#3}::operator()() const::{lambda()#12}::operator()() const::{lambda(c10::BFloat16)#1} const&)::{lambda(int)#1}>(int, at::native::gpu_kernel_impl_nocast<at::native::direct_copy_kernel_cuda(at::TensorIteratorBase&)::{lambda()#3}::operator()() const::{lambda()#12}::operator()() const::{lambda(c10::BFloat16)#1}>(at::TensorIteratorBase&, at::native::direct_copy_kernel_cuda(at::TensorIteratorBase&)::{lambda()#3}::operator()() const::{lambda()#12}::operator()() const::{lambda(c10::BFloat16)#1} const&)::{lambda(int)#1})",27,operator_shape_matched,"[[78,15,20,2,2,48],[78,15,20,2,2,48],[]]","[""c10::BFloat16"",""c10::BFloat16"",""Scalar""]",null,1,23.296
null,aten::copy_,"void at::native::elementwise_kernel<128, 4, at::native::gpu_kernel_impl_nocast<at::native::direct_copy_kernel_cuda(at::TensorIteratorBase&)::{lambda()#3}::operator()() const::{lambda()#12}::operator()() const::{lambda(c10::BFloat16)#1}>(at::TensorIteratorBase&, at::native::direct_copy_kernel_cuda(at::TensorIteratorBase&)::{lambda()#3}::operator()() const::{lambda()#12}::operator()() const::{lambda(c10::BFloat16)#1} const&)::{lambda(int)#1}>(int, at::native::gpu_kernel_impl_nocast<at::native::direct_copy_kernel_cuda(at::TensorIteratorBase&)::{lambda()#3}::operator()() const::{lambda()#12}::operator()() const::{lambda(c10::BFloat16)#1}>(at::TensorIteratorBase&, at::native::direct_copy_kernel_cuda(at::TensorIteratorBase&)::{lambda()#3}::operator()() const::{lambda()#12}::operator()() const::{lambda(c10::BFloat16)#1} const&)::{lambda(int)#1})",28,operator_shape_matched,"[[31,17,23,2,2,48],[31,17,23,2,2,48],[]]","[""c10::BFloat16"",""c10::BFloat16"",""Scalar""]",null,2,23.232
null,aten::copy_,"void at::native::elementwise_kernel<128, 4, at::native::gpu_kernel_impl_nocast<at::native::direct_copy_kernel_cuda(at::TensorIteratorBase&)::{lambda()#3}::operator()() const::{lambda()#12}::operator()() const::{lambda(c10::BFloat16)#1}>(at::TensorIteratorBase&, at::native::direct_copy_kernel_cuda(at::TensorIteratorBase&)::{lambda()#3}::operator()() const::{lambda()#12}::operator()() const::{lambda(c10::BFloat16)#1} const&)::{lambda(int)#1}>(int, at::native::gpu_kernel_impl_nocast<at::native::direct_copy_kernel_cuda(at::TensorIteratorBase&)::{lambda()#3}::operator()() const::{lambda()#12}::operator()() const::{lambda(c10::BFloat16)#1}>(at::TensorIteratorBase&, at::native::direct_copy_kernel_cuda(at::TensorIteratorBase&)::{lambda()#3}::operator()() const::{lambda()#12}::operator()() const::{lambda(c10::BFloat16)#1} const&)::{lambda(int)#1})",29,operator_shape_matched,"[[48,33,15,2,26,2],[48,33,15,2,26,2],[]]","[""c10::BFloat16"",""c10::BFloat16"",""Scalar""]",null,1,23.104
null,aten::copy_,"void at::native::elementwise_kernel<128, 4, at::native::gpu_kernel_impl_nocast<at::native::direct_copy_kernel_cuda(at::TensorIteratorBase&)::{lambda()#3}::operator()() const::{lambda()#12}::operator()() const::{lambda(c10::BFloat16)#1}>(at::TensorIteratorBase&, at::native::direct_copy_kernel_cuda(at::TensorIteratorBase&)::{lambda()#3}::operator()() const::{lambda()#12}::operator()() const::{lambda(c10::BFloat16)#1} const&)::{lambda(int)#1}>(int, at::native::gpu_kernel_impl_nocast<at::native::direct_copy_kernel_cuda(at::TensorIteratorBase&)::{lambda()#3}::operator()() const::{lambda()#12}::operator()() const::{lambda(c10::BFloat16)#1}>(at::TensorIteratorBase&, at::native::direct_copy_kernel_cuda(at::TensorIteratorBase&)::{lambda()#3}::operator()() const::{lambda()#12}::operator()() const::{lambda(c10::BFloat16)#1} const&)::{lambda(int)#1})",30,operator_shape_matched,"[[48,44,15,2,20,2],[48,44,15,2,20,2],[]]","[""c10::BFloat16"",""c10::BFloat16"",""Scalar""]",null,1,22.719
null,aten::copy_,"void at::native::elementwise_kernel<128, 4, at::native::gpu_kernel_impl_nocast<at::native::direct_copy_kernel_cuda(at::TensorIteratorBase&)::{lambda()#3}::operator()() const::{lambda()#12}::operator()() const::{lambda(c10::BFloat16)#1}>(at::TensorIteratorBase&, at::native::direct_copy_kernel_cuda(at::TensorIteratorBase&)::{lambda()#3}::operator()() const::{lambda()#12}::operator()() const::{lambda(c10::BFloat16)#1} const&)::{lambda(int)#1}>(int, at::native::gpu_kernel_impl_nocast<at::native::direct_copy_kernel_cuda(at::TensorIteratorBase&)::{lambda()#3}::operator()() const::{lambda()#12}::operator()() const::{lambda(c10::BFloat16)#1}>(at::TensorIteratorBase&, at::native::direct_copy_kernel_cuda(at::TensorIteratorBase&)::{lambda()#3}::operator()() const::{lambda()#12}::operator()() const::{lambda(c10::BFloat16)#1} const&)::{lambda(int)#1})",31,operator_shape_matched,"[[11,15,26,2,2,48],[11,15,26,2,2,48],[]]","[""c10::BFloat16"",""c10::BFloat16"",""Scalar""]",null,4,22.689
null,aten::copy_,"void at::native::elementwise_kernel<128, 4, at::native::gpu_kernel_impl_nocast<at::native::direct_copy_kernel_cuda(at::TensorIteratorBase&)::{lambda()#3}::operator()() const::{lambda()#12}::operator()() const::{lambda(c10::BFloat16)#1}>(at::TensorIteratorBase&, at::native::direct_copy_kernel_cuda(at::TensorIteratorBase&)::{lambda()#3}::operator()() const::{lambda()#12}::operator()() const::{lambda(c10::BFloat16)#1} const&)::{lambda(int)#1}>(int, at::native::gpu_kernel_impl_nocast<at::native::direct_copy_kernel_cuda(at::TensorIteratorBase&)::{lambda()#3}::operator()() const::{lambda()#12}::operator()() const::{lambda(c10::BFloat16)#1}>(at::TensorIteratorBase&, at::native::direct_copy_kernel_cuda(at::TensorIteratorBase&)::{lambda()#3}::operator()() const::{lambda()#12}::operator()() const::{lambda(c10::BFloat16)#1} const&)::{lambda(int)#1})",32,operator_shape_matched,"[[37,15,20,2,2,48],[37,15,20,2,2,48],[]]","[""c10::BFloat16"",""c10::BFloat16"",""Scalar""]",null,1,21.665
null,aten::copy_,"void at::native::elementwise_kernel<128, 4, at::native::gpu_kernel_impl_nocast<at::native::direct_copy_kernel_cuda(at::TensorIteratorBase&)::{lambda()#3}::operator()() const::{lambda()#12}::operator()() const::{lambda(c10::BFloat16)#1}>(at::TensorIteratorBase&, at::native::direct_copy_kernel_cuda(at::TensorIteratorBase&)::{lambda()#3}::operator()() const::{lambda()#12}::operator()() const::{lambda(c10::BFloat16)#1} const&)::{lambda(int)#1}>(int, at::native::gpu_kernel_impl_nocast<at::native::direct_copy_kernel_cuda(at::TensorIteratorBase&)::{lambda()#3}::operator()() const::{lambda()#12}::operator()() const::{lambda(c10::BFloat16)#1}>(at::TensorIteratorBase&, at::native::direct_copy_kernel_cuda(at::TensorIteratorBase&)::{lambda()#3}::operator()() const::{lambda()#12}::operator()() const::{lambda(c10::BFloat16)#1} const&)::{lambda(int)#1})",33,operator_shape_matched,"[[15,15,26,2,2,48],[15,15,26,2,2,48],[]]","[""c10::BFloat16"",""c10::BFloat16"",""Scalar""]",null,3,21.504
null,aten::copy_,"void at::native::elementwise_kernel<128, 4, at::native::gpu_kernel_impl_nocast<at::native::direct_copy_kernel_cuda(at::TensorIteratorBase&)::{lambda()#3}::operator()() const::{lambda()#12}::operator()() const::{lambda(c10::BFloat16)#1}>(at::TensorIteratorBase&, at::native::direct_copy_kernel_cuda(at::TensorIteratorBase&)::{lambda()#3}::operator()() const::{lambda()#12}::operator()() const::{lambda(c10::BFloat16)#1} const&)::{lambda(int)#1}>(int, at::native::gpu_kernel_impl_nocast<at::native::direct_copy_kernel_cuda(at::TensorIteratorBase&)::{lambda()#3}::operator()() const::{lambda()#12}::operator()() const::{lambda(c10::BFloat16)#1}>(at::TensorIteratorBase&, at::native::direct_copy_kernel_cuda(at::TensorIteratorBase&)::{lambda()#3}::operator()() const::{lambda()#12}::operator()() const::{lambda(c10::BFloat16)#1} const&)::{lambda(int)#1})",34,operator_shape_matched,"[[48,35,17,2,23,2],[48,35,17,2,23,2],[]]","[""c10::BFloat16"",""c10::BFloat16"",""Scalar""]",null,1,20.672
null,aten::copy_,"void at::native::elementwise_kernel<128, 4, at::native::gpu_kernel_impl_nocast<at::native::direct_copy_kernel_cuda(at::TensorIteratorBase&)::{lambda()#3}::operator()() const::{lambda()#12}::operator()() const::{lambda(c10::BFloat16)#1}>(at::TensorIteratorBase&, at::native::direct_copy_kernel_cuda(at::TensorIteratorBase&)::{lambda()#3}::operator()() const::{lambda()#12}::operator()() const::{lambda(c10::BFloat16)#1} const&)::{lambda(int)#1}>(int, at::native::gpu_kernel_impl_nocast<at::native::direct_copy_kernel_cuda(at::TensorIteratorBase&)::{lambda()#3}::operator()() const::{lambda()#12}::operator()() const::{lambda(c10::BFloat16)#1}>(at::TensorIteratorBase&, at::native::direct_copy_kernel_cuda(at::TensorIteratorBase&)::{lambda()#3}::operator()() const::{lambda()#12}::operator()() const::{lambda(c10::BFloat16)#1} const&)::{lambda(int)#1})",35,operator_shape_matched,"[[48,13,15,2,26,2],[48,13,15,2,26,2],[]]","[""c10::BFloat16"",""c10::BFloat16"",""Scalar""]",null,2,20.191
null,aten::copy_,"void at::native::elementwise_kernel<128, 4, at::native::gpu_kernel_impl_nocast<at::native::direct_copy_kernel_cuda(at::TensorIteratorBase&)::{lambda()#3}::operator()() const::{lambda()#12}::operator()() const::{lambda(c10::BFloat16)#1}>(at::TensorIteratorBase&, at::native::direct_copy_kernel_cuda(at::TensorIteratorBase&)::{lambda()#3}::operator()() const::{lambda()#12}::operator()() const::{lambda(c10::BFloat16)#1} const&)::{lambda(int)#1}>(int, at::native::gpu_kernel_impl_nocast<at::native::direct_copy_kernel_cuda(at::TensorIteratorBase&)::{lambda()#3}::operator()() const::{lambda()#12}::operator()() const::{lambda(c10::BFloat16)#1}>(at::TensorIteratorBase&, at::native::direct_copy_kernel_cuda(at::TensorIteratorBase&)::{lambda()#3}::operator()() const::{lambda()#12}::operator()() const::{lambda(c10::BFloat16)#1} const&)::{lambda(int)#1})",36,operator_shape_matched,"[[48,29,15,2,26,2],[48,29,15,2,26,2],[]]","[""c10::BFloat16"",""c10::BFloat16"",""Scalar""]",null,1,19.713
null,aten::copy_,"void at::native::elementwise_kernel<128, 4, at::native::gpu_kernel_impl_nocast<at::native::direct_copy_kernel_cuda(at::TensorIteratorBase&)::{lambda()#3}::operator()() const::{lambda()#12}::operator()() const::{lambda(c10::BFloat16)#1}>(at::TensorIteratorBase&, at::native::direct_copy_kernel_cuda(at::TensorIteratorBase&)::{lambda()#3}::operator()() const::{lambda()#12}::operator()() const::{lambda(c10::BFloat16)#1} const&)::{lambda(int)#1}>(int, at::native::gpu_kernel_impl_nocast<at::native::direct_copy_kernel_cuda(at::TensorIteratorBase&)::{lambda()#3}::operator()() const::{lambda()#12}::operator()() const::{lambda(c10::BFloat16)#1}>(at::TensorIteratorBase&, at::native::direct_copy_kernel_cuda(at::TensorIteratorBase&)::{lambda()#3}::operator()() const::{lambda()#12}::operator()() const::{lambda(c10::BFloat16)#1} const&)::{lambda(int)#1})",37,operator_shape_matched,"[[16,17,23,2,2,48],[16,17,23,2,2,48],[]]","[""c10::BFloat16"",""c10::BFloat16"",""Scalar""]",null,2,19.584
null,aten::copy_,"void at::native::elementwise_kernel<128, 4, at::native::gpu_kernel_impl_nocast<at::native::direct_copy_kernel_cuda(at::TensorIteratorBase&)::{lambda()#3}::operator()() const::{lambda()#12}::operator()() const::{lambda(c10::BFloat16)#1}>(at::TensorIteratorBase&, at::native::direct_copy_kernel_cuda(at::TensorIteratorBase&)::{lambda()#3}::operator()() const::{lambda()#12}::operator()() const::{lambda(c10::BFloat16)#1} const&)::{lambda(int)#1}>(int, at::native::gpu_kernel_impl_nocast<at::native::direct_copy_kernel_cuda(at::TensorIteratorBase&)::{lambda()#3}::operator()() const::{lambda()#12}::operator()() const::{lambda(c10::BFloat16)#1}>(at::TensorIteratorBase&, at::native::direct_copy_kernel_cuda(at::TensorIteratorBase&)::{lambda()#3}::operator()() const::{lambda()#12}::operator()() const::{lambda(c10::BFloat16)#1} const&)::{lambda(int)#1})",38,operator_shape_matched,"[[48,31,17,2,23,2],[48,31,17,2,23,2],[]]","[""c10::BFloat16"",""c10::BFloat16"",""Scalar""]",null,1,19.104
null,aten::copy_,"void at::native::elementwise_kernel<128, 4, at::native::gpu_kernel_impl_nocast<at::native::direct_copy_kernel_cuda(at::TensorIteratorBase&)::{lambda()#3}::operator()() const::{lambda()#12}::operator()() const::{lambda(c10::BFloat16)#1}>(at::TensorIteratorBase&, at::native::direct_copy_kernel_cuda(at::TensorIteratorBase&)::{lambda()#3}::operator()() const::{lambda()#12}::operator()() const::{lambda(c10::BFloat16)#1} const&)::{lambda(int)#1}>(int, at::native::gpu_kernel_impl_nocast<at::native::direct_copy_kernel_cuda(at::TensorIteratorBase&)::{lambda()#3}::operator()() const::{lambda()#12}::operator()() const::{lambda(c10::BFloat16)#1}>(at::TensorIteratorBase&, at::native::direct_copy_kernel_cuda(at::TensorIteratorBase&)::{lambda()#3}::operator()() const::{lambda()#12}::operator()() const::{lambda(c10::BFloat16)#1} const&)::{lambda(int)#1})",39,operator_shape_matched,"[[48,37,15,2,20,2],[48,37,15,2,20,2],[]]","[""c10::BFloat16"",""c10::BFloat16"",""Scalar""]",null,1,19.072
null,aten::copy_,"void at::native::elementwise_kernel<128, 4, at::native::gpu_kernel_impl_nocast<at::native::direct_copy_kernel_cuda(at::TensorIteratorBase&)::{lambda()#3}::operator()() const::{lambda()#12}::operator()() const::{lambda(c10::BFloat16)#1}>(at::TensorIteratorBase&, at::native::direct_copy_kernel_cuda(at::TensorIteratorBase&)::{lambda()#3}::operator()() const::{lambda()#12}::operator()() const::{lambda(c10::BFloat16)#1} const&)::{lambda(int)#1}>(int, at::native::gpu_kernel_impl_nocast<at::native::direct_copy_kernel_cuda(at::TensorIteratorBase&)::{lambda()#3}::operator()() const::{lambda()#12}::operator()() const::{lambda(c10::BFloat16)#1}>(at::TensorIteratorBase&, at::native::direct_copy_kernel_cuda(at::TensorIteratorBase&)::{lambda()#3}::operator()() const::{lambda()#12}::operator()() const::{lambda(c10::BFloat16)#1} const&)::{lambda(int)#1})",40,operator_shape_matched,"[[79,15,20,2,2,48],[79,15,20,2,2,48],[]]","[""c10::BFloat16"",""c10::BFloat16"",""Scalar""]",null,1,18.944
null,aten::copy_,"void at::native::elementwise_kernel<128, 4, at::native::gpu_kernel_impl_nocast<at::native::direct_copy_kernel_cuda(at::TensorIteratorBase&)::{lambda()#3}::operator()() const::{lambda()#12}::operator()() const::{lambda(c10::BFloat16)#1}>(at::TensorIteratorBase&, at::native::direct_copy_kernel_cuda(at::TensorIteratorBase&)::{lambda()#3}::operator()() const::{lambda()#12}::operator()() const::{lambda(c10::BFloat16)#1} const&)::{lambda(int)#1}>(int, at::native::gpu_kernel_impl_nocast<at::native::direct_copy_kernel_cuda(at::TensorIteratorBase&)::{lambda()#3}::operator()() const::{lambda()#12}::operator()() const::{lambda(c10::BFloat16)#1}>(at::TensorIteratorBase&, at::native::direct_copy_kernel_cuda(at::TensorIteratorBase&)::{lambda()#3}::operator()() const::{lambda()#12}::operator()() const::{lambda(c10::BFloat16)#1} const&)::{lambda(int)#1})",41,operator_shape_matched,"[[52,15,20,2,2,48],[52,15,20,2,2,48],[]]","[""c10::BFloat16"",""c10::BFloat16"",""Scalar""]",null,1,18.4
null,aten::copy_,"void at::native::elementwise_kernel<128, 4, at::native::gpu_kernel_impl_nocast<at::native::direct_copy_kernel_cuda(at::TensorIteratorBase&)::{lambda()#3}::operator()() const::{lambda()#12}::operator()() const::{lambda(c10::BFloat16)#1}>(at::TensorIteratorBase&, at::native::direct_copy_kernel_cuda(at::TensorIteratorBase&)::{lambda()#3}::operator()() const::{lambda()#12}::operator()() const::{lambda(c10::BFloat16)#1} const&)::{lambda(int)#1}>(int, at::native::gpu_kernel_impl_nocast<at::native::direct_copy_kernel_cuda(at::TensorIteratorBase&)::{lambda()#3}::operator()() const::{lambda()#12}::operator()() const::{lambda(c10::BFloat16)#1}>(at::TensorIteratorBase&, at::native::direct_copy_kernel_cuda(at::TensorIteratorBase&)::{lambda()#3}::operator()() const::{lambda()#12}::operator()() const::{lambda(c10::BFloat16)#1} const&)::{lambda(int)#1})",42,operator_shape_matched,"[[61,15,20,2,2,48],[61,15,20,2,2,48],[]]","[""c10::BFloat16"",""c10::BFloat16"",""Scalar""]",null,1,17.728
null,aten::copy_,"void at::native::elementwise_kernel<128, 4, at::native::gpu_kernel_impl_nocast<at::native::direct_copy_kernel_cuda(at::TensorIteratorBase&)::{lambda()#3}::operator()() const::{lambda()#12}::operator()() const::{lambda(c10::BFloat16)#1}>(at::TensorIteratorBase&, at::native::direct_copy_kernel_cuda(at::TensorIteratorBase&)::{lambda()#3}::operator()() const::{lambda()#12}::operator()() const::{lambda(c10::BFloat16)#1} const&)::{lambda(int)#1}>(int, at::native::gpu_kernel_impl_nocast<at::native::direct_copy_kernel_cuda(at::TensorIteratorBase&)::{lambda()#3}::operator()() const::{lambda()#12}::operator()() const::{lambda(c10::BFloat16)#1}>(at::TensorIteratorBase&, at::native::direct_copy_kernel_cuda(at::TensorIteratorBase&)::{lambda()#3}::operator()() const::{lambda()#12}::operator()() const::{lambda(c10::BFloat16)#1} const&)::{lambda(int)#1})",43,operator_shape_matched,"[[19,15,26,2,2,48],[19,15,26,2,2,48],[]]","[""c10::BFloat16"",""c10::BFloat16"",""Scalar""]",null,2,17.696
null,aten::copy_,"void at::native::elementwise_kernel<128, 4, at::native::gpu_kernel_impl_nocast<at::native::direct_copy_kernel_cuda(at::TensorIteratorBase&)::{lambda()#3}::operator()() const::{lambda()#12}::operator()() const::{lambda(c10::BFloat16)#1}>(at::TensorIteratorBase&, at::native::direct_copy_kernel_cuda(at::TensorIteratorBase&)::{lambda()#3}::operator()() const::{lambda()#12}::operator()() const::{lambda(c10::BFloat16)#1} const&)::{lambda(int)#1}>(int, at::native::gpu_kernel_impl_nocast<at::native::direct_copy_kernel_cuda(at::TensorIteratorBase&)::{lambda()#3}::operator()() const::{lambda()#12}::operator()() const::{lambda(c10::BFloat16)#1}>(at::TensorIteratorBase&, at::native::direct_copy_kernel_cuda(at::TensorIteratorBase&)::{lambda()#3}::operator()() const::{lambda()#12}::operator()() const::{lambda(c10::BFloat16)#1} const&)::{lambda(int)#1})",44,operator_shape_matched,"[[48,25,17,2,23,2],[48,25,17,2,23,2],[]]","[""c10::BFloat16"",""c10::BFloat16"",""Scalar""]",null,1,17.184
null,aten::copy_,"void at::native::elementwise_kernel<128, 4, at::native::gpu_kernel_impl_nocast<at::native::direct_copy_kernel_cuda(at::TensorIteratorBase&)::{lambda()#3}::operator()() const::{lambda()#12}::operator()() const::{lambda(c10::BFloat16)#1}>(at::TensorIteratorBase&, at::native::direct_copy_kernel_cuda(at::TensorIteratorBase&)::{lambda()#3}::operator()() const::{lambda()#12}::operator()() const::{lambda(c10::BFloat16)#1} const&)::{lambda(int)#1}>(int, at::native::gpu_kernel_impl_nocast<at::native::direct_copy_kernel_cuda(at::TensorIteratorBase&)::{lambda()#3}::operator()() const::{lambda()#12}::operator()() const::{lambda(c10::BFloat16)#1}>(at::TensorIteratorBase&, at::native::direct_copy_kernel_cuda(at::TensorIteratorBase&)::{lambda()#3}::operator()() const::{lambda()#12}::operator()() const::{lambda(c10::BFloat16)#1} const&)::{lambda(int)#1})",45,operator_shape_matched,"[[63,15,20,2,2,48],[63,15,20,2,2,48],[]]","[""c10::BFloat16"",""c10::BFloat16"",""Scalar""]",null,1,16.384
null,aten::copy_,"void at::native::elementwise_kernel<128, 4, at::native::gpu_kernel_impl_nocast<at::native::direct_copy_kernel_cuda(at::TensorIteratorBase&)::{lambda()#3}::operator()() const::{lambda()#12}::operator()() const::{lambda(c10::BFloat16)#1}>(at::TensorIteratorBase&, at::native::direct_copy_kernel_cuda(at::TensorIteratorBase&)::{lambda()#3}::operator()() const::{lambda()#12}::operator()() const::{lambda(c10::BFloat16)#1} const&)::{lambda(int)#1}>(int, at::native::gpu_kernel_impl_nocast<at::native::direct_copy_kernel_cuda(at::TensorIteratorBase&)::{lambda()#3}::operator()() const::{lambda()#12}::operator()() const::{lambda(c10::BFloat16)#1}>(at::TensorIteratorBase&, at::native::direct_copy_kernel_cuda(at::TensorIteratorBase&)::{lambda()#3}::operator()() const::{lambda()#12}::operator()() const::{lambda(c10::BFloat16)#1} const&)::{lambda(int)#1})",46,operator_shape_matched,"[[48,11,15,2,26,2],[48,11,15,2,26,2],[]]","[""c10::BFloat16"",""c10::BFloat16"",""Scalar""]",null,2,16.257
null,aten::copy_,"void at::native::elementwise_kernel<128, 4, at::native::gpu_kernel_impl_nocast<at::native::direct_copy_kernel_cuda(at::TensorIteratorBase&)::{lambda()#3}::operator()() const::{lambda()#12}::operator()() const::{lambda(c10::BFloat16)#1}>(at::TensorIteratorBase&, at::native::direct_copy_kernel_cuda(at::TensorIteratorBase&)::{lambda()#3}::operator()() const::{lambda()#12}::operator()() const::{lambda(c10::BFloat16)#1} const&)::{lambda(int)#1}>(int, at::native::gpu_kernel_impl_nocast<at::native::direct_copy_kernel_cuda(at::TensorIteratorBase&)::{lambda()#3}::operator()() const::{lambda()#12}::operator()() const::{lambda(c10::BFloat16)#1}>(at::TensorIteratorBase&, at::native::direct_copy_kernel_cuda(at::TensorIteratorBase&)::{lambda()#3}::operator()() const::{lambda()#12}::operator()() const::{lambda(c10::BFloat16)#1} const&)::{lambda(int)#1})",47,operator_shape_matched,"[[51,15,20,2,2,48],[51,15,20,2,2,48],[]]","[""c10::BFloat16"",""c10::BFloat16"",""Scalar""]",null,1,15.136
null,aten::copy_,"void at::native::elementwise_kernel<128, 4, at::native::gpu_kernel_impl_nocast<at::native::direct_copy_kernel_cuda(at::TensorIteratorBase&)::{lambda()#3}::operator()() const::{lambda()#12}::operator()() const::{lambda(c10::BFloat16)#1}>(at::TensorIteratorBase&, at::native::direct_copy_kernel_cuda(at::TensorIteratorBase&)::{lambda()#3}::operator()() const::{lambda()#12}::operator()() const::{lambda(c10::BFloat16)#1} const&)::{lambda(int)#1}>(int, at::native::gpu_kernel_impl_nocast<at::native::direct_copy_kernel_cuda(at::TensorIteratorBase&)::{lambda()#3}::operator()() const::{lambda()#12}::operator()() const::{lambda(c10::BFloat16)#1}>(at::TensorIteratorBase&, at::native::direct_copy_kernel_cuda(at::TensorIteratorBase&)::{lambda()#3}::operator()() const::{lambda()#12}::operator()() const::{lambda(c10::BFloat16)#1} const&)::{lambda(int)#1})",48,operator_shape_matched,"[[33,15,26,2,2,48],[33,15,26,2,2,48],[]]","[""c10::BFloat16"",""c10::BFloat16"",""Scalar""]",null,1,14.656
null,aten::copy_,"void at::native::elementwise_kernel<128, 4, at::native::gpu_kernel_impl_nocast<at::native::direct_copy_kernel_cuda(at::TensorIteratorBase&)::{lambda()#3}::operator()() const::{lambda()#12}::operator()() const::{lambda(c10::BFloat16)#1}>(at::TensorIteratorBase&, at::native::direct_copy_kernel_cuda(at::TensorIteratorBase&)::{lambda()#3}::operator()() const::{lambda()#12}::operator()() const::{lambda(c10::BFloat16)#1} const&)::{lambda(int)#1}>(int, at::native::gpu_kernel_impl_nocast<at::native::direct_copy_kernel_cuda(at::TensorIteratorBase&)::{lambda()#3}::operator()() const::{lambda()#12}::operator()() const::{lambda(c10::BFloat16)#1}>(at::TensorIteratorBase&, at::native::direct_copy_kernel_cuda(at::TensorIteratorBase&)::{lambda()#3}::operator()() const::{lambda()#12}::operator()() const::{lambda(c10::BFloat16)#1} const&)::{lambda(int)#1})",49,operator_shape_matched,"[[48,23,17,2,23,2],[48,23,17,2,23,2],[]]","[""c10::BFloat16"",""c10::BFloat16"",""Scalar""]",null,1,14.625
null,aten::copy_,"void at::native::elementwise_kernel<128, 4, at::native::gpu_kernel_impl_nocast<at::native::direct_copy_kernel_cuda(at::TensorIteratorBase&)::{lambda()#3}::operator()() const::{lambda()#12}::operator()() const::{lambda(c10::BFloat16)#1}>(at::TensorIteratorBase&, at::native::direct_copy_kernel_cuda(at::TensorIteratorBase&)::{lambda()#3}::operator()() const::{lambda()#12}::operator()() const::{lambda(c10::BFloat16)#1} const&)::{lambda(int)#1}>(int, at::native::gpu_kernel_impl_nocast<at::native::direct_copy_kernel_cuda(at::TensorIteratorBase&)::{lambda()#3}::operator()() const::{lambda()#12}::operator()() const::{lambda(c10::BFloat16)#1}>(at::TensorIteratorBase&, at::native::direct_copy_kernel_cuda(at::TensorIteratorBase&)::{lambda()#3}::operator()() const::{lambda()#12}::operator()() const::{lambda(c10::BFloat16)#1} const&)::{lambda(int)#1})",50,operator_shape_matched,"[[48,19,15,2,26,2],[48,19,15,2,26,2],[]]","[""c10::BFloat16"",""c10::BFloat16"",""Scalar""]",null,1,14.592
null,aten::copy_,"void at::native::elementwise_kernel<128, 4, at::native::gpu_kernel_impl_nocast<at::native::direct_copy_kernel_cuda(at::TensorIteratorBase&)::{lambda()#3}::operator()() const::{lambda()#12}::operator()() const::{lambda(c10::BFloat16)#1}>(at::TensorIteratorBase&, at::native::direct_copy_kernel_cuda(at::TensorIteratorBase&)::{lambda()#3}::operator()() const::{lambda()#12}::operator()() const::{lambda(c10::BFloat16)#1} const&)::{lambda(int)#1}>(int, at::native::gpu_kernel_impl_nocast<at::native::direct_copy_kernel_cuda(at::TensorIteratorBase&)::{lambda()#3}::operator()() const::{lambda()#12}::operator()() const::{lambda(c10::BFloat16)#1}>(at::TensorIteratorBase&, at::native::direct_copy_kernel_cuda(at::TensorIteratorBase&)::{lambda()#3}::operator()() const::{lambda()#12}::operator()() const::{lambda(c10::BFloat16)#1} const&)::{lambda(int)#1})",51,operator_shape_matched,"[[49,15,20,2,2,48],[49,15,20,2,2,48],[]]","[""c10::BFloat16"",""c10::BFloat16"",""Scalar""]",null,1,14.528
null,aten::copy_,"void at::native::elementwise_kernel<128, 4, at::native::gpu_kernel_impl_nocast<at::native::direct_copy_kernel_cuda(at::TensorIteratorBase&)::{lambda()#3}::operator()() const::{lambda()#12}::operator()() const::{lambda(c10::BFloat16)#1}>(at::TensorIteratorBase&, at::native::direct_copy_kernel_cuda(at::TensorIteratorBase&)::{lambda()#3}::operator()() const::{lambda()#12}::operator()() const::{lambda(c10::BFloat16)#1} const&)::{lambda(int)#1}>(int, at::native::gpu_kernel_impl_nocast<at::native::direct_copy_kernel_cuda(at::TensorIteratorBase&)::{lambda()#3}::operator()() const::{lambda()#12}::operator()() const::{lambda(c10::BFloat16)#1}>(at::TensorIteratorBase&, at::native::direct_copy_kernel_cuda(at::TensorIteratorBase&)::{lambda()#3}::operator()() const::{lambda()#12}::operator()() const::{lambda(c10::BFloat16)#1} const&)::{lambda(int)#1})",52,operator_shape_matched,"[[50,15,20,2,2,48],[50,15,20,2,2,48],[]]","[""c10::BFloat16"",""c10::BFloat16"",""Scalar""]",null,1,13.984
null,aten::copy_,"void at::native::elementwise_kernel<128, 4, at::native::gpu_kernel_impl_nocast<at::native::direct_copy_kernel_cuda(at::TensorIteratorBase&)::{lambda()#3}::operator()() const::{lambda()#12}::operator()() const::{lambda(c10::BFloat16)#1}>(at::TensorIteratorBase&, at::native::direct_copy_kernel_cuda(at::TensorIteratorBase&)::{lambda()#3}::operator()() const::{lambda()#12}::operator()() const::{lambda(c10::BFloat16)#1} const&)::{lambda(int)#1}>(int, at::native::gpu_kernel_impl_nocast<at::native::direct_copy_kernel_cuda(at::TensorIteratorBase&)::{lambda()#3}::operator()() const::{lambda()#12}::operator()() const::{lambda(c10::BFloat16)#1}>(at::TensorIteratorBase&, at::native::direct_copy_kernel_cuda(at::TensorIteratorBase&)::{lambda()#3}::operator()() const::{lambda()#12}::operator()() const::{lambda(c10::BFloat16)#1} const&)::{lambda(int)#1})",53,operator_shape_matched,"[[14,15,26,2,2,48],[14,15,26,2,2,48],[]]","[""c10::BFloat16"",""c10::BFloat16"",""Scalar""]",null,2,13.792
null,aten::copy_,"void at::native::elementwise_kernel<128, 4, at::native::gpu_kernel_impl_nocast<at::native::direct_copy_kernel_cuda(at::TensorIteratorBase&)::{lambda()#3}::operator()() const::{lambda()#12}::operator()() const::{lambda(c10::BFloat16)#1}>(at::TensorIteratorBase&, at::native::direct_copy_kernel_cuda(at::TensorIteratorBase&)::{lambda()#3}::operator()() const::{lambda()#12}::operator()() const::{lambda(c10::BFloat16)#1} const&)::{lambda(int)#1}>(int, at::native::gpu_kernel_impl_nocast<at::native::direct_copy_kernel_cuda(at::TensorIteratorBase&)::{lambda()#3}::operator()() const::{lambda()#12}::operator()() const::{lambda(c10::BFloat16)#1}>(at::TensorIteratorBase&, at::native::direct_copy_kernel_cuda(at::TensorIteratorBase&)::{lambda()#3}::operator()() const::{lambda()#12}::operator()() const::{lambda(c10::BFloat16)#1} const&)::{lambda(int)#1})",54,operator_shape_matched,"[[35,17,23,2,2,48],[35,17,23,2,2,48],[]]","[""c10::BFloat16"",""c10::BFloat16"",""Scalar""]",null,1,13.6
null,aten::copy_,"void at::native::elementwise_kernel<128, 4, at::native::gpu_kernel_impl_nocast<at::native::direct_copy_kernel_cuda(at::TensorIteratorBase&)::{lambda()#3}::operator()() const::{lambda()#12}::operator()() const::{lambda(c10::BFloat16)#1}>(at::TensorIteratorBase&, at::native::direct_copy_kernel_cuda(at::TensorIteratorBase&)::{lambda()#3}::operator()() const::{lambda()#12}::operator()() const::{lambda(c10::BFloat16)#1} const&)::{lambda(int)#1}>(int, at::native::gpu_kernel_impl_nocast<at::native::direct_copy_kernel_cuda(at::TensorIteratorBase&)::{lambda()#3}::operator()() const::{lambda()#12}::operator()() const::{lambda(c10::BFloat16)#1}>(at::TensorIteratorBase&, at::native::direct_copy_kernel_cuda(at::TensorIteratorBase&)::{lambda()#3}::operator()() const::{lambda()#12}::operator()() const::{lambda(c10::BFloat16)#1} const&)::{lambda(int)#1})",55,operator_shape_matched,"[[48,21,15,2,26,2],[48,21,15,2,26,2],[]]","[""c10::BFloat16"",""c10::BFloat16"",""Scalar""]",null,1,13.568
null,aten::copy_,"void at::native::elementwise_kernel<128, 4, at::native::gpu_kernel_impl_nocast<at::native::direct_copy_kernel_cuda(at::TensorIteratorBase&)::{lambda()#3}::operator()() const::{lambda()#12}::operator()() const::{lambda(c10::BFloat16)#1}>(at::TensorIteratorBase&, at::native::direct_copy_kernel_cuda(at::TensorIteratorBase&)::{lambda()#3}::operator()() const::{lambda()#12}::operator()() const::{lambda(c10::BFloat16)#1} const&)::{lambda(int)#1}>(int, at::native::gpu_kernel_impl_nocast<at::native::direct_copy_kernel_cuda(at::TensorIteratorBase&)::{lambda()#3}::operator()() const::{lambda()#12}::operator()() const::{lambda(c10::BFloat16)#1}>(at::TensorIteratorBase&, at::native::direct_copy_kernel_cuda(at::TensorIteratorBase&)::{lambda()#3}::operator()() const::{lambda()#12}::operator()() const::{lambda(c10::BFloat16)#1} const&)::{lambda(int)#1})",56,operator_shape_matched,"[[12,15,26,2,2,48],[12,15,26,2,2,48],[]]","[""c10::BFloat16"",""c10::BFloat16"",""Scalar""]",null,2,12.609
null,aten::copy_,"void at::native::elementwise_kernel<128, 4, at::native::gpu_kernel_impl_nocast<at::native::direct_copy_kernel_cuda(at::TensorIteratorBase&)::{lambda()#3}::operator()() const::{lambda()#12}::operator()() const::{lambda(c10::BFloat16)#1}>(at::TensorIteratorBase&, at::native::direct_copy_kernel_cuda(at::TensorIteratorBase&)::{lambda()#3}::operator()() const::{lambda()#12}::operator()() const::{lambda(c10::BFloat16)#1} const&)::{lambda(int)#1}>(int, at::native::gpu_kernel_impl_nocast<at::native::direct_copy_kernel_cuda(at::TensorIteratorBase&)::{lambda()#3}::operator()() const::{lambda()#12}::operator()() const::{lambda(c10::BFloat16)#1}>(at::TensorIteratorBase&, at::native::direct_copy_kernel_cuda(at::TensorIteratorBase&)::{lambda()#3}::operator()() const::{lambda()#12}::operator()() const::{lambda(c10::BFloat16)#1} const&)::{lambda(int)#1})",57,operator_shape_matched,"[[37,17,23,2,2,48],[37,17,23,2,2,48],[]]","[""c10::BFloat16"",""c10::BFloat16"",""Scalar""]",null,1,12.48
null,aten::copy_,"void at::native::elementwise_kernel<128, 4, at::native::gpu_kernel_impl_nocast<at::native::direct_copy_kernel_cuda(at::TensorIteratorBase&)::{lambda()#3}::operator()() const::{lambda()#12}::operator()() const::{lambda(c10::BFloat16)#1}>(at::TensorIteratorBase&, at::native::direct_copy_kernel_cuda(at::TensorIteratorBase&)::{lambda()#3}::operator()() const::{lambda()#12}::operator()() const::{lambda(c10::BFloat16)#1} const&)::{lambda(int)#1}>(int, at::native::gpu_kernel_impl_nocast<at::native::direct_copy_kernel_cuda(at::TensorIteratorBase&)::{lambda()#3}::operator()() const::{lambda()#12}::operator()() const::{lambda(c10::BFloat16)#1}>(at::TensorIteratorBase&, at::native::direct_copy_kernel_cuda(at::TensorIteratorBase&)::{lambda()#3}::operator()() const::{lambda()#12}::operator()() const::{lambda(c10::BFloat16)#1} const&)::{lambda(int)#1})",58,operator_shape_matched,"[[35,15,26,2,2,48],[35,15,26,2,2,48],[]]","[""c10::BFloat16"",""c10::BFloat16"",""Scalar""]",null,1,11.904
null,aten::copy_,"void at::native::elementwise_kernel<128, 4, at::native::gpu_kernel_impl_nocast<at::native::direct_copy_kernel_cuda(at::TensorIteratorBase&)::{lambda()#3}::operator()() const::{lambda()#12}::operator()() const::{lambda(c10::BFloat16)#1}>(at::TensorIteratorBase&, at::native::direct_copy_kernel_cuda(at::TensorIteratorBase&)::{lambda()#3}::operator()() const::{lambda()#12}::operator()() const::{lambda(c10::BFloat16)#1} const&)::{lambda(int)#1}>(int, at::native::gpu_kernel_impl_nocast<at::native::direct_copy_kernel_cuda(at::TensorIteratorBase&)::{lambda()#3}::operator()() const::{lambda()#12}::operator()() const::{lambda(c10::BFloat16)#1}>(at::TensorIteratorBase&, at::native::direct_copy_kernel_cuda(at::TensorIteratorBase&)::{lambda()#3}::operator()() const::{lambda()#12}::operator()() const::{lambda(c10::BFloat16)#1} const&)::{lambda(int)#1})",59,operator_shape_matched,"[[48,16,17,2,23,2],[48,16,17,2,23,2],[]]","[""c10::BFloat16"",""c10::BFloat16"",""Scalar""]",null,1,11.36
null,aten::copy_,"void at::native::elementwise_kernel<128, 4, at::native::gpu_kernel_impl_nocast<at::native::direct_copy_kernel_cuda(at::TensorIteratorBase&)::{lambda()#3}::operator()() const::{lambda()#12}::operator()() const::{lambda(c10::BFloat16)#1}>(at::TensorIteratorBase&, at::native::direct_copy_kernel_cuda(at::TensorIteratorBase&)::{lambda()#3}::operator()() const::{lambda()#12}::operator()() const::{lambda(c10::BFloat16)#1} const&)::{lambda(int)#1}>(int, at::native::gpu_kernel_impl_nocast<at::native::direct_copy_kernel_cuda(at::TensorIteratorBase&)::{lambda()#3}::operator()() const::{lambda()#12}::operator()() const::{lambda(c10::BFloat16)#1}>(at::TensorIteratorBase&, at::native::direct_copy_kernel_cuda(at::TensorIteratorBase&)::{lambda()#3}::operator()() const::{lambda()#12}::operator()() const::{lambda(c10::BFloat16)#1} const&)::{lambda(int)#1})",60,operator_shape_matched,"[[48,15,15,2,26,2],[48,15,15,2,26,2],[]]","[""c10::BFloat16"",""c10::BFloat16"",""Scalar""]",null,1,11.136
null,aten::copy_,"void at::native::elementwise_kernel<128, 4, at::native::gpu_kernel_impl_nocast<at::native::direct_copy_kernel_cuda(at::TensorIteratorBase&)::{lambda()#3}::operator()() const::{lambda()#12}::operator()() const::{lambda(c10::BFloat16)#1}>(at::TensorIteratorBase&, at::native::direct_copy_kernel_cuda(at::TensorIteratorBase&)::{lambda()#3}::operator()() const::{lambda()#12}::operator()() const::{lambda(c10::BFloat16)#1} const&)::{lambda(int)#1}>(int, at::native::gpu_kernel_impl_nocast<at::native::direct_copy_kernel_cuda(at::TensorIteratorBase&)::{lambda()#3}::operator()() const::{lambda()#12}::operator()() const::{lambda(c10::BFloat16)#1}>(at::TensorIteratorBase&, at::native::direct_copy_kernel_cuda(at::TensorIteratorBase&)::{lambda()#3}::operator()() const::{lambda()#12}::operator()() const::{lambda(c10::BFloat16)#1} const&)::{lambda(int)#1})",61,operator_shape_matched,"[[38,15,20,2,2,48],[38,15,20,2,2,48],[]]","[""c10::BFloat16"",""c10::BFloat16"",""Scalar""]",null,1,10.752
null,aten::copy_,"void at::native::elementwise_kernel<128, 4, at::native::gpu_kernel_impl_nocast<at::native::direct_copy_kernel_cuda(at::TensorIteratorBase&)::{lambda()#3}::operator()() const::{lambda()#12}::operator()() const::{lambda(c10::BFloat16)#1}>(at::TensorIteratorBase&, at::native::direct_copy_kernel_cuda(at::TensorIteratorBase&)::{lambda()#3}::operator()() const::{lambda()#12}::operator()() const::{lambda(c10::BFloat16)#1} const&)::{lambda(int)#1}>(int, at::native::gpu_kernel_impl_nocast<at::native::direct_copy_kernel_cuda(at::TensorIteratorBase&)::{lambda()#3}::operator()() const::{lambda()#12}::operator()() const::{lambda(c10::BFloat16)#1}>(at::TensorIteratorBase&, at::native::direct_copy_kernel_cuda(at::TensorIteratorBase&)::{lambda()#3}::operator()() const::{lambda()#12}::operator()() const::{lambda(c10::BFloat16)#1} const&)::{lambda(int)#1})",62,operator_shape_matched,"[[21,15,26,2,2,48],[21,15,26,2,2,48],[]]","[""c10::BFloat16"",""c10::BFloat16"",""Scalar""]",null,1,10.24
null,aten::copy_,"void at::native::elementwise_kernel<128, 4, at::native::gpu_kernel_impl_nocast<at::native::direct_copy_kernel_cuda(at::TensorIteratorBase&)::{lambda()#3}::operator()() const::{lambda()#12}::operator()() const::{lambda(c10::BFloat16)#1}>(at::TensorIteratorBase&, at::native::direct_copy_kernel_cuda(at::TensorIteratorBase&)::{lambda()#3}::operator()() const::{lambda()#12}::operator()() const::{lambda(c10::BFloat16)#1} const&)::{lambda(int)#1}>(int, at::native::gpu_kernel_impl_nocast<at::native::direct_copy_kernel_cuda(at::TensorIteratorBase&)::{lambda()#3}::operator()() const::{lambda()#12}::operator()() const::{lambda(c10::BFloat16)#1}>(at::TensorIteratorBase&, at::native::direct_copy_kernel_cuda(at::TensorIteratorBase&)::{lambda()#3}::operator()() const::{lambda()#12}::operator()() const::{lambda(c10::BFloat16)#1} const&)::{lambda(int)#1})",63,operator_shape_matched,"[[48,14,15,2,26,2],[48,14,15,2,26,2],[]]","[""c10::BFloat16"",""c10::BFloat16"",""Scalar""]",null,1,9.889
null,aten::copy_,"void at::native::elementwise_kernel<128, 4, at::native::gpu_kernel_impl_nocast<at::native::direct_copy_kernel_cuda(at::TensorIteratorBase&)::{lambda()#3}::operator()() const::{lambda()#12}::operator()() const::{lambda(c10::BFloat16)#1}>(at::TensorIteratorBase&, at::native::direct_copy_kernel_cuda(at::TensorIteratorBase&)::{lambda()#3}::operator()() const::{lambda()#12}::operator()() const::{lambda(c10::BFloat16)#1} const&)::{lambda(int)#1}>(int, at::native::gpu_kernel_impl_nocast<at::native::direct_copy_kernel_cuda(at::TensorIteratorBase&)::{lambda()#3}::operator()() const::{lambda()#12}::operator()() const::{lambda(c10::BFloat16)#1}>(at::TensorIteratorBase&, at::native::direct_copy_kernel_cuda(at::TensorIteratorBase&)::{lambda()#3}::operator()() const::{lambda()#12}::operator()() const::{lambda(c10::BFloat16)#1} const&)::{lambda(int)#1})",64,operator_shape_matched,"[[23,17,23,2,2,48],[23,17,23,2,2,48],[]]","[""c10::BFloat16"",""c10::BFloat16"",""Scalar""]",null,1,9.728
null,aten::copy_,"void at::native::elementwise_kernel<128, 4, at::native::gpu_kernel_impl_nocast<at::native::direct_copy_kernel_cuda(at::TensorIteratorBase&)::{lambda()#3}::operator()() const::{lambda()#12}::operator()() const::{lambda(c10::BFloat16)#1}>(at::TensorIteratorBase&, at::native::direct_copy_kernel_cuda(at::TensorIteratorBase&)::{lambda()#3}::operator()() const::{lambda()#12}::operator()() const::{lambda(c10::BFloat16)#1} const&)::{lambda(int)#1}>(int, at::native::gpu_kernel_impl_nocast<at::native::direct_copy_kernel_cuda(at::TensorIteratorBase&)::{lambda()#3}::operator()() const::{lambda()#12}::operator()() const::{lambda(c10::BFloat16)#1}>(at::TensorIteratorBase&, at::native::direct_copy_kernel_cuda(at::TensorIteratorBase&)::{lambda()#3}::operator()() const::{lambda()#12}::operator()() const::{lambda(c10::BFloat16)#1} const&)::{lambda(int)#1})",65,operator_shape_matched,"[[48,12,15,2,26,2],[48,12,15,2,26,2],[]]","[""c10::BFloat16"",""c10::BFloat16"",""Scalar""]",null,1,9.408
null,aten::copy_,"void at::native::elementwise_kernel<128, 4, at::native::gpu_kernel_impl_nocast<at::native::direct_copy_kernel_cuda(at::TensorIteratorBase&)::{lambda()#3}::operator()() const::{lambda()#12}::operator()() const::{lambda(c10::BFloat16)#1}>(at::TensorIteratorBase&, at::native::direct_copy_kernel_cuda(at::TensorIteratorBase&)::{lambda()#3}::operator()() const::{lambda()#12}::operator()() const::{lambda(c10::BFloat16)#1} const&)::{lambda(int)#1}>(int, at::native::gpu_kernel_impl_nocast<at::native::direct_copy_kernel_cuda(at::TensorIteratorBase&)::{lambda()#3}::operator()() const::{lambda()#12}::operator()() const::{lambda(c10::BFloat16)#1}>(at::TensorIteratorBase&, at::native::direct_copy_kernel_cuda(at::TensorIteratorBase&)::{lambda()#3}::operator()() const::{lambda()#12}::operator()() const::{lambda(c10::BFloat16)#1} const&)::{lambda(int)#1})",66,operator_shape_matched,"[[22,15,26,2,2,48],[22,15,26,2,2,48],[]]","[""c10::BFloat16"",""c10::BFloat16"",""Scalar""]",null,1,8.416
null,aten::copy_,"void at::native::elementwise_kernel<128, 4, at::native::gpu_kernel_impl_nocast<at::native::direct_copy_kernel_cuda(at::TensorIteratorBase&)::{lambda()#3}::operator()() const::{lambda()#12}::operator()() const::{lambda(c10::BFloat16)#1}>(at::TensorIteratorBase&, at::native::direct_copy_kernel_cuda(at::TensorIteratorBase&)::{lambda()#3}::operator()() const::{lambda()#12}::operator()() const::{lambda(c10::BFloat16)#1} const&)::{lambda(int)#1}>(int, at::native::gpu_kernel_impl_nocast<at::native::direct_copy_kernel_cuda(at::TensorIteratorBase&)::{lambda()#3}::operator()() const::{lambda()#12}::operator()() const::{lambda(c10::BFloat16)#1}>(at::TensorIteratorBase&, at::native::direct_copy_kernel_cuda(at::TensorIteratorBase&)::{lambda()#3}::operator()() const::{lambda()#12}::operator()() const::{lambda(c10::BFloat16)#1} const&)::{lambda(int)#1})",67,operator_shape_matched,"[[48,10,15,2,26,2],[48,10,15,2,26,2],[]]","[""c10::BFloat16"",""c10::BFloat16"",""Scalar""]",null,1,8
null,aten::copy_,"void at::native::elementwise_kernel<128, 4, at::native::gpu_kernel_impl_nocast<at::native::direct_copy_kernel_cuda(at::TensorIteratorBase&)::{lambda()#3}::operator()() const::{lambda()#12}::operator()() const::{lambda(c10::BFloat16)#1}>(at::TensorIteratorBase&, at::native::direct_copy_kernel_cuda(at::TensorIteratorBase&)::{lambda()#3}::operator()() const::{lambda()#12}::operator()() const::{lambda(c10::BFloat16)#1} const&)::{lambda(int)#1}>(int, at::native::gpu_kernel_impl_nocast<at::native::direct_copy_kernel_cuda(at::TensorIteratorBase&)::{lambda()#3}::operator()() const::{lambda()#12}::operator()() const::{lambda(c10::BFloat16)#1}>(at::TensorIteratorBase&, at::native::direct_copy_kernel_cuda(at::TensorIteratorBase&)::{lambda()#3}::operator()() const::{lambda()#12}::operator()() const::{lambda(c10::BFloat16)#1} const&)::{lambda(int)#1})",68,operator_shape_matched,"[[17,15,26,2,2,48],[17,15,26,2,2,48],[]]","[""c10::BFloat16"",""c10::BFloat16"",""Scalar""]",null,1,6.912
null,aten::copy_,"void at::native::elementwise_kernel<128, 4, at::native::gpu_kernel_impl_nocast<at::native::direct_copy_kernel_cuda(at::TensorIteratorBase&)::{lambda()#3}::operator()() const::{lambda()#12}::operator()() const::{lambda(c10::BFloat16)#1}>(at::TensorIteratorBase&, at::native::direct_copy_kernel_cuda(at::TensorIteratorBase&)::{lambda()#3}::operator()() const::{lambda()#12}::operator()() const::{lambda(c10::BFloat16)#1} const&)::{lambda(int)#1}>(int, at::native::gpu_kernel_impl_nocast<at::native::direct_copy_kernel_cuda(at::TensorIteratorBase&)::{lambda()#3}::operator()() const::{lambda()#12}::operator()() const::{lambda(c10::BFloat16)#1}>(at::TensorIteratorBase&, at::native::direct_copy_kernel_cuda(at::TensorIteratorBase&)::{lambda()#3}::operator()() const::{lambda()#12}::operator()() const::{lambda(c10::BFloat16)#1} const&)::{lambda(int)#1})",69,operator_shape_matched,"[[10,15,26,2,2,48],[10,15,26,2,2,48],[]]","[""c10::BFloat16"",""c10::BFloat16"",""Scalar""]",null,1,6.176
null,aten::copy_,"void at::native::unrolled_elementwise_kernel<at::native::direct_copy_kernel_cuda(at::TensorIteratorBase&)::{lambda()#3}::operator()() const::{lambda()#12}::operator()() const::{lambda(c10::BFloat16)#1}, std::array<char*, 2ul>, 4, TrivialOffsetCalculator<1, unsigned int>, TrivialOffsetCalculator<1, unsigned int>, at::native::memory::LoadWithCast<1>, at::native::memory::StoreWithCast<1> >(int, at::native::direct_copy_kernel_cuda(at::TensorIteratorBase&)::{lambda()#3}::operator()() const::{lambda()#12}::operator()() const::{lambda(c10::BFloat16)#1}, std::array<char*, 2ul>, TrivialOffsetCalculator<1, unsigned int>, TrivialOffsetCalculator<1, unsigned int>, at::native::memory::LoadWithCast<1>, at::native::memory::StoreWithCast<1>)",1,operator_shape_matched,"[[1],[1],[]]","[""c10::BFloat16"",""double"",""Scalar""]",null,4,6.303
null,aten::copy_,"void at::native::unrolled_elementwise_kernel<at::native::direct_copy_kernel_cuda(at::TensorIteratorBase&)::{lambda()#3}::operator()() const::{lambda()#12}::operator()() const::{lambda(c10::BFloat16)#1}, std::array<char*, 2ul>, 4, TrivialOffsetCalculator<1, unsigned int>, TrivialOffsetCalculator<1, unsigned int>, at::native::memory::LoadWithCast<1>, at::native::memory::StoreWithCast<1> >(int, at::native::direct_copy_kernel_cuda(at::TensorIteratorBase&)::{lambda()#3}::operator()() const::{lambda()#12}::operator()() const::{lambda(c10::BFloat16)#1}, std::array<char*, 2ul>, TrivialOffsetCalculator<1, unsigned int>, TrivialOffsetCalculator<1, unsigned int>, at::native::memory::LoadWithCast<1>, at::native::memory::StoreWithCast<1>)",2,operator_shape_matched,"[[14],[14],[]]","[""c10::BFloat16"",""double"",""Scalar""]",null,2,3.456
null,aten::copy_,"void at::native::unrolled_elementwise_kernel<at::native::direct_copy_kernel_cuda(at::TensorIteratorBase&)::{lambda()#3}::operator()() const::{lambda()#12}::operator()() const::{lambda(c10::BFloat16)#1}, std::array<char*, 2ul>, 4, TrivialOffsetCalculator<1, unsigned int>, TrivialOffsetCalculator<1, unsigned int>, at::native::memory::LoadWithCast<1>, at::native::memory::StoreWithCast<1> >(int, at::native::direct_copy_kernel_cuda(at::TensorIteratorBase&)::{lambda()#3}::operator()() const::{lambda()#12}::operator()() const::{lambda(c10::BFloat16)#1}, std::array<char*, 2ul>, TrivialOffsetCalculator<1, unsigned int>, TrivialOffsetCalculator<1, unsigned int>, at::native::memory::LoadWithCast<1>, at::native::memory::StoreWithCast<1>)",3,operator_shape_matched,"[[7],[7],[]]","[""c10::BFloat16"",""double"",""Scalar""]",null,2,3.391
null,aten::copy_,"void at::native::unrolled_elementwise_kernel<at::native::direct_copy_kernel_cuda(at::TensorIteratorBase&)::{lambda()#3}::operator()() const::{lambda()#12}::operator()() const::{lambda(c10::BFloat16)#1}, std::array<char*, 2ul>, 4, TrivialOffsetCalculator<1, unsigned int>, TrivialOffsetCalculator<1, unsigned int>, at::native::memory::LoadWithCast<1>, at::native::memory::StoreWithCast<1> >(int, at::native::direct_copy_kernel_cuda(at::TensorIteratorBase&)::{lambda()#3}::operator()() const::{lambda()#12}::operator()() const::{lambda(c10::BFloat16)#1}, std::array<char*, 2ul>, TrivialOffsetCalculator<1, unsigned int>, TrivialOffsetCalculator<1, unsigned int>, at::native::memory::LoadWithCast<1>, at::native::memory::StoreWithCast<1>)",4,operator_shape_matched,"[[6],[6],[]]","[""c10::BFloat16"",""double"",""Scalar""]",null,2,3.232
null,aten::copy_,"void at::native::unrolled_elementwise_kernel<at::native::direct_copy_kernel_cuda(at::TensorIteratorBase&)::{lambda()#3}::operator()() const::{lambda()#12}::operator()() const::{lambda(c10::BFloat16)#1}, std::array<char*, 2ul>, 4, TrivialOffsetCalculator<1, unsigned int>, TrivialOffsetCalculator<1, unsigned int>, at::native::memory::LoadWithCast<1>, at::native::memory::StoreWithCast<1> >(int, at::native::direct_copy_kernel_cuda(at::TensorIteratorBase&)::{lambda()#3}::operator()() const::{lambda()#12}::operator()() const::{lambda(c10::BFloat16)#1}, std::array<char*, 2ul>, TrivialOffsetCalculator<1, unsigned int>, TrivialOffsetCalculator<1, unsigned int>, at::native::memory::LoadWithCast<1>, at::native::memory::StoreWithCast<1>)",5,operator_shape_matched,"[[4],[4],[]]","[""c10::BFloat16"",""double"",""Scalar""]",null,2,3.135
null,aten::copy_,"void at::native::unrolled_elementwise_kernel<at::native::direct_copy_kernel_cuda(at::TensorIteratorBase&)::{lambda()#3}::operator()() const::{lambda()#4}::operator()() const::{lambda(long)#1}, std::array<char*, 2ul>, 4, TrivialOffsetCalculator<1, unsigned int>, TrivialOffsetCalculator<1, unsigned int>, at::native::memory::LoadWithCast<1>, at::native::memory::StoreWithCast<1> >(int, at::native::direct_copy_kernel_cuda(at::TensorIteratorBase&)::{lambda()#3}::operator()() const::{lambda()#4}::operator()() const::{lambda(long)#1}, std::array<char*, 2ul>, TrivialOffsetCalculator<1, unsigned int>, TrivialOffsetCalculator<1, unsigned int>, at::native::memory::LoadWithCast<1>, at::native::memory::StoreWithCast<1>)",1,operator_shape_matched,"[[90712],[90712],[]]","[""long int"",""int"",""Scalar""]",null,6,27.071
null,aten::copy_,"void at::native::unrolled_elementwise_kernel<at::native::direct_copy_kernel_cuda(at::TensorIteratorBase&)::{lambda()#3}::operator()() const::{lambda()#4}::operator()() const::{lambda(long)#1}, std::array<char*, 2ul>, 4, TrivialOffsetCalculator<1, unsigned int>, TrivialOffsetCalculator<1, unsigned int>, at::native::memory::LoadWithCast<1>, at::native::memory::StoreWithCast<1> >(int, at::native::direct_copy_kernel_cuda(at::TensorIteratorBase&)::{lambda()#3}::operator()() const::{lambda()#4}::operator()() const::{lambda(long)#1}, std::array<char*, 2ul>, TrivialOffsetCalculator<1, unsigned int>, TrivialOffsetCalculator<1, unsigned int>, at::native::memory::LoadWithCast<1>, at::native::memory::StoreWithCast<1>)",2,operator_shape_matched,"[[94380],[94380],[]]","[""long int"",""int"",""Scalar""]",null,6,25.856
null,aten::copy_,"void at::native::unrolled_elementwise_kernel<at::native::direct_copy_kernel_cuda(at::TensorIteratorBase&)::{lambda()#3}::operator()() const::{lambda()#4}::operator()() const::{lambda(long)#1}, std::array<char*, 2ul>, 4, TrivialOffsetCalculator<1, unsigned int>, TrivialOffsetCalculator<1, unsigned int>, at::native::memory::LoadWithCast<1>, at::native::memory::StoreWithCast<1> >(int, at::native::direct_copy_kernel_cuda(at::TensorIteratorBase&)::{lambda()#3}::operator()() const::{lambda()#4}::operator()() const::{lambda(long)#1}, std::array<char*, 2ul>, TrivialOffsetCalculator<1, unsigned int>, TrivialOffsetCalculator<1, unsigned int>, at::native::memory::LoadWithCast<1>, at::native::memory::StoreWithCast<1>)",3,operator_shape_matched,"[[97800],[97800],[]]","[""long int"",""int"",""Scalar""]",null,6,25.569
null,aten::copy_,"void at::native::unrolled_elementwise_kernel<at::native::direct_copy_kernel_cuda(at::TensorIteratorBase&)::{lambda()#3}::operator()() const::{lambda()#4}::operator()() const::{lambda(long)#1}, std::array<char*, 2ul>, 4, TrivialOffsetCalculator<1, unsigned int>, TrivialOffsetCalculator<1, unsigned int>, at::native::memory::LoadWithCast<1>, at::native::memory::StoreWithCast<1> >(int, at::native::direct_copy_kernel_cuda(at::TensorIteratorBase&)::{lambda()#3}::operator()() const::{lambda()#4}::operator()() const::{lambda(long)#1}, std::array<char*, 2ul>, TrivialOffsetCalculator<1, unsigned int>, TrivialOffsetCalculator<1, unsigned int>, at::native::memory::LoadWithCast<1>, at::native::memory::StoreWithCast<1>)",4,operator_shape_matched,"[[96577],[96577],[]]","[""long int"",""int"",""Scalar""]",null,6,25.023
null,aten::copy_,"void at::native::unrolled_elementwise_kernel<at::native::direct_copy_kernel_cuda(at::TensorIteratorBase&)::{lambda()#3}::operator()() const::{lambda()#4}::operator()() const::{lambda(long)#1}, std::array<char*, 2ul>, 4, TrivialOffsetCalculator<1, unsigned int>, TrivialOffsetCalculator<1, unsigned int>, at::native::memory::LoadWithCast<1>, at::native::memory::StoreWithCast<1> >(int, at::native::direct_copy_kernel_cuda(at::TensorIteratorBase&)::{lambda()#3}::operator()() const::{lambda()#4}::operator()() const::{lambda(long)#1}, std::array<char*, 2ul>, TrivialOffsetCalculator<1, unsigned int>, TrivialOffsetCalculator<1, unsigned int>, at::native::memory::LoadWithCast<1>, at::native::memory::StoreWithCast<1>)",5,operator_shape_matched,"[[58650],[58650],[]]","[""long int"",""int"",""Scalar""]",null,5,20.896
null,aten::copy_,"void at::native::unrolled_elementwise_kernel<at::native::direct_copy_kernel_cuda(at::TensorIteratorBase&)::{lambda()#3}::operator()() const::{lambda()#4}::operator()() const::{lambda(long)#1}, std::array<char*, 2ul>, 4, TrivialOffsetCalculator<1, unsigned int>, TrivialOffsetCalculator<1, unsigned int>, at::native::memory::LoadWithCast<1>, at::native::memory::StoreWithCast<1> >(int, at::native::direct_copy_kernel_cuda(at::TensorIteratorBase&)::{lambda()#3}::operator()() const::{lambda()#4}::operator()() const::{lambda(long)#1}, std::array<char*, 2ul>, TrivialOffsetCalculator<1, unsigned int>, TrivialOffsetCalculator<1, unsigned int>, at::native::memory::LoadWithCast<1>, at::native::memory::StoreWithCast<1>)",6,operator_shape_matched,"[[56304],[56304],[]]","[""long int"",""int"",""Scalar""]",null,5,20.576
null,aten::copy_,"void at::native::unrolled_elementwise_kernel<at::native::direct_copy_kernel_cuda(at::TensorIteratorBase&)::{lambda()#3}::operator()() const::{lambda()#4}::operator()() const::{lambda(long)#1}, std::array<char*, 2ul>, 4, TrivialOffsetCalculator<1, unsigned int>, TrivialOffsetCalculator<1, unsigned int>, at::native::memory::LoadWithCast<1>, at::native::memory::StoreWithCast<1> >(int, at::native::direct_copy_kernel_cuda(at::TensorIteratorBase&)::{lambda()#3}::operator()() const::{lambda()#4}::operator()() const::{lambda(long)#1}, std::array<char*, 2ul>, TrivialOffsetCalculator<1, unsigned int>, TrivialOffsetCalculator<1, unsigned int>, at::native::memory::LoadWithCast<1>, at::native::memory::StoreWithCast<1>)",7,operator_shape_matched,"[[1170],[1170],[]]","[""long int"",""int"",""Scalar""]",null,4,16.319
null,aten::copy_,"void at::native::unrolled_elementwise_kernel<at::native::direct_copy_kernel_cuda(at::TensorIteratorBase&)::{lambda()#3}::operator()() const::{lambda()#4}::operator()() const::{lambda(long)#1}, std::array<char*, 2ul>, 4, TrivialOffsetCalculator<1, unsigned int>, TrivialOffsetCalculator<1, unsigned int>, at::native::memory::LoadWithCast<1>, at::native::memory::StoreWithCast<1> >(int, at::native::direct_copy_kernel_cuda(at::TensorIteratorBase&)::{lambda()#3}::operator()() const::{lambda()#4}::operator()() const::{lambda(long)#1}, std::array<char*, 2ul>, TrivialOffsetCalculator<1, unsigned int>, TrivialOffsetCalculator<1, unsigned int>, at::native::memory::LoadWithCast<1>, at::native::memory::StoreWithCast<1>)",8,operator_shape_matched,"[[2612],[2612],[]]","[""long int"",""int"",""Scalar""]",null,4,16.255
null,aten::copy_,"void at::native::unrolled_elementwise_kernel<at::native::direct_copy_kernel_cuda(at::TensorIteratorBase&)::{lambda()#3}::operator()() const::{lambda()#4}::operator()() const::{lambda(long)#1}, std::array<char*, 2ul>, 4, TrivialOffsetCalculator<1, unsigned int>, TrivialOffsetCalculator<1, unsigned int>, at::native::memory::LoadWithCast<1>, at::native::memory::StoreWithCast<1> >(int, at::native::direct_copy_kernel_cuda(at::TensorIteratorBase&)::{lambda()#3}::operator()() const::{lambda()#4}::operator()() const::{lambda(long)#1}, std::array<char*, 2ul>, TrivialOffsetCalculator<1, unsigned int>, TrivialOffsetCalculator<1, unsigned int>, at::native::memory::LoadWithCast<1>, at::native::memory::StoreWithCast<1>)",9,operator_shape_matched,"[[1394],[1394],[]]","[""long int"",""int"",""Scalar""]",null,4,15.68
null,aten::copy_,"void at::native::unrolled_elementwise_kernel<at::native::direct_copy_kernel_cuda(at::TensorIteratorBase&)::{lambda()#3}::operator()() const::{lambda()#4}::operator()() const::{lambda(long)#1}, std::array<char*, 2ul>, 4, TrivialOffsetCalculator<1, unsigned int>, TrivialOffsetCalculator<1, unsigned int>, at::native::memory::LoadWithCast<1>, at::native::memory::StoreWithCast<1> >(int, at::native::direct_copy_kernel_cuda(at::TensorIteratorBase&)::{lambda()#3}::operator()() const::{lambda()#4}::operator()() const::{lambda(long)#1}, std::array<char*, 2ul>, TrivialOffsetCalculator<1, unsigned int>, TrivialOffsetCalculator<1, unsigned int>, at::native::memory::LoadWithCast<1>, at::native::memory::StoreWithCast<1>)",10,operator_shape_matched,"[[906],[906],[]]","[""long int"",""int"",""Scalar""]",null,4,14.656
null,aten::copy_,"void at::native::unrolled_elementwise_kernel<at::native::direct_copy_kernel_cuda(at::TensorIteratorBase&)::{lambda()#3}::operator()() const::{lambda()#4}::operator()() const::{lambda(long)#1}, std::array<char*, 2ul>, 4, TrivialOffsetCalculator<1, unsigned int>, TrivialOffsetCalculator<1, unsigned int>, at::native::memory::LoadWithCast<1>, at::native::memory::StoreWithCast<1> >(int, at::native::direct_copy_kernel_cuda(at::TensorIteratorBase&)::{lambda()#3}::operator()() const::{lambda()#4}::operator()() const::{lambda(long)#1}, std::array<char*, 2ul>, TrivialOffsetCalculator<1, unsigned int>, TrivialOffsetCalculator<1, unsigned int>, at::native::memory::LoadWithCast<1>, at::native::memory::StoreWithCast<1>)",11,operator_shape_matched,"[[301],[301],[]]","[""long int"",""int"",""Scalar""]",null,4,12.737
null,aten::copy_,"void at::native::unrolled_elementwise_kernel<at::native::direct_copy_kernel_cuda(at::TensorIteratorBase&)::{lambda()#3}::operator()() const::{lambda()#4}::operator()() const::{lambda(long)#1}, std::array<char*, 2ul>, 4, TrivialOffsetCalculator<1, unsigned int>, TrivialOffsetCalculator<1, unsigned int>, at::native::memory::LoadWithCast<1>, at::native::memory::StoreWithCast<1> >(int, at::native::direct_copy_kernel_cuda(at::TensorIteratorBase&)::{lambda()#3}::operator()() const::{lambda()#4}::operator()() const::{lambda(long)#1}, std::array<char*, 2ul>, TrivialOffsetCalculator<1, unsigned int>, TrivialOffsetCalculator<1, unsigned int>, at::native::memory::LoadWithCast<1>, at::native::memory::StoreWithCast<1>)",12,operator_shape_matched,"[[289],[289],[]]","[""long int"",""int"",""Scalar""]",null,4,12.383
null,aten::copy_,"void at::native::unrolled_elementwise_kernel<at::native::direct_copy_kernel_cuda(at::TensorIteratorBase&)::{lambda()#3}::operator()() const::{lambda()#4}::operator()() const::{lambda(long)#1}, std::array<char*, 2ul>, 4, TrivialOffsetCalculator<1, unsigned int>, TrivialOffsetCalculator<1, unsigned int>, at::native::memory::LoadWithCast<1>, at::native::memory::StoreWithCast<1> >(int, at::native::direct_copy_kernel_cuda(at::TensorIteratorBase&)::{lambda()#3}::operator()() const::{lambda()#4}::operator()() const::{lambda(long)#1}, std::array<char*, 2ul>, TrivialOffsetCalculator<1, unsigned int>, TrivialOffsetCalculator<1, unsigned int>, at::native::memory::LoadWithCast<1>, at::native::memory::StoreWithCast<1>)",13,operator_shape_matched,"[[94380],[94380],[]]","[""long int"",""long int"",""Scalar""]",null,2,8.832
null,aten::copy_,"void at::native::unrolled_elementwise_kernel<at::native::direct_copy_kernel_cuda(at::TensorIteratorBase&)::{lambda()#3}::operator()() const::{lambda()#4}::operator()() const::{lambda(long)#1}, std::array<char*, 2ul>, 4, TrivialOffsetCalculator<1, unsigned int>, TrivialOffsetCalculator<1, unsigned int>, at::native::memory::LoadWithCast<1>, at::native::memory::StoreWithCast<1> >(int, at::native::direct_copy_kernel_cuda(at::TensorIteratorBase&)::{lambda()#3}::operator()() const::{lambda()#4}::operator()() const::{lambda(long)#1}, std::array<char*, 2ul>, TrivialOffsetCalculator<1, unsigned int>, TrivialOffsetCalculator<1, unsigned int>, at::native::memory::LoadWithCast<1>, at::native::memory::StoreWithCast<1>)",14,operator_shape_matched,"[[90712],[90712],[]]","[""long int"",""long int"",""Scalar""]",null,2,8.672
null,aten::copy_,"void at::native::unrolled_elementwise_kernel<at::native::direct_copy_kernel_cuda(at::TensorIteratorBase&)::{lambda()#3}::operator()() const::{lambda()#4}::operator()() const::{lambda(long)#1}, std::array<char*, 2ul>, 4, TrivialOffsetCalculator<1, unsigned int>, TrivialOffsetCalculator<1, unsigned int>, at::native::memory::LoadWithCast<1>, at::native::memory::StoreWithCast<1> >(int, at::native::direct_copy_kernel_cuda(at::TensorIteratorBase&)::{lambda()#3}::operator()() const::{lambda()#4}::operator()() const::{lambda(long)#1}, std::array<char*, 2ul>, TrivialOffsetCalculator<1, unsigned int>, TrivialOffsetCalculator<1, unsigned int>, at::native::memory::LoadWithCast<1>, at::native::memory::StoreWithCast<1>)",15,operator_shape_matched,"[[96577],[96577],[]]","[""long int"",""long int"",""Scalar""]",null,2,8.512
null,aten::copy_,"void at::native::unrolled_elementwise_kernel<at::native::direct_copy_kernel_cuda(at::TensorIteratorBase&)::{lambda()#3}::operator()() const::{lambda()#4}::operator()() const::{lambda(long)#1}, std::array<char*, 2ul>, 4, TrivialOffsetCalculator<1, unsigned int>, TrivialOffsetCalculator<1, unsigned int>, at::native::memory::LoadWithCast<1>, at::native::memory::StoreWithCast<1> >(int, at::native::direct_copy_kernel_cuda(at::TensorIteratorBase&)::{lambda()#3}::operator()() const::{lambda()#4}::operator()() const::{lambda(long)#1}, std::array<char*, 2ul>, TrivialOffsetCalculator<1, unsigned int>, TrivialOffsetCalculator<1, unsigned int>, at::native::memory::LoadWithCast<1>, at::native::memory::StoreWithCast<1>)",16,operator_shape_matched,"[[97800],[97800],[]]","[""long int"",""long int"",""Scalar""]",null,2,8.512
null,aten::copy_,"void at::native::unrolled_elementwise_kernel<at::native::direct_copy_kernel_cuda(at::TensorIteratorBase&)::{lambda()#3}::operator()() const::{lambda()#4}::operator()() const::{lambda(long)#1}, std::array<char*, 2ul>, 4, TrivialOffsetCalculator<1, unsigned int>, TrivialOffsetCalculator<1, unsigned int>, at::native::memory::LoadWithCast<1>, at::native::memory::StoreWithCast<1> >(int, at::native::direct_copy_kernel_cuda(at::TensorIteratorBase&)::{lambda()#3}::operator()() const::{lambda()#4}::operator()() const::{lambda(long)#1}, std::array<char*, 2ul>, TrivialOffsetCalculator<1, unsigned int>, TrivialOffsetCalculator<1, unsigned int>, at::native::memory::LoadWithCast<1>, at::native::memory::StoreWithCast<1>)",17,operator_shape_matched,"[[56304],[56304],[]]","[""long int"",""long int"",""Scalar""]",null,2,8
null,aten::copy_,"void at::native::unrolled_elementwise_kernel<at::native::direct_copy_kernel_cuda(at::TensorIteratorBase&)::{lambda()#3}::operator()() const::{lambda()#4}::operator()() const::{lambda(long)#1}, std::array<char*, 2ul>, 4, TrivialOffsetCalculator<1, unsigned int>, TrivialOffsetCalculator<1, unsigned int>, at::native::memory::LoadWithCast<1>, at::native::memory::StoreWithCast<1> >(int, at::native::direct_copy_kernel_cuda(at::TensorIteratorBase&)::{lambda()#3}::operator()() const::{lambda()#4}::operator()() const::{lambda(long)#1}, std::array<char*, 2ul>, TrivialOffsetCalculator<1, unsigned int>, TrivialOffsetCalculator<1, unsigned int>, at::native::memory::LoadWithCast<1>, at::native::memory::StoreWithCast<1>)",18,operator_shape_matched,"[[58650],[58650],[]]","[""long int"",""long int"",""Scalar""]",null,2,7.904
null,aten::copy_,"void at::native::unrolled_elementwise_kernel<at::native::direct_copy_kernel_cuda(at::TensorIteratorBase&)::{lambda()#3}::operator()() const::{lambda()#4}::operator()() const::{lambda(long)#1}, std::array<char*, 2ul>, 4, TrivialOffsetCalculator<1, unsigned int>, TrivialOffsetCalculator<1, unsigned int>, at::native::memory::LoadWithCast<1>, at::native::memory::StoreWithCast<1> >(int, at::native::direct_copy_kernel_cuda(at::TensorIteratorBase&)::{lambda()#3}::operator()() const::{lambda()#4}::operator()() const::{lambda(long)#1}, std::array<char*, 2ul>, TrivialOffsetCalculator<1, unsigned int>, TrivialOffsetCalculator<1, unsigned int>, at::native::memory::LoadWithCast<1>, at::native::memory::StoreWithCast<1>)",19,operator_shape_matched,"[[1170],[1170],[]]","[""long int"",""long int"",""Scalar""]",null,2,7.008
null,aten::copy_,"void at::native::unrolled_elementwise_kernel<at::native::direct_copy_kernel_cuda(at::TensorIteratorBase&)::{lambda()#3}::operator()() const::{lambda()#4}::operator()() const::{lambda(long)#1}, std::array<char*, 2ul>, 4, TrivialOffsetCalculator<1, unsigned int>, TrivialOffsetCalculator<1, unsigned int>, at::native::memory::LoadWithCast<1>, at::native::memory::StoreWithCast<1> >(int, at::native::direct_copy_kernel_cuda(at::TensorIteratorBase&)::{lambda()#3}::operator()() const::{lambda()#4}::operator()() const::{lambda(long)#1}, std::array<char*, 2ul>, TrivialOffsetCalculator<1, unsigned int>, TrivialOffsetCalculator<1, unsigned int>, at::native::memory::LoadWithCast<1>, at::native::memory::StoreWithCast<1>)",20,operator_shape_matched,"[[2612],[2612],[]]","[""long int"",""long int"",""Scalar""]",null,2,6.881
null,aten::copy_,"void at::native::unrolled_elementwise_kernel<at::native::direct_copy_kernel_cuda(at::TensorIteratorBase&)::{lambda()#3}::operator()() const::{lambda()#4}::operator()() const::{lambda(long)#1}, std::array<char*, 2ul>, 4, TrivialOffsetCalculator<1, unsigned int>, TrivialOffsetCalculator<1, unsigned int>, at::native::memory::LoadWithCast<1>, at::native::memory::StoreWithCast<1> >(int, at::native::direct_copy_kernel_cuda(at::TensorIteratorBase&)::{lambda()#3}::operator()() const::{lambda()#4}::operator()() const::{lambda(long)#1}, std::array<char*, 2ul>, TrivialOffsetCalculator<1, unsigned int>, TrivialOffsetCalculator<1, unsigned int>, at::native::memory::LoadWithCast<1>, at::native::memory::StoreWithCast<1>)",21,operator_shape_matched,"[[1394],[1394],[]]","[""long int"",""long int"",""Scalar""]",null,2,6.144
null,aten::copy_,"void at::native::unrolled_elementwise_kernel<at::native::direct_copy_kernel_cuda(at::TensorIteratorBase&)::{lambda()#3}::operator()() const::{lambda()#4}::operator()() const::{lambda(long)#1}, std::array<char*, 2ul>, 4, TrivialOffsetCalculator<1, unsigned int>, TrivialOffsetCalculator<1, unsigned int>, at::native::memory::LoadWithCast<1>, at::native::memory::StoreWithCast<1> >(int, at::native::direct_copy_kernel_cuda(at::TensorIteratorBase&)::{lambda()#3}::operator()() const::{lambda()#4}::operator()() const::{lambda(long)#1}, std::array<char*, 2ul>, TrivialOffsetCalculator<1, unsigned int>, TrivialOffsetCalculator<1, unsigned int>, at::native::memory::LoadWithCast<1>, at::native::memory::StoreWithCast<1>)",22,operator_shape_matched,"[[289],[289],[]]","[""long int"",""long int"",""Scalar""]",null,2,5.888
null,aten::copy_,"void at::native::unrolled_elementwise_kernel<at::native::direct_copy_kernel_cuda(at::TensorIteratorBase&)::{lambda()#3}::operator()() const::{lambda()#4}::operator()() const::{lambda(long)#1}, std::array<char*, 2ul>, 4, TrivialOffsetCalculator<1, unsigned int>, TrivialOffsetCalculator<1, unsigned int>, at::native::memory::LoadWithCast<1>, at::native::memory::StoreWithCast<1> >(int, at::native::direct_copy_kernel_cuda(at::TensorIteratorBase&)::{lambda()#3}::operator()() const::{lambda()#4}::operator()() const::{lambda(long)#1}, std::array<char*, 2ul>, TrivialOffsetCalculator<1, unsigned int>, TrivialOffsetCalculator<1, unsigned int>, at::native::memory::LoadWithCast<1>, at::native::memory::StoreWithCast<1>)",23,operator_shape_matched,"[[906],[906],[]]","[""long int"",""long int"",""Scalar""]",null,2,5.632
null,aten::copy_,"void at::native::unrolled_elementwise_kernel<at::native::direct_copy_kernel_cuda(at::TensorIteratorBase&)::{lambda()#3}::operator()() const::{lambda()#4}::operator()() const::{lambda(long)#1}, std::array<char*, 2ul>, 4, TrivialOffsetCalculator<1, unsigned int>, TrivialOffsetCalculator<1, unsigned int>, at::native::memory::LoadWithCast<1>, at::native::memory::StoreWithCast<1> >(int, at::native::direct_copy_kernel_cuda(at::TensorIteratorBase&)::{lambda()#3}::operator()() const::{lambda()#4}::operator()() const::{lambda(long)#1}, std::array<char*, 2ul>, TrivialOffsetCalculator<1, unsigned int>, TrivialOffsetCalculator<1, unsigned int>, at::native::memory::LoadWithCast<1>, at::native::memory::StoreWithCast<1>)",24,operator_shape_matched,"[[301],[301],[]]","[""long int"",""long int"",""Scalar""]",null,2,5.568
null,aten::copy_,"void at::native::unrolled_elementwise_kernel<at::native::direct_copy_kernel_cuda(at::TensorIteratorBase&)::{lambda()#3}::operator()() const::{lambda()#4}::operator()() const::{lambda(long)#1}, std::array<char*, 2ul>, 4, TrivialOffsetCalculator<1, unsigned int>, TrivialOffsetCalculator<1, unsigned int>, at::native::memory::LoadWithCast<1>, at::native::memory::StoreWithCast<1> >(int, at::native::direct_copy_kernel_cuda(at::TensorIteratorBase&)::{lambda()#3}::operator()() const::{lambda()#4}::operator()() const::{lambda(long)#1}, std::array<char*, 2ul>, TrivialOffsetCalculator<1, unsigned int>, TrivialOffsetCalculator<1, unsigned int>, at::native::memory::LoadWithCast<1>, at::native::memory::StoreWithCast<1>)",25,operator_shape_matched,"[[2612],[2612],[]]","[""int"",""int"",""Scalar""]",null,1,3.712
null,aten::copy_,"void at::native::unrolled_elementwise_kernel<at::native::direct_copy_kernel_cuda(at::TensorIteratorBase&)::{lambda()#3}::operator()() const::{lambda()#4}::operator()() const::{lambda(long)#1}, std::array<char*, 2ul>, 4, TrivialOffsetCalculator<1, unsigned int>, TrivialOffsetCalculator<1, unsigned int>, at::native::memory::LoadWithCast<1>, at::native::memory::StoreWithCast<1> >(int, at::native::direct_copy_kernel_cuda(at::TensorIteratorBase&)::{lambda()#3}::operator()() const::{lambda()#4}::operator()() const::{lambda(long)#1}, std::array<char*, 2ul>, TrivialOffsetCalculator<1, unsigned int>, TrivialOffsetCalculator<1, unsigned int>, at::native::memory::LoadWithCast<1>, at::native::memory::StoreWithCast<1>)",26,operator_shape_matched,"[[1170],[1170],[]]","[""int"",""int"",""Scalar""]",null,1,3.52
null,aten::copy_,"void at::native::unrolled_elementwise_kernel<at::native::direct_copy_kernel_cuda(at::TensorIteratorBase&)::{lambda()#3}::operator()() const::{lambda()#4}::operator()() const::{lambda(long)#1}, std::array<char*, 2ul>, 4, TrivialOffsetCalculator<1, unsigned int>, TrivialOffsetCalculator<1, unsigned int>, at::native::memory::LoadWithCast<1>, at::native::memory::StoreWithCast<1> >(int, at::native::direct_copy_kernel_cuda(at::TensorIteratorBase&)::{lambda()#3}::operator()() const::{lambda()#4}::operator()() const::{lambda(long)#1}, std::array<char*, 2ul>, TrivialOffsetCalculator<1, unsigned int>, TrivialOffsetCalculator<1, unsigned int>, at::native::memory::LoadWithCast<1>, at::native::memory::StoreWithCast<1>)",27,operator_shape_matched,"[[1394],[1394],[]]","[""int"",""int"",""Scalar""]",null,1,3.456
null,aten::copy_,"void at::native::unrolled_elementwise_kernel<at::native::direct_copy_kernel_cuda(at::TensorIteratorBase&)::{lambda()#3}::operator()() const::{lambda()#4}::operator()() const::{lambda(long)#1}, std::array<char*, 2ul>, 4, TrivialOffsetCalculator<1, unsigned int>, TrivialOffsetCalculator<1, unsigned int>, at::native::memory::LoadWithCast<1>, at::native::memory::StoreWithCast<1> >(int, at::native::direct_copy_kernel_cuda(at::TensorIteratorBase&)::{lambda()#3}::operator()() const::{lambda()#4}::operator()() const::{lambda(long)#1}, std::array<char*, 2ul>, TrivialOffsetCalculator<1, unsigned int>, TrivialOffsetCalculator<1, unsigned int>, at::native::memory::LoadWithCast<1>, at::native::memory::StoreWithCast<1>)",28,operator_shape_matched,"[[58650],[58650],[]]","[""float"",""long int"",""Scalar""]",null,1,3.424
null,aten::copy_,"void at::native::unrolled_elementwise_kernel<at::native::direct_copy_kernel_cuda(at::TensorIteratorBase&)::{lambda()#3}::operator()() const::{lambda()#4}::operator()() const::{lambda(long)#1}, std::array<char*, 2ul>, 4, TrivialOffsetCalculator<1, unsigned int>, TrivialOffsetCalculator<1, unsigned int>, at::native::memory::LoadWithCast<1>, at::native::memory::StoreWithCast<1> >(int, at::native::direct_copy_kernel_cuda(at::TensorIteratorBase&)::{lambda()#3}::operator()() const::{lambda()#4}::operator()() const::{lambda(long)#1}, std::array<char*, 2ul>, TrivialOffsetCalculator<1, unsigned int>, TrivialOffsetCalculator<1, unsigned int>, at::native::memory::LoadWithCast<1>, at::native::memory::StoreWithCast<1>)",29,operator_shape_matched,"[[56304],[56304],[]]","[""float"",""long int"",""Scalar""]",null,1,3.328
null,aten::copy_,"void at::native::unrolled_elementwise_kernel<at::native::direct_copy_kernel_cuda(at::TensorIteratorBase&)::{lambda()#3}::operator()() const::{lambda()#4}::operator()() const::{lambda(long)#1}, std::array<char*, 2ul>, 4, TrivialOffsetCalculator<1, unsigned int>, TrivialOffsetCalculator<1, unsigned int>, at::native::memory::LoadWithCast<1>, at::native::memory::StoreWithCast<1> >(int, at::native::direct_copy_kernel_cuda(at::TensorIteratorBase&)::{lambda()#3}::operator()() const::{lambda()#4}::operator()() const::{lambda(long)#1}, std::array<char*, 2ul>, TrivialOffsetCalculator<1, unsigned int>, TrivialOffsetCalculator<1, unsigned int>, at::native::memory::LoadWithCast<1>, at::native::memory::StoreWithCast<1>)",30,operator_shape_matched,"[[301],[301],[]]","[""int"",""int"",""Scalar""]",null,1,3.104
null,aten::copy_,"void at::native::unrolled_elementwise_kernel<at::native::direct_copy_kernel_cuda(at::TensorIteratorBase&)::{lambda()#3}::operator()() const::{lambda()#4}::operator()() const::{lambda(long)#1}, std::array<char*, 2ul>, 4, TrivialOffsetCalculator<1, unsigned int>, TrivialOffsetCalculator<1, unsigned int>, at::native::memory::LoadWithCast<1>, at::native::memory::StoreWithCast<1> >(int, at::native::direct_copy_kernel_cuda(at::TensorIteratorBase&)::{lambda()#3}::operator()() const::{lambda()#4}::operator()() const::{lambda(long)#1}, std::array<char*, 2ul>, TrivialOffsetCalculator<1, unsigned int>, TrivialOffsetCalculator<1, unsigned int>, at::native::memory::LoadWithCast<1>, at::native::memory::StoreWithCast<1>)",31,operator_shape_matched,"[[906],[906],[]]","[""int"",""int"",""Scalar""]",null,1,3.103
null,aten::copy_,"void at::native::unrolled_elementwise_kernel<at::native::direct_copy_kernel_cuda(at::TensorIteratorBase&)::{lambda()#3}::operator()() const::{lambda()#4}::operator()() const::{lambda(long)#1}, std::array<char*, 2ul>, 4, TrivialOffsetCalculator<1, unsigned int>, TrivialOffsetCalculator<1, unsigned int>, at::native::memory::LoadWithCast<1>, at::native::memory::StoreWithCast<1> >(int, at::native::direct_copy_kernel_cuda(at::TensorIteratorBase&)::{lambda()#3}::operator()() const::{lambda()#4}::operator()() const::{lambda(long)#1}, std::array<char*, 2ul>, TrivialOffsetCalculator<1, unsigned int>, TrivialOffsetCalculator<1, unsigned int>, at::native::memory::LoadWithCast<1>, at::native::memory::StoreWithCast<1>)",32,operator_shape_matched,"[[289],[289],[]]","[""int"",""int"",""Scalar""]",null,1,2.912
null,aten::copy_,"void at::native::unrolled_elementwise_kernel<at::native::direct_copy_kernel_cuda(at::TensorIteratorBase&)::{lambda()#3}::operator()() const::{lambda()#7}::operator()() const::{lambda(float)#1}, std::array<char*, 2ul>, 4, TrivialOffsetCalculator<1, unsigned int>, TrivialOffsetCalculator<1, unsigned int>, at::native::memory::LoadWithCast<1>, at::native::memory::StoreWithCast<1> >(int, at::native::direct_copy_kernel_cuda(at::TensorIteratorBase&)::{lambda()#3}::operator()() const::{lambda()#7}::operator()() const::{lambda(float)#1}, std::array<char*, 2ul>, TrivialOffsetCalculator<1, unsigned int>, TrivialOffsetCalculator<1, unsigned int>, at::native::memory::LoadWithCast<1>, at::native::memory::StoreWithCast<1>)",1,operator_shape_matched,"[[98304,4096],[98304,4096],[]]","[""float"",""c10::BFloat16"",""Scalar""]",null,8,12016.419
null,aten::copy_,"void at::native::unrolled_elementwise_kernel<at::native::direct_copy_kernel_cuda(at::TensorIteratorBase&)::{lambda()#3}::operator()() const::{lambda()#7}::operator()() const::{lambda(float)#1}, std::array<char*, 2ul>, 4, TrivialOffsetCalculator<1, unsigned int>, TrivialOffsetCalculator<1, unsigned int>, at::native::memory::LoadWithCast<1>, at::native::memory::StoreWithCast<1> >(int, at::native::direct_copy_kernel_cuda(at::TensorIteratorBase&)::{lambda()#3}::operator()() const::{lambda()#7}::operator()() const::{lambda(float)#1}, std::array<char*, 2ul>, TrivialOffsetCalculator<1, unsigned int>, TrivialOffsetCalculator<1, unsigned int>, at::native::memory::LoadWithCast<1>, at::native::memory::StoreWithCast<1>)",2,operator_shape_matched,"[[98304,4096],[98304,4096],[]]","[""c10::BFloat16"",""float"",""Scalar""]",null,4,5791.807
null,aten::copy_,"void at::native::unrolled_elementwise_kernel<at::native::direct_copy_kernel_cuda(at::TensorIteratorBase&)::{lambda()#3}::operator()() const::{lambda()#7}::operator()() const::{lambda(float)#1}, std::array<char*, 2ul>, 4, TrivialOffsetCalculator<1, unsigned int>, TrivialOffsetCalculator<1, unsigned int>, at::native::memory::LoadWithCast<1>, at::native::memory::StoreWithCast<1> >(int, at::native::direct_copy_kernel_cuda(at::TensorIteratorBase&)::{lambda()#3}::operator()() const::{lambda()#7}::operator()() const::{lambda(float)#1}, std::array<char*, 2ul>, TrivialOffsetCalculator<1, unsigned int>, TrivialOffsetCalculator<1, unsigned int>, at::native::memory::LoadWithCast<1>, at::native::memory::StoreWithCast<1>)",3,operator_shape_matched,"[[96000,4096],[96000,4096],[]]","[""c10::BFloat16"",""float"",""Scalar""]",null,1,1656.136
null,aten::copy_,"void at::native::unrolled_elementwise_kernel<at::native::direct_copy_kernel_cuda(at::TensorIteratorBase&)::{lambda()#3}::operator()() const::{lambda()#7}::operator()() const::{lambda(float)#1}, std::array<char*, 2ul>, 4, TrivialOffsetCalculator<1, unsigned int>, TrivialOffsetCalculator<1, unsigned int>, at::native::memory::LoadWithCast<1>, at::native::memory::StoreWithCast<1> >(int, at::native::direct_copy_kernel_cuda(at::TensorIteratorBase&)::{lambda()#3}::operator()() const::{lambda()#7}::operator()() const::{lambda(float)#1}, std::array<char*, 2ul>, TrivialOffsetCalculator<1, unsigned int>, TrivialOffsetCalculator<1, unsigned int>, at::native::memory::LoadWithCast<1>, at::native::memory::StoreWithCast<1>)",4,operator_shape_matched,"[[94622,4096],[94622,4096],[]]","[""c10::BFloat16"",""float"",""Scalar""]",null,1,1448.712
null,aten::copy_,"void at::native::unrolled_elementwise_kernel<at::native::direct_copy_kernel_cuda(at::TensorIteratorBase&)::{lambda()#3}::operator()() const::{lambda()#7}::operator()() const::{lambda(float)#1}, std::array<char*, 2ul>, 4, TrivialOffsetCalculator<1, unsigned int>, TrivialOffsetCalculator<1, unsigned int>, at::native::memory::LoadWithCast<1>, at::native::memory::StoreWithCast<1> >(int, at::native::direct_copy_kernel_cuda(at::TensorIteratorBase&)::{lambda()#3}::operator()() const::{lambda()#7}::operator()() const::{lambda(float)#1}, std::array<char*, 2ul>, TrivialOffsetCalculator<1, unsigned int>, TrivialOffsetCalculator<1, unsigned int>, at::native::memory::LoadWithCast<1>, at::native::memory::StoreWithCast<1>)",5,operator_shape_matched,"[[90870,4096],[90870,4096],[]]","[""c10::BFloat16"",""float"",""Scalar""]",null,1,1445.32
null,aten::copy_,"void at::native::unrolled_elementwise_kernel<at::native::direct_copy_kernel_cuda(at::TensorIteratorBase&)::{lambda()#3}::operator()() const::{lambda()#7}::operator()() const::{lambda(float)#1}, std::array<char*, 2ul>, 4, TrivialOffsetCalculator<1, unsigned int>, TrivialOffsetCalculator<1, unsigned int>, at::native::memory::LoadWithCast<1>, at::native::memory::StoreWithCast<1> >(int, at::native::direct_copy_kernel_cuda(at::TensorIteratorBase&)::{lambda()#3}::operator()() const::{lambda()#7}::operator()() const::{lambda(float)#1}, std::array<char*, 2ul>, TrivialOffsetCalculator<1, unsigned int>, TrivialOffsetCalculator<1, unsigned int>, at::native::memory::LoadWithCast<1>, at::native::memory::StoreWithCast<1>)",6,operator_shape_matched,"[[90321,4096],[90321,4096],[]]","[""c10::BFloat16"",""float"",""Scalar""]",null,1,1274.727
null,aten::copy_,"void at::native::unrolled_elementwise_kernel<at::native::direct_copy_kernel_cuda(at::TensorIteratorBase&)::{lambda()#3}::operator()() const::{lambda()#7}::operator()() const::{lambda(float)#1}, std::array<char*, 2ul>, 4, TrivialOffsetCalculator<1, unsigned int>, TrivialOffsetCalculator<1, unsigned int>, at::native::memory::LoadWithCast<1>, at::native::memory::StoreWithCast<1> >(int, at::native::direct_copy_kernel_cuda(at::TensorIteratorBase&)::{lambda()#3}::operator()() const::{lambda()#7}::operator()() const::{lambda(float)#1}, std::array<char*, 2ul>, TrivialOffsetCalculator<1, unsigned int>, TrivialOffsetCalculator<1, unsigned int>, at::native::memory::LoadWithCast<1>, at::native::memory::StoreWithCast<1>)",7,operator_shape_matched,"[[58259,4096],[58259,4096],[]]","[""c10::BFloat16"",""float"",""Scalar""]",null,1,886.757
null,aten::copy_,"void at::native::unrolled_elementwise_kernel<at::native::direct_copy_kernel_cuda(at::TensorIteratorBase&)::{lambda()#3}::operator()() const::{lambda()#7}::operator()() const::{lambda(float)#1}, std::array<char*, 2ul>, 4, TrivialOffsetCalculator<1, unsigned int>, TrivialOffsetCalculator<1, unsigned int>, at::native::memory::LoadWithCast<1>, at::native::memory::StoreWithCast<1> >(int, at::native::direct_copy_kernel_cuda(at::TensorIteratorBase&)::{lambda()#3}::operator()() const::{lambda()#7}::operator()() const::{lambda(float)#1}, std::array<char*, 2ul>, TrivialOffsetCalculator<1, unsigned int>, TrivialOffsetCalculator<1, unsigned int>, at::native::memory::LoadWithCast<1>, at::native::memory::StoreWithCast<1>)",8,operator_shape_matched,"[[55913,4096],[55913,4096],[]]","[""c10::BFloat16"",""float"",""Scalar""]",null,1,850.756
null,aten::copy_,"void at::native::unrolled_elementwise_kernel<at::native::direct_copy_kernel_cuda(at::TensorIteratorBase&)::{lambda()#3}::operator()() const::{lambda()#7}::operator()() const::{lambda(float)#1}, std::array<char*, 2ul>, 4, TrivialOffsetCalculator<1, unsigned int>, TrivialOffsetCalculator<1, unsigned int>, at::native::memory::LoadWithCast<1>, at::native::memory::StoreWithCast<1> >(int, at::native::direct_copy_kernel_cuda(at::TensorIteratorBase&)::{lambda()#3}::operator()() const::{lambda()#7}::operator()() const::{lambda(float)#1}, std::array<char*, 2ul>, TrivialOffsetCalculator<1, unsigned int>, TrivialOffsetCalculator<1, unsigned int>, at::native::memory::LoadWithCast<1>, at::native::memory::StoreWithCast<1>)",9,operator_shape_matched,"[[3072,4096],[3072,4096],[]]","[""float"",""c10::BFloat16"",""Scalar""]",null,8,393.056
null,aten::copy_,"void at::native::unrolled_elementwise_kernel<at::native::direct_copy_kernel_cuda(at::TensorIteratorBase&)::{lambda()#3}::operator()() const::{lambda()#7}::operator()() const::{lambda(float)#1}, std::array<char*, 2ul>, 4, TrivialOffsetCalculator<1, unsigned int>, TrivialOffsetCalculator<1, unsigned int>, at::native::memory::LoadWithCast<1>, at::native::memory::StoreWithCast<1> >(int, at::native::direct_copy_kernel_cuda(at::TensorIteratorBase&)::{lambda()#3}::operator()() const::{lambda()#7}::operator()() const::{lambda(float)#1}, std::array<char*, 2ul>, TrivialOffsetCalculator<1, unsigned int>, TrivialOffsetCalculator<1, unsigned int>, at::native::memory::LoadWithCast<1>, at::native::memory::StoreWithCast<1>)",10,operator_shape_matched,"[[3072,4096],[3072,4096],[]]","[""c10::BFloat16"",""float"",""Scalar""]",null,4,190.433
null,aten::copy_,"void at::native::unrolled_elementwise_kernel<at::native::direct_copy_kernel_cuda(at::TensorIteratorBase&)::{lambda()#3}::operator()() const::{lambda()#7}::operator()() const::{lambda(float)#1}, std::array<char*, 2ul>, 4, TrivialOffsetCalculator<1, unsigned int>, TrivialOffsetCalculator<1, unsigned int>, at::native::memory::LoadWithCast<1>, at::native::memory::StoreWithCast<1> >(int, at::native::direct_copy_kernel_cuda(at::TensorIteratorBase&)::{lambda()#3}::operator()() const::{lambda()#7}::operator()() const::{lambda(float)#1}, std::array<char*, 2ul>, TrivialOffsetCalculator<1, unsigned int>, TrivialOffsetCalculator<1, unsigned int>, at::native::memory::LoadWithCast<1>, at::native::memory::StoreWithCast<1>)",11,operator_shape_matched,"[[4096,4096],[4096,4096],[]]","[""float"",""c10::BFloat16"",""Scalar""]",null,3,168.801
null,aten::copy_,"void at::native::unrolled_elementwise_kernel<at::native::direct_copy_kernel_cuda(at::TensorIteratorBase&)::{lambda()#3}::operator()() const::{lambda()#7}::operator()() const::{lambda(float)#1}, std::array<char*, 2ul>, 4, TrivialOffsetCalculator<1, unsigned int>, TrivialOffsetCalculator<1, unsigned int>, at::native::memory::LoadWithCast<1>, at::native::memory::StoreWithCast<1> >(int, at::native::direct_copy_kernel_cuda(at::TensorIteratorBase&)::{lambda()#3}::operator()() const::{lambda()#7}::operator()() const::{lambda(float)#1}, std::array<char*, 2ul>, TrivialOffsetCalculator<1, unsigned int>, TrivialOffsetCalculator<1, unsigned int>, at::native::memory::LoadWithCast<1>, at::native::memory::StoreWithCast<1>)",12,operator_shape_matched,"[[4096,4096],[4096,4096],[]]","[""c10::BFloat16"",""float"",""Scalar""]",null,3,168.193
null,aten::copy_,"void at::native::unrolled_elementwise_kernel<at::native::direct_copy_kernel_cuda(at::TensorIteratorBase&)::{lambda()#3}::operator()() const::{lambda()#7}::operator()() const::{lambda(float)#1}, std::array<char*, 2ul>, 4, TrivialOffsetCalculator<1, unsigned int>, TrivialOffsetCalculator<1, unsigned int>, at::native::memory::LoadWithCast<1>, at::native::memory::StoreWithCast<1> >(int, at::native::direct_copy_kernel_cuda(at::TensorIteratorBase&)::{lambda()#3}::operator()() const::{lambda()#7}::operator()() const::{lambda(float)#1}, std::array<char*, 2ul>, TrivialOffsetCalculator<1, unsigned int>, TrivialOffsetCalculator<1, unsigned int>, at::native::memory::LoadWithCast<1>, at::native::memory::StoreWithCast<1>)",13,operator_shape_matched,"[[4096],[4096],[]]","[""c10::BFloat16"",""float"",""Scalar""]",null,12,46.881
null,aten::copy_,"void at::native::unrolled_elementwise_kernel<at::native::direct_copy_kernel_cuda(at::TensorIteratorBase&)::{lambda()#3}::operator()() const::{lambda()#7}::operator()() const::{lambda(float)#1}, std::array<char*, 2ul>, 4, TrivialOffsetCalculator<1, unsigned int>, TrivialOffsetCalculator<1, unsigned int>, at::native::memory::LoadWithCast<1>, at::native::memory::StoreWithCast<1> >(int, at::native::direct_copy_kernel_cuda(at::TensorIteratorBase&)::{lambda()#3}::operator()() const::{lambda()#7}::operator()() const::{lambda(float)#1}, std::array<char*, 2ul>, TrivialOffsetCalculator<1, unsigned int>, TrivialOffsetCalculator<1, unsigned int>, at::native::memory::LoadWithCast<1>, at::native::memory::StoreWithCast<1>)",14,operator_shape_matched,"[[1,48,150,34,46],[1,48,150,34,46],[]]","[""float"",""float"",""Scalar""]",null,1,38.081
null,aten::copy_,"void at::native::unrolled_elementwise_kernel<at::native::direct_copy_kernel_cuda(at::TensorIteratorBase&)::{lambda()#3}::operator()() const::{lambda()#7}::operator()() const::{lambda(float)#1}, std::array<char*, 2ul>, 4, TrivialOffsetCalculator<1, unsigned int>, TrivialOffsetCalculator<1, unsigned int>, at::native::memory::LoadWithCast<1>, at::native::memory::StoreWithCast<1> >(int, at::native::direct_copy_kernel_cuda(at::TensorIteratorBase&)::{lambda()#3}::operator()() const::{lambda()#7}::operator()() const::{lambda(float)#1}, std::array<char*, 2ul>, TrivialOffsetCalculator<1, unsigned int>, TrivialOffsetCalculator<1, unsigned int>, at::native::memory::LoadWithCast<1>, at::native::memory::StoreWithCast<1>)",15,operator_shape_matched,"[[1,48,144,34,46],[1,48,144,34,46],[]]","[""float"",""float"",""Scalar""]",null,1,36.832
null,aten::copy_,"void at::native::unrolled_elementwise_kernel<at::native::direct_copy_kernel_cuda(at::TensorIteratorBase&)::{lambda()#3}::operator()() const::{lambda()#7}::operator()() const::{lambda(float)#1}, std::array<char*, 2ul>, 4, TrivialOffsetCalculator<1, unsigned int>, TrivialOffsetCalculator<1, unsigned int>, at::native::memory::LoadWithCast<1>, at::native::memory::StoreWithCast<1> >(int, at::native::direct_copy_kernel_cuda(at::TensorIteratorBase&)::{lambda()#3}::operator()() const::{lambda()#7}::operator()() const::{lambda(float)#1}, std::array<char*, 2ul>, TrivialOffsetCalculator<1, unsigned int>, TrivialOffsetCalculator<1, unsigned int>, at::native::memory::LoadWithCast<1>, at::native::memory::StoreWithCast<1>)",16,operator_shape_matched,"[[],[],[]]","[""float"",""bool"",""Scalar""]",null,23,36.83
null,aten::copy_,"void at::native::unrolled_elementwise_kernel<at::native::direct_copy_kernel_cuda(at::TensorIteratorBase&)::{lambda()#3}::operator()() const::{lambda()#7}::operator()() const::{lambda(float)#1}, std::array<char*, 2ul>, 4, TrivialOffsetCalculator<1, unsigned int>, TrivialOffsetCalculator<1, unsigned int>, at::native::memory::LoadWithCast<1>, at::native::memory::StoreWithCast<1> >(int, at::native::direct_copy_kernel_cuda(at::TensorIteratorBase&)::{lambda()#3}::operator()() const::{lambda()#7}::operator()() const::{lambda(float)#1}, std::array<char*, 2ul>, TrivialOffsetCalculator<1, unsigned int>, TrivialOffsetCalculator<1, unsigned int>, at::native::memory::LoadWithCast<1>, at::native::memory::StoreWithCast<1>)",17,operator_shape_matched,"[[1,48,109,34,46],[1,48,109,34,46],[]]","[""float"",""float"",""Scalar""]",null,1,28.033
null,aten::copy_,"void at::native::unrolled_elementwise_kernel<at::native::direct_copy_kernel_cuda(at::TensorIteratorBase&)::{lambda()#3}::operator()() const::{lambda()#7}::operator()() const::{lambda(float)#1}, std::array<char*, 2ul>, 4, TrivialOffsetCalculator<1, unsigned int>, TrivialOffsetCalculator<1, unsigned int>, at::native::memory::LoadWithCast<1>, at::native::memory::StoreWithCast<1> >(int, at::native::direct_copy_kernel_cuda(at::TensorIteratorBase&)::{lambda()#3}::operator()() const::{lambda()#7}::operator()() const::{lambda(float)#1}, std::array<char*, 2ul>, TrivialOffsetCalculator<1, unsigned int>, TrivialOffsetCalculator<1, unsigned int>, at::native::memory::LoadWithCast<1>, at::native::memory::StoreWithCast<1>)",18,operator_shape_matched,"[[1,48,73,34,46],[1,48,73,34,46],[]]","[""float"",""float"",""Scalar""]",null,1,20.736
null,aten::copy_,"void at::native::unrolled_elementwise_kernel<at::native::direct_copy_kernel_cuda(at::TensorIteratorBase&)::{lambda()#3}::operator()() const::{lambda()#7}::operator()() const::{lambda(float)#1}, std::array<char*, 2ul>, 4, TrivialOffsetCalculator<1, unsigned int>, TrivialOffsetCalculator<1, unsigned int>, at::native::memory::LoadWithCast<1>, at::native::memory::StoreWithCast<1> >(int, at::native::direct_copy_kernel_cuda(at::TensorIteratorBase&)::{lambda()#3}::operator()() const::{lambda()#7}::operator()() const::{lambda(float)#1}, std::array<char*, 2ul>, TrivialOffsetCalculator<1, unsigned int>, TrivialOffsetCalculator<1, unsigned int>, at::native::memory::LoadWithCast<1>, at::native::memory::StoreWithCast<1>)",19,operator_shape_matched,"[[1,48,61,34,46],[1,48,61,34,46],[]]","[""float"",""float"",""Scalar""]",null,1,17.888
null,aten::copy_,"void at::native::unrolled_elementwise_kernel<at::native::direct_copy_kernel_cuda(at::TensorIteratorBase&)::{lambda()#3}::operator()() const::{lambda()#7}::operator()() const::{lambda(float)#1}, std::array<char*, 2ul>, 4, TrivialOffsetCalculator<1, unsigned int>, TrivialOffsetCalculator<1, unsigned int>, at::native::memory::LoadWithCast<1>, at::native::memory::StoreWithCast<1> >(int, at::native::direct_copy_kernel_cuda(at::TensorIteratorBase&)::{lambda()#3}::operator()() const::{lambda()#7}::operator()() const::{lambda(float)#1}, std::array<char*, 2ul>, TrivialOffsetCalculator<1, unsigned int>, TrivialOffsetCalculator<1, unsigned int>, at::native::memory::LoadWithCast<1>, at::native::memory::StoreWithCast<1>)",20,operator_shape_matched,"[[1,48,79,30,40],[1,48,79,30,40],[]]","[""float"",""float"",""Scalar""]",null,1,17.377
null,aten::copy_,"void at::native::unrolled_elementwise_kernel<at::native::direct_copy_kernel_cuda(at::TensorIteratorBase&)::{lambda()#3}::operator()() const::{lambda()#7}::operator()() const::{lambda(float)#1}, std::array<char*, 2ul>, 4, TrivialOffsetCalculator<1, unsigned int>, TrivialOffsetCalculator<1, unsigned int>, at::native::memory::LoadWithCast<1>, at::native::memory::StoreWithCast<1> >(int, at::native::direct_copy_kernel_cuda(at::TensorIteratorBase&)::{lambda()#3}::operator()() const::{lambda()#7}::operator()() const::{lambda(float)#1}, std::array<char*, 2ul>, TrivialOffsetCalculator<1, unsigned int>, TrivialOffsetCalculator<1, unsigned int>, at::native::memory::LoadWithCast<1>, at::native::memory::StoreWithCast<1>)",21,operator_shape_matched,"[[4096,256],[4096,256],[]]","[""c10::BFloat16"",""float"",""Scalar""]",null,3,17.088
null,aten::copy_,"void at::native::unrolled_elementwise_kernel<at::native::direct_copy_kernel_cuda(at::TensorIteratorBase&)::{lambda()#3}::operator()() const::{lambda()#7}::operator()() const::{lambda(float)#1}, std::array<char*, 2ul>, 4, TrivialOffsetCalculator<1, unsigned int>, TrivialOffsetCalculator<1, unsigned int>, at::native::memory::LoadWithCast<1>, at::native::memory::StoreWithCast<1> >(int, at::native::direct_copy_kernel_cuda(at::TensorIteratorBase&)::{lambda()#3}::operator()() const::{lambda()#7}::operator()() const::{lambda(float)#1}, std::array<char*, 2ul>, TrivialOffsetCalculator<1, unsigned int>, TrivialOffsetCalculator<1, unsigned int>, at::native::memory::LoadWithCast<1>, at::native::memory::StoreWithCast<1>)",22,operator_shape_matched,"[[1,48,25,34,46],[1,48,25,34,46],[]]","[""float"",""c10::BFloat16"",""Scalar""]",null,2,16.449
null,aten::copy_,"void at::native::unrolled_elementwise_kernel<at::native::direct_copy_kernel_cuda(at::TensorIteratorBase&)::{lambda()#3}::operator()() const::{lambda()#7}::operator()() const::{lambda(float)#1}, std::array<char*, 2ul>, 4, TrivialOffsetCalculator<1, unsigned int>, TrivialOffsetCalculator<1, unsigned int>, at::native::memory::LoadWithCast<1>, at::native::memory::StoreWithCast<1> >(int, at::native::direct_copy_kernel_cuda(at::TensorIteratorBase&)::{lambda()#3}::operator()() const::{lambda()#7}::operator()() const::{lambda(float)#1}, std::array<char*, 2ul>, TrivialOffsetCalculator<1, unsigned int>, TrivialOffsetCalculator<1, unsigned int>, at::native::memory::LoadWithCast<1>, at::native::memory::StoreWithCast<1>)",23,operator_shape_matched,"[[4096,256],[4096,256],[]]","[""float"",""c10::BFloat16"",""Scalar""]",null,3,16.448
null,aten::copy_,"void at::native::unrolled_elementwise_kernel<at::native::direct_copy_kernel_cuda(at::TensorIteratorBase&)::{lambda()#3}::operator()() const::{lambda()#7}::operator()() const::{lambda(float)#1}, std::array<char*, 2ul>, 4, TrivialOffsetCalculator<1, unsigned int>, TrivialOffsetCalculator<1, unsigned int>, at::native::memory::LoadWithCast<1>, at::native::memory::StoreWithCast<1> >(int, at::native::direct_copy_kernel_cuda(at::TensorIteratorBase&)::{lambda()#3}::operator()() const::{lambda()#7}::operator()() const::{lambda(float)#1}, std::array<char*, 2ul>, TrivialOffsetCalculator<1, unsigned int>, TrivialOffsetCalculator<1, unsigned int>, at::native::memory::LoadWithCast<1>, at::native::memory::StoreWithCast<1>)",24,operator_shape_matched,"[[1,48,52,34,46],[1,48,52,34,46],[]]","[""float"",""float"",""Scalar""]",null,1,14.848
null,aten::copy_,"void at::native::unrolled_elementwise_kernel<at::native::direct_copy_kernel_cuda(at::TensorIteratorBase&)::{lambda()#3}::operator()() const::{lambda()#7}::operator()() const::{lambda(float)#1}, std::array<char*, 2ul>, 4, TrivialOffsetCalculator<1, unsigned int>, TrivialOffsetCalculator<1, unsigned int>, at::native::memory::LoadWithCast<1>, at::native::memory::StoreWithCast<1> >(int, at::native::direct_copy_kernel_cuda(at::TensorIteratorBase&)::{lambda()#3}::operator()() const::{lambda()#7}::operator()() const::{lambda(float)#1}, std::array<char*, 2ul>, TrivialOffsetCalculator<1, unsigned int>, TrivialOffsetCalculator<1, unsigned int>, at::native::memory::LoadWithCast<1>, at::native::memory::StoreWithCast<1>)",25,operator_shape_matched,"[[1,48,63,30,40],[1,48,63,30,40],[]]","[""float"",""float"",""Scalar""]",null,1,14.305
null,aten::copy_,"void at::native::unrolled_elementwise_kernel<at::native::direct_copy_kernel_cuda(at::TensorIteratorBase&)::{lambda()#3}::operator()() const::{lambda()#7}::operator()() const::{lambda(float)#1}, std::array<char*, 2ul>, 4, TrivialOffsetCalculator<1, unsigned int>, TrivialOffsetCalculator<1, unsigned int>, at::native::memory::LoadWithCast<1>, at::native::memory::StoreWithCast<1> >(int, at::native::direct_copy_kernel_cuda(at::TensorIteratorBase&)::{lambda()#3}::operator()() const::{lambda()#7}::operator()() const::{lambda(float)#1}, std::array<char*, 2ul>, TrivialOffsetCalculator<1, unsigned int>, TrivialOffsetCalculator<1, unsigned int>, at::native::memory::LoadWithCast<1>, at::native::memory::StoreWithCast<1>)",26,operator_shape_matched,"[[1,48,37,34,46],[1,48,37,34,46],[]]","[""float"",""float"",""Scalar""]",null,1,11.777
null,aten::copy_,"void at::native::unrolled_elementwise_kernel<at::native::direct_copy_kernel_cuda(at::TensorIteratorBase&)::{lambda()#3}::operator()() const::{lambda()#7}::operator()() const::{lambda(float)#1}, std::array<char*, 2ul>, 4, TrivialOffsetCalculator<1, unsigned int>, TrivialOffsetCalculator<1, unsigned int>, at::native::memory::LoadWithCast<1>, at::native::memory::StoreWithCast<1> >(int, at::native::direct_copy_kernel_cuda(at::TensorIteratorBase&)::{lambda()#3}::operator()() const::{lambda()#7}::operator()() const::{lambda(float)#1}, std::array<char*, 2ul>, TrivialOffsetCalculator<1, unsigned int>, TrivialOffsetCalculator<1, unsigned int>, at::native::memory::LoadWithCast<1>, at::native::memory::StoreWithCast<1>)",27,operator_shape_matched,"[[1,48,50,30,40],[1,48,50,30,40],[]]","[""float"",""float"",""Scalar""]",null,1,11.68
null,aten::copy_,"void at::native::unrolled_elementwise_kernel<at::native::direct_copy_kernel_cuda(at::TensorIteratorBase&)::{lambda()#3}::operator()() const::{lambda()#7}::operator()() const::{lambda(float)#1}, std::array<char*, 2ul>, 4, TrivialOffsetCalculator<1, unsigned int>, TrivialOffsetCalculator<1, unsigned int>, at::native::memory::LoadWithCast<1>, at::native::memory::StoreWithCast<1> >(int, at::native::direct_copy_kernel_cuda(at::TensorIteratorBase&)::{lambda()#3}::operator()() const::{lambda()#7}::operator()() const::{lambda(float)#1}, std::array<char*, 2ul>, TrivialOffsetCalculator<1, unsigned int>, TrivialOffsetCalculator<1, unsigned int>, at::native::memory::LoadWithCast<1>, at::native::memory::StoreWithCast<1>)",28,operator_shape_matched,"[[1,48,52,30,40],[1,48,52,30,40],[]]","[""float"",""float"",""Scalar""]",null,1,11.392
null,aten::copy_,"void at::native::unrolled_elementwise_kernel<at::native::direct_copy_kernel_cuda(at::TensorIteratorBase&)::{lambda()#3}::operator()() const::{lambda()#7}::operator()() const::{lambda(float)#1}, std::array<char*, 2ul>, 4, TrivialOffsetCalculator<1, unsigned int>, TrivialOffsetCalculator<1, unsigned int>, at::native::memory::LoadWithCast<1>, at::native::memory::StoreWithCast<1> >(int, at::native::direct_copy_kernel_cuda(at::TensorIteratorBase&)::{lambda()#3}::operator()() const::{lambda()#7}::operator()() const::{lambda(float)#1}, std::array<char*, 2ul>, TrivialOffsetCalculator<1, unsigned int>, TrivialOffsetCalculator<1, unsigned int>, at::native::memory::LoadWithCast<1>, at::native::memory::StoreWithCast<1>)",29,operator_shape_matched,"[[1,48,35,30,52],[1,48,35,30,52],[]]","[""float"",""float"",""Scalar""]",null,1,11.392
null,aten::copy_,"void at::native::unrolled_elementwise_kernel<at::native::direct_copy_kernel_cuda(at::TensorIteratorBase&)::{lambda()#3}::operator()() const::{lambda()#7}::operator()() const::{lambda(float)#1}, std::array<char*, 2ul>, 4, TrivialOffsetCalculator<1, unsigned int>, TrivialOffsetCalculator<1, unsigned int>, at::native::memory::LoadWithCast<1>, at::native::memory::StoreWithCast<1> >(int, at::native::direct_copy_kernel_cuda(at::TensorIteratorBase&)::{lambda()#3}::operator()() const::{lambda()#7}::operator()() const::{lambda(float)#1}, std::array<char*, 2ul>, TrivialOffsetCalculator<1, unsigned int>, TrivialOffsetCalculator<1, unsigned int>, at::native::memory::LoadWithCast<1>, at::native::memory::StoreWithCast<1>)",30,operator_shape_matched,"[[1,48,44,30,40],[1,48,44,30,40],[]]","[""float"",""float"",""Scalar""]",null,1,11.04
null,aten::copy_,"void at::native::unrolled_elementwise_kernel<at::native::direct_copy_kernel_cuda(at::TensorIteratorBase&)::{lambda()#3}::operator()() const::{lambda()#7}::operator()() const::{lambda(float)#1}, std::array<char*, 2ul>, 4, TrivialOffsetCalculator<1, unsigned int>, TrivialOffsetCalculator<1, unsigned int>, at::native::memory::LoadWithCast<1>, at::native::memory::StoreWithCast<1> >(int, at::native::direct_copy_kernel_cuda(at::TensorIteratorBase&)::{lambda()#3}::operator()() const::{lambda()#7}::operator()() const::{lambda(float)#1}, std::array<char*, 2ul>, TrivialOffsetCalculator<1, unsigned int>, TrivialOffsetCalculator<1, unsigned int>, at::native::memory::LoadWithCast<1>, at::native::memory::StoreWithCast<1>)",31,operator_shape_matched,"[[1,48,31,34,46],[1,48,31,34,46],[]]","[""float"",""float"",""Scalar""]",null,1,10.752
null,aten::copy_,"void at::native::unrolled_elementwise_kernel<at::native::direct_copy_kernel_cuda(at::TensorIteratorBase&)::{lambda()#3}::operator()() const::{lambda()#7}::operator()() const::{lambda(float)#1}, std::array<char*, 2ul>, 4, TrivialOffsetCalculator<1, unsigned int>, TrivialOffsetCalculator<1, unsigned int>, at::native::memory::LoadWithCast<1>, at::native::memory::StoreWithCast<1> >(int, at::native::direct_copy_kernel_cuda(at::TensorIteratorBase&)::{lambda()#3}::operator()() const::{lambda()#7}::operator()() const::{lambda(float)#1}, std::array<char*, 2ul>, TrivialOffsetCalculator<1, unsigned int>, TrivialOffsetCalculator<1, unsigned int>, at::native::memory::LoadWithCast<1>, at::native::memory::StoreWithCast<1>)",32,operator_shape_matched,"[[1,48,38,30,40],[1,48,38,30,40],[]]","[""float"",""float"",""Scalar""]",null,1,10.24
null,aten::copy_,"void at::native::unrolled_elementwise_kernel<at::native::direct_copy_kernel_cuda(at::TensorIteratorBase&)::{lambda()#3}::operator()() const::{lambda()#7}::operator()() const::{lambda(float)#1}, std::array<char*, 2ul>, 4, TrivialOffsetCalculator<1, unsigned int>, TrivialOffsetCalculator<1, unsigned int>, at::native::memory::LoadWithCast<1>, at::native::memory::StoreWithCast<1> >(int, at::native::direct_copy_kernel_cuda(at::TensorIteratorBase&)::{lambda()#3}::operator()() const::{lambda()#7}::operator()() const::{lambda(float)#1}, std::array<char*, 2ul>, TrivialOffsetCalculator<1, unsigned int>, TrivialOffsetCalculator<1, unsigned int>, at::native::memory::LoadWithCast<1>, at::native::memory::StoreWithCast<1>)",33,operator_shape_matched,"[[1,48,29,30,52],[1,48,29,30,52],[]]","[""float"",""float"",""Scalar""]",null,1,9.696
null,aten::copy_,"void at::native::unrolled_elementwise_kernel<at::native::direct_copy_kernel_cuda(at::TensorIteratorBase&)::{lambda()#3}::operator()() const::{lambda()#7}::operator()() const::{lambda(float)#1}, std::array<char*, 2ul>, 4, TrivialOffsetCalculator<1, unsigned int>, TrivialOffsetCalculator<1, unsigned int>, at::native::memory::LoadWithCast<1>, at::native::memory::StoreWithCast<1> >(int, at::native::direct_copy_kernel_cuda(at::TensorIteratorBase&)::{lambda()#3}::operator()() const::{lambda()#7}::operator()() const::{lambda(float)#1}, std::array<char*, 2ul>, TrivialOffsetCalculator<1, unsigned int>, TrivialOffsetCalculator<1, unsigned int>, at::native::memory::LoadWithCast<1>, at::native::memory::StoreWithCast<1>)",34,operator_shape_matched,"[[1,48,25,34,46],[1,48,25,34,46],[]]","[""c10::BFloat16"",""float"",""Scalar""]",null,1,8.672
null,aten::copy_,"void at::native::unrolled_elementwise_kernel<at::native::direct_copy_kernel_cuda(at::TensorIteratorBase&)::{lambda()#3}::operator()() const::{lambda()#7}::operator()() const::{lambda(float)#1}, std::array<char*, 2ul>, 4, TrivialOffsetCalculator<1, unsigned int>, TrivialOffsetCalculator<1, unsigned int>, at::native::memory::LoadWithCast<1>, at::native::memory::StoreWithCast<1> >(int, at::native::direct_copy_kernel_cuda(at::TensorIteratorBase&)::{lambda()#3}::operator()() const::{lambda()#7}::operator()() const::{lambda(float)#1}, std::array<char*, 2ul>, TrivialOffsetCalculator<1, unsigned int>, TrivialOffsetCalculator<1, unsigned int>, at::native::memory::LoadWithCast<1>, at::native::memory::StoreWithCast<1>)",35,operator_shape_matched,"[[1,48,25,34,46],[1,48,25,34,46],[]]","[""float"",""float"",""Scalar""]",null,1,8.352
null,aten::copy_,"void at::native::unrolled_elementwise_kernel<at::native::direct_copy_kernel_cuda(at::TensorIteratorBase&)::{lambda()#3}::operator()() const::{lambda()#7}::operator()() const::{lambda(float)#1}, std::array<char*, 2ul>, 4, TrivialOffsetCalculator<1, unsigned int>, TrivialOffsetCalculator<1, unsigned int>, at::native::memory::LoadWithCast<1>, at::native::memory::StoreWithCast<1> >(int, at::native::direct_copy_kernel_cuda(at::TensorIteratorBase&)::{lambda()#3}::operator()() const::{lambda()#7}::operator()() const::{lambda(float)#1}, std::array<char*, 2ul>, TrivialOffsetCalculator<1, unsigned int>, TrivialOffsetCalculator<1, unsigned int>, at::native::memory::LoadWithCast<1>, at::native::memory::StoreWithCast<1>)",36,operator_shape_matched,"[[1,48,22,30,52],[1,48,22,30,52],[]]","[""float"",""float"",""Scalar""]",null,1,7.968
null,aten::copy_,"void at::native::unrolled_elementwise_kernel<at::native::direct_copy_kernel_cuda(at::TensorIteratorBase&)::{lambda()#3}::operator()() const::{lambda()#7}::operator()() const::{lambda(float)#1}, std::array<char*, 2ul>, 4, TrivialOffsetCalculator<1, unsigned int>, TrivialOffsetCalculator<1, unsigned int>, at::native::memory::LoadWithCast<1>, at::native::memory::StoreWithCast<1> >(int, at::native::direct_copy_kernel_cuda(at::TensorIteratorBase&)::{lambda()#3}::operator()() const::{lambda()#7}::operator()() const::{lambda(float)#1}, std::array<char*, 2ul>, TrivialOffsetCalculator<1, unsigned int>, TrivialOffsetCalculator<1, unsigned int>, at::native::memory::LoadWithCast<1>, at::native::memory::StoreWithCast<1>)",37,operator_shape_matched,"[[1,48,16,34,46],[1,48,16,34,46],[]]","[""float"",""float"",""Scalar""]",null,1,7.425
null,aten::copy_,"void at::native::unrolled_elementwise_kernel<at::native::direct_copy_kernel_cuda(at::TensorIteratorBase&)::{lambda()#3}::operator()() const::{lambda()#7}::operator()() const::{lambda(float)#1}, std::array<char*, 2ul>, 4, TrivialOffsetCalculator<1, unsigned int>, TrivialOffsetCalculator<1, unsigned int>, at::native::memory::LoadWithCast<1>, at::native::memory::StoreWithCast<1> >(int, at::native::direct_copy_kernel_cuda(at::TensorIteratorBase&)::{lambda()#3}::operator()() const::{lambda()#7}::operator()() const::{lambda(float)#1}, std::array<char*, 2ul>, TrivialOffsetCalculator<1, unsigned int>, TrivialOffsetCalculator<1, unsigned int>, at::native::memory::LoadWithCast<1>, at::native::memory::StoreWithCast<1>)",38,operator_shape_matched,"[[1,48,19,30,52],[1,48,19,30,52],[]]","[""float"",""float"",""Scalar""]",null,1,7.424
null,aten::copy_,"void at::native::unrolled_elementwise_kernel<at::native::direct_copy_kernel_cuda(at::TensorIteratorBase&)::{lambda()#3}::operator()() const::{lambda()#7}::operator()() const::{lambda(float)#1}, std::array<char*, 2ul>, 4, TrivialOffsetCalculator<1, unsigned int>, TrivialOffsetCalculator<1, unsigned int>, at::native::memory::LoadWithCast<1>, at::native::memory::StoreWithCast<1> >(int, at::native::direct_copy_kernel_cuda(at::TensorIteratorBase&)::{lambda()#3}::operator()() const::{lambda()#7}::operator()() const::{lambda(float)#1}, std::array<char*, 2ul>, TrivialOffsetCalculator<1, unsigned int>, TrivialOffsetCalculator<1, unsigned int>, at::native::memory::LoadWithCast<1>, at::native::memory::StoreWithCast<1>)",39,operator_shape_matched,"[[1,48,17,30,52],[1,48,17,30,52],[]]","[""float"",""float"",""Scalar""]",null,1,7.296
null,aten::copy_,"void at::native::unrolled_elementwise_kernel<at::native::direct_copy_kernel_cuda(at::TensorIteratorBase&)::{lambda()#3}::operator()() const::{lambda()#7}::operator()() const::{lambda(float)#1}, std::array<char*, 2ul>, 4, TrivialOffsetCalculator<1, unsigned int>, TrivialOffsetCalculator<1, unsigned int>, at::native::memory::LoadWithCast<1>, at::native::memory::StoreWithCast<1> >(int, at::native::direct_copy_kernel_cuda(at::TensorIteratorBase&)::{lambda()#3}::operator()() const::{lambda()#7}::operator()() const::{lambda(float)#1}, std::array<char*, 2ul>, TrivialOffsetCalculator<1, unsigned int>, TrivialOffsetCalculator<1, unsigned int>, at::native::memory::LoadWithCast<1>, at::native::memory::StoreWithCast<1>)",40,operator_shape_matched,"[[1,48,16,30,52],[1,48,16,30,52],[]]","[""float"",""float"",""Scalar""]",null,1,7.231
null,aten::copy_,"void at::native::unrolled_elementwise_kernel<at::native::direct_copy_kernel_cuda(at::TensorIteratorBase&)::{lambda()#3}::operator()() const::{lambda()#7}::operator()() const::{lambda(float)#1}, std::array<char*, 2ul>, 4, TrivialOffsetCalculator<1, unsigned int>, TrivialOffsetCalculator<1, unsigned int>, at::native::memory::LoadWithCast<1>, at::native::memory::StoreWithCast<1> >(int, at::native::direct_copy_kernel_cuda(at::TensorIteratorBase&)::{lambda()#3}::operator()() const::{lambda()#7}::operator()() const::{lambda(float)#1}, std::array<char*, 2ul>, TrivialOffsetCalculator<1, unsigned int>, TrivialOffsetCalculator<1, unsigned int>, at::native::memory::LoadWithCast<1>, at::native::memory::StoreWithCast<1>)",41,operator_shape_matched,"[[1,48,15,30,52],[1,48,15,30,52],[]]","[""float"",""float"",""Scalar""]",null,1,7.072
null,aten::copy_,"void at::native::unrolled_elementwise_kernel<at::native::direct_copy_kernel_cuda(at::TensorIteratorBase&)::{lambda()#3}::operator()() const::{lambda()#7}::operator()() const::{lambda(float)#1}, std::array<char*, 2ul>, 4, TrivialOffsetCalculator<1, unsigned int>, TrivialOffsetCalculator<1, unsigned int>, at::native::memory::LoadWithCast<1>, at::native::memory::StoreWithCast<1> >(int, at::native::direct_copy_kernel_cuda(at::TensorIteratorBase&)::{lambda()#3}::operator()() const::{lambda()#7}::operator()() const::{lambda(float)#1}, std::array<char*, 2ul>, TrivialOffsetCalculator<1, unsigned int>, TrivialOffsetCalculator<1, unsigned int>, at::native::memory::LoadWithCast<1>, at::native::memory::StoreWithCast<1>)",42,operator_shape_matched,"[[1,48,15,30,52],[1,48,15,30,52],[]]","[""c10::BFloat16"",""float"",""Scalar""]",null,1,6.944
null,aten::copy_,"void at::native::unrolled_elementwise_kernel<at::native::direct_copy_kernel_cuda(at::TensorIteratorBase&)::{lambda()#3}::operator()() const::{lambda()#7}::operator()() const::{lambda(float)#1}, std::array<char*, 2ul>, 4, TrivialOffsetCalculator<1, unsigned int>, TrivialOffsetCalculator<1, unsigned int>, at::native::memory::LoadWithCast<1>, at::native::memory::StoreWithCast<1> >(int, at::native::direct_copy_kernel_cuda(at::TensorIteratorBase&)::{lambda()#3}::operator()() const::{lambda()#7}::operator()() const::{lambda(float)#1}, std::array<char*, 2ul>, TrivialOffsetCalculator<1, unsigned int>, TrivialOffsetCalculator<1, unsigned int>, at::native::memory::LoadWithCast<1>, at::native::memory::StoreWithCast<1>)",43,operator_shape_matched,"[[1,48,14,30,52],[1,48,14,30,52],[]]","[""float"",""float"",""Scalar""]",null,1,5.184
null,aten::copy_,"void at::native::unrolled_elementwise_kernel<at::native::direct_copy_kernel_cuda(at::TensorIteratorBase&)::{lambda()#3}::operator()() const::{lambda()#7}::operator()() const::{lambda(float)#1}, std::array<char*, 2ul>, 4, TrivialOffsetCalculator<1, unsigned int>, TrivialOffsetCalculator<1, unsigned int>, at::native::memory::LoadWithCast<1>, at::native::memory::StoreWithCast<1> >(int, at::native::direct_copy_kernel_cuda(at::TensorIteratorBase&)::{lambda()#3}::operator()() const::{lambda()#7}::operator()() const::{lambda(float)#1}, std::array<char*, 2ul>, TrivialOffsetCalculator<1, unsigned int>, TrivialOffsetCalculator<1, unsigned int>, at::native::memory::LoadWithCast<1>, at::native::memory::StoreWithCast<1>)",44,operator_shape_matched,"[[1,48,13,30,52],[1,48,13,30,52],[]]","[""c10::BFloat16"",""float"",""Scalar""]",null,1,5.088
null,aten::copy_,"void at::native::unrolled_elementwise_kernel<at::native::direct_copy_kernel_cuda(at::TensorIteratorBase&)::{lambda()#3}::operator()() const::{lambda()#7}::operator()() const::{lambda(float)#1}, std::array<char*, 2ul>, 4, TrivialOffsetCalculator<1, unsigned int>, TrivialOffsetCalculator<1, unsigned int>, at::native::memory::LoadWithCast<1>, at::native::memory::StoreWithCast<1> >(int, at::native::direct_copy_kernel_cuda(at::TensorIteratorBase&)::{lambda()#3}::operator()() const::{lambda()#7}::operator()() const::{lambda(float)#1}, std::array<char*, 2ul>, TrivialOffsetCalculator<1, unsigned int>, TrivialOffsetCalculator<1, unsigned int>, at::native::memory::LoadWithCast<1>, at::native::memory::StoreWithCast<1>)",45,operator_shape_matched,"[[1,48,11,30,52],[1,48,11,30,52],[]]","[""c10::BFloat16"",""float"",""Scalar""]",null,1,5.056
null,aten::copy_,"void at::native::unrolled_elementwise_kernel<at::native::direct_copy_kernel_cuda(at::TensorIteratorBase&)::{lambda()#3}::operator()() const::{lambda()#7}::operator()() const::{lambda(float)#1}, std::array<char*, 2ul>, 4, TrivialOffsetCalculator<1, unsigned int>, TrivialOffsetCalculator<1, unsigned int>, at::native::memory::LoadWithCast<1>, at::native::memory::StoreWithCast<1> >(int, at::native::direct_copy_kernel_cuda(at::TensorIteratorBase&)::{lambda()#3}::operator()() const::{lambda()#7}::operator()() const::{lambda(float)#1}, std::array<char*, 2ul>, TrivialOffsetCalculator<1, unsigned int>, TrivialOffsetCalculator<1, unsigned int>, at::native::memory::LoadWithCast<1>, at::native::memory::StoreWithCast<1>)",46,operator_shape_matched,"[[1,48,12,30,52],[1,48,12,30,52],[]]","[""float"",""float"",""Scalar""]",null,1,5.024
null,aten::copy_,"void at::native::unrolled_elementwise_kernel<at::native::direct_copy_kernel_cuda(at::TensorIteratorBase&)::{lambda()#3}::operator()() const::{lambda()#7}::operator()() const::{lambda(float)#1}, std::array<char*, 2ul>, 4, TrivialOffsetCalculator<1, unsigned int>, TrivialOffsetCalculator<1, unsigned int>, at::native::memory::LoadWithCast<1>, at::native::memory::StoreWithCast<1> >(int, at::native::direct_copy_kernel_cuda(at::TensorIteratorBase&)::{lambda()#3}::operator()() const::{lambda()#7}::operator()() const::{lambda(float)#1}, std::array<char*, 2ul>, TrivialOffsetCalculator<1, unsigned int>, TrivialOffsetCalculator<1, unsigned int>, at::native::memory::LoadWithCast<1>, at::native::memory::StoreWithCast<1>)",47,operator_shape_matched,"[[1,48,13,30,52],[1,48,13,30,52],[]]","[""float"",""float"",""Scalar""]",null,1,5.024
null,aten::copy_,"void at::native::unrolled_elementwise_kernel<at::native::direct_copy_kernel_cuda(at::TensorIteratorBase&)::{lambda()#3}::operator()() const::{lambda()#7}::operator()() const::{lambda(float)#1}, std::array<char*, 2ul>, 4, TrivialOffsetCalculator<1, unsigned int>, TrivialOffsetCalculator<1, unsigned int>, at::native::memory::LoadWithCast<1>, at::native::memory::StoreWithCast<1> >(int, at::native::direct_copy_kernel_cuda(at::TensorIteratorBase&)::{lambda()#3}::operator()() const::{lambda()#7}::operator()() const::{lambda(float)#1}, std::array<char*, 2ul>, TrivialOffsetCalculator<1, unsigned int>, TrivialOffsetCalculator<1, unsigned int>, at::native::memory::LoadWithCast<1>, at::native::memory::StoreWithCast<1>)",48,operator_shape_matched,"[[1,48,11,30,52],[1,48,11,30,52],[]]","[""float"",""float"",""Scalar""]",null,1,4.927
null,aten::copy_,"void at::native::vectorized_elementwise_kernel<8, at::native::bfloat16_copy_kernel_cuda(at::TensorIteratorBase&)::{lambda(float)#1}, std::array<char*, 2ul> >(int, at::native::bfloat16_copy_kernel_cuda(at::TensorIteratorBase&)::{lambda(float)#1}, std::array<char*, 2ul>)",1,operator_shape_matched,"[[98304,4096],[98304,4096],[]]","[""float"",""c10::BFloat16"",""Scalar""]",null,4,3122.386
null,aten::copy_,"void at::native::vectorized_elementwise_kernel<8, at::native::bfloat16_copy_kernel_cuda(at::TensorIteratorBase&)::{lambda(float)#1}, std::array<char*, 2ul> >(int, at::native::bfloat16_copy_kernel_cuda(at::TensorIteratorBase&)::{lambda(float)#1}, std::array<char*, 2ul>)",2,operator_shape_matched,"[[98304,4096],[98304,4096],[]]","[""c10::BFloat16"",""float"",""Scalar""]",null,4,3117.201
null,aten::copy_,"void at::native::vectorized_elementwise_kernel<8, at::native::bfloat16_copy_kernel_cuda(at::TensorIteratorBase&)::{lambda(float)#1}, std::array<char*, 2ul> >(int, at::native::bfloat16_copy_kernel_cuda(at::TensorIteratorBase&)::{lambda(float)#1}, std::array<char*, 2ul>)",3,operator_shape_matched,"[[98304,4096],[98304,4096],[]]","[""float"",""float"",""Scalar""]",null,2,1557.064
null,aten::copy_,"void at::native::vectorized_elementwise_kernel<8, at::native::bfloat16_copy_kernel_cuda(at::TensorIteratorBase&)::{lambda(float)#1}, std::array<char*, 2ul> >(int, at::native::bfloat16_copy_kernel_cuda(at::TensorIteratorBase&)::{lambda(float)#1}, std::array<char*, 2ul>)",4,operator_shape_matched,"[[98304,4096],[98304,4096],[]]","[""c10::BFloat16"",""c10::BFloat16"",""Scalar""]",null,2,1556.616
null,aten::copy_,"void at::native::vectorized_elementwise_kernel<8, at::native::bfloat16_copy_kernel_cuda(at::TensorIteratorBase&)::{lambda(float)#1}, std::array<char*, 2ul> >(int, at::native::bfloat16_copy_kernel_cuda(at::TensorIteratorBase&)::{lambda(float)#1}, std::array<char*, 2ul>)",5,operator_shape_matched,"[[96000,4096],[96000,4096],[]]","[""float"",""c10::BFloat16"",""Scalar""]",null,1,754.213
null,aten::copy_,"void at::native::vectorized_elementwise_kernel<8, at::native::bfloat16_copy_kernel_cuda(at::TensorIteratorBase&)::{lambda(float)#1}, std::array<char*, 2ul> >(int, at::native::bfloat16_copy_kernel_cuda(at::TensorIteratorBase&)::{lambda(float)#1}, std::array<char*, 2ul>)",6,operator_shape_matched,"[[94622,4096],[94622,4096],[]]","[""float"",""c10::BFloat16"",""Scalar""]",null,1,744.132
null,aten::copy_,"void at::native::vectorized_elementwise_kernel<8, at::native::bfloat16_copy_kernel_cuda(at::TensorIteratorBase&)::{lambda(float)#1}, std::array<char*, 2ul> >(int, at::native::bfloat16_copy_kernel_cuda(at::TensorIteratorBase&)::{lambda(float)#1}, std::array<char*, 2ul>)",7,operator_shape_matched,"[[90870,4096],[90870,4096],[]]","[""float"",""c10::BFloat16"",""Scalar""]",null,1,714.212
null,aten::copy_,"void at::native::vectorized_elementwise_kernel<8, at::native::bfloat16_copy_kernel_cuda(at::TensorIteratorBase&)::{lambda(float)#1}, std::array<char*, 2ul> >(int, at::native::bfloat16_copy_kernel_cuda(at::TensorIteratorBase&)::{lambda(float)#1}, std::array<char*, 2ul>)",8,operator_shape_matched,"[[90321,4096],[90321,4096],[]]","[""float"",""c10::BFloat16"",""Scalar""]",null,1,711.653
null,aten::copy_,"void at::native::vectorized_elementwise_kernel<8, at::native::bfloat16_copy_kernel_cuda(at::TensorIteratorBase&)::{lambda(float)#1}, std::array<char*, 2ul> >(int, at::native::bfloat16_copy_kernel_cuda(at::TensorIteratorBase&)::{lambda(float)#1}, std::array<char*, 2ul>)",9,operator_shape_matched,"[[4096],[4096],[]]","[""c10::BFloat16"",""float"",""Scalar""]",null,432,684.861
null,aten::copy_,"void at::native::vectorized_elementwise_kernel<8, at::native::bfloat16_copy_kernel_cuda(at::TensorIteratorBase&)::{lambda(float)#1}, std::array<char*, 2ul> >(int, at::native::bfloat16_copy_kernel_cuda(at::TensorIteratorBase&)::{lambda(float)#1}, std::array<char*, 2ul>)",10,operator_shape_matched,"[[128],[128],[]]","[""c10::BFloat16"",""float"",""Scalar""]",null,432,668.705
null,aten::copy_,"void at::native::vectorized_elementwise_kernel<8, at::native::bfloat16_copy_kernel_cuda(at::TensorIteratorBase&)::{lambda(float)#1}, std::array<char*, 2ul> >(int, at::native::bfloat16_copy_kernel_cuda(at::TensorIteratorBase&)::{lambda(float)#1}, std::array<char*, 2ul>)",11,operator_shape_matched,"[[58259,4096],[58259,4096],[]]","[""float"",""float"",""Scalar""]",null,1,464.323
null,aten::copy_,"void at::native::vectorized_elementwise_kernel<8, at::native::bfloat16_copy_kernel_cuda(at::TensorIteratorBase&)::{lambda(float)#1}, std::array<char*, 2ul> >(int, at::native::bfloat16_copy_kernel_cuda(at::TensorIteratorBase&)::{lambda(float)#1}, std::array<char*, 2ul>)",12,operator_shape_matched,"[[55913,4096],[55913,4096],[]]","[""float"",""float"",""Scalar""]",null,1,444.546
null,aten::copy_,"void at::native::vectorized_elementwise_kernel<8, at::native::bfloat16_copy_kernel_cuda(at::TensorIteratorBase&)::{lambda(float)#1}, std::array<char*, 2ul> >(int, at::native::bfloat16_copy_kernel_cuda(at::TensorIteratorBase&)::{lambda(float)#1}, std::array<char*, 2ul>)",13,operator_shape_matched,"[[3072,4096],[3072,4096],[]]","[""float"",""c10::BFloat16"",""Scalar""]",null,4,106.817
null,aten::copy_,"void at::native::vectorized_elementwise_kernel<8, at::native::bfloat16_copy_kernel_cuda(at::TensorIteratorBase&)::{lambda(float)#1}, std::array<char*, 2ul> >(int, at::native::bfloat16_copy_kernel_cuda(at::TensorIteratorBase&)::{lambda(float)#1}, std::array<char*, 2ul>)",14,operator_shape_matched,"[[3072,4096],[3072,4096],[]]","[""c10::BFloat16"",""float"",""Scalar""]",null,4,103.873
null,aten::copy_,"void at::native::vectorized_elementwise_kernel<8, at::native::bfloat16_copy_kernel_cuda(at::TensorIteratorBase&)::{lambda(float)#1}, std::array<char*, 2ul> >(int, at::native::bfloat16_copy_kernel_cuda(at::TensorIteratorBase&)::{lambda(float)#1}, std::array<char*, 2ul>)",15,operator_shape_matched,"[[4096,4096],[4096,4096],[]]","[""c10::BFloat16"",""float"",""Scalar""]",null,3,91.392
null,aten::copy_,"void at::native::vectorized_elementwise_kernel<8, at::native::bfloat16_copy_kernel_cuda(at::TensorIteratorBase&)::{lambda(float)#1}, std::array<char*, 2ul> >(int, at::native::bfloat16_copy_kernel_cuda(at::TensorIteratorBase&)::{lambda(float)#1}, std::array<char*, 2ul>)",16,operator_shape_matched,"[[4096,4096],[4096,4096],[]]","[""float"",""c10::BFloat16"",""Scalar""]",null,3,90.593
null,aten::copy_,"void at::native::vectorized_elementwise_kernel<8, at::native::bfloat16_copy_kernel_cuda(at::TensorIteratorBase&)::{lambda(float)#1}, std::array<char*, 2ul> >(int, at::native::bfloat16_copy_kernel_cuda(at::TensorIteratorBase&)::{lambda(float)#1}, std::array<char*, 2ul>)",17,operator_shape_matched,"[[1,98970,128],[1,98970,128],[]]","[""c10::BFloat16"",""float"",""Scalar""]",null,2,54.88
null,aten::copy_,"void at::native::vectorized_elementwise_kernel<8, at::native::bfloat16_copy_kernel_cuda(at::TensorIteratorBase&)::{lambda(float)#1}, std::array<char*, 2ul> >(int, at::native::bfloat16_copy_kernel_cuda(at::TensorIteratorBase&)::{lambda(float)#1}, std::array<char*, 2ul>)",18,operator_shape_matched,"[[1,96992,128],[1,96992,128],[]]","[""c10::BFloat16"",""float"",""Scalar""]",null,2,53.952
null,aten::copy_,"void at::native::vectorized_elementwise_kernel<8, at::native::bfloat16_copy_kernel_cuda(at::TensorIteratorBase&)::{lambda(float)#1}, std::array<char*, 2ul> >(int, at::native::bfloat16_copy_kernel_cuda(at::TensorIteratorBase&)::{lambda(float)#1}, std::array<char*, 2ul>)",19,operator_shape_matched,"[[1,97971,128],[1,97971,128],[]]","[""c10::BFloat16"",""float"",""Scalar""]",null,2,53.184
null,aten::copy_,"void at::native::vectorized_elementwise_kernel<8, at::native::bfloat16_copy_kernel_cuda(at::TensorIteratorBase&)::{lambda(float)#1}, std::array<char*, 2ul> >(int, at::native::bfloat16_copy_kernel_cuda(at::TensorIteratorBase&)::{lambda(float)#1}, std::array<char*, 2ul>)",20,operator_shape_matched,"[[3072,4096],[3072,4096],[]]","[""c10::BFloat16"",""c10::BFloat16"",""Scalar""]",null,2,50.656
null,aten::copy_,"void at::native::vectorized_elementwise_kernel<8, at::native::bfloat16_copy_kernel_cuda(at::TensorIteratorBase&)::{lambda(float)#1}, std::array<char*, 2ul> >(int, at::native::bfloat16_copy_kernel_cuda(at::TensorIteratorBase&)::{lambda(float)#1}, std::array<char*, 2ul>)",21,operator_shape_matched,"[[1,91618,128],[1,91618,128],[]]","[""c10::BFloat16"",""float"",""Scalar""]",null,2,50.208
null,aten::copy_,"void at::native::vectorized_elementwise_kernel<8, at::native::bfloat16_copy_kernel_cuda(at::TensorIteratorBase&)::{lambda(float)#1}, std::array<char*, 2ul> >(int, at::native::bfloat16_copy_kernel_cuda(at::TensorIteratorBase&)::{lambda(float)#1}, std::array<char*, 2ul>)",22,operator_shape_matched,"[[3072,4096],[3072,4096],[]]","[""float"",""float"",""Scalar""]",null,2,49.921
null,aten::copy_,"void at::native::vectorized_elementwise_kernel<8, at::native::bfloat16_copy_kernel_cuda(at::TensorIteratorBase&)::{lambda(float)#1}, std::array<char*, 2ul> >(int, at::native::bfloat16_copy_kernel_cuda(at::TensorIteratorBase&)::{lambda(float)#1}, std::array<char*, 2ul>)",23,operator_shape_matched,"[[1,48,150,34,46],[1,48,150,34,46],[]]","[""c10::BFloat16"",""float"",""Scalar""]",null,2,47.746
null,aten::copy_,"void at::native::vectorized_elementwise_kernel<8, at::native::bfloat16_copy_kernel_cuda(at::TensorIteratorBase&)::{lambda(float)#1}, std::array<char*, 2ul> >(int, at::native::bfloat16_copy_kernel_cuda(at::TensorIteratorBase&)::{lambda(float)#1}, std::array<char*, 2ul>)",24,operator_shape_matched,"[[1,48,144,34,46],[1,48,144,34,46],[]]","[""c10::BFloat16"",""float"",""Scalar""]",null,2,44.416
null,aten::copy_,"void at::native::vectorized_elementwise_kernel<8, at::native::bfloat16_copy_kernel_cuda(at::TensorIteratorBase&)::{lambda(float)#1}, std::array<char*, 2ul> >(int, at::native::bfloat16_copy_kernel_cuda(at::TensorIteratorBase&)::{lambda(float)#1}, std::array<char*, 2ul>)",25,operator_shape_matched,"[[1,58939,128],[1,58939,128],[]]","[""c10::BFloat16"",""float"",""Scalar""]",null,2,41.057
null,aten::copy_,"void at::native::vectorized_elementwise_kernel<8, at::native::bfloat16_copy_kernel_cuda(at::TensorIteratorBase&)::{lambda(float)#1}, std::array<char*, 2ul> >(int, at::native::bfloat16_copy_kernel_cuda(at::TensorIteratorBase&)::{lambda(float)#1}, std::array<char*, 2ul>)",26,operator_shape_matched,"[[1,48,109,34,46],[1,48,109,34,46],[]]","[""c10::BFloat16"",""float"",""Scalar""]",null,2,33.663
null,aten::copy_,"void at::native::vectorized_elementwise_kernel<8, at::native::bfloat16_copy_kernel_cuda(at::TensorIteratorBase&)::{lambda(float)#1}, std::array<char*, 2ul> >(int, at::native::bfloat16_copy_kernel_cuda(at::TensorIteratorBase&)::{lambda(float)#1}, std::array<char*, 2ul>)",27,operator_shape_matched,"[[1,56605,128],[1,56605,128],[]]","[""c10::BFloat16"",""float"",""Scalar""]",null,2,32.833
null,aten::copy_,"void at::native::vectorized_elementwise_kernel<8, at::native::bfloat16_copy_kernel_cuda(at::TensorIteratorBase&)::{lambda(float)#1}, std::array<char*, 2ul> >(int, at::native::bfloat16_copy_kernel_cuda(at::TensorIteratorBase&)::{lambda(float)#1}, std::array<char*, 2ul>)",28,operator_shape_matched,"[[1,48,25,34,46],[1,48,25,34,46],[]]","[""c10::BFloat16"",""float"",""Scalar""]",null,6,25.856
null,aten::copy_,"void at::native::vectorized_elementwise_kernel<8, at::native::bfloat16_copy_kernel_cuda(at::TensorIteratorBase&)::{lambda(float)#1}, std::array<char*, 2ul> >(int, at::native::bfloat16_copy_kernel_cuda(at::TensorIteratorBase&)::{lambda(float)#1}, std::array<char*, 2ul>)",29,operator_shape_matched,"[[1,48,73,34,46],[1,48,73,34,46],[]]","[""c10::BFloat16"",""float"",""Scalar""]",null,2,22.304
null,aten::copy_,"void at::native::vectorized_elementwise_kernel<8, at::native::bfloat16_copy_kernel_cuda(at::TensorIteratorBase&)::{lambda(float)#1}, std::array<char*, 2ul> >(int, at::native::bfloat16_copy_kernel_cuda(at::TensorIteratorBase&)::{lambda(float)#1}, std::array<char*, 2ul>)",30,operator_shape_matched,"[[4096],[4096],[]]","[""float"",""c10::BFloat16"",""Scalar""]",null,12,20.255
null,aten::copy_,"void at::native::vectorized_elementwise_kernel<8, at::native::bfloat16_copy_kernel_cuda(at::TensorIteratorBase&)::{lambda(float)#1}, std::array<char*, 2ul> >(int, at::native::bfloat16_copy_kernel_cuda(at::TensorIteratorBase&)::{lambda(float)#1}, std::array<char*, 2ul>)",31,operator_shape_matched,"[[1,48,61,34,46],[1,48,61,34,46],[]]","[""c10::BFloat16"",""float"",""Scalar""]",null,2,17.728
null,aten::copy_,"void at::native::vectorized_elementwise_kernel<8, at::native::bfloat16_copy_kernel_cuda(at::TensorIteratorBase&)::{lambda(float)#1}, std::array<char*, 2ul> >(int, at::native::bfloat16_copy_kernel_cuda(at::TensorIteratorBase&)::{lambda(float)#1}, std::array<char*, 2ul>)",32,operator_shape_matched,"[[1,48,79,30,40],[1,48,79,30,40],[]]","[""c10::BFloat16"",""float"",""Scalar""]",null,2,17.28
null,aten::copy_,"void at::native::vectorized_elementwise_kernel<8, at::native::bfloat16_copy_kernel_cuda(at::TensorIteratorBase&)::{lambda(float)#1}, std::array<char*, 2ul> >(int, at::native::bfloat16_copy_kernel_cuda(at::TensorIteratorBase&)::{lambda(float)#1}, std::array<char*, 2ul>)",33,operator_shape_matched,"[[1,48,52,34,46],[1,48,52,34,46],[]]","[""c10::BFloat16"",""float"",""Scalar""]",null,2,14.176
null,aten::copy_,"void at::native::vectorized_elementwise_kernel<8, at::native::bfloat16_copy_kernel_cuda(at::TensorIteratorBase&)::{lambda(float)#1}, std::array<char*, 2ul> >(int, at::native::bfloat16_copy_kernel_cuda(at::TensorIteratorBase&)::{lambda(float)#1}, std::array<char*, 2ul>)",34,operator_shape_matched,"[[1,48,63,30,40],[1,48,63,30,40],[]]","[""c10::BFloat16"",""float"",""Scalar""]",null,2,13.601
null,aten::copy_,"void at::native::vectorized_elementwise_kernel<8, at::native::bfloat16_copy_kernel_cuda(at::TensorIteratorBase&)::{lambda(float)#1}, std::array<char*, 2ul> >(int, at::native::bfloat16_copy_kernel_cuda(at::TensorIteratorBase&)::{lambda(float)#1}, std::array<char*, 2ul>)",35,operator_shape_matched,"[[1,48,50,30,40],[1,48,50,30,40],[]]","[""c10::BFloat16"",""float"",""Scalar""]",null,2,12.544
null,aten::copy_,"void at::native::vectorized_elementwise_kernel<8, at::native::bfloat16_copy_kernel_cuda(at::TensorIteratorBase&)::{lambda(float)#1}, std::array<char*, 2ul> >(int, at::native::bfloat16_copy_kernel_cuda(at::TensorIteratorBase&)::{lambda(float)#1}, std::array<char*, 2ul>)",36,operator_shape_matched,"[[1,48,52,30,40],[1,48,52,30,40],[]]","[""c10::BFloat16"",""float"",""Scalar""]",null,2,11.744
null,aten::copy_,"void at::native::vectorized_elementwise_kernel<8, at::native::bfloat16_copy_kernel_cuda(at::TensorIteratorBase&)::{lambda(float)#1}, std::array<char*, 2ul> >(int, at::native::bfloat16_copy_kernel_cuda(at::TensorIteratorBase&)::{lambda(float)#1}, std::array<char*, 2ul>)",37,operator_shape_matched,"[[1,48,37,34,46],[1,48,37,34,46],[]]","[""c10::BFloat16"",""float"",""Scalar""]",null,2,11.681
null,aten::copy_,"void at::native::vectorized_elementwise_kernel<8, at::native::bfloat16_copy_kernel_cuda(at::TensorIteratorBase&)::{lambda(float)#1}, std::array<char*, 2ul> >(int, at::native::bfloat16_copy_kernel_cuda(at::TensorIteratorBase&)::{lambda(float)#1}, std::array<char*, 2ul>)",38,operator_shape_matched,"[[1,48,35,30,52],[1,48,35,30,52],[]]","[""c10::BFloat16"",""float"",""Scalar""]",null,2,11.2
null,aten::copy_,"void at::native::vectorized_elementwise_kernel<8, at::native::bfloat16_copy_kernel_cuda(at::TensorIteratorBase&)::{lambda(float)#1}, std::array<char*, 2ul> >(int, at::native::bfloat16_copy_kernel_cuda(at::TensorIteratorBase&)::{lambda(float)#1}, std::array<char*, 2ul>)",39,operator_shape_matched,"[[1,48,44,30,40],[1,48,44,30,40],[]]","[""c10::BFloat16"",""float"",""Scalar""]",null,2,10.464
null,aten::copy_,"void at::native::vectorized_elementwise_kernel<8, at::native::bfloat16_copy_kernel_cuda(at::TensorIteratorBase&)::{lambda(float)#1}, std::array<char*, 2ul> >(int, at::native::bfloat16_copy_kernel_cuda(at::TensorIteratorBase&)::{lambda(float)#1}, std::array<char*, 2ul>)",40,operator_shape_matched,"[[1,48,29,30,52],[1,48,29,30,52],[]]","[""c10::BFloat16"",""float"",""Scalar""]",null,2,10.4
null,aten::copy_,"void at::native::vectorized_elementwise_kernel<8, at::native::bfloat16_copy_kernel_cuda(at::TensorIteratorBase&)::{lambda(float)#1}, std::array<char*, 2ul> >(int, at::native::bfloat16_copy_kernel_cuda(at::TensorIteratorBase&)::{lambda(float)#1}, std::array<char*, 2ul>)",41,operator_shape_matched,"[[1,48,38,30,40],[1,48,38,30,40],[]]","[""c10::BFloat16"",""float"",""Scalar""]",null,2,10.271
null,aten::copy_,"void at::native::vectorized_elementwise_kernel<8, at::native::bfloat16_copy_kernel_cuda(at::TensorIteratorBase&)::{lambda(float)#1}, std::array<char*, 2ul> >(int, at::native::bfloat16_copy_kernel_cuda(at::TensorIteratorBase&)::{lambda(float)#1}, std::array<char*, 2ul>)",42,operator_shape_matched,"[[1,48,31,34,46],[1,48,31,34,46],[]]","[""c10::BFloat16"",""float"",""Scalar""]",null,2,9.825
null,aten::copy_,"void at::native::vectorized_elementwise_kernel<8, at::native::bfloat16_copy_kernel_cuda(at::TensorIteratorBase&)::{lambda(float)#1}, std::array<char*, 2ul> >(int, at::native::bfloat16_copy_kernel_cuda(at::TensorIteratorBase&)::{lambda(float)#1}, std::array<char*, 2ul>)",43,operator_shape_matched,"[[4096,256],[4096,256],[]]","[""float"",""c10::BFloat16"",""Scalar""]",null,3,8.543
null,aten::copy_,"void at::native::vectorized_elementwise_kernel<8, at::native::bfloat16_copy_kernel_cuda(at::TensorIteratorBase&)::{lambda(float)#1}, std::array<char*, 2ul> >(int, at::native::bfloat16_copy_kernel_cuda(at::TensorIteratorBase&)::{lambda(float)#1}, std::array<char*, 2ul>)",44,operator_shape_matched,"[[4096,256],[4096,256],[]]","[""c10::BFloat16"",""float"",""Scalar""]",null,3,8.512
null,aten::copy_,"void at::native::vectorized_elementwise_kernel<8, at::native::bfloat16_copy_kernel_cuda(at::TensorIteratorBase&)::{lambda(float)#1}, std::array<char*, 2ul> >(int, at::native::bfloat16_copy_kernel_cuda(at::TensorIteratorBase&)::{lambda(float)#1}, std::array<char*, 2ul>)",45,operator_shape_matched,"[[],[],[]]","[""c10::BFloat16"",""float"",""Scalar""]",null,6,8.481
null,aten::copy_,"void at::native::vectorized_elementwise_kernel<8, at::native::bfloat16_copy_kernel_cuda(at::TensorIteratorBase&)::{lambda(float)#1}, std::array<char*, 2ul> >(int, at::native::bfloat16_copy_kernel_cuda(at::TensorIteratorBase&)::{lambda(float)#1}, std::array<char*, 2ul>)",46,operator_shape_matched,"[[1,48,22,30,52],[1,48,22,30,52],[]]","[""c10::BFloat16"",""float"",""Scalar""]",null,2,7.903
null,aten::copy_,"void at::native::vectorized_elementwise_kernel<8, at::native::bfloat16_copy_kernel_cuda(at::TensorIteratorBase&)::{lambda(float)#1}, std::array<char*, 2ul> >(int, at::native::bfloat16_copy_kernel_cuda(at::TensorIteratorBase&)::{lambda(float)#1}, std::array<char*, 2ul>)",47,operator_shape_matched,"[[1,48,17,30,52],[1,48,17,30,52],[]]","[""c10::BFloat16"",""float"",""Scalar""]",null,2,7.552
null,aten::copy_,"void at::native::vectorized_elementwise_kernel<8, at::native::bfloat16_copy_kernel_cuda(at::TensorIteratorBase&)::{lambda(float)#1}, std::array<char*, 2ul> >(int, at::native::bfloat16_copy_kernel_cuda(at::TensorIteratorBase&)::{lambda(float)#1}, std::array<char*, 2ul>)",48,operator_shape_matched,"[[1,48,19,30,52],[1,48,19,30,52],[]]","[""c10::BFloat16"",""float"",""Scalar""]",null,2,7.008
null,aten::copy_,"void at::native::vectorized_elementwise_kernel<8, at::native::bfloat16_copy_kernel_cuda(at::TensorIteratorBase&)::{lambda(float)#1}, std::array<char*, 2ul> >(int, at::native::bfloat16_copy_kernel_cuda(at::TensorIteratorBase&)::{lambda(float)#1}, std::array<char*, 2ul>)",49,operator_shape_matched,"[[1,48,16,30,52],[1,48,16,30,52],[]]","[""c10::BFloat16"",""float"",""Scalar""]",null,2,6.816
null,aten::copy_,"void at::native::vectorized_elementwise_kernel<8, at::native::bfloat16_copy_kernel_cuda(at::TensorIteratorBase&)::{lambda(float)#1}, std::array<char*, 2ul> >(int, at::native::bfloat16_copy_kernel_cuda(at::TensorIteratorBase&)::{lambda(float)#1}, std::array<char*, 2ul>)",50,operator_shape_matched,"[[1,48,16,34,46],[1,48,16,34,46],[]]","[""c10::BFloat16"",""float"",""Scalar""]",null,2,6.657
null,aten::copy_,"void at::native::vectorized_elementwise_kernel<8, at::native::bfloat16_copy_kernel_cuda(at::TensorIteratorBase&)::{lambda(float)#1}, std::array<char*, 2ul> >(int, at::native::bfloat16_copy_kernel_cuda(at::TensorIteratorBase&)::{lambda(float)#1}, std::array<char*, 2ul>)",51,operator_shape_matched,"[[1,48,14,30,52],[1,48,14,30,52],[]]","[""c10::BFloat16"",""float"",""Scalar""]",null,2,6.496
null,aten::copy_,"void at::native::vectorized_elementwise_kernel<8, at::native::bfloat16_copy_kernel_cuda(at::TensorIteratorBase&)::{lambda(float)#1}, std::array<char*, 2ul> >(int, at::native::bfloat16_copy_kernel_cuda(at::TensorIteratorBase&)::{lambda(float)#1}, std::array<char*, 2ul>)",52,operator_shape_matched,"[[1,48,15,30,52],[1,48,15,30,52],[]]","[""c10::BFloat16"",""float"",""Scalar""]",null,2,6.4
null,aten::copy_,"void at::native::vectorized_elementwise_kernel<8, at::native::bfloat16_copy_kernel_cuda(at::TensorIteratorBase&)::{lambda(float)#1}, std::array<char*, 2ul> >(int, at::native::bfloat16_copy_kernel_cuda(at::TensorIteratorBase&)::{lambda(float)#1}, std::array<char*, 2ul>)",53,operator_shape_matched,"[[1,48,13,30,52],[1,48,13,30,52],[]]","[""c10::BFloat16"",""float"",""Scalar""]",null,2,6.144
null,aten::copy_,"void at::native::vectorized_elementwise_kernel<8, at::native::bfloat16_copy_kernel_cuda(at::TensorIteratorBase&)::{lambda(float)#1}, std::array<char*, 2ul> >(int, at::native::bfloat16_copy_kernel_cuda(at::TensorIteratorBase&)::{lambda(float)#1}, std::array<char*, 2ul>)",54,operator_shape_matched,"[[1,48,12,30,52],[1,48,12,30,52],[]]","[""c10::BFloat16"",""float"",""Scalar""]",null,2,5.824
null,aten::copy_,"void at::native::vectorized_elementwise_kernel<8, at::native::bfloat16_copy_kernel_cuda(at::TensorIteratorBase&)::{lambda(float)#1}, std::array<char*, 2ul> >(int, at::native::bfloat16_copy_kernel_cuda(at::TensorIteratorBase&)::{lambda(float)#1}, std::array<char*, 2ul>)",55,operator_shape_matched,"[[1,48,25,34,46],[1,48,25,34,46],[]]","[""float"",""float"",""Scalar""]",null,1,5.759
null,aten::copy_,"void at::native::vectorized_elementwise_kernel<8, at::native::bfloat16_copy_kernel_cuda(at::TensorIteratorBase&)::{lambda(float)#1}, std::array<char*, 2ul> >(int, at::native::bfloat16_copy_kernel_cuda(at::TensorIteratorBase&)::{lambda(float)#1}, std::array<char*, 2ul>)",56,operator_shape_matched,"[[1,48,11,30,52],[1,48,11,30,52],[]]","[""c10::BFloat16"",""float"",""Scalar""]",null,2,5.696
null,aten::copy_,"void at::native::vectorized_elementwise_kernel<8, at::native::bfloat16_copy_kernel_cuda(at::TensorIteratorBase&)::{lambda(float)#1}, std::array<char*, 2ul> >(int, at::native::bfloat16_copy_kernel_cuda(at::TensorIteratorBase&)::{lambda(float)#1}, std::array<char*, 2ul>)",57,operator_shape_matched,"[[1,48,15,30,52],[1,48,15,30,52],[]]","[""float"",""float"",""Scalar""]",null,1,3.903
null,aten::copy_,"void at::native::vectorized_elementwise_kernel<8, at::native::bfloat16_copy_kernel_cuda(at::TensorIteratorBase&)::{lambda(float)#1}, std::array<char*, 2ul> >(int, at::native::bfloat16_copy_kernel_cuda(at::TensorIteratorBase&)::{lambda(float)#1}, std::array<char*, 2ul>)",58,operator_shape_matched,"[[1,48,13,30,52],[1,48,13,30,52],[]]","[""float"",""float"",""Scalar""]",null,1,3.808
null,aten::copy_,"void at::native::vectorized_elementwise_kernel<8, at::native::bfloat16_copy_kernel_cuda(at::TensorIteratorBase&)::{lambda(float)#1}, std::array<char*, 2ul> >(int, at::native::bfloat16_copy_kernel_cuda(at::TensorIteratorBase&)::{lambda(float)#1}, std::array<char*, 2ul>)",59,operator_shape_matched,"[[1,48,11,30,52],[1,48,11,30,52],[]]","[""float"",""float"",""Scalar""]",null,1,3.488
null,aten::copy_,"void at::native::vectorized_elementwise_kernel<8, at::native::bfloat16_copy_kernel_cuda(at::TensorIteratorBase&)::{lambda(float)#1}, std::array<char*, 2ul> >(int, at::native::bfloat16_copy_kernel_cuda(at::TensorIteratorBase&)::{lambda(float)#1}, std::array<char*, 2ul>)",60,operator_shape_matched,"[[1,48,25,34,46],[1,48,25,34,46],[]]","[""float"",""c10::BFloat16"",""Scalar""]",null,1,3.072
null,aten::copy_,"void at::native::vectorized_elementwise_kernel<8, at::native::bfloat16_copy_kernel_cuda(at::TensorIteratorBase&)::{lambda(float)#1}, std::array<char*, 2ul> >(int, at::native::bfloat16_copy_kernel_cuda(at::TensorIteratorBase&)::{lambda(float)#1}, std::array<char*, 2ul>)",61,operator_shape_matched,"[[1,48,15,30,52],[1,48,15,30,52],[]]","[""float"",""c10::BFloat16"",""Scalar""]",null,1,2.496
null,aten::copy_,"void at::native::vectorized_elementwise_kernel<8, at::native::bfloat16_copy_kernel_cuda(at::TensorIteratorBase&)::{lambda(float)#1}, std::array<char*, 2ul> >(int, at::native::bfloat16_copy_kernel_cuda(at::TensorIteratorBase&)::{lambda(float)#1}, std::array<char*, 2ul>)",62,operator_shape_matched,"[[1,48,13,30,52],[1,48,13,30,52],[]]","[""float"",""c10::BFloat16"",""Scalar""]",null,1,2.368
null,aten::copy_,"void at::native::vectorized_elementwise_kernel<8, at::native::bfloat16_copy_kernel_cuda(at::TensorIteratorBase&)::{lambda(float)#1}, std::array<char*, 2ul> >(int, at::native::bfloat16_copy_kernel_cuda(at::TensorIteratorBase&)::{lambda(float)#1}, std::array<char*, 2ul>)",63,operator_shape_matched,"[[1,48,11,30,52],[1,48,11,30,52],[]]","[""float"",""c10::BFloat16"",""Scalar""]",null,1,2.304
null,aten::cos,"void at::native::vectorized_elementwise_kernel<4, at::native::cos_kernel_cuda(at::TensorIteratorBase&)::{lambda()#2}::operator()() const::{lambda()#2}::operator()() const::{lambda(float)#1}, std::array<char*, 2ul> >(int, at::native::cos_kernel_cuda(at::TensorIteratorBase&)::{lambda()#2}::operator()() const::{lambda()#2}::operator()() const::{lambda(float)#1}, std::array<char*, 2ul>)",1,operator_shape_matched,"[[1,98970,128]]","[""float""]",null,1,36.032
null,aten::cos,"void at::native::vectorized_elementwise_kernel<4, at::native::cos_kernel_cuda(at::TensorIteratorBase&)::{lambda()#2}::operator()() const::{lambda()#2}::operator()() const::{lambda(float)#1}, std::array<char*, 2ul> >(int, at::native::cos_kernel_cuda(at::TensorIteratorBase&)::{lambda()#2}::operator()() const::{lambda()#2}::operator()() const::{lambda(float)#1}, std::array<char*, 2ul>)",2,operator_shape_matched,"[[1,97971,128]]","[""float""]",null,1,35.744
null,aten::cos,"void at::native::vectorized_elementwise_kernel<4, at::native::cos_kernel_cuda(at::TensorIteratorBase&)::{lambda()#2}::operator()() const::{lambda()#2}::operator()() const::{lambda(float)#1}, std::array<char*, 2ul> >(int, at::native::cos_kernel_cuda(at::TensorIteratorBase&)::{lambda()#2}::operator()() const::{lambda()#2}::operator()() const::{lambda(float)#1}, std::array<char*, 2ul>)",3,operator_shape_matched,"[[96000,128]]","[""float""]",null,1,34.977
null,aten::cos,"void at::native::vectorized_elementwise_kernel<4, at::native::cos_kernel_cuda(at::TensorIteratorBase&)::{lambda()#2}::operator()() const::{lambda()#2}::operator()() const::{lambda(float)#1}, std::array<char*, 2ul> >(int, at::native::cos_kernel_cuda(at::TensorIteratorBase&)::{lambda()#2}::operator()() const::{lambda()#2}::operator()() const::{lambda(float)#1}, std::array<char*, 2ul>)",4,operator_shape_matched,"[[94622,128]]","[""float""]",null,1,34.56
null,aten::cos,"void at::native::vectorized_elementwise_kernel<4, at::native::cos_kernel_cuda(at::TensorIteratorBase&)::{lambda()#2}::operator()() const::{lambda()#2}::operator()() const::{lambda(float)#1}, std::array<char*, 2ul> >(int, at::native::cos_kernel_cuda(at::TensorIteratorBase&)::{lambda()#2}::operator()() const::{lambda()#2}::operator()() const::{lambda(float)#1}, std::array<char*, 2ul>)",5,operator_shape_matched,"[[1,96992,128]]","[""float""]",null,1,34.176
null,aten::cos,"void at::native::vectorized_elementwise_kernel<4, at::native::cos_kernel_cuda(at::TensorIteratorBase&)::{lambda()#2}::operator()() const::{lambda()#2}::operator()() const::{lambda(float)#1}, std::array<char*, 2ul> >(int, at::native::cos_kernel_cuda(at::TensorIteratorBase&)::{lambda()#2}::operator()() const::{lambda()#2}::operator()() const::{lambda(float)#1}, std::array<char*, 2ul>)",6,operator_shape_matched,"[[1,91618,128]]","[""float""]",null,1,33.185
null,aten::cos,"void at::native::vectorized_elementwise_kernel<4, at::native::cos_kernel_cuda(at::TensorIteratorBase&)::{lambda()#2}::operator()() const::{lambda()#2}::operator()() const::{lambda(float)#1}, std::array<char*, 2ul> >(int, at::native::cos_kernel_cuda(at::TensorIteratorBase&)::{lambda()#2}::operator()() const::{lambda()#2}::operator()() const::{lambda(float)#1}, std::array<char*, 2ul>)",7,operator_shape_matched,"[[90870,128]]","[""float""]",null,1,33.184
null,aten::cos,"void at::native::vectorized_elementwise_kernel<4, at::native::cos_kernel_cuda(at::TensorIteratorBase&)::{lambda()#2}::operator()() const::{lambda()#2}::operator()() const::{lambda(float)#1}, std::array<char*, 2ul> >(int, at::native::cos_kernel_cuda(at::TensorIteratorBase&)::{lambda()#2}::operator()() const::{lambda()#2}::operator()() const::{lambda(float)#1}, std::array<char*, 2ul>)",8,operator_shape_matched,"[[90321,128]]","[""float""]",null,1,32.992
null,aten::cos,"void at::native::vectorized_elementwise_kernel<4, at::native::cos_kernel_cuda(at::TensorIteratorBase&)::{lambda()#2}::operator()() const::{lambda()#2}::operator()() const::{lambda(float)#1}, std::array<char*, 2ul> >(int, at::native::cos_kernel_cuda(at::TensorIteratorBase&)::{lambda()#2}::operator()() const::{lambda()#2}::operator()() const::{lambda(float)#1}, std::array<char*, 2ul>)",9,operator_shape_matched,"[[1,56605,128]]","[""float""]",null,1,18.688
null,aten::cos,"void at::native::vectorized_elementwise_kernel<4, at::native::cos_kernel_cuda(at::TensorIteratorBase&)::{lambda()#2}::operator()() const::{lambda()#2}::operator()() const::{lambda(float)#1}, std::array<char*, 2ul> >(int, at::native::cos_kernel_cuda(at::TensorIteratorBase&)::{lambda()#2}::operator()() const::{lambda()#2}::operator()() const::{lambda(float)#1}, std::array<char*, 2ul>)",10,operator_shape_matched,"[[1,58939,128]]","[""float""]",null,1,18.368
null,aten::cos,"void at::native::vectorized_elementwise_kernel<4, at::native::cos_kernel_cuda(at::TensorIteratorBase&)::{lambda()#2}::operator()() const::{lambda()#2}::operator()() const::{lambda(float)#1}, std::array<char*, 2ul> >(int, at::native::cos_kernel_cuda(at::TensorIteratorBase&)::{lambda()#2}::operator()() const::{lambda()#2}::operator()() const::{lambda(float)#1}, std::array<char*, 2ul>)",11,operator_shape_matched,"[[1,128]]","[""float""]",null,2,3.904
null,aten::cumsum,"void at_cuda_detail::cub::detail::scan::DeviceScanInitKernel<at_cuda_detail::cub::ScanTileState<int, true> >(at_cuda_detail::cub::ScanTileState<int, true>, int)",1,operator_shape_matched,"[[2],[],[]]","[""int"",""Scalar"",""Scalar""]",null,2,2.015
null,aten::cumsum,"void at_cuda_detail::cub::detail::scan::DeviceScanInitKernel<at_cuda_detail::cub::ScanTileState<int, true> >(at_cuda_detail::cub::ScanTileState<int, true>, int)",2,operator_shape_matched,"[[7],[],[]]","[""int"",""Scalar"",""Scalar""]",null,1,1.184
null,aten::cumsum,"void at_cuda_detail::cub::detail::scan::DeviceScanInitKernel<at_cuda_detail::cub::ScanTileState<int, true> >(at_cuda_detail::cub::ScanTileState<int, true>, int)",3,operator_shape_matched,"[[5],[],[]]","[""int"",""Scalar"",""Scalar""]",null,1,1.025
null,aten::cumsum,"void at_cuda_detail::cub::detail::scan::DeviceScanInitKernel<at_cuda_detail::cub::ScanTileState<int, true> >(at_cuda_detail::cub::ScanTileState<int, true>, int)",4,operator_shape_matched,"[[8],[],[]]","[""int"",""Scalar"",""Scalar""]",null,1,1.024
null,aten::cumsum,"void at_cuda_detail::cub::detail::scan::DeviceScanInitKernel<at_cuda_detail::cub::ScanTileState<int, true> >(at_cuda_detail::cub::ScanTileState<int, true>, int)",5,operator_shape_matched,"[[15],[],[]]","[""int"",""Scalar"",""Scalar""]",null,1,1.024
null,aten::cumsum,"void at_cuda_detail::cub::detail::scan::DeviceScanInitKernel<at_cuda_detail::cub::ScanTileState<long, true> >(at_cuda_detail::cub::ScanTileState<long, true>, int)",1,operator_shape_matched,"[[1],[],[]]","[""long int"",""Scalar"",""""]",null,2,2.081
null,aten::cumsum,"void at_cuda_detail::cub::detail::scan::DeviceScanInitKernel<at_cuda_detail::cub::ScanTileState<long, true> >(at_cuda_detail::cub::ScanTileState<long, true>, int)",2,operator_shape_matched,"[[7],[],[]]","[""long int"",""Scalar"",""""]",null,1,1.055
null,aten::cumsum,"void at_cuda_detail::cub::detail::scan::DeviceScanInitKernel<at_cuda_detail::cub::ScanTileState<long, true> >(at_cuda_detail::cub::ScanTileState<long, true>, int)",3,operator_shape_matched,"[[4],[],[]]","[""long int"",""Scalar"",""""]",null,1,1.025
null,aten::cumsum,"void at_cuda_detail::cub::detail::scan::DeviceScanInitKernel<at_cuda_detail::cub::ScanTileState<long, true> >(at_cuda_detail::cub::ScanTileState<long, true>, int)",4,operator_shape_matched,"[[14],[],[]]","[""long int"",""Scalar"",""""]",null,1,1.024
null,aten::cumsum,"void at_cuda_detail::cub::detail::scan::DeviceScanInitKernel<at_cuda_detail::cub::ScanTileState<long, true> >(at_cuda_detail::cub::ScanTileState<long, true>, int)",5,operator_shape_matched,"[[6],[],[]]","[""long int"",""Scalar"",""""]",null,1,1.024
null,aten::cumsum,"void at_cuda_detail::cub::detail::scan::DeviceScanKernel<at_cuda_detail::cub::detail::scan::policy_hub<int, int, int, unsigned int, std::plus<int> >::Policy1000, int const*, int*, at_cuda_detail::cub::ScanTileState<int, true>, std::plus<int>, at_cuda_detail::cub::NullType, unsigned int, int, false, at_cuda_detail::cub::NullType>(int const*, int*, at_cuda_detail::cub::ScanTileState<int, true>, int, std::plus<int>, at_cuda_detail::cub::NullType, unsigned int)",1,operator_shape_matched,"[[2],[],[]]","[""int"",""Scalar"",""Scalar""]",null,2,3.553
null,aten::cumsum,"void at_cuda_detail::cub::detail::scan::DeviceScanKernel<at_cuda_detail::cub::detail::scan::policy_hub<int, int, int, unsigned int, std::plus<int> >::Policy1000, int const*, int*, at_cuda_detail::cub::ScanTileState<int, true>, std::plus<int>, at_cuda_detail::cub::NullType, unsigned int, int, false, at_cuda_detail::cub::NullType>(int const*, int*, at_cuda_detail::cub::ScanTileState<int, true>, int, std::plus<int>, at_cuda_detail::cub::NullType, unsigned int)",2,operator_shape_matched,"[[8],[],[]]","[""int"",""Scalar"",""Scalar""]",null,1,2.08
null,aten::cumsum,"void at_cuda_detail::cub::detail::scan::DeviceScanKernel<at_cuda_detail::cub::detail::scan::policy_hub<int, int, int, unsigned int, std::plus<int> >::Policy1000, int const*, int*, at_cuda_detail::cub::ScanTileState<int, true>, std::plus<int>, at_cuda_detail::cub::NullType, unsigned int, int, false, at_cuda_detail::cub::NullType>(int const*, int*, at_cuda_detail::cub::ScanTileState<int, true>, int, std::plus<int>, at_cuda_detail::cub::NullType, unsigned int)",3,operator_shape_matched,"[[15],[],[]]","[""int"",""Scalar"",""Scalar""]",null,1,2.016
null,aten::cumsum,"void at_cuda_detail::cub::detail::scan::DeviceScanKernel<at_cuda_detail::cub::detail::scan::policy_hub<int, int, int, unsigned int, std::plus<int> >::Policy1000, int const*, int*, at_cuda_detail::cub::ScanTileState<int, true>, std::plus<int>, at_cuda_detail::cub::NullType, unsigned int, int, false, at_cuda_detail::cub::NullType>(int const*, int*, at_cuda_detail::cub::ScanTileState<int, true>, int, std::plus<int>, at_cuda_detail::cub::NullType, unsigned int)",4,operator_shape_matched,"[[7],[],[]]","[""int"",""Scalar"",""Scalar""]",null,1,1.92
null,aten::cumsum,"void at_cuda_detail::cub::detail::scan::DeviceScanKernel<at_cuda_detail::cub::detail::scan::policy_hub<int, int, int, unsigned int, std::plus<int> >::Policy1000, int const*, int*, at_cuda_detail::cub::ScanTileState<int, true>, std::plus<int>, at_cuda_detail::cub::NullType, unsigned int, int, false, at_cuda_detail::cub::NullType>(int const*, int*, at_cuda_detail::cub::ScanTileState<int, true>, int, std::plus<int>, at_cuda_detail::cub::NullType, unsigned int)",5,operator_shape_matched,"[[5],[],[]]","[""int"",""Scalar"",""Scalar""]",null,1,1.888
null,aten::cumsum,"void at_cuda_detail::cub::detail::scan::DeviceScanKernel<at_cuda_detail::cub::detail::scan::policy_hub<long, long, long, unsigned int, std::plus<long> >::Policy1000, long const*, long*, at_cuda_detail::cub::ScanTileState<long, true>, std::plus<long>, at_cuda_detail::cub::NullType, unsigned int, long, false, at_cuda_detail::cub::NullType>(long const*, long*, at_cuda_detail::cub::ScanTileState<long, true>, int, std::plus<long>, at_cuda_detail::cub::NullType, unsigned int)",1,operator_shape_matched,"[[1],[],[]]","[""long int"",""Scalar"",""""]",null,2,3.552
null,aten::cumsum,"void at_cuda_detail::cub::detail::scan::DeviceScanKernel<at_cuda_detail::cub::detail::scan::policy_hub<long, long, long, unsigned int, std::plus<long> >::Policy1000, long const*, long*, at_cuda_detail::cub::ScanTileState<long, true>, std::plus<long>, at_cuda_detail::cub::NullType, unsigned int, long, false, at_cuda_detail::cub::NullType>(long const*, long*, at_cuda_detail::cub::ScanTileState<long, true>, int, std::plus<long>, at_cuda_detail::cub::NullType, unsigned int)",2,operator_shape_matched,"[[6],[],[]]","[""long int"",""Scalar"",""""]",null,1,1.824
null,aten::cumsum,"void at_cuda_detail::cub::detail::scan::DeviceScanKernel<at_cuda_detail::cub::detail::scan::policy_hub<long, long, long, unsigned int, std::plus<long> >::Policy1000, long const*, long*, at_cuda_detail::cub::ScanTileState<long, true>, std::plus<long>, at_cuda_detail::cub::NullType, unsigned int, long, false, at_cuda_detail::cub::NullType>(long const*, long*, at_cuda_detail::cub::ScanTileState<long, true>, int, std::plus<long>, at_cuda_detail::cub::NullType, unsigned int)",3,operator_shape_matched,"[[7],[],[]]","[""long int"",""Scalar"",""""]",null,1,1.824
null,aten::cumsum,"void at_cuda_detail::cub::detail::scan::DeviceScanKernel<at_cuda_detail::cub::detail::scan::policy_hub<long, long, long, unsigned int, std::plus<long> >::Policy1000, long const*, long*, at_cuda_detail::cub::ScanTileState<long, true>, std::plus<long>, at_cuda_detail::cub::NullType, unsigned int, long, false, at_cuda_detail::cub::NullType>(long const*, long*, at_cuda_detail::cub::ScanTileState<long, true>, int, std::plus<long>, at_cuda_detail::cub::NullType, unsigned int)",4,operator_shape_matched,"[[4],[],[]]","[""long int"",""Scalar"",""""]",null,1,1.792
null,aten::cumsum,"void at_cuda_detail::cub::detail::scan::DeviceScanKernel<at_cuda_detail::cub::detail::scan::policy_hub<long, long, long, unsigned int, std::plus<long> >::Policy1000, long const*, long*, at_cuda_detail::cub::ScanTileState<long, true>, std::plus<long>, at_cuda_detail::cub::NullType, unsigned int, long, false, at_cuda_detail::cub::NullType>(long const*, long*, at_cuda_detail::cub::ScanTileState<long, true>, int, std::plus<long>, at_cuda_detail::cub::NullType, unsigned int)",5,operator_shape_matched,"[[14],[],[]]","[""long int"",""Scalar"",""""]",null,1,1.696
null,aten::div,"void at::native::elementwise_kernel<128, 2, at::native::gpu_kernel_impl_nocast<at::native::BUnaryFunctor<float, float, float, at::native::binary_internal::MulFunctor<float> > >(at::TensorIteratorBase&, at::native::BUnaryFunctor<float, float, float, at::native::binary_internal::MulFunctor<float> > const&)::{lambda(int)#1}>(int, at::native::gpu_kernel_impl_nocast<at::native::BUnaryFunctor<float, float, float, at::native::binary_internal::MulFunctor<float> > >(at::TensorIteratorBase&, at::native::BUnaryFunctor<float, float, float, at::native::binary_internal::MulFunctor<float> > const&)::{lambda(int)#1})",1,operator_shape_matched,"[[98304,4096],[]]","[""float"",""long int""]",null,3,3352.242
null,aten::div,"void at::native::elementwise_kernel<128, 2, at::native::gpu_kernel_impl_nocast<at::native::BUnaryFunctor<float, float, float, at::native::binary_internal::MulFunctor<float> > >(at::TensorIteratorBase&, at::native::BUnaryFunctor<float, float, float, at::native::binary_internal::MulFunctor<float> > const&)::{lambda(int)#1}>(int, at::native::gpu_kernel_impl_nocast<at::native::BUnaryFunctor<float, float, float, at::native::binary_internal::MulFunctor<float> > >(at::TensorIteratorBase&, at::native::BUnaryFunctor<float, float, float, at::native::binary_internal::MulFunctor<float> > const&)::{lambda(int)#1})",2,operator_shape_matched,"[[98304,4096],[]]","[""float"",""Scalar""]",null,3,3109.201
null,aten::div,"void at::native::elementwise_kernel<128, 2, at::native::gpu_kernel_impl_nocast<at::native::BUnaryFunctor<float, float, float, at::native::binary_internal::MulFunctor<float> > >(at::TensorIteratorBase&, at::native::BUnaryFunctor<float, float, float, at::native::binary_internal::MulFunctor<float> > const&)::{lambda(int)#1}>(int, at::native::gpu_kernel_impl_nocast<at::native::BUnaryFunctor<float, float, float, at::native::binary_internal::MulFunctor<float> > >(at::TensorIteratorBase&, at::native::BUnaryFunctor<float, float, float, at::native::binary_internal::MulFunctor<float> > const&)::{lambda(int)#1})",3,operator_shape_matched,"[[3072,4096],[]]","[""float"",""long int""]",null,3,104.512
null,aten::div,"void at::native::elementwise_kernel<128, 2, at::native::gpu_kernel_impl_nocast<at::native::BUnaryFunctor<float, float, float, at::native::binary_internal::MulFunctor<float> > >(at::TensorIteratorBase&, at::native::BUnaryFunctor<float, float, float, at::native::binary_internal::MulFunctor<float> > const&)::{lambda(int)#1}>(int, at::native::gpu_kernel_impl_nocast<at::native::BUnaryFunctor<float, float, float, at::native::binary_internal::MulFunctor<float> > >(at::TensorIteratorBase&, at::native::BUnaryFunctor<float, float, float, at::native::binary_internal::MulFunctor<float> > const&)::{lambda(int)#1})",4,operator_shape_matched,"[[3072,4096],[]]","[""float"",""Scalar""]",null,3,98.624
null,aten::div,"void at::native::elementwise_kernel<128, 2, at::native::gpu_kernel_impl_nocast<at::native::BUnaryFunctor<float, float, float, at::native::binary_internal::MulFunctor<float> > >(at::TensorIteratorBase&, at::native::BUnaryFunctor<float, float, float, at::native::binary_internal::MulFunctor<float> > const&)::{lambda(int)#1}>(int, at::native::gpu_kernel_impl_nocast<at::native::BUnaryFunctor<float, float, float, at::native::binary_internal::MulFunctor<float> > >(at::TensorIteratorBase&, at::native::BUnaryFunctor<float, float, float, at::native::binary_internal::MulFunctor<float> > const&)::{lambda(int)#1})",5,operator_shape_matched,"[[1,48,150,34,46],[]]","[""float"",""Scalar""]",null,1,28.192
null,aten::div,"void at::native::elementwise_kernel<128, 2, at::native::gpu_kernel_impl_nocast<at::native::BUnaryFunctor<float, float, float, at::native::binary_internal::MulFunctor<float> > >(at::TensorIteratorBase&, at::native::BUnaryFunctor<float, float, float, at::native::binary_internal::MulFunctor<float> > const&)::{lambda(int)#1}>(int, at::native::gpu_kernel_impl_nocast<at::native::BUnaryFunctor<float, float, float, at::native::binary_internal::MulFunctor<float> > >(at::TensorIteratorBase&, at::native::BUnaryFunctor<float, float, float, at::native::binary_internal::MulFunctor<float> > const&)::{lambda(int)#1})",6,operator_shape_matched,"[[1,48,144,34,46],[]]","[""float"",""Scalar""]",null,1,27.104
null,aten::div,"void at::native::elementwise_kernel<128, 2, at::native::gpu_kernel_impl_nocast<at::native::BUnaryFunctor<float, float, float, at::native::binary_internal::MulFunctor<float> > >(at::TensorIteratorBase&, at::native::BUnaryFunctor<float, float, float, at::native::binary_internal::MulFunctor<float> > const&)::{lambda(int)#1}>(int, at::native::gpu_kernel_impl_nocast<at::native::BUnaryFunctor<float, float, float, at::native::binary_internal::MulFunctor<float> > >(at::TensorIteratorBase&, at::native::BUnaryFunctor<float, float, float, at::native::binary_internal::MulFunctor<float> > const&)::{lambda(int)#1})",7,operator_shape_matched,"[[1,48,109,34,46],[]]","[""float"",""Scalar""]",null,1,22.976
null,aten::div,"void at::native::elementwise_kernel<128, 2, at::native::gpu_kernel_impl_nocast<at::native::BUnaryFunctor<float, float, float, at::native::binary_internal::MulFunctor<float> > >(at::TensorIteratorBase&, at::native::BUnaryFunctor<float, float, float, at::native::binary_internal::MulFunctor<float> > const&)::{lambda(int)#1}>(int, at::native::gpu_kernel_impl_nocast<at::native::BUnaryFunctor<float, float, float, at::native::binary_internal::MulFunctor<float> > >(at::TensorIteratorBase&, at::native::BUnaryFunctor<float, float, float, at::native::binary_internal::MulFunctor<float> > const&)::{lambda(int)#1})",8,operator_shape_matched,"[[1,48,73,34,46],[]]","[""float"",""Scalar""]",null,1,16
null,aten::div,"void at::native::elementwise_kernel<128, 2, at::native::gpu_kernel_impl_nocast<at::native::BUnaryFunctor<float, float, float, at::native::binary_internal::MulFunctor<float> > >(at::TensorIteratorBase&, at::native::BUnaryFunctor<float, float, float, at::native::binary_internal::MulFunctor<float> > const&)::{lambda(int)#1}>(int, at::native::gpu_kernel_impl_nocast<at::native::BUnaryFunctor<float, float, float, at::native::binary_internal::MulFunctor<float> > >(at::TensorIteratorBase&, at::native::BUnaryFunctor<float, float, float, at::native::binary_internal::MulFunctor<float> > const&)::{lambda(int)#1})",9,operator_shape_matched,"[[1,48,25,34,46],[]]","[""float"",""Scalar""]",null,2,12.801
null,aten::div,"void at::native::elementwise_kernel<128, 2, at::native::gpu_kernel_impl_nocast<at::native::BUnaryFunctor<float, float, float, at::native::binary_internal::MulFunctor<float> > >(at::TensorIteratorBase&, at::native::BUnaryFunctor<float, float, float, at::native::binary_internal::MulFunctor<float> > const&)::{lambda(int)#1}>(int, at::native::gpu_kernel_impl_nocast<at::native::BUnaryFunctor<float, float, float, at::native::binary_internal::MulFunctor<float> > >(at::TensorIteratorBase&, at::native::BUnaryFunctor<float, float, float, at::native::binary_internal::MulFunctor<float> > const&)::{lambda(int)#1})",10,operator_shape_matched,"[[1,48,25,34,46],[]]","[""float"",""long int""]",null,2,12.799
null,aten::div,"void at::native::elementwise_kernel<128, 2, at::native::gpu_kernel_impl_nocast<at::native::BUnaryFunctor<float, float, float, at::native::binary_internal::MulFunctor<float> > >(at::TensorIteratorBase&, at::native::BUnaryFunctor<float, float, float, at::native::binary_internal::MulFunctor<float> > const&)::{lambda(int)#1}>(int, at::native::gpu_kernel_impl_nocast<at::native::BUnaryFunctor<float, float, float, at::native::binary_internal::MulFunctor<float> > >(at::TensorIteratorBase&, at::native::BUnaryFunctor<float, float, float, at::native::binary_internal::MulFunctor<float> > const&)::{lambda(int)#1})",11,operator_shape_matched,"[[1,48,61,34,46],[]]","[""float"",""Scalar""]",null,1,12.736
null,aten::div,"void at::native::elementwise_kernel<128, 2, at::native::gpu_kernel_impl_nocast<at::native::BUnaryFunctor<float, float, float, at::native::binary_internal::MulFunctor<float> > >(at::TensorIteratorBase&, at::native::BUnaryFunctor<float, float, float, at::native::binary_internal::MulFunctor<float> > const&)::{lambda(int)#1}>(int, at::native::gpu_kernel_impl_nocast<at::native::BUnaryFunctor<float, float, float, at::native::binary_internal::MulFunctor<float> > >(at::TensorIteratorBase&, at::native::BUnaryFunctor<float, float, float, at::native::binary_internal::MulFunctor<float> > const&)::{lambda(int)#1})",12,operator_shape_matched,"[[1,48,79,30,40],[]]","[""float"",""Scalar""]",null,1,12.48
null,aten::div,"void at::native::elementwise_kernel<128, 2, at::native::gpu_kernel_impl_nocast<at::native::BUnaryFunctor<float, float, float, at::native::binary_internal::MulFunctor<float> > >(at::TensorIteratorBase&, at::native::BUnaryFunctor<float, float, float, at::native::binary_internal::MulFunctor<float> > const&)::{lambda(int)#1}>(int, at::native::gpu_kernel_impl_nocast<at::native::BUnaryFunctor<float, float, float, at::native::binary_internal::MulFunctor<float> > >(at::TensorIteratorBase&, at::native::BUnaryFunctor<float, float, float, at::native::binary_internal::MulFunctor<float> > const&)::{lambda(int)#1})",13,operator_shape_matched,"[[1,48,52,34,46],[]]","[""float"",""Scalar""]",null,1,10.913
null,aten::div,"void at::native::elementwise_kernel<128, 2, at::native::gpu_kernel_impl_nocast<at::native::BUnaryFunctor<float, float, float, at::native::binary_internal::MulFunctor<float> > >(at::TensorIteratorBase&, at::native::BUnaryFunctor<float, float, float, at::native::binary_internal::MulFunctor<float> > const&)::{lambda(int)#1}>(int, at::native::gpu_kernel_impl_nocast<at::native::BUnaryFunctor<float, float, float, at::native::binary_internal::MulFunctor<float> > >(at::TensorIteratorBase&, at::native::BUnaryFunctor<float, float, float, at::native::binary_internal::MulFunctor<float> > const&)::{lambda(int)#1})",14,operator_shape_matched,"[[1,48,63,30,40],[]]","[""float"",""Scalar""]",null,1,10.304
null,aten::div,"void at::native::elementwise_kernel<128, 2, at::native::gpu_kernel_impl_nocast<at::native::BUnaryFunctor<float, float, float, at::native::binary_internal::MulFunctor<float> > >(at::TensorIteratorBase&, at::native::BUnaryFunctor<float, float, float, at::native::binary_internal::MulFunctor<float> > const&)::{lambda(int)#1}>(int, at::native::gpu_kernel_impl_nocast<at::native::BUnaryFunctor<float, float, float, at::native::binary_internal::MulFunctor<float> > >(at::TensorIteratorBase&, at::native::BUnaryFunctor<float, float, float, at::native::binary_internal::MulFunctor<float> > const&)::{lambda(int)#1})",15,operator_shape_matched,"[[1,48,52,30,40],[]]","[""float"",""Scalar""]",null,1,8.832
null,aten::div,"void at::native::elementwise_kernel<128, 2, at::native::gpu_kernel_impl_nocast<at::native::BUnaryFunctor<float, float, float, at::native::binary_internal::MulFunctor<float> > >(at::TensorIteratorBase&, at::native::BUnaryFunctor<float, float, float, at::native::binary_internal::MulFunctor<float> > const&)::{lambda(int)#1}>(int, at::native::gpu_kernel_impl_nocast<at::native::BUnaryFunctor<float, float, float, at::native::binary_internal::MulFunctor<float> > >(at::TensorIteratorBase&, at::native::BUnaryFunctor<float, float, float, at::native::binary_internal::MulFunctor<float> > const&)::{lambda(int)#1})",16,operator_shape_matched,"[[1,48,35,30,52],[]]","[""float"",""Scalar""]",null,1,8.832
null,aten::div,"void at::native::elementwise_kernel<128, 2, at::native::gpu_kernel_impl_nocast<at::native::BUnaryFunctor<float, float, float, at::native::binary_internal::MulFunctor<float> > >(at::TensorIteratorBase&, at::native::BUnaryFunctor<float, float, float, at::native::binary_internal::MulFunctor<float> > const&)::{lambda(int)#1}>(int, at::native::gpu_kernel_impl_nocast<at::native::BUnaryFunctor<float, float, float, at::native::binary_internal::MulFunctor<float> > >(at::TensorIteratorBase&, at::native::BUnaryFunctor<float, float, float, at::native::binary_internal::MulFunctor<float> > const&)::{lambda(int)#1})",17,operator_shape_matched,"[[1,48,50,30,40],[]]","[""float"",""Scalar""]",null,1,8.512
null,aten::div,"void at::native::elementwise_kernel<128, 2, at::native::gpu_kernel_impl_nocast<at::native::BUnaryFunctor<float, float, float, at::native::binary_internal::MulFunctor<float> > >(at::TensorIteratorBase&, at::native::BUnaryFunctor<float, float, float, at::native::binary_internal::MulFunctor<float> > const&)::{lambda(int)#1}>(int, at::native::gpu_kernel_impl_nocast<at::native::BUnaryFunctor<float, float, float, at::native::binary_internal::MulFunctor<float> > >(at::TensorIteratorBase&, at::native::BUnaryFunctor<float, float, float, at::native::binary_internal::MulFunctor<float> > const&)::{lambda(int)#1})",18,operator_shape_matched,"[[1,48,37,34,46],[]]","[""float"",""Scalar""]",null,1,8.16
null,aten::div,"void at::native::elementwise_kernel<128, 2, at::native::gpu_kernel_impl_nocast<at::native::BUnaryFunctor<float, float, float, at::native::binary_internal::MulFunctor<float> > >(at::TensorIteratorBase&, at::native::BUnaryFunctor<float, float, float, at::native::binary_internal::MulFunctor<float> > const&)::{lambda(int)#1}>(int, at::native::gpu_kernel_impl_nocast<at::native::BUnaryFunctor<float, float, float, at::native::binary_internal::MulFunctor<float> > >(at::TensorIteratorBase&, at::native::BUnaryFunctor<float, float, float, at::native::binary_internal::MulFunctor<float> > const&)::{lambda(int)#1})",19,operator_shape_matched,"[[1,48,29,30,52],[]]","[""float"",""Scalar""]",null,1,7.744
null,aten::div,"void at::native::elementwise_kernel<128, 2, at::native::gpu_kernel_impl_nocast<at::native::BUnaryFunctor<float, float, float, at::native::binary_internal::MulFunctor<float> > >(at::TensorIteratorBase&, at::native::BUnaryFunctor<float, float, float, at::native::binary_internal::MulFunctor<float> > const&)::{lambda(int)#1}>(int, at::native::gpu_kernel_impl_nocast<at::native::BUnaryFunctor<float, float, float, at::native::binary_internal::MulFunctor<float> > >(at::TensorIteratorBase&, at::native::BUnaryFunctor<float, float, float, at::native::binary_internal::MulFunctor<float> > const&)::{lambda(int)#1})",20,operator_shape_matched,"[[1,48,44,30,40],[]]","[""float"",""Scalar""]",null,1,7.649
null,aten::div,"void at::native::elementwise_kernel<128, 2, at::native::gpu_kernel_impl_nocast<at::native::BUnaryFunctor<float, float, float, at::native::binary_internal::MulFunctor<float> > >(at::TensorIteratorBase&, at::native::BUnaryFunctor<float, float, float, at::native::binary_internal::MulFunctor<float> > const&)::{lambda(int)#1}>(int, at::native::gpu_kernel_impl_nocast<at::native::BUnaryFunctor<float, float, float, at::native::binary_internal::MulFunctor<float> > >(at::TensorIteratorBase&, at::native::BUnaryFunctor<float, float, float, at::native::binary_internal::MulFunctor<float> > const&)::{lambda(int)#1})",21,operator_shape_matched,"[[1,48,31,34,46],[]]","[""float"",""Scalar""]",null,1,7.232
null,aten::div,"void at::native::elementwise_kernel<128, 2, at::native::gpu_kernel_impl_nocast<at::native::BUnaryFunctor<float, float, float, at::native::binary_internal::MulFunctor<float> > >(at::TensorIteratorBase&, at::native::BUnaryFunctor<float, float, float, at::native::binary_internal::MulFunctor<float> > const&)::{lambda(int)#1}>(int, at::native::gpu_kernel_impl_nocast<at::native::BUnaryFunctor<float, float, float, at::native::binary_internal::MulFunctor<float> > >(at::TensorIteratorBase&, at::native::BUnaryFunctor<float, float, float, at::native::binary_internal::MulFunctor<float> > const&)::{lambda(int)#1})",22,operator_shape_matched,"[[1,48,38,30,40],[]]","[""float"",""Scalar""]",null,1,6.912
null,aten::div,"void at::native::elementwise_kernel<128, 2, at::native::gpu_kernel_impl_nocast<at::native::BUnaryFunctor<float, float, float, at::native::binary_internal::MulFunctor<float> > >(at::TensorIteratorBase&, at::native::BUnaryFunctor<float, float, float, at::native::binary_internal::MulFunctor<float> > const&)::{lambda(int)#1}>(int, at::native::gpu_kernel_impl_nocast<at::native::BUnaryFunctor<float, float, float, at::native::binary_internal::MulFunctor<float> > >(at::TensorIteratorBase&, at::native::BUnaryFunctor<float, float, float, at::native::binary_internal::MulFunctor<float> > const&)::{lambda(int)#1})",23,operator_shape_matched,"[[1,48,22,30,52],[]]","[""float"",""Scalar""]",null,1,6.304
null,aten::div,"void at::native::elementwise_kernel<128, 2, at::native::gpu_kernel_impl_nocast<at::native::BUnaryFunctor<float, float, float, at::native::binary_internal::MulFunctor<float> > >(at::TensorIteratorBase&, at::native::BUnaryFunctor<float, float, float, at::native::binary_internal::MulFunctor<float> > const&)::{lambda(int)#1}>(int, at::native::gpu_kernel_impl_nocast<at::native::BUnaryFunctor<float, float, float, at::native::binary_internal::MulFunctor<float> > >(at::TensorIteratorBase&, at::native::BUnaryFunctor<float, float, float, at::native::binary_internal::MulFunctor<float> > const&)::{lambda(int)#1})",24,operator_shape_matched,"[[1,48,19,30,52],[]]","[""float"",""Scalar""]",null,1,5.6
null,aten::div,"void at::native::elementwise_kernel<128, 2, at::native::gpu_kernel_impl_nocast<at::native::BUnaryFunctor<float, float, float, at::native::binary_internal::MulFunctor<float> > >(at::TensorIteratorBase&, at::native::BUnaryFunctor<float, float, float, at::native::binary_internal::MulFunctor<float> > const&)::{lambda(int)#1}>(int, at::native::gpu_kernel_impl_nocast<at::native::BUnaryFunctor<float, float, float, at::native::binary_internal::MulFunctor<float> > >(at::TensorIteratorBase&, at::native::BUnaryFunctor<float, float, float, at::native::binary_internal::MulFunctor<float> > const&)::{lambda(int)#1})",25,operator_shape_matched,"[[1,48,17,30,52],[]]","[""float"",""Scalar""]",null,1,5.184
null,aten::div,"void at::native::elementwise_kernel<128, 2, at::native::gpu_kernel_impl_nocast<at::native::BUnaryFunctor<float, float, float, at::native::binary_internal::MulFunctor<float> > >(at::TensorIteratorBase&, at::native::BUnaryFunctor<float, float, float, at::native::binary_internal::MulFunctor<float> > const&)::{lambda(int)#1}>(int, at::native::gpu_kernel_impl_nocast<at::native::BUnaryFunctor<float, float, float, at::native::binary_internal::MulFunctor<float> > >(at::TensorIteratorBase&, at::native::BUnaryFunctor<float, float, float, at::native::binary_internal::MulFunctor<float> > const&)::{lambda(int)#1})",26,operator_shape_matched,"[[1,48,16,30,52],[]]","[""float"",""Scalar""]",null,1,5.12
null,aten::div,"void at::native::elementwise_kernel<128, 2, at::native::gpu_kernel_impl_nocast<at::native::BUnaryFunctor<float, float, float, at::native::binary_internal::MulFunctor<float> > >(at::TensorIteratorBase&, at::native::BUnaryFunctor<float, float, float, at::native::binary_internal::MulFunctor<float> > const&)::{lambda(int)#1}>(int, at::native::gpu_kernel_impl_nocast<at::native::BUnaryFunctor<float, float, float, at::native::binary_internal::MulFunctor<float> > >(at::TensorIteratorBase&, at::native::BUnaryFunctor<float, float, float, at::native::binary_internal::MulFunctor<float> > const&)::{lambda(int)#1})",27,operator_shape_matched,"[[1,48,15,30,52],[]]","[""float"",""long int""]",null,1,4.768
null,aten::div,"void at::native::elementwise_kernel<128, 2, at::native::gpu_kernel_impl_nocast<at::native::BUnaryFunctor<float, float, float, at::native::binary_internal::MulFunctor<float> > >(at::TensorIteratorBase&, at::native::BUnaryFunctor<float, float, float, at::native::binary_internal::MulFunctor<float> > const&)::{lambda(int)#1}>(int, at::native::gpu_kernel_impl_nocast<at::native::BUnaryFunctor<float, float, float, at::native::binary_internal::MulFunctor<float> > >(at::TensorIteratorBase&, at::native::BUnaryFunctor<float, float, float, at::native::binary_internal::MulFunctor<float> > const&)::{lambda(int)#1})",28,operator_shape_matched,"[[1,48,15,30,52],[]]","[""float"",""Scalar""]",null,1,4.736
null,aten::div,"void at::native::elementwise_kernel<128, 2, at::native::gpu_kernel_impl_nocast<at::native::BUnaryFunctor<float, float, float, at::native::binary_internal::MulFunctor<float> > >(at::TensorIteratorBase&, at::native::BUnaryFunctor<float, float, float, at::native::binary_internal::MulFunctor<float> > const&)::{lambda(int)#1}>(int, at::native::gpu_kernel_impl_nocast<at::native::BUnaryFunctor<float, float, float, at::native::binary_internal::MulFunctor<float> > >(at::TensorIteratorBase&, at::native::BUnaryFunctor<float, float, float, at::native::binary_internal::MulFunctor<float> > const&)::{lambda(int)#1})",29,operator_shape_matched,"[[1,48,14,30,52],[]]","[""float"",""Scalar""]",null,1,4.705
null,aten::div,"void at::native::elementwise_kernel<128, 2, at::native::gpu_kernel_impl_nocast<at::native::BUnaryFunctor<float, float, float, at::native::binary_internal::MulFunctor<float> > >(at::TensorIteratorBase&, at::native::BUnaryFunctor<float, float, float, at::native::binary_internal::MulFunctor<float> > const&)::{lambda(int)#1}>(int, at::native::gpu_kernel_impl_nocast<at::native::BUnaryFunctor<float, float, float, at::native::binary_internal::MulFunctor<float> > >(at::TensorIteratorBase&, at::native::BUnaryFunctor<float, float, float, at::native::binary_internal::MulFunctor<float> > const&)::{lambda(int)#1})",30,operator_shape_matched,"[[1,48,16,34,46],[]]","[""float"",""Scalar""]",null,1,4.545
null,aten::div,"void at::native::elementwise_kernel<128, 2, at::native::gpu_kernel_impl_nocast<at::native::BUnaryFunctor<float, float, float, at::native::binary_internal::MulFunctor<float> > >(at::TensorIteratorBase&, at::native::BUnaryFunctor<float, float, float, at::native::binary_internal::MulFunctor<float> > const&)::{lambda(int)#1}>(int, at::native::gpu_kernel_impl_nocast<at::native::BUnaryFunctor<float, float, float, at::native::binary_internal::MulFunctor<float> > >(at::TensorIteratorBase&, at::native::BUnaryFunctor<float, float, float, at::native::binary_internal::MulFunctor<float> > const&)::{lambda(int)#1})",31,operator_shape_matched,"[[1,48,13,30,52],[]]","[""float"",""Scalar""]",null,1,4.544
null,aten::div,"void at::native::elementwise_kernel<128, 2, at::native::gpu_kernel_impl_nocast<at::native::BUnaryFunctor<float, float, float, at::native::binary_internal::MulFunctor<float> > >(at::TensorIteratorBase&, at::native::BUnaryFunctor<float, float, float, at::native::binary_internal::MulFunctor<float> > const&)::{lambda(int)#1}>(int, at::native::gpu_kernel_impl_nocast<at::native::BUnaryFunctor<float, float, float, at::native::binary_internal::MulFunctor<float> > >(at::TensorIteratorBase&, at::native::BUnaryFunctor<float, float, float, at::native::binary_internal::MulFunctor<float> > const&)::{lambda(int)#1})",32,operator_shape_matched,"[[1,48,13,30,52],[]]","[""float"",""long int""]",null,1,4.544
null,aten::div,"void at::native::elementwise_kernel<128, 2, at::native::gpu_kernel_impl_nocast<at::native::BUnaryFunctor<float, float, float, at::native::binary_internal::MulFunctor<float> > >(at::TensorIteratorBase&, at::native::BUnaryFunctor<float, float, float, at::native::binary_internal::MulFunctor<float> > const&)::{lambda(int)#1}>(int, at::native::gpu_kernel_impl_nocast<at::native::BUnaryFunctor<float, float, float, at::native::binary_internal::MulFunctor<float> > >(at::TensorIteratorBase&, at::native::BUnaryFunctor<float, float, float, at::native::binary_internal::MulFunctor<float> > const&)::{lambda(int)#1})",33,operator_shape_matched,"[[1,48,12,30,52],[]]","[""float"",""Scalar""]",null,1,4.192
null,aten::div,"void at::native::elementwise_kernel<128, 2, at::native::gpu_kernel_impl_nocast<at::native::BUnaryFunctor<float, float, float, at::native::binary_internal::MulFunctor<float> > >(at::TensorIteratorBase&, at::native::BUnaryFunctor<float, float, float, at::native::binary_internal::MulFunctor<float> > const&)::{lambda(int)#1}>(int, at::native::gpu_kernel_impl_nocast<at::native::BUnaryFunctor<float, float, float, at::native::binary_internal::MulFunctor<float> > >(at::TensorIteratorBase&, at::native::BUnaryFunctor<float, float, float, at::native::binary_internal::MulFunctor<float> > const&)::{lambda(int)#1})",34,operator_shape_matched,"[[1,48,11,30,52],[]]","[""float"",""Scalar""]",null,1,3.968
null,aten::div,"void at::native::elementwise_kernel<128, 2, at::native::gpu_kernel_impl_nocast<at::native::BUnaryFunctor<float, float, float, at::native::binary_internal::MulFunctor<float> > >(at::TensorIteratorBase&, at::native::BUnaryFunctor<float, float, float, at::native::binary_internal::MulFunctor<float> > const&)::{lambda(int)#1}>(int, at::native::gpu_kernel_impl_nocast<at::native::BUnaryFunctor<float, float, float, at::native::binary_internal::MulFunctor<float> > >(at::TensorIteratorBase&, at::native::BUnaryFunctor<float, float, float, at::native::binary_internal::MulFunctor<float> > const&)::{lambda(int)#1})",35,operator_shape_matched,"[[1,48,11,30,52],[]]","[""float"",""long int""]",null,1,3.968
null,aten::div,"void at::native::elementwise_kernel<128, 2, at::native::gpu_kernel_impl_nocast<at::native::BUnaryFunctor<float, float, float, at::native::binary_internal::MulFunctor<float> > >(at::TensorIteratorBase&, at::native::BUnaryFunctor<float, float, float, at::native::binary_internal::MulFunctor<float> > const&)::{lambda(int)#1}>(int, at::native::gpu_kernel_impl_nocast<at::native::BUnaryFunctor<float, float, float, at::native::binary_internal::MulFunctor<float> > >(at::TensorIteratorBase&, at::native::BUnaryFunctor<float, float, float, at::native::binary_internal::MulFunctor<float> > const&)::{lambda(int)#1})",36,operator_shape_matched,"[[6],[]]","[""float"",""Scalar""]",null,1,1.696
null,aten::div,"void at::native::elementwise_kernel<128, 2, at::native::gpu_kernel_impl_nocast<at::native::BUnaryFunctor<float, float, float, at::native::binary_internal::MulFunctor<float> > >(at::TensorIteratorBase&, at::native::BUnaryFunctor<float, float, float, at::native::binary_internal::MulFunctor<float> > const&)::{lambda(int)#1}>(int, at::native::gpu_kernel_impl_nocast<at::native::BUnaryFunctor<float, float, float, at::native::binary_internal::MulFunctor<float> > >(at::TensorIteratorBase&, at::native::BUnaryFunctor<float, float, float, at::native::binary_internal::MulFunctor<float> > const&)::{lambda(int)#1})",37,operator_shape_matched,"[[14],[]]","[""float"",""long int""]",null,1,1.632
null,aten::div,"void at::native::elementwise_kernel<128, 2, at::native::gpu_kernel_impl_nocast<at::native::BUnaryFunctor<float, float, float, at::native::binary_internal::MulFunctor<float> > >(at::TensorIteratorBase&, at::native::BUnaryFunctor<float, float, float, at::native::binary_internal::MulFunctor<float> > const&)::{lambda(int)#1}>(int, at::native::gpu_kernel_impl_nocast<at::native::BUnaryFunctor<float, float, float, at::native::binary_internal::MulFunctor<float> > >(at::TensorIteratorBase&, at::native::BUnaryFunctor<float, float, float, at::native::binary_internal::MulFunctor<float> > const&)::{lambda(int)#1})",38,operator_shape_matched,"[[4],[]]","[""float"",""Scalar""]",null,1,1.632
null,aten::div,"void at::native::elementwise_kernel<128, 2, at::native::gpu_kernel_impl_nocast<at::native::BUnaryFunctor<float, float, float, at::native::binary_internal::MulFunctor<float> > >(at::TensorIteratorBase&, at::native::BUnaryFunctor<float, float, float, at::native::binary_internal::MulFunctor<float> > const&)::{lambda(int)#1}>(int, at::native::gpu_kernel_impl_nocast<at::native::BUnaryFunctor<float, float, float, at::native::binary_internal::MulFunctor<float> > >(at::TensorIteratorBase&, at::native::BUnaryFunctor<float, float, float, at::native::binary_internal::MulFunctor<float> > const&)::{lambda(int)#1})",39,operator_shape_matched,"[[7],[]]","[""float"",""Scalar""]",null,1,1.44
null,aten::div,"void at::native::vectorized_elementwise_kernel<4, at::native::BUnaryFunctor<float, float, float, at::native::binary_internal::MulFunctor<float> >, std::array<char*, 2ul> >(int, at::native::BUnaryFunctor<float, float, float, at::native::binary_internal::MulFunctor<float> >, std::array<char*, 2ul>)",1,operator_shape_matched,"[[],[]]","[""float"",""long int""]",null,31,39.744
null,aten::div,"void at::native::vectorized_elementwise_kernel<4, at::native::BUnaryFunctor<float, float, float, at::native::binary_internal::MulFunctor<float> >, std::array<char*, 2ul> >(int, at::native::BUnaryFunctor<float, float, float, at::native::binary_internal::MulFunctor<float> >, std::array<char*, 2ul>)",2,operator_shape_matched,"[[],[]]","[""c10::BFloat16"",""long int""]",null,4,5.312
null,aten::div,"void at::native::vectorized_elementwise_kernel<4, at::native::BUnaryFunctor<float, float, float, at::native::binary_internal::MulFunctor<float> >, std::array<char*, 2ul> >(int, at::native::BUnaryFunctor<float, float, float, at::native::binary_internal::MulFunctor<float> >, std::array<char*, 2ul>)",3,operator_shape_matched,"[[1],[]]","[""float"",""Scalar""]",null,1,1.44
null,aten::div,"void at::native::vectorized_elementwise_kernel<4, at::native::BUnaryFunctor<float, float, float, at::native::binary_internal::MulFunctor<float> >, std::array<char*, 2ul> >(int, at::native::BUnaryFunctor<float, float, float, at::native::binary_internal::MulFunctor<float> >, std::array<char*, 2ul>)",4,operator_shape_matched,"[[1],[]]","[""float"",""long int""]",null,1,1.44
null,aten::div,"void at::native::vectorized_elementwise_kernel<4, at::native::BinaryFunctor<float, float, float, at::native::binary_internal::DivFunctor<float> >, std::array<char*, 3ul> >(int, at::native::BinaryFunctor<float, float, float, at::native::binary_internal::DivFunctor<float> >, std::array<char*, 3ul>)",1,operator_shape_matched,"[[1],[1]]","[""float"",""float""]",null,25,38.115
null,aten::div,"void at::native::vectorized_elementwise_kernel<4, at::native::BinaryFunctor<float, float, float, at::native::binary_internal::DivFunctor<float> >, std::array<char*, 3ul> >(int, at::native::BinaryFunctor<float, float, float, at::native::binary_internal::DivFunctor<float> >, std::array<char*, 3ul>)",2,operator_shape_matched,"[[14],[14]]","[""float"",""float""]",null,1,1.76
null,aten::div,"void at::native::vectorized_elementwise_kernel<4, at::native::BinaryFunctor<float, float, float, at::native::binary_internal::DivFunctor<float> >, std::array<char*, 3ul> >(int, at::native::BinaryFunctor<float, float, float, at::native::binary_internal::DivFunctor<float> >, std::array<char*, 3ul>)",3,operator_shape_matched,"[[7],[7]]","[""float"",""float""]",null,1,1.696
null,aten::div,"void at::native::vectorized_elementwise_kernel<4, at::native::BinaryFunctor<float, float, float, at::native::binary_internal::DivFunctor<float> >, std::array<char*, 3ul> >(int, at::native::BinaryFunctor<float, float, float, at::native::binary_internal::DivFunctor<float> >, std::array<char*, 3ul>)",4,operator_shape_matched,"[[6],[6]]","[""float"",""float""]",null,1,1.664
null,aten::div,"void at::native::vectorized_elementwise_kernel<4, at::native::BinaryFunctor<float, float, float, at::native::binary_internal::DivFunctor<float> >, std::array<char*, 3ul> >(int, at::native::BinaryFunctor<float, float, float, at::native::binary_internal::DivFunctor<float> >, std::array<char*, 3ul>)",5,operator_shape_matched,"[[4],[4]]","[""float"",""float""]",null,1,1.664
null,aten::div,"void at::native::vectorized_elementwise_kernel<8, at::native::BUnaryFunctor<c10::BFloat16, c10::BFloat16, c10::BFloat16, at::native::binary_internal::MulFunctor<float> >, std::array<char*, 2ul> >(int, at::native::BUnaryFunctor<c10::BFloat16, c10::BFloat16, c10::BFloat16, at::native::binary_internal::MulFunctor<float> >, std::array<char*, 2ul>)",1,operator_shape_matched,"[[],[]]","[""float"",""long int""]",null,4,5.757
null,aten::div,"void at::native::vectorized_elementwise_kernel<8, at::native::BUnaryFunctor<c10::BFloat16, c10::BFloat16, c10::BFloat16, at::native::binary_internal::MulFunctor<float> >, std::array<char*, 2ul> >(int, at::native::BUnaryFunctor<c10::BFloat16, c10::BFloat16, c10::BFloat16, at::native::binary_internal::MulFunctor<float> >, std::array<char*, 2ul>)",2,operator_shape_matched,"[[],[]]","[""c10::BFloat16"",""long int""]",null,2,2.944
null,aten::div_,"void at::native::vectorized_elementwise_kernel<2, at::native::BUnaryFunctor<long, long, long, at::native::binary_internal::div_trunc_kernel_cuda(at::TensorIteratorBase&)::{lambda()#1}::operator()() const::{lambda()#4}::operator()() const::{lambda(long, long)#1}>, std::array<char*, 2ul> >(int, at::native::BUnaryFunctor<long, long, long, at::native::binary_internal::div_trunc_kernel_cuda(at::TensorIteratorBase&)::{lambda()#1}::operator()() const::{lambda()#4}::operator()() const::{lambda(long, long)#1}>, std::array<char*, 2ul>)",1,operator_shape_matched,"[[90712],[],[]]","[""long int"",""Scalar"",""""]",null,1,3.84
null,aten::div_,"void at::native::vectorized_elementwise_kernel<2, at::native::BUnaryFunctor<long, long, long, at::native::binary_internal::div_trunc_kernel_cuda(at::TensorIteratorBase&)::{lambda()#1}::operator()() const::{lambda()#4}::operator()() const::{lambda(long, long)#1}>, std::array<char*, 2ul> >(int, at::native::BUnaryFunctor<long, long, long, at::native::binary_internal::div_trunc_kernel_cuda(at::TensorIteratorBase&)::{lambda()#1}::operator()() const::{lambda()#4}::operator()() const::{lambda(long, long)#1}>, std::array<char*, 2ul>)",2,operator_shape_matched,"[[58259],[],[]]","[""long int"",""Scalar"",""""]",null,1,3.104
null,aten::div_,"void at::native::vectorized_elementwise_kernel<2, at::native::BUnaryFunctor<long, long, long, at::native::binary_internal::div_trunc_kernel_cuda(at::TensorIteratorBase&)::{lambda()#1}::operator()() const::{lambda()#4}::operator()() const::{lambda(long, long)#1}>, std::array<char*, 2ul> >(int, at::native::BUnaryFunctor<long, long, long, at::native::binary_internal::div_trunc_kernel_cuda(at::TensorIteratorBase&)::{lambda()#1}::operator()() const::{lambda()#4}::operator()() const::{lambda(long, long)#1}>, std::array<char*, 2ul>)",3,operator_shape_matched,"[[90870],[],[]]","[""long int"",""Scalar"",""""]",null,1,3.072
null,aten::div_,"void at::native::vectorized_elementwise_kernel<2, at::native::BUnaryFunctor<long, long, long, at::native::binary_internal::div_trunc_kernel_cuda(at::TensorIteratorBase&)::{lambda()#1}::operator()() const::{lambda()#4}::operator()() const::{lambda(long, long)#1}>, std::array<char*, 2ul> >(int, at::native::BUnaryFunctor<long, long, long, at::native::binary_internal::div_trunc_kernel_cuda(at::TensorIteratorBase&)::{lambda()#1}::operator()() const::{lambda()#4}::operator()() const::{lambda(long, long)#1}>, std::array<char*, 2ul>)",4,operator_shape_matched,"[[90321],[],[]]","[""long int"",""Scalar"",""""]",null,1,3.008
null,aten::div_,"void at::native::vectorized_elementwise_kernel<2, at::native::BUnaryFunctor<long, long, long, at::native::binary_internal::div_trunc_kernel_cuda(at::TensorIteratorBase&)::{lambda()#1}::operator()() const::{lambda()#4}::operator()() const::{lambda(long, long)#1}>, std::array<char*, 2ul> >(int, at::native::BUnaryFunctor<long, long, long, at::native::binary_internal::div_trunc_kernel_cuda(at::TensorIteratorBase&)::{lambda()#1}::operator()() const::{lambda()#4}::operator()() const::{lambda(long, long)#1}>, std::array<char*, 2ul>)",5,operator_shape_matched,"[[906],[],[]]","[""long int"",""Scalar"",""""]",null,1,2.976
null,aten::div_,"void at::native::vectorized_elementwise_kernel<2, at::native::BUnaryFunctor<long, long, long, at::native::binary_internal::div_trunc_kernel_cuda(at::TensorIteratorBase&)::{lambda()#1}::operator()() const::{lambda()#4}::operator()() const::{lambda(long, long)#1}>, std::array<char*, 2ul> >(int, at::native::BUnaryFunctor<long, long, long, at::native::binary_internal::div_trunc_kernel_cuda(at::TensorIteratorBase&)::{lambda()#1}::operator()() const::{lambda()#4}::operator()() const::{lambda(long, long)#1}>, std::array<char*, 2ul>)",6,operator_shape_matched,"[[96000],[],[]]","[""long int"",""Scalar"",""""]",null,1,2.784
null,aten::div_,"void at::native::vectorized_elementwise_kernel<2, at::native::BUnaryFunctor<long, long, long, at::native::binary_internal::div_trunc_kernel_cuda(at::TensorIteratorBase&)::{lambda()#1}::operator()() const::{lambda()#4}::operator()() const::{lambda(long, long)#1}>, std::array<char*, 2ul> >(int, at::native::BUnaryFunctor<long, long, long, at::native::binary_internal::div_trunc_kernel_cuda(at::TensorIteratorBase&)::{lambda()#1}::operator()() const::{lambda()#4}::operator()() const::{lambda(long, long)#1}>, std::array<char*, 2ul>)",7,operator_shape_matched,"[[94622],[],[]]","[""long int"",""Scalar"",""""]",null,1,2.688
null,aten::div_,"void at::native::vectorized_elementwise_kernel<2, at::native::BUnaryFunctor<long, long, long, at::native::binary_internal::div_trunc_kernel_cuda(at::TensorIteratorBase&)::{lambda()#1}::operator()() const::{lambda()#4}::operator()() const::{lambda(long, long)#1}>, std::array<char*, 2ul> >(int, at::native::BUnaryFunctor<long, long, long, at::native::binary_internal::div_trunc_kernel_cuda(at::TensorIteratorBase&)::{lambda()#1}::operator()() const::{lambda()#4}::operator()() const::{lambda(long, long)#1}>, std::array<char*, 2ul>)",8,operator_shape_matched,"[[97800],[],[]]","[""long int"",""Scalar"",""""]",null,1,2.624
null,aten::div_,"void at::native::vectorized_elementwise_kernel<2, at::native::BUnaryFunctor<long, long, long, at::native::binary_internal::div_trunc_kernel_cuda(at::TensorIteratorBase&)::{lambda()#1}::operator()() const::{lambda()#4}::operator()() const::{lambda(long, long)#1}>, std::array<char*, 2ul> >(int, at::native::BUnaryFunctor<long, long, long, at::native::binary_internal::div_trunc_kernel_cuda(at::TensorIteratorBase&)::{lambda()#1}::operator()() const::{lambda()#4}::operator()() const::{lambda(long, long)#1}>, std::array<char*, 2ul>)",9,operator_shape_matched,"[[55913],[],[]]","[""long int"",""Scalar"",""""]",null,1,2.497
null,aten::div_,"void at::native::vectorized_elementwise_kernel<2, at::native::BUnaryFunctor<long, long, long, at::native::binary_internal::div_trunc_kernel_cuda(at::TensorIteratorBase&)::{lambda()#1}::operator()() const::{lambda()#4}::operator()() const::{lambda(long, long)#1}>, std::array<char*, 2ul> >(int, at::native::BUnaryFunctor<long, long, long, at::native::binary_internal::div_trunc_kernel_cuda(at::TensorIteratorBase&)::{lambda()#1}::operator()() const::{lambda()#4}::operator()() const::{lambda(long, long)#1}>, std::array<char*, 2ul>)",10,operator_shape_matched,"[[1170],[],[]]","[""long int"",""Scalar"",""""]",null,1,2.465
null,aten::div_,"void at::native::vectorized_elementwise_kernel<2, at::native::BUnaryFunctor<long, long, long, at::native::binary_internal::div_trunc_kernel_cuda(at::TensorIteratorBase&)::{lambda()#1}::operator()() const::{lambda()#4}::operator()() const::{lambda(long, long)#1}>, std::array<char*, 2ul> >(int, at::native::BUnaryFunctor<long, long, long, at::native::binary_internal::div_trunc_kernel_cuda(at::TensorIteratorBase&)::{lambda()#1}::operator()() const::{lambda()#4}::operator()() const::{lambda(long, long)#1}>, std::array<char*, 2ul>)",11,operator_shape_matched,"[[94380],[],[]]","[""long int"",""Scalar"",""""]",null,1,2.463
null,aten::div_,"void at::native::vectorized_elementwise_kernel<2, at::native::BUnaryFunctor<long, long, long, at::native::binary_internal::div_trunc_kernel_cuda(at::TensorIteratorBase&)::{lambda()#1}::operator()() const::{lambda()#4}::operator()() const::{lambda(long, long)#1}>, std::array<char*, 2ul> >(int, at::native::BUnaryFunctor<long, long, long, at::native::binary_internal::div_trunc_kernel_cuda(at::TensorIteratorBase&)::{lambda()#1}::operator()() const::{lambda()#4}::operator()() const::{lambda(long, long)#1}>, std::array<char*, 2ul>)",12,operator_shape_matched,"[[56304],[],[]]","[""long int"",""Scalar"",""""]",null,1,2.432
null,aten::div_,"void at::native::vectorized_elementwise_kernel<2, at::native::BUnaryFunctor<long, long, long, at::native::binary_internal::div_trunc_kernel_cuda(at::TensorIteratorBase&)::{lambda()#1}::operator()() const::{lambda()#4}::operator()() const::{lambda(long, long)#1}>, std::array<char*, 2ul> >(int, at::native::BUnaryFunctor<long, long, long, at::native::binary_internal::div_trunc_kernel_cuda(at::TensorIteratorBase&)::{lambda()#1}::operator()() const::{lambda()#4}::operator()() const::{lambda(long, long)#1}>, std::array<char*, 2ul>)",13,operator_shape_matched,"[[96577],[],[]]","[""long int"",""Scalar"",""""]",null,1,2.337
null,aten::div_,"void at::native::vectorized_elementwise_kernel<2, at::native::BUnaryFunctor<long, long, long, at::native::binary_internal::div_trunc_kernel_cuda(at::TensorIteratorBase&)::{lambda()#1}::operator()() const::{lambda()#4}::operator()() const::{lambda(long, long)#1}>, std::array<char*, 2ul> >(int, at::native::BUnaryFunctor<long, long, long, at::native::binary_internal::div_trunc_kernel_cuda(at::TensorIteratorBase&)::{lambda()#1}::operator()() const::{lambda()#4}::operator()() const::{lambda(long, long)#1}>, std::array<char*, 2ul>)",14,operator_shape_matched,"[[2612],[],[]]","[""long int"",""Scalar"",""""]",null,1,2.336
null,aten::div_,"void at::native::vectorized_elementwise_kernel<2, at::native::BUnaryFunctor<long, long, long, at::native::binary_internal::div_trunc_kernel_cuda(at::TensorIteratorBase&)::{lambda()#1}::operator()() const::{lambda()#4}::operator()() const::{lambda(long, long)#1}>, std::array<char*, 2ul> >(int, at::native::BUnaryFunctor<long, long, long, at::native::binary_internal::div_trunc_kernel_cuda(at::TensorIteratorBase&)::{lambda()#1}::operator()() const::{lambda()#4}::operator()() const::{lambda(long, long)#1}>, std::array<char*, 2ul>)",15,operator_shape_matched,"[[58650],[],[]]","[""long int"",""Scalar"",""""]",null,1,2.208
null,aten::div_,"void at::native::vectorized_elementwise_kernel<2, at::native::BUnaryFunctor<long, long, long, at::native::binary_internal::div_trunc_kernel_cuda(at::TensorIteratorBase&)::{lambda()#1}::operator()() const::{lambda()#4}::operator()() const::{lambda(long, long)#1}>, std::array<char*, 2ul> >(int, at::native::BUnaryFunctor<long, long, long, at::native::binary_internal::div_trunc_kernel_cuda(at::TensorIteratorBase&)::{lambda()#1}::operator()() const::{lambda()#4}::operator()() const::{lambda(long, long)#1}>, std::array<char*, 2ul>)",16,operator_shape_matched,"[[289],[],[]]","[""long int"",""Scalar"",""""]",null,1,2.113
null,aten::div_,"void at::native::vectorized_elementwise_kernel<2, at::native::BUnaryFunctor<long, long, long, at::native::binary_internal::div_trunc_kernel_cuda(at::TensorIteratorBase&)::{lambda()#1}::operator()() const::{lambda()#4}::operator()() const::{lambda(long, long)#1}>, std::array<char*, 2ul> >(int, at::native::BUnaryFunctor<long, long, long, at::native::binary_internal::div_trunc_kernel_cuda(at::TensorIteratorBase&)::{lambda()#1}::operator()() const::{lambda()#4}::operator()() const::{lambda(long, long)#1}>, std::array<char*, 2ul>)",17,operator_shape_matched,"[[1394],[],[]]","[""long int"",""Scalar"",""""]",null,1,2.112
null,aten::div_,"void at::native::vectorized_elementwise_kernel<2, at::native::BUnaryFunctor<long, long, long, at::native::binary_internal::div_trunc_kernel_cuda(at::TensorIteratorBase&)::{lambda()#1}::operator()() const::{lambda()#4}::operator()() const::{lambda(long, long)#1}>, std::array<char*, 2ul> >(int, at::native::BUnaryFunctor<long, long, long, at::native::binary_internal::div_trunc_kernel_cuda(at::TensorIteratorBase&)::{lambda()#1}::operator()() const::{lambda()#4}::operator()() const::{lambda(long, long)#1}>, std::array<char*, 2ul>)",18,operator_shape_matched,"[[301],[],[]]","[""long int"",""Scalar"",""""]",null,1,2.016
null,aten::eq,"void at::native::vectorized_elementwise_kernel<4, at::native::AUnaryFunctor<float, float, bool, at::native::(anonymous namespace)::CompareEqFunctor<float> >, std::array<char*, 2ul> >(int, at::native::AUnaryFunctor<float, float, bool, at::native::(anonymous namespace)::CompareEqFunctor<float> >, std::array<char*, 2ul>)",1,operator_shape_matched,"[[],[]]","[""float"",""Scalar""]",null,9,13.214
null,aten::eq,"void at::native::vectorized_elementwise_kernel<4, at::native::BinaryFunctor<c10::BFloat16, c10::BFloat16, bool, at::native::(anonymous namespace)::CompareEqFunctor<c10::BFloat16> >, std::array<char*, 3ul> >(int, at::native::BinaryFunctor<c10::BFloat16, c10::BFloat16, bool, at::native::(anonymous namespace)::CompareEqFunctor<c10::BFloat16> >, std::array<char*, 3ul>)",1,operator_shape_matched,"[[],[]]","[""c10::BFloat16"",""c10::BFloat16""]",null,3,3.904
null,aten::eq,"void at::native::vectorized_elementwise_kernel<4, at::native::BinaryFunctor<float, float, bool, at::native::(anonymous namespace)::CompareEqFunctor<float> >, std::array<char*, 3ul> >(int, at::native::BinaryFunctor<float, float, bool, at::native::(anonymous namespace)::CompareEqFunctor<float> >, std::array<char*, 3ul>)",1,operator_shape_matched,"[[],[]]","[""float"",""float""]",null,46,57.63
null,aten::fill_,"void at::native::vectorized_elementwise_kernel<2, at::native::FillFunctor<long>, std::array<char*, 1ul> >(int, at::native::FillFunctor<long>, std::array<char*, 1ul>)",1,operator_shape_matched,"[[98304],[]]","[""long int"",""Scalar""]",null,6,7.042
null,aten::fill_,"void at::native::vectorized_elementwise_kernel<2, at::native::FillFunctor<long>, std::array<char*, 1ul> >(int, at::native::FillFunctor<long>, std::array<char*, 1ul>)",2,operator_shape_matched,"[[3072],[]]","[""long int"",""Scalar""]",null,6,6.848
null,aten::fill_,"void at::native::vectorized_elementwise_kernel<2, at::native::FillFunctor<long>, std::array<char*, 1ul> >(int, at::native::FillFunctor<long>, std::array<char*, 1ul>)",3,operator_shape_matched,"[[8],[]]","[""long int"",""Scalar""]",null,1,1.056
null,aten::fill_,"void at::native::vectorized_elementwise_kernel<4, at::native::FillFunctor<float>, std::array<char*, 1ul> >(int, at::native::FillFunctor<float>, std::array<char*, 1ul>)",1,operator_shape_matched,"[[8,101632,128],[]]","[""float"",""Scalar""]",null,144,18925.039
null,aten::fill_,"void at::native::vectorized_elementwise_kernel<4, at::native::FillFunctor<float>, std::array<char*, 1ul> >(int, at::native::FillFunctor<float>, std::array<char*, 1ul>)",2,operator_shape_matched,"[[8,102272,128],[]]","[""float"",""Scalar""]",null,72,9724.37
null,aten::fill_,"void at::native::vectorized_elementwise_kernel<4, at::native::FillFunctor<float>, std::array<char*, 1ul> >(int, at::native::FillFunctor<float>, std::array<char*, 1ul>)",3,operator_shape_matched,"[[8,102400,128],[]]","[""float"",""Scalar""]",null,72,9647.604
null,aten::fill_,"void at::native::vectorized_elementwise_kernel<4, at::native::FillFunctor<float>, std::array<char*, 1ul> >(int, at::native::FillFunctor<float>, std::array<char*, 1ul>)",4,operator_shape_matched,"[[8,103296,128],[]]","[""float"",""Scalar""]",null,72,9629.588
null,aten::fill_,"void at::native::vectorized_elementwise_kernel<4, at::native::FillFunctor<float>, std::array<char*, 1ul> >(int, at::native::FillFunctor<float>, std::array<char*, 1ul>)",5,operator_shape_matched,"[[8,102016,128],[]]","[""float"",""Scalar""]",null,72,9483.473
null,aten::fill_,"void at::native::vectorized_elementwise_kernel<4, at::native::FillFunctor<float>, std::array<char*, 1ul> >(int, at::native::FillFunctor<float>, std::array<char*, 1ul>)",6,operator_shape_matched,"[[32,98304],[]]","[""float"",""Scalar""]",null,432,2196.688
null,aten::fill_,"void at::native::vectorized_elementwise_kernel<4, at::native::FillFunctor<float>, std::array<char*, 1ul> >(int, at::native::FillFunctor<float>, std::array<char*, 1ul>)",7,operator_shape_matched,"[[32,3072],[]]","[""float"",""Scalar""]",null,432,788.115
null,aten::fill_,"void at::native::vectorized_elementwise_kernel<4, at::native::FillFunctor<float>, std::array<char*, 1ul> >(int, at::native::FillFunctor<float>, std::array<char*, 1ul>)",8,operator_shape_matched,"[[8,3328,128],[]]","[""float"",""Scalar""]",null,144,712.228
null,aten::fill_,"void at::native::vectorized_elementwise_kernel<4, at::native::FillFunctor<float>, std::array<char*, 1ul> >(int, at::native::FillFunctor<float>, std::array<char*, 1ul>)",9,operator_shape_matched,"[[8,4992,128],[]]","[""float"",""Scalar""]",null,72,526.761
null,aten::fill_,"void at::native::vectorized_elementwise_kernel<4, at::native::FillFunctor<float>, std::array<char*, 1ul> >(int, at::native::FillFunctor<float>, std::array<char*, 1ul>)",10,operator_shape_matched,"[[8,4096,128],[]]","[""float"",""Scalar""]",null,72,440.229
null,aten::fill_,"void at::native::vectorized_elementwise_kernel<4, at::native::FillFunctor<float>, std::array<char*, 1ul> >(int, at::native::FillFunctor<float>, std::array<char*, 1ul>)",11,operator_shape_matched,"[[8,3968,128],[]]","[""float"",""Scalar""]",null,72,426.532
null,aten::fill_,"void at::native::vectorized_elementwise_kernel<4, at::native::FillFunctor<float>, std::array<char*, 1ul> >(int, at::native::FillFunctor<float>, std::array<char*, 1ul>)",12,operator_shape_matched,"[[8,3712,128],[]]","[""float"",""Scalar""]",null,72,407.905
null,aten::fill_,"void at::native::vectorized_elementwise_kernel<4, at::native::FillFunctor<float>, std::array<char*, 1ul> >(int, at::native::FillFunctor<float>, std::array<char*, 1ul>)",13,operator_shape_matched,"[[1],[]]","[""float"",""Scalar""]",null,40,49.028
null,aten::fill_,"void at::native::vectorized_elementwise_kernel<4, at::native::FillFunctor<float>, std::array<char*, 1ul> >(int, at::native::FillFunctor<float>, std::array<char*, 1ul>)",14,operator_shape_matched,"[[],[]]","[""float"",""Scalar""]",null,6,7.136
null,aten::fill_,"void at::native::vectorized_elementwise_kernel<4, at::native::FillFunctor<float>, std::array<char*, 1ul> >(int, at::native::FillFunctor<float>, std::array<char*, 1ul>)",15,operator_shape_matched,"[[38880],[]]","[""float"",""Scalar""]",null,3,3.552
null,aten::fill_,"void at::native::vectorized_elementwise_kernel<4, at::native::FillFunctor<int>, std::array<char*, 1ul> >(int, at::native::FillFunctor<int>, std::array<char*, 1ul>)",1,operator_shape_matched,"[[1],[]]","[""int"",""Scalar""]",null,18,18.657
null,aten::fill_,"void at::native::vectorized_elementwise_kernel<8, at::native::FillFunctor<c10::BFloat16>, std::array<char*, 1ul> >(int, at::native::FillFunctor<c10::BFloat16>, std::array<char*, 1ul>)",1,operator_shape_matched,"[[98304,32,128],[]]","[""c10::BFloat16"",""Scalar""]",null,432,112160.082
null,aten::fill_,"void at::native::vectorized_elementwise_kernel<8, at::native::FillFunctor<c10::BFloat16>, std::array<char*, 1ul> >(int, at::native::FillFunctor<c10::BFloat16>, std::array<char*, 1ul>)",2,operator_shape_matched,"[[3072,32,128],[]]","[""c10::BFloat16"",""Scalar""]",null,432,4746.518
null,aten::fill_,"void at::native::vectorized_elementwise_kernel<8, at::native::FillFunctor<c10::BFloat16>, std::array<char*, 1ul> >(int, at::native::FillFunctor<c10::BFloat16>, std::array<char*, 1ul>)",3,operator_shape_matched,"[[98304,4096],[]]","[""c10::BFloat16"",""Scalar""]",null,18,4531.223
null,aten::fill_,"void at::native::vectorized_elementwise_kernel<8, at::native::FillFunctor<c10::BFloat16>, std::array<char*, 1ul> >(int, at::native::FillFunctor<c10::BFloat16>, std::array<char*, 1ul>)",4,operator_shape_matched,"[[91618,4096],[]]","[""c10::BFloat16"",""Scalar""]",null,5,1314.375
null,aten::fill_,"void at::native::vectorized_elementwise_kernel<8, at::native::FillFunctor<c10::BFloat16>, std::array<char*, 1ul> >(int, at::native::FillFunctor<c10::BFloat16>, std::array<char*, 1ul>)",5,operator_shape_matched,"[[98970,4096],[]]","[""c10::BFloat16"",""Scalar""]",null,5,1261.511
null,aten::fill_,"void at::native::vectorized_elementwise_kernel<8, at::native::FillFunctor<c10::BFloat16>, std::array<char*, 1ul> >(int, at::native::FillFunctor<c10::BFloat16>, std::array<char*, 1ul>)",6,operator_shape_matched,"[[96992,4096],[]]","[""c10::BFloat16"",""Scalar""]",null,5,1258.983
null,aten::fill_,"void at::native::vectorized_elementwise_kernel<8, at::native::FillFunctor<c10::BFloat16>, std::array<char*, 1ul> >(int, at::native::FillFunctor<c10::BFloat16>, std::array<char*, 1ul>)",7,operator_shape_matched,"[[97971,4096],[]]","[""c10::BFloat16"",""Scalar""]",null,5,1216.616
null,aten::fill_,"void at::native::vectorized_elementwise_kernel<8, at::native::FillFunctor<c10::BFloat16>, std::array<char*, 1ul> >(int, at::native::FillFunctor<c10::BFloat16>, std::array<char*, 1ul>)",8,operator_shape_matched,"[[58939,4096],[]]","[""c10::BFloat16"",""Scalar""]",null,5,730.53
null,aten::fill_,"void at::native::vectorized_elementwise_kernel<8, at::native::FillFunctor<c10::BFloat16>, std::array<char*, 1ul> >(int, at::native::FillFunctor<c10::BFloat16>, std::array<char*, 1ul>)",9,operator_shape_matched,"[[56605,4096],[]]","[""c10::BFloat16"",""Scalar""]",null,5,703.33
null,aten::fill_,"void at::native::vectorized_elementwise_kernel<8, at::native::FillFunctor<c10::BFloat16>, std::array<char*, 1ul> >(int, at::native::FillFunctor<c10::BFloat16>, std::array<char*, 1ul>)",10,operator_shape_matched,"[[94380,4096],[]]","[""c10::BFloat16"",""Scalar""]",null,1,260.866
null,aten::fill_,"void at::native::vectorized_elementwise_kernel<8, at::native::FillFunctor<c10::BFloat16>, std::array<char*, 1ul> >(int, at::native::FillFunctor<c10::BFloat16>, std::array<char*, 1ul>)",11,operator_shape_matched,"[[97800,4096],[]]","[""c10::BFloat16"",""Scalar""]",null,1,242.689
null,aten::fill_,"void at::native::vectorized_elementwise_kernel<8, at::native::FillFunctor<c10::BFloat16>, std::array<char*, 1ul> >(int, at::native::FillFunctor<c10::BFloat16>, std::array<char*, 1ul>)",12,operator_shape_matched,"[[90712,4096],[]]","[""c10::BFloat16"",""Scalar""]",null,1,241.185
null,aten::fill_,"void at::native::vectorized_elementwise_kernel<8, at::native::FillFunctor<c10::BFloat16>, std::array<char*, 1ul> >(int, at::native::FillFunctor<c10::BFloat16>, std::array<char*, 1ul>)",13,operator_shape_matched,"[[96577,4096],[]]","[""c10::BFloat16"",""Scalar""]",null,1,240.77
null,aten::fill_,"void at::native::vectorized_elementwise_kernel<8, at::native::FillFunctor<c10::BFloat16>, std::array<char*, 1ul> >(int, at::native::FillFunctor<c10::BFloat16>, std::array<char*, 1ul>)",14,operator_shape_matched,"[[90870,192],[]]","[""c10::BFloat16"",""Scalar""]",null,14,183.491
null,aten::fill_,"void at::native::vectorized_elementwise_kernel<8, at::native::FillFunctor<c10::BFloat16>, std::array<char*, 1ul> >(int, at::native::FillFunctor<c10::BFloat16>, std::array<char*, 1ul>)",15,operator_shape_matched,"[[3072,4096],[]]","[""c10::BFloat16"",""Scalar""]",null,18,159.521
null,aten::fill_,"void at::native::vectorized_elementwise_kernel<8, at::native::FillFunctor<c10::BFloat16>, std::array<char*, 1ul> >(int, at::native::FillFunctor<c10::BFloat16>, std::array<char*, 1ul>)",16,operator_shape_matched,"[[58650,4096],[]]","[""c10::BFloat16"",""Scalar""]",null,1,145.248
null,aten::fill_,"void at::native::vectorized_elementwise_kernel<8, at::native::FillFunctor<c10::BFloat16>, std::array<char*, 1ul> >(int, at::native::FillFunctor<c10::BFloat16>, std::array<char*, 1ul>)",17,operator_shape_matched,"[[56304,4096],[]]","[""c10::BFloat16"",""Scalar""]",null,1,139.489
null,aten::fill_,"void at::native::vectorized_elementwise_kernel<8, at::native::FillFunctor<c10::BFloat16>, std::array<char*, 1ul> >(int, at::native::FillFunctor<c10::BFloat16>, std::array<char*, 1ul>)",18,operator_shape_matched,"[[98304,128],[]]","[""c10::BFloat16"",""Scalar""]",null,12,101.249
null,aten::fill_,"void at::native::vectorized_elementwise_kernel<8, at::native::FillFunctor<c10::BFloat16>, std::array<char*, 1ul> >(int, at::native::FillFunctor<c10::BFloat16>, std::array<char*, 1ul>)",19,operator_shape_matched,"[[94622,192],[]]","[""c10::BFloat16"",""Scalar""]",null,7,83.872
null,aten::fill_,"void at::native::vectorized_elementwise_kernel<8, at::native::FillFunctor<c10::BFloat16>, std::array<char*, 1ul> >(int, at::native::FillFunctor<c10::BFloat16>, std::array<char*, 1ul>)",20,operator_shape_matched,"[[96000,192],[]]","[""c10::BFloat16"",""Scalar""]",null,6,76.128
null,aten::fill_,"void at::native::vectorized_elementwise_kernel<8, at::native::FillFunctor<c10::BFloat16>, std::array<char*, 1ul> >(int, at::native::FillFunctor<c10::BFloat16>, std::array<char*, 1ul>)",21,operator_shape_matched,"[[90321,192],[]]","[""c10::BFloat16"",""Scalar""]",null,4,73.6
null,aten::fill_,"void at::native::vectorized_elementwise_kernel<8, at::native::FillFunctor<c10::BFloat16>, std::array<char*, 1ul> >(int, at::native::FillFunctor<c10::BFloat16>, std::array<char*, 1ul>)",22,operator_shape_matched,"[[3072,128],[]]","[""c10::BFloat16"",""Scalar""]",null,12,15.039
null,aten::fill_,"void at::native::vectorized_elementwise_kernel<8, at::native::FillFunctor<c10::BFloat16>, std::array<char*, 1ul> >(int, at::native::FillFunctor<c10::BFloat16>, std::array<char*, 1ul>)",23,operator_shape_matched,"[[58259,192],[]]","[""c10::BFloat16"",""Scalar""]",null,1,9.696
null,aten::fill_,"void at::native::vectorized_elementwise_kernel<8, at::native::FillFunctor<c10::BFloat16>, std::array<char*, 1ul> >(int, at::native::FillFunctor<c10::BFloat16>, std::array<char*, 1ul>)",24,operator_shape_matched,"[[48,25,34,46],[]]","[""c10::BFloat16"",""Scalar""]",null,4,9.664
null,aten::fill_,"void at::native::vectorized_elementwise_kernel<8, at::native::FillFunctor<c10::BFloat16>, std::array<char*, 1ul> >(int, at::native::FillFunctor<c10::BFloat16>, std::array<char*, 1ul>)",25,operator_shape_matched,"[[55913,192],[]]","[""c10::BFloat16"",""Scalar""]",null,1,9.632
null,aten::fill_,"void at::native::vectorized_elementwise_kernel<8, at::native::FillFunctor<c10::BFloat16>, std::array<char*, 1ul> >(int, at::native::FillFunctor<c10::BFloat16>, std::array<char*, 1ul>)",26,operator_shape_matched,"[[48,150,34,46],[]]","[""c10::BFloat16"",""Scalar""]",null,1,7.84
null,aten::fill_,"void at::native::vectorized_elementwise_kernel<8, at::native::FillFunctor<c10::BFloat16>, std::array<char*, 1ul> >(int, at::native::FillFunctor<c10::BFloat16>, std::array<char*, 1ul>)",27,operator_shape_matched,"[[48,144,34,46],[]]","[""c10::BFloat16"",""Scalar""]",null,1,7.551
null,aten::fill_,"void at::native::vectorized_elementwise_kernel<8, at::native::FillFunctor<c10::BFloat16>, std::array<char*, 1ul> >(int, at::native::FillFunctor<c10::BFloat16>, std::array<char*, 1ul>)",28,operator_shape_matched,"[[48,109,34,46],[]]","[""c10::BFloat16"",""Scalar""]",null,1,6.656
null,aten::fill_,"void at::native::vectorized_elementwise_kernel<8, at::native::FillFunctor<c10::BFloat16>, std::array<char*, 1ul> >(int, at::native::FillFunctor<c10::BFloat16>, std::array<char*, 1ul>)",29,operator_shape_matched,"[[48,73,34,46],[]]","[""c10::BFloat16"",""Scalar""]",null,1,4.896
null,aten::fill_,"void at::native::vectorized_elementwise_kernel<8, at::native::FillFunctor<c10::BFloat16>, std::array<char*, 1ul> >(int, at::native::FillFunctor<c10::BFloat16>, std::array<char*, 1ul>)",30,operator_shape_matched,"[[48,79,30,40],[]]","[""c10::BFloat16"",""Scalar""]",null,1,4.256
null,aten::fill_,"void at::native::vectorized_elementwise_kernel<8, at::native::FillFunctor<c10::BFloat16>, std::array<char*, 1ul> >(int, at::native::FillFunctor<c10::BFloat16>, std::array<char*, 1ul>)",31,operator_shape_matched,"[[48,15,30,52],[]]","[""c10::BFloat16"",""Scalar""]",null,2,4.16
null,aten::fill_,"void at::native::vectorized_elementwise_kernel<8, at::native::FillFunctor<c10::BFloat16>, std::array<char*, 1ul> >(int, at::native::FillFunctor<c10::BFloat16>, std::array<char*, 1ul>)",32,operator_shape_matched,"[[48,13,30,52],[]]","[""c10::BFloat16"",""Scalar""]",null,2,3.936
null,aten::fill_,"void at::native::vectorized_elementwise_kernel<8, at::native::FillFunctor<c10::BFloat16>, std::array<char*, 1ul> >(int, at::native::FillFunctor<c10::BFloat16>, std::array<char*, 1ul>)",33,operator_shape_matched,"[[48,61,34,46],[]]","[""c10::BFloat16"",""Scalar""]",null,1,3.904
null,aten::fill_,"void at::native::vectorized_elementwise_kernel<8, at::native::FillFunctor<c10::BFloat16>, std::array<char*, 1ul> >(int, at::native::FillFunctor<c10::BFloat16>, std::array<char*, 1ul>)",34,operator_shape_matched,"[[48,11,30,52],[]]","[""c10::BFloat16"",""Scalar""]",null,2,3.68
null,aten::fill_,"void at::native::vectorized_elementwise_kernel<8, at::native::FillFunctor<c10::BFloat16>, std::array<char*, 1ul> >(int, at::native::FillFunctor<c10::BFloat16>, std::array<char*, 1ul>)",35,operator_shape_matched,"[[48,63,30,40],[]]","[""c10::BFloat16"",""Scalar""]",null,1,3.648
null,aten::fill_,"void at::native::vectorized_elementwise_kernel<8, at::native::FillFunctor<c10::BFloat16>, std::array<char*, 1ul> >(int, at::native::FillFunctor<c10::BFloat16>, std::array<char*, 1ul>)",36,operator_shape_matched,"[[48,52,34,46],[]]","[""c10::BFloat16"",""Scalar""]",null,1,3.52
null,aten::fill_,"void at::native::vectorized_elementwise_kernel<8, at::native::FillFunctor<c10::BFloat16>, std::array<char*, 1ul> >(int, at::native::FillFunctor<c10::BFloat16>, std::array<char*, 1ul>)",37,operator_shape_matched,"[[48,52,30,40],[]]","[""c10::BFloat16"",""Scalar""]",null,1,3.264
null,aten::fill_,"void at::native::vectorized_elementwise_kernel<8, at::native::FillFunctor<c10::BFloat16>, std::array<char*, 1ul> >(int, at::native::FillFunctor<c10::BFloat16>, std::array<char*, 1ul>)",38,operator_shape_matched,"[[48,50,30,40],[]]","[""c10::BFloat16"",""Scalar""]",null,1,3.168
null,aten::fill_,"void at::native::vectorized_elementwise_kernel<8, at::native::FillFunctor<c10::BFloat16>, std::array<char*, 1ul> >(int, at::native::FillFunctor<c10::BFloat16>, std::array<char*, 1ul>)",39,operator_shape_matched,"[[48,35,30,52],[]]","[""c10::BFloat16"",""Scalar""]",null,1,3.136
null,aten::fill_,"void at::native::vectorized_elementwise_kernel<8, at::native::FillFunctor<c10::BFloat16>, std::array<char*, 1ul> >(int, at::native::FillFunctor<c10::BFloat16>, std::array<char*, 1ul>)",40,operator_shape_matched,"[[48,44,30,40],[]]","[""c10::BFloat16"",""Scalar""]",null,1,2.944
null,aten::fill_,"void at::native::vectorized_elementwise_kernel<8, at::native::FillFunctor<c10::BFloat16>, std::array<char*, 1ul> >(int, at::native::FillFunctor<c10::BFloat16>, std::array<char*, 1ul>)",41,operator_shape_matched,"[[48,37,34,46],[]]","[""c10::BFloat16"",""Scalar""]",null,1,2.848
null,aten::fill_,"void at::native::vectorized_elementwise_kernel<8, at::native::FillFunctor<c10::BFloat16>, std::array<char*, 1ul> >(int, at::native::FillFunctor<c10::BFloat16>, std::array<char*, 1ul>)",42,operator_shape_matched,"[[48,29,30,52],[]]","[""c10::BFloat16"",""Scalar""]",null,1,2.848
null,aten::fill_,"void at::native::vectorized_elementwise_kernel<8, at::native::FillFunctor<c10::BFloat16>, std::array<char*, 1ul> >(int, at::native::FillFunctor<c10::BFloat16>, std::array<char*, 1ul>)",43,operator_shape_matched,"[[48,38,30,40],[]]","[""c10::BFloat16"",""Scalar""]",null,1,2.753
null,aten::fill_,"void at::native::vectorized_elementwise_kernel<8, at::native::FillFunctor<c10::BFloat16>, std::array<char*, 1ul> >(int, at::native::FillFunctor<c10::BFloat16>, std::array<char*, 1ul>)",44,operator_shape_matched,"[[48,31,34,46],[]]","[""c10::BFloat16"",""Scalar""]",null,1,2.592
null,aten::fill_,"void at::native::vectorized_elementwise_kernel<8, at::native::FillFunctor<c10::BFloat16>, std::array<char*, 1ul> >(int, at::native::FillFunctor<c10::BFloat16>, std::array<char*, 1ul>)",45,operator_shape_matched,"[[48,22,30,52],[]]","[""c10::BFloat16"",""Scalar""]",null,1,2.496
null,aten::fill_,"void at::native::vectorized_elementwise_kernel<8, at::native::FillFunctor<c10::BFloat16>, std::array<char*, 1ul> >(int, at::native::FillFunctor<c10::BFloat16>, std::array<char*, 1ul>)",46,operator_shape_matched,"[[48,19,30,52],[]]","[""c10::BFloat16"",""Scalar""]",null,1,2.336
null,aten::fill_,"void at::native::vectorized_elementwise_kernel<8, at::native::FillFunctor<c10::BFloat16>, std::array<char*, 1ul> >(int, at::native::FillFunctor<c10::BFloat16>, std::array<char*, 1ul>)",47,operator_shape_matched,"[[48,17,30,52],[]]","[""c10::BFloat16"",""Scalar""]",null,1,2.24
null,aten::fill_,"void at::native::vectorized_elementwise_kernel<8, at::native::FillFunctor<c10::BFloat16>, std::array<char*, 1ul> >(int, at::native::FillFunctor<c10::BFloat16>, std::array<char*, 1ul>)",48,operator_shape_matched,"[[48,16,30,52],[]]","[""c10::BFloat16"",""Scalar""]",null,1,2.176
null,aten::fill_,"void at::native::vectorized_elementwise_kernel<8, at::native::FillFunctor<c10::BFloat16>, std::array<char*, 1ul> >(int, at::native::FillFunctor<c10::BFloat16>, std::array<char*, 1ul>)",49,operator_shape_matched,"[[48,14,30,52],[]]","[""c10::BFloat16"",""Scalar""]",null,1,2.015
null,aten::fill_,"void at::native::vectorized_elementwise_kernel<8, at::native::FillFunctor<c10::BFloat16>, std::array<char*, 1ul> >(int, at::native::FillFunctor<c10::BFloat16>, std::array<char*, 1ul>)",50,operator_shape_matched,"[[48,12,30,52],[]]","[""c10::BFloat16"",""Scalar""]",null,1,1.92
null,aten::fill_,"void at::native::vectorized_elementwise_kernel<8, at::native::FillFunctor<c10::BFloat16>, std::array<char*, 1ul> >(int, at::native::FillFunctor<c10::BFloat16>, std::array<char*, 1ul>)",51,operator_shape_matched,"[[48,16,34,46],[]]","[""c10::BFloat16"",""Scalar""]",null,1,1.888
null,aten::gather,"void at::native::_scatter_gather_elementwise_kernel<128, 8, at::native::_cuda_scatter_gather_internal_kernel<false, at::native::OpaqueType<8>, long>::operator()<at::native::TensorAssign>(at::TensorIterator&, long, long, long, at::native::TensorAssign const&)::{lambda(int)#1}>(int, at::native::_cuda_scatter_gather_internal_kernel<false, at::native::OpaqueType<8>, long>::operator()<at::native::TensorAssign>(at::TensorIterator&, long, long, long, at::native::TensorAssign const&)::{lambda(int)#1})",1,operator_shape_matched,"[[14],[],[96992],[],[96992]]","[""long int"",""Scalar"",""long int"",""Scalar"",""long int""]",null,1,4.768
null,aten::gather,"void at::native::_scatter_gather_elementwise_kernel<128, 8, at::native::_cuda_scatter_gather_internal_kernel<false, at::native::OpaqueType<8>, long>::operator()<at::native::TensorAssign>(at::TensorIterator&, long, long, long, at::native::TensorAssign const&)::{lambda(int)#1}>(int, at::native::_cuda_scatter_gather_internal_kernel<false, at::native::OpaqueType<8>, long>::operator()<at::native::TensorAssign>(at::TensorIterator&, long, long, long, at::native::TensorAssign const&)::{lambda(int)#1})",2,operator_shape_matched,"[[7],[],[97971],[],[97971]]","[""long int"",""Scalar"",""long int"",""Scalar"",""long int""]",null,1,4.672
null,aten::gather,"void at::native::_scatter_gather_elementwise_kernel<128, 8, at::native::_cuda_scatter_gather_internal_kernel<false, at::native::OpaqueType<8>, long>::operator()<at::native::TensorAssign>(at::TensorIterator&, long, long, long, at::native::TensorAssign const&)::{lambda(int)#1}>(int, at::native::_cuda_scatter_gather_internal_kernel<false, at::native::OpaqueType<8>, long>::operator()<at::native::TensorAssign>(at::TensorIterator&, long, long, long, at::native::TensorAssign const&)::{lambda(int)#1})",3,operator_shape_matched,"[[4],[],[91618],[],[91618]]","[""long int"",""Scalar"",""long int"",""Scalar"",""long int""]",null,1,4.64
null,aten::gather,"void at::native::_scatter_gather_elementwise_kernel<128, 8, at::native::_cuda_scatter_gather_internal_kernel<false, at::native::OpaqueType<8>, long>::operator()<at::native::TensorAssign>(at::TensorIterator&, long, long, long, at::native::TensorAssign const&)::{lambda(int)#1}>(int, at::native::_cuda_scatter_gather_internal_kernel<false, at::native::OpaqueType<8>, long>::operator()<at::native::TensorAssign>(at::TensorIterator&, long, long, long, at::native::TensorAssign const&)::{lambda(int)#1})",4,operator_shape_matched,"[[1],[],[58939],[],[58939]]","[""long int"",""Scalar"",""long int"",""Scalar"",""long int""]",null,1,4.64
null,aten::gather,"void at::native::_scatter_gather_elementwise_kernel<128, 8, at::native::_cuda_scatter_gather_internal_kernel<false, at::native::OpaqueType<8>, long>::operator()<at::native::TensorAssign>(at::TensorIterator&, long, long, long, at::native::TensorAssign const&)::{lambda(int)#1}>(int, at::native::_cuda_scatter_gather_internal_kernel<false, at::native::OpaqueType<8>, long>::operator()<at::native::TensorAssign>(at::TensorIterator&, long, long, long, at::native::TensorAssign const&)::{lambda(int)#1})",5,operator_shape_matched,"[[6],[],[98970],[],[98970]]","[""long int"",""Scalar"",""long int"",""Scalar"",""long int""]",null,1,4.384
null,aten::gather,"void at::native::_scatter_gather_elementwise_kernel<128, 8, at::native::_cuda_scatter_gather_internal_kernel<false, at::native::OpaqueType<8>, long>::operator()<at::native::TensorAssign>(at::TensorIterator&, long, long, long, at::native::TensorAssign const&)::{lambda(int)#1}>(int, at::native::_cuda_scatter_gather_internal_kernel<false, at::native::OpaqueType<8>, long>::operator()<at::native::TensorAssign>(at::TensorIterator&, long, long, long, at::native::TensorAssign const&)::{lambda(int)#1})",6,operator_shape_matched,"[[1],[],[56605],[],[56605]]","[""long int"",""Scalar"",""long int"",""Scalar"",""long int""]",null,1,4.192
null,aten::gather,"void at::native::vectorized_gather_kernel<16, long>(char*, char*, long*, int, long, long, long, long, bool)",1,operator_shape_matched,"[[97800,4096],[],[96000,4096],[]]","[""c10::BFloat16"",""Scalar"",""long int"",""Scalar""]",null,1,592.1
null,aten::gather,"void at::native::vectorized_gather_kernel<16, long>(char*, char*, long*, int, long, long, long, long, bool)",2,operator_shape_matched,"[[96577,4096],[],[94622,4096],[]]","[""c10::BFloat16"",""Scalar"",""long int"",""Scalar""]",null,1,573.699
null,aten::gather,"void at::native::vectorized_gather_kernel<16, long>(char*, char*, long*, int, long, long, long, long, bool)",3,operator_shape_matched,"[[94380,4096],[],[90870,4096],[]]","[""c10::BFloat16"",""Scalar"",""long int"",""Scalar""]",null,1,554.051
null,aten::gather,"void at::native::vectorized_gather_kernel<16, long>(char*, char*, long*, int, long, long, long, long, bool)",4,operator_shape_matched,"[[90712,4096],[],[90321,4096],[]]","[""c10::BFloat16"",""Scalar"",""long int"",""Scalar""]",null,1,526.019
null,aten::gather,"void at::native::vectorized_gather_kernel<16, long>(char*, char*, long*, int, long, long, long, long, bool)",5,operator_shape_matched,"[[58650,4096],[],[58259,4096],[]]","[""c10::BFloat16"",""Scalar"",""long int"",""Scalar""]",null,1,352.578
null,aten::gather,"void at::native::vectorized_gather_kernel<16, long>(char*, char*, long*, int, long, long, long, long, bool)",6,operator_shape_matched,"[[56304,4096],[],[55913,4096],[]]","[""c10::BFloat16"",""Scalar"",""long int"",""Scalar""]",null,1,339.266
null,aten::gather,"void at::native::vectorized_gather_kernel<16, long>(char*, char*, long*, int, long, long, long, long, bool)",7,operator_shape_matched,"[[151936,4096],[],[2612,4096],[],[2612,4096]]","[""c10::BFloat16"",""Scalar"",""long int"",""Scalar"",""c10::BFloat16""]",null,1,11.36
null,aten::gather,"void at::native::vectorized_gather_kernel<16, long>(char*, char*, long*, int, long, long, long, long, bool)",8,operator_shape_matched,"[[151936,4096],[],[1394,4096],[],[1394,4096]]","[""c10::BFloat16"",""Scalar"",""long int"",""Scalar"",""c10::BFloat16""]",null,1,6.657
null,aten::gather,"void at::native::vectorized_gather_kernel<16, long>(char*, char*, long*, int, long, long, long, long, bool)",9,operator_shape_matched,"[[151936,4096],[],[1170,4096],[],[1170,4096]]","[""c10::BFloat16"",""Scalar"",""long int"",""Scalar"",""c10::BFloat16""]",null,1,6.048
null,aten::gather,"void at::native::vectorized_gather_kernel<16, long>(char*, char*, long*, int, long, long, long, long, bool)",10,operator_shape_matched,"[[151936,4096],[],[906,4096],[],[906,4096]]","[""c10::BFloat16"",""Scalar"",""long int"",""Scalar"",""c10::BFloat16""]",null,1,5.504
null,aten::gather,"void at::native::vectorized_gather_kernel<16, long>(char*, char*, long*, int, long, long, long, long, bool)",11,operator_shape_matched,"[[151936,4096],[],[301,4096],[],[301,4096]]","[""c10::BFloat16"",""Scalar"",""long int"",""Scalar"",""c10::BFloat16""]",null,1,3.745
null,aten::gather,"void at::native::vectorized_gather_kernel<16, long>(char*, char*, long*, int, long, long, long, long, bool)",12,operator_shape_matched,"[[151936,4096],[],[289,4096],[],[289,4096]]","[""c10::BFloat16"",""Scalar"",""long int"",""Scalar"",""c10::BFloat16""]",null,1,3.488
null,aten::gt,"void at::native::unrolled_elementwise_kernel<at::native::(anonymous namespace)::CompareFunctor<long>, std::array<char*, 3ul>, 4, TrivialOffsetCalculator<2, unsigned int>, TrivialOffsetCalculator<1, unsigned int>, at::native::memory::LoadWithoutCast, at::native::memory::StoreWithoutCast>(int, at::native::(anonymous namespace)::CompareFunctor<long>, std::array<char*, 3ul>, TrivialOffsetCalculator<2, unsigned int>, TrivialOffsetCalculator<1, unsigned int>, at::native::memory::LoadWithoutCast, at::native::memory::StoreWithoutCast)",1,operator_shape_matched,"[[1],[1]]","[""long int"",""long int""]",null,4,4.735
null,aten::gt,"void at::native::vectorized_elementwise_kernel<2, at::native::(anonymous namespace)::CompareFunctor<long>, std::array<char*, 3ul> >(int, at::native::(anonymous namespace)::CompareFunctor<long>, std::array<char*, 3ul>)",1,operator_shape_matched,"[[1],[1]]","[""long int"",""long int""]",null,2,2.816
null,aten::gt,"void at::native::vectorized_elementwise_kernel<4, at::native::(anonymous namespace)::CompareFunctor<long>, std::array<char*, 3ul> >(int, at::native::(anonymous namespace)::CompareFunctor<long>, std::array<char*, 3ul>)",1,operator_shape_matched,"[[1],[1]]","[""long int"",""long int""]",null,1,1.408
null,aten::index,"void at::native::index_elementwise_kernel<128, 4, at::native::gpu_index_kernel<at::native::index_kernel_impl<at::native::OpaqueType<2> >(at::TensorIteratorBase&, c10::ArrayRef<long>, c10::ArrayRef<long>)::{lambda(char*, char const*, long)#1}>(at::TensorIteratorBase&, c10::ArrayRef<long>, c10::ArrayRef<long>, at::native::index_kernel_impl<at::native::OpaqueType<2> >(at::TensorIteratorBase&, c10::ArrayRef<long>, c10::ArrayRef<long>)::{lambda(char*, char const*, long)#1} const&, bool)::{lambda(int)#1}>(long, at::native::gpu_index_kernel<at::native::index_kernel_impl<at::native::OpaqueType<2> >(at::TensorIteratorBase&, c10::ArrayRef<long>, c10::ArrayRef<long>)::{lambda(char*, char const*, long)#1}>(at::TensorIteratorBase&, c10::ArrayRef<long>, c10::ArrayRef<long>, at::native::index_kernel_impl<at::native::OpaqueType<2> >(at::TensorIteratorBase&, c10::ArrayRef<long>, c10::ArrayRef<long>)::{lambda(char*, char const*, long)#1} const&, bool)::{lambda(int)#1})",1,operator_shape_matched,"[[48,150,34,46],[]]","[""c10::BFloat16"",""""]",null,1,84.033
null,aten::index,"void at::native::index_elementwise_kernel<128, 4, at::native::gpu_index_kernel<at::native::index_kernel_impl<at::native::OpaqueType<2> >(at::TensorIteratorBase&, c10::ArrayRef<long>, c10::ArrayRef<long>)::{lambda(char*, char const*, long)#1}>(at::TensorIteratorBase&, c10::ArrayRef<long>, c10::ArrayRef<long>, at::native::index_kernel_impl<at::native::OpaqueType<2> >(at::TensorIteratorBase&, c10::ArrayRef<long>, c10::ArrayRef<long>)::{lambda(char*, char const*, long)#1} const&, bool)::{lambda(int)#1}>(long, at::native::gpu_index_kernel<at::native::index_kernel_impl<at::native::OpaqueType<2> >(at::TensorIteratorBase&, c10::ArrayRef<long>, c10::ArrayRef<long>)::{lambda(char*, char const*, long)#1}>(at::TensorIteratorBase&, c10::ArrayRef<long>, c10::ArrayRef<long>, at::native::index_kernel_impl<at::native::OpaqueType<2> >(at::TensorIteratorBase&, c10::ArrayRef<long>, c10::ArrayRef<long>)::{lambda(char*, char const*, long)#1} const&, bool)::{lambda(int)#1})",2,operator_shape_matched,"[[48,144,34,46],[]]","[""c10::BFloat16"",""""]",null,1,78.528
null,aten::index,"void at::native::index_elementwise_kernel<128, 4, at::native::gpu_index_kernel<at::native::index_kernel_impl<at::native::OpaqueType<2> >(at::TensorIteratorBase&, c10::ArrayRef<long>, c10::ArrayRef<long>)::{lambda(char*, char const*, long)#1}>(at::TensorIteratorBase&, c10::ArrayRef<long>, c10::ArrayRef<long>, at::native::index_kernel_impl<at::native::OpaqueType<2> >(at::TensorIteratorBase&, c10::ArrayRef<long>, c10::ArrayRef<long>)::{lambda(char*, char const*, long)#1} const&, bool)::{lambda(int)#1}>(long, at::native::gpu_index_kernel<at::native::index_kernel_impl<at::native::OpaqueType<2> >(at::TensorIteratorBase&, c10::ArrayRef<long>, c10::ArrayRef<long>)::{lambda(char*, char const*, long)#1}>(at::TensorIteratorBase&, c10::ArrayRef<long>, c10::ArrayRef<long>, at::native::index_kernel_impl<at::native::OpaqueType<2> >(at::TensorIteratorBase&, c10::ArrayRef<long>, c10::ArrayRef<long>)::{lambda(char*, char const*, long)#1} const&, bool)::{lambda(int)#1})",3,operator_shape_matched,"[[48,109,34,46],[]]","[""c10::BFloat16"",""""]",null,1,71.105
null,aten::index,"void at::native::index_elementwise_kernel<128, 4, at::native::gpu_index_kernel<at::native::index_kernel_impl<at::native::OpaqueType<2> >(at::TensorIteratorBase&, c10::ArrayRef<long>, c10::ArrayRef<long>)::{lambda(char*, char const*, long)#1}>(at::TensorIteratorBase&, c10::ArrayRef<long>, c10::ArrayRef<long>, at::native::index_kernel_impl<at::native::OpaqueType<2> >(at::TensorIteratorBase&, c10::ArrayRef<long>, c10::ArrayRef<long>)::{lambda(char*, char const*, long)#1} const&, bool)::{lambda(int)#1}>(long, at::native::gpu_index_kernel<at::native::index_kernel_impl<at::native::OpaqueType<2> >(at::TensorIteratorBase&, c10::ArrayRef<long>, c10::ArrayRef<long>)::{lambda(char*, char const*, long)#1}>(at::TensorIteratorBase&, c10::ArrayRef<long>, c10::ArrayRef<long>, at::native::index_kernel_impl<at::native::OpaqueType<2> >(at::TensorIteratorBase&, c10::ArrayRef<long>, c10::ArrayRef<long>)::{lambda(char*, char const*, long)#1} const&, bool)::{lambda(int)#1})",4,operator_shape_matched,"[[48,25,34,46],[]]","[""c10::BFloat16"",""""]",null,4,71.007
null,aten::index,"void at::native::index_elementwise_kernel<128, 4, at::native::gpu_index_kernel<at::native::index_kernel_impl<at::native::OpaqueType<2> >(at::TensorIteratorBase&, c10::ArrayRef<long>, c10::ArrayRef<long>)::{lambda(char*, char const*, long)#1}>(at::TensorIteratorBase&, c10::ArrayRef<long>, c10::ArrayRef<long>, at::native::index_kernel_impl<at::native::OpaqueType<2> >(at::TensorIteratorBase&, c10::ArrayRef<long>, c10::ArrayRef<long>)::{lambda(char*, char const*, long)#1} const&, bool)::{lambda(int)#1}>(long, at::native::gpu_index_kernel<at::native::index_kernel_impl<at::native::OpaqueType<2> >(at::TensorIteratorBase&, c10::ArrayRef<long>, c10::ArrayRef<long>)::{lambda(char*, char const*, long)#1}>(at::TensorIteratorBase&, c10::ArrayRef<long>, c10::ArrayRef<long>, at::native::index_kernel_impl<at::native::OpaqueType<2> >(at::TensorIteratorBase&, c10::ArrayRef<long>, c10::ArrayRef<long>)::{lambda(char*, char const*, long)#1} const&, bool)::{lambda(int)#1})",5,operator_shape_matched,"[[48,73,34,46],[]]","[""c10::BFloat16"",""""]",null,1,48.352
null,aten::index,"void at::native::index_elementwise_kernel<128, 4, at::native::gpu_index_kernel<at::native::index_kernel_impl<at::native::OpaqueType<2> >(at::TensorIteratorBase&, c10::ArrayRef<long>, c10::ArrayRef<long>)::{lambda(char*, char const*, long)#1}>(at::TensorIteratorBase&, c10::ArrayRef<long>, c10::ArrayRef<long>, at::native::index_kernel_impl<at::native::OpaqueType<2> >(at::TensorIteratorBase&, c10::ArrayRef<long>, c10::ArrayRef<long>)::{lambda(char*, char const*, long)#1} const&, bool)::{lambda(int)#1}>(long, at::native::gpu_index_kernel<at::native::index_kernel_impl<at::native::OpaqueType<2> >(at::TensorIteratorBase&, c10::ArrayRef<long>, c10::ArrayRef<long>)::{lambda(char*, char const*, long)#1}>(at::TensorIteratorBase&, c10::ArrayRef<long>, c10::ArrayRef<long>, at::native::index_kernel_impl<at::native::OpaqueType<2> >(at::TensorIteratorBase&, c10::ArrayRef<long>, c10::ArrayRef<long>)::{lambda(char*, char const*, long)#1} const&, bool)::{lambda(int)#1})",6,operator_shape_matched,"[[48,61,34,46],[]]","[""c10::BFloat16"",""""]",null,1,36.193
null,aten::index,"void at::native::index_elementwise_kernel<128, 4, at::native::gpu_index_kernel<at::native::index_kernel_impl<at::native::OpaqueType<2> >(at::TensorIteratorBase&, c10::ArrayRef<long>, c10::ArrayRef<long>)::{lambda(char*, char const*, long)#1}>(at::TensorIteratorBase&, c10::ArrayRef<long>, c10::ArrayRef<long>, at::native::index_kernel_impl<at::native::OpaqueType<2> >(at::TensorIteratorBase&, c10::ArrayRef<long>, c10::ArrayRef<long>)::{lambda(char*, char const*, long)#1} const&, bool)::{lambda(int)#1}>(long, at::native::gpu_index_kernel<at::native::index_kernel_impl<at::native::OpaqueType<2> >(at::TensorIteratorBase&, c10::ArrayRef<long>, c10::ArrayRef<long>)::{lambda(char*, char const*, long)#1}>(at::TensorIteratorBase&, c10::ArrayRef<long>, c10::ArrayRef<long>, at::native::index_kernel_impl<at::native::OpaqueType<2> >(at::TensorIteratorBase&, c10::ArrayRef<long>, c10::ArrayRef<long>)::{lambda(char*, char const*, long)#1} const&, bool)::{lambda(int)#1})",7,operator_shape_matched,"[[48,79,30,40],[]]","[""c10::BFloat16"",""""]",null,1,36.129
null,aten::index,"void at::native::index_elementwise_kernel<128, 4, at::native::gpu_index_kernel<at::native::index_kernel_impl<at::native::OpaqueType<2> >(at::TensorIteratorBase&, c10::ArrayRef<long>, c10::ArrayRef<long>)::{lambda(char*, char const*, long)#1}>(at::TensorIteratorBase&, c10::ArrayRef<long>, c10::ArrayRef<long>, at::native::index_kernel_impl<at::native::OpaqueType<2> >(at::TensorIteratorBase&, c10::ArrayRef<long>, c10::ArrayRef<long>)::{lambda(char*, char const*, long)#1} const&, bool)::{lambda(int)#1}>(long, at::native::gpu_index_kernel<at::native::index_kernel_impl<at::native::OpaqueType<2> >(at::TensorIteratorBase&, c10::ArrayRef<long>, c10::ArrayRef<long>)::{lambda(char*, char const*, long)#1}>(at::TensorIteratorBase&, c10::ArrayRef<long>, c10::ArrayRef<long>, at::native::index_kernel_impl<at::native::OpaqueType<2> >(at::TensorIteratorBase&, c10::ArrayRef<long>, c10::ArrayRef<long>)::{lambda(char*, char const*, long)#1} const&, bool)::{lambda(int)#1})",8,operator_shape_matched,"[[48,52,34,46],[]]","[""c10::BFloat16"",""""]",null,1,31.328
null,aten::index,"void at::native::index_elementwise_kernel<128, 4, at::native::gpu_index_kernel<at::native::index_kernel_impl<at::native::OpaqueType<2> >(at::TensorIteratorBase&, c10::ArrayRef<long>, c10::ArrayRef<long>)::{lambda(char*, char const*, long)#1}>(at::TensorIteratorBase&, c10::ArrayRef<long>, c10::ArrayRef<long>, at::native::index_kernel_impl<at::native::OpaqueType<2> >(at::TensorIteratorBase&, c10::ArrayRef<long>, c10::ArrayRef<long>)::{lambda(char*, char const*, long)#1} const&, bool)::{lambda(int)#1}>(long, at::native::gpu_index_kernel<at::native::index_kernel_impl<at::native::OpaqueType<2> >(at::TensorIteratorBase&, c10::ArrayRef<long>, c10::ArrayRef<long>)::{lambda(char*, char const*, long)#1}>(at::TensorIteratorBase&, c10::ArrayRef<long>, c10::ArrayRef<long>, at::native::index_kernel_impl<at::native::OpaqueType<2> >(at::TensorIteratorBase&, c10::ArrayRef<long>, c10::ArrayRef<long>)::{lambda(char*, char const*, long)#1} const&, bool)::{lambda(int)#1})",9,operator_shape_matched,"[[48,63,30,40],[]]","[""c10::BFloat16"",""""]",null,1,29.408
null,aten::index,"void at::native::index_elementwise_kernel<128, 4, at::native::gpu_index_kernel<at::native::index_kernel_impl<at::native::OpaqueType<2> >(at::TensorIteratorBase&, c10::ArrayRef<long>, c10::ArrayRef<long>)::{lambda(char*, char const*, long)#1}>(at::TensorIteratorBase&, c10::ArrayRef<long>, c10::ArrayRef<long>, at::native::index_kernel_impl<at::native::OpaqueType<2> >(at::TensorIteratorBase&, c10::ArrayRef<long>, c10::ArrayRef<long>)::{lambda(char*, char const*, long)#1} const&, bool)::{lambda(int)#1}>(long, at::native::gpu_index_kernel<at::native::index_kernel_impl<at::native::OpaqueType<2> >(at::TensorIteratorBase&, c10::ArrayRef<long>, c10::ArrayRef<long>)::{lambda(char*, char const*, long)#1}>(at::TensorIteratorBase&, c10::ArrayRef<long>, c10::ArrayRef<long>, at::native::index_kernel_impl<at::native::OpaqueType<2> >(at::TensorIteratorBase&, c10::ArrayRef<long>, c10::ArrayRef<long>)::{lambda(char*, char const*, long)#1} const&, bool)::{lambda(int)#1})",10,operator_shape_matched,"[[48,52,30,40],[]]","[""c10::BFloat16"",""""]",null,1,24.832
null,aten::index,"void at::native::index_elementwise_kernel<128, 4, at::native::gpu_index_kernel<at::native::index_kernel_impl<at::native::OpaqueType<2> >(at::TensorIteratorBase&, c10::ArrayRef<long>, c10::ArrayRef<long>)::{lambda(char*, char const*, long)#1}>(at::TensorIteratorBase&, c10::ArrayRef<long>, c10::ArrayRef<long>, at::native::index_kernel_impl<at::native::OpaqueType<2> >(at::TensorIteratorBase&, c10::ArrayRef<long>, c10::ArrayRef<long>)::{lambda(char*, char const*, long)#1} const&, bool)::{lambda(int)#1}>(long, at::native::gpu_index_kernel<at::native::index_kernel_impl<at::native::OpaqueType<2> >(at::TensorIteratorBase&, c10::ArrayRef<long>, c10::ArrayRef<long>)::{lambda(char*, char const*, long)#1}>(at::TensorIteratorBase&, c10::ArrayRef<long>, c10::ArrayRef<long>, at::native::index_kernel_impl<at::native::OpaqueType<2> >(at::TensorIteratorBase&, c10::ArrayRef<long>, c10::ArrayRef<long>)::{lambda(char*, char const*, long)#1} const&, bool)::{lambda(int)#1})",11,operator_shape_matched,"[[48,15,30,52],[]]","[""c10::BFloat16"",""""]",null,2,24.352
null,aten::index,"void at::native::index_elementwise_kernel<128, 4, at::native::gpu_index_kernel<at::native::index_kernel_impl<at::native::OpaqueType<2> >(at::TensorIteratorBase&, c10::ArrayRef<long>, c10::ArrayRef<long>)::{lambda(char*, char const*, long)#1}>(at::TensorIteratorBase&, c10::ArrayRef<long>, c10::ArrayRef<long>, at::native::index_kernel_impl<at::native::OpaqueType<2> >(at::TensorIteratorBase&, c10::ArrayRef<long>, c10::ArrayRef<long>)::{lambda(char*, char const*, long)#1} const&, bool)::{lambda(int)#1}>(long, at::native::gpu_index_kernel<at::native::index_kernel_impl<at::native::OpaqueType<2> >(at::TensorIteratorBase&, c10::ArrayRef<long>, c10::ArrayRef<long>)::{lambda(char*, char const*, long)#1}>(at::TensorIteratorBase&, c10::ArrayRef<long>, c10::ArrayRef<long>, at::native::index_kernel_impl<at::native::OpaqueType<2> >(at::TensorIteratorBase&, c10::ArrayRef<long>, c10::ArrayRef<long>)::{lambda(char*, char const*, long)#1} const&, bool)::{lambda(int)#1})",12,operator_shape_matched,"[[48,50,30,40],[]]","[""c10::BFloat16"",""""]",null,1,24
null,aten::index,"void at::native::index_elementwise_kernel<128, 4, at::native::gpu_index_kernel<at::native::index_kernel_impl<at::native::OpaqueType<2> >(at::TensorIteratorBase&, c10::ArrayRef<long>, c10::ArrayRef<long>)::{lambda(char*, char const*, long)#1}>(at::TensorIteratorBase&, c10::ArrayRef<long>, c10::ArrayRef<long>, at::native::index_kernel_impl<at::native::OpaqueType<2> >(at::TensorIteratorBase&, c10::ArrayRef<long>, c10::ArrayRef<long>)::{lambda(char*, char const*, long)#1} const&, bool)::{lambda(int)#1}>(long, at::native::gpu_index_kernel<at::native::index_kernel_impl<at::native::OpaqueType<2> >(at::TensorIteratorBase&, c10::ArrayRef<long>, c10::ArrayRef<long>)::{lambda(char*, char const*, long)#1}>(at::TensorIteratorBase&, c10::ArrayRef<long>, c10::ArrayRef<long>, at::native::index_kernel_impl<at::native::OpaqueType<2> >(at::TensorIteratorBase&, c10::ArrayRef<long>, c10::ArrayRef<long>)::{lambda(char*, char const*, long)#1} const&, bool)::{lambda(int)#1})",13,operator_shape_matched,"[[48,35,30,52],[]]","[""c10::BFloat16"",""""]",null,1,23.713
null,aten::index,"void at::native::index_elementwise_kernel<128, 4, at::native::gpu_index_kernel<at::native::index_kernel_impl<at::native::OpaqueType<2> >(at::TensorIteratorBase&, c10::ArrayRef<long>, c10::ArrayRef<long>)::{lambda(char*, char const*, long)#1}>(at::TensorIteratorBase&, c10::ArrayRef<long>, c10::ArrayRef<long>, at::native::index_kernel_impl<at::native::OpaqueType<2> >(at::TensorIteratorBase&, c10::ArrayRef<long>, c10::ArrayRef<long>)::{lambda(char*, char const*, long)#1} const&, bool)::{lambda(int)#1}>(long, at::native::gpu_index_kernel<at::native::index_kernel_impl<at::native::OpaqueType<2> >(at::TensorIteratorBase&, c10::ArrayRef<long>, c10::ArrayRef<long>)::{lambda(char*, char const*, long)#1}>(at::TensorIteratorBase&, c10::ArrayRef<long>, c10::ArrayRef<long>, at::native::index_kernel_impl<at::native::OpaqueType<2> >(at::TensorIteratorBase&, c10::ArrayRef<long>, c10::ArrayRef<long>)::{lambda(char*, char const*, long)#1} const&, bool)::{lambda(int)#1})",14,operator_shape_matched,"[[48,13,30,52],[]]","[""c10::BFloat16"",""""]",null,2,22.689
null,aten::index,"void at::native::index_elementwise_kernel<128, 4, at::native::gpu_index_kernel<at::native::index_kernel_impl<at::native::OpaqueType<2> >(at::TensorIteratorBase&, c10::ArrayRef<long>, c10::ArrayRef<long>)::{lambda(char*, char const*, long)#1}>(at::TensorIteratorBase&, c10::ArrayRef<long>, c10::ArrayRef<long>, at::native::index_kernel_impl<at::native::OpaqueType<2> >(at::TensorIteratorBase&, c10::ArrayRef<long>, c10::ArrayRef<long>)::{lambda(char*, char const*, long)#1} const&, bool)::{lambda(int)#1}>(long, at::native::gpu_index_kernel<at::native::index_kernel_impl<at::native::OpaqueType<2> >(at::TensorIteratorBase&, c10::ArrayRef<long>, c10::ArrayRef<long>)::{lambda(char*, char const*, long)#1}>(at::TensorIteratorBase&, c10::ArrayRef<long>, c10::ArrayRef<long>, at::native::index_kernel_impl<at::native::OpaqueType<2> >(at::TensorIteratorBase&, c10::ArrayRef<long>, c10::ArrayRef<long>)::{lambda(char*, char const*, long)#1} const&, bool)::{lambda(int)#1})",15,operator_shape_matched,"[[48,37,34,46],[]]","[""c10::BFloat16"",""""]",null,1,22.048
null,aten::index,"void at::native::index_elementwise_kernel<128, 4, at::native::gpu_index_kernel<at::native::index_kernel_impl<at::native::OpaqueType<2> >(at::TensorIteratorBase&, c10::ArrayRef<long>, c10::ArrayRef<long>)::{lambda(char*, char const*, long)#1}>(at::TensorIteratorBase&, c10::ArrayRef<long>, c10::ArrayRef<long>, at::native::index_kernel_impl<at::native::OpaqueType<2> >(at::TensorIteratorBase&, c10::ArrayRef<long>, c10::ArrayRef<long>)::{lambda(char*, char const*, long)#1} const&, bool)::{lambda(int)#1}>(long, at::native::gpu_index_kernel<at::native::index_kernel_impl<at::native::OpaqueType<2> >(at::TensorIteratorBase&, c10::ArrayRef<long>, c10::ArrayRef<long>)::{lambda(char*, char const*, long)#1}>(at::TensorIteratorBase&, c10::ArrayRef<long>, c10::ArrayRef<long>, at::native::index_kernel_impl<at::native::OpaqueType<2> >(at::TensorIteratorBase&, c10::ArrayRef<long>, c10::ArrayRef<long>)::{lambda(char*, char const*, long)#1} const&, bool)::{lambda(int)#1})",16,operator_shape_matched,"[[48,44,30,40],[]]","[""c10::BFloat16"",""""]",null,1,21.665
null,aten::index,"void at::native::index_elementwise_kernel<128, 4, at::native::gpu_index_kernel<at::native::index_kernel_impl<at::native::OpaqueType<2> >(at::TensorIteratorBase&, c10::ArrayRef<long>, c10::ArrayRef<long>)::{lambda(char*, char const*, long)#1}>(at::TensorIteratorBase&, c10::ArrayRef<long>, c10::ArrayRef<long>, at::native::index_kernel_impl<at::native::OpaqueType<2> >(at::TensorIteratorBase&, c10::ArrayRef<long>, c10::ArrayRef<long>)::{lambda(char*, char const*, long)#1} const&, bool)::{lambda(int)#1}>(long, at::native::gpu_index_kernel<at::native::index_kernel_impl<at::native::OpaqueType<2> >(at::TensorIteratorBase&, c10::ArrayRef<long>, c10::ArrayRef<long>)::{lambda(char*, char const*, long)#1}>(at::TensorIteratorBase&, c10::ArrayRef<long>, c10::ArrayRef<long>, at::native::index_kernel_impl<at::native::OpaqueType<2> >(at::TensorIteratorBase&, c10::ArrayRef<long>, c10::ArrayRef<long>)::{lambda(char*, char const*, long)#1} const&, bool)::{lambda(int)#1})",17,operator_shape_matched,"[[48,11,30,52],[]]","[""c10::BFloat16"",""""]",null,2,21.44
null,aten::index,"void at::native::index_elementwise_kernel<128, 4, at::native::gpu_index_kernel<at::native::index_kernel_impl<at::native::OpaqueType<2> >(at::TensorIteratorBase&, c10::ArrayRef<long>, c10::ArrayRef<long>)::{lambda(char*, char const*, long)#1}>(at::TensorIteratorBase&, c10::ArrayRef<long>, c10::ArrayRef<long>, at::native::index_kernel_impl<at::native::OpaqueType<2> >(at::TensorIteratorBase&, c10::ArrayRef<long>, c10::ArrayRef<long>)::{lambda(char*, char const*, long)#1} const&, bool)::{lambda(int)#1}>(long, at::native::gpu_index_kernel<at::native::index_kernel_impl<at::native::OpaqueType<2> >(at::TensorIteratorBase&, c10::ArrayRef<long>, c10::ArrayRef<long>)::{lambda(char*, char const*, long)#1}>(at::TensorIteratorBase&, c10::ArrayRef<long>, c10::ArrayRef<long>, at::native::index_kernel_impl<at::native::OpaqueType<2> >(at::TensorIteratorBase&, c10::ArrayRef<long>, c10::ArrayRef<long>)::{lambda(char*, char const*, long)#1} const&, bool)::{lambda(int)#1})",18,operator_shape_matched,"[[48,29,30,52],[]]","[""c10::BFloat16"",""""]",null,1,21.313
null,aten::index,"void at::native::index_elementwise_kernel<128, 4, at::native::gpu_index_kernel<at::native::index_kernel_impl<at::native::OpaqueType<2> >(at::TensorIteratorBase&, c10::ArrayRef<long>, c10::ArrayRef<long>)::{lambda(char*, char const*, long)#1}>(at::TensorIteratorBase&, c10::ArrayRef<long>, c10::ArrayRef<long>, at::native::index_kernel_impl<at::native::OpaqueType<2> >(at::TensorIteratorBase&, c10::ArrayRef<long>, c10::ArrayRef<long>)::{lambda(char*, char const*, long)#1} const&, bool)::{lambda(int)#1}>(long, at::native::gpu_index_kernel<at::native::index_kernel_impl<at::native::OpaqueType<2> >(at::TensorIteratorBase&, c10::ArrayRef<long>, c10::ArrayRef<long>)::{lambda(char*, char const*, long)#1}>(at::TensorIteratorBase&, c10::ArrayRef<long>, c10::ArrayRef<long>, at::native::index_kernel_impl<at::native::OpaqueType<2> >(at::TensorIteratorBase&, c10::ArrayRef<long>, c10::ArrayRef<long>)::{lambda(char*, char const*, long)#1} const&, bool)::{lambda(int)#1})",19,operator_shape_matched,"[[48,38,30,40],[]]","[""c10::BFloat16"",""""]",null,1,20.32
null,aten::index,"void at::native::index_elementwise_kernel<128, 4, at::native::gpu_index_kernel<at::native::index_kernel_impl<at::native::OpaqueType<2> >(at::TensorIteratorBase&, c10::ArrayRef<long>, c10::ArrayRef<long>)::{lambda(char*, char const*, long)#1}>(at::TensorIteratorBase&, c10::ArrayRef<long>, c10::ArrayRef<long>, at::native::index_kernel_impl<at::native::OpaqueType<2> >(at::TensorIteratorBase&, c10::ArrayRef<long>, c10::ArrayRef<long>)::{lambda(char*, char const*, long)#1} const&, bool)::{lambda(int)#1}>(long, at::native::gpu_index_kernel<at::native::index_kernel_impl<at::native::OpaqueType<2> >(at::TensorIteratorBase&, c10::ArrayRef<long>, c10::ArrayRef<long>)::{lambda(char*, char const*, long)#1}>(at::TensorIteratorBase&, c10::ArrayRef<long>, c10::ArrayRef<long>, at::native::index_kernel_impl<at::native::OpaqueType<2> >(at::TensorIteratorBase&, c10::ArrayRef<long>, c10::ArrayRef<long>)::{lambda(char*, char const*, long)#1} const&, bool)::{lambda(int)#1})",20,operator_shape_matched,"[[48,31,34,46],[]]","[""c10::BFloat16"",""""]",null,1,20.16
null,aten::index,"void at::native::index_elementwise_kernel<128, 4, at::native::gpu_index_kernel<at::native::index_kernel_impl<at::native::OpaqueType<2> >(at::TensorIteratorBase&, c10::ArrayRef<long>, c10::ArrayRef<long>)::{lambda(char*, char const*, long)#1}>(at::TensorIteratorBase&, c10::ArrayRef<long>, c10::ArrayRef<long>, at::native::index_kernel_impl<at::native::OpaqueType<2> >(at::TensorIteratorBase&, c10::ArrayRef<long>, c10::ArrayRef<long>)::{lambda(char*, char const*, long)#1} const&, bool)::{lambda(int)#1}>(long, at::native::gpu_index_kernel<at::native::index_kernel_impl<at::native::OpaqueType<2> >(at::TensorIteratorBase&, c10::ArrayRef<long>, c10::ArrayRef<long>)::{lambda(char*, char const*, long)#1}>(at::TensorIteratorBase&, c10::ArrayRef<long>, c10::ArrayRef<long>, at::native::index_kernel_impl<at::native::OpaqueType<2> >(at::TensorIteratorBase&, c10::ArrayRef<long>, c10::ArrayRef<long>)::{lambda(char*, char const*, long)#1} const&, bool)::{lambda(int)#1})",21,operator_shape_matched,"[[48,22,30,52],[]]","[""c10::BFloat16"",""""]",null,1,16.352
null,aten::index,"void at::native::index_elementwise_kernel<128, 4, at::native::gpu_index_kernel<at::native::index_kernel_impl<at::native::OpaqueType<2> >(at::TensorIteratorBase&, c10::ArrayRef<long>, c10::ArrayRef<long>)::{lambda(char*, char const*, long)#1}>(at::TensorIteratorBase&, c10::ArrayRef<long>, c10::ArrayRef<long>, at::native::index_kernel_impl<at::native::OpaqueType<2> >(at::TensorIteratorBase&, c10::ArrayRef<long>, c10::ArrayRef<long>)::{lambda(char*, char const*, long)#1} const&, bool)::{lambda(int)#1}>(long, at::native::gpu_index_kernel<at::native::index_kernel_impl<at::native::OpaqueType<2> >(at::TensorIteratorBase&, c10::ArrayRef<long>, c10::ArrayRef<long>)::{lambda(char*, char const*, long)#1}>(at::TensorIteratorBase&, c10::ArrayRef<long>, c10::ArrayRef<long>, at::native::index_kernel_impl<at::native::OpaqueType<2> >(at::TensorIteratorBase&, c10::ArrayRef<long>, c10::ArrayRef<long>)::{lambda(char*, char const*, long)#1} const&, bool)::{lambda(int)#1})",22,operator_shape_matched,"[[48,19,30,52],[]]","[""c10::BFloat16"",""""]",null,1,15.552
null,aten::index,"void at::native::index_elementwise_kernel<128, 4, at::native::gpu_index_kernel<at::native::index_kernel_impl<at::native::OpaqueType<2> >(at::TensorIteratorBase&, c10::ArrayRef<long>, c10::ArrayRef<long>)::{lambda(char*, char const*, long)#1}>(at::TensorIteratorBase&, c10::ArrayRef<long>, c10::ArrayRef<long>, at::native::index_kernel_impl<at::native::OpaqueType<2> >(at::TensorIteratorBase&, c10::ArrayRef<long>, c10::ArrayRef<long>)::{lambda(char*, char const*, long)#1} const&, bool)::{lambda(int)#1}>(long, at::native::gpu_index_kernel<at::native::index_kernel_impl<at::native::OpaqueType<2> >(at::TensorIteratorBase&, c10::ArrayRef<long>, c10::ArrayRef<long>)::{lambda(char*, char const*, long)#1}>(at::TensorIteratorBase&, c10::ArrayRef<long>, c10::ArrayRef<long>, at::native::index_kernel_impl<at::native::OpaqueType<2> >(at::TensorIteratorBase&, c10::ArrayRef<long>, c10::ArrayRef<long>)::{lambda(char*, char const*, long)#1} const&, bool)::{lambda(int)#1})",23,operator_shape_matched,"[[48,14,30,52],[]]","[""c10::BFloat16"",""""]",null,1,13.376
null,aten::index,"void at::native::index_elementwise_kernel<128, 4, at::native::gpu_index_kernel<at::native::index_kernel_impl<at::native::OpaqueType<2> >(at::TensorIteratorBase&, c10::ArrayRef<long>, c10::ArrayRef<long>)::{lambda(char*, char const*, long)#1}>(at::TensorIteratorBase&, c10::ArrayRef<long>, c10::ArrayRef<long>, at::native::index_kernel_impl<at::native::OpaqueType<2> >(at::TensorIteratorBase&, c10::ArrayRef<long>, c10::ArrayRef<long>)::{lambda(char*, char const*, long)#1} const&, bool)::{lambda(int)#1}>(long, at::native::gpu_index_kernel<at::native::index_kernel_impl<at::native::OpaqueType<2> >(at::TensorIteratorBase&, c10::ArrayRef<long>, c10::ArrayRef<long>)::{lambda(char*, char const*, long)#1}>(at::TensorIteratorBase&, c10::ArrayRef<long>, c10::ArrayRef<long>, at::native::index_kernel_impl<at::native::OpaqueType<2> >(at::TensorIteratorBase&, c10::ArrayRef<long>, c10::ArrayRef<long>)::{lambda(char*, char const*, long)#1} const&, bool)::{lambda(int)#1})",24,operator_shape_matched,"[[48,17,30,52],[]]","[""c10::BFloat16"",""""]",null,1,13.152
null,aten::index,"void at::native::index_elementwise_kernel<128, 4, at::native::gpu_index_kernel<at::native::index_kernel_impl<at::native::OpaqueType<2> >(at::TensorIteratorBase&, c10::ArrayRef<long>, c10::ArrayRef<long>)::{lambda(char*, char const*, long)#1}>(at::TensorIteratorBase&, c10::ArrayRef<long>, c10::ArrayRef<long>, at::native::index_kernel_impl<at::native::OpaqueType<2> >(at::TensorIteratorBase&, c10::ArrayRef<long>, c10::ArrayRef<long>)::{lambda(char*, char const*, long)#1} const&, bool)::{lambda(int)#1}>(long, at::native::gpu_index_kernel<at::native::index_kernel_impl<at::native::OpaqueType<2> >(at::TensorIteratorBase&, c10::ArrayRef<long>, c10::ArrayRef<long>)::{lambda(char*, char const*, long)#1}>(at::TensorIteratorBase&, c10::ArrayRef<long>, c10::ArrayRef<long>, at::native::index_kernel_impl<at::native::OpaqueType<2> >(at::TensorIteratorBase&, c10::ArrayRef<long>, c10::ArrayRef<long>)::{lambda(char*, char const*, long)#1} const&, bool)::{lambda(int)#1})",25,operator_shape_matched,"[[48,16,30,52],[]]","[""c10::BFloat16"",""""]",null,1,13.056
null,aten::index,"void at::native::index_elementwise_kernel<128, 4, at::native::gpu_index_kernel<at::native::index_kernel_impl<at::native::OpaqueType<2> >(at::TensorIteratorBase&, c10::ArrayRef<long>, c10::ArrayRef<long>)::{lambda(char*, char const*, long)#1}>(at::TensorIteratorBase&, c10::ArrayRef<long>, c10::ArrayRef<long>, at::native::index_kernel_impl<at::native::OpaqueType<2> >(at::TensorIteratorBase&, c10::ArrayRef<long>, c10::ArrayRef<long>)::{lambda(char*, char const*, long)#1} const&, bool)::{lambda(int)#1}>(long, at::native::gpu_index_kernel<at::native::index_kernel_impl<at::native::OpaqueType<2> >(at::TensorIteratorBase&, c10::ArrayRef<long>, c10::ArrayRef<long>)::{lambda(char*, char const*, long)#1}>(at::TensorIteratorBase&, c10::ArrayRef<long>, c10::ArrayRef<long>, at::native::index_kernel_impl<at::native::OpaqueType<2> >(at::TensorIteratorBase&, c10::ArrayRef<long>, c10::ArrayRef<long>)::{lambda(char*, char const*, long)#1} const&, bool)::{lambda(int)#1})",26,operator_shape_matched,"[[48,16,34,46],[]]","[""c10::BFloat16"",""""]",null,1,11.745
null,aten::index,"void at::native::index_elementwise_kernel<128, 4, at::native::gpu_index_kernel<at::native::index_kernel_impl<at::native::OpaqueType<2> >(at::TensorIteratorBase&, c10::ArrayRef<long>, c10::ArrayRef<long>)::{lambda(char*, char const*, long)#1}>(at::TensorIteratorBase&, c10::ArrayRef<long>, c10::ArrayRef<long>, at::native::index_kernel_impl<at::native::OpaqueType<2> >(at::TensorIteratorBase&, c10::ArrayRef<long>, c10::ArrayRef<long>)::{lambda(char*, char const*, long)#1} const&, bool)::{lambda(int)#1}>(long, at::native::gpu_index_kernel<at::native::index_kernel_impl<at::native::OpaqueType<2> >(at::TensorIteratorBase&, c10::ArrayRef<long>, c10::ArrayRef<long>)::{lambda(char*, char const*, long)#1}>(at::TensorIteratorBase&, c10::ArrayRef<long>, c10::ArrayRef<long>, at::native::index_kernel_impl<at::native::OpaqueType<2> >(at::TensorIteratorBase&, c10::ArrayRef<long>, c10::ArrayRef<long>)::{lambda(char*, char const*, long)#1} const&, bool)::{lambda(int)#1})",27,operator_shape_matched,"[[48,12,30,52],[]]","[""c10::BFloat16"",""""]",null,1,11.296
null,aten::index,"void at::native::index_elementwise_kernel<128, 4, at::native::gpu_index_kernel<at::native::index_kernel_impl<at::native::OpaqueType<8> >(at::TensorIteratorBase&, c10::ArrayRef<long>, c10::ArrayRef<long>)::{lambda(char*, char const*, long)#1}>(at::TensorIteratorBase&, c10::ArrayRef<long>, c10::ArrayRef<long>, at::native::index_kernel_impl<at::native::OpaqueType<8> >(at::TensorIteratorBase&, c10::ArrayRef<long>, c10::ArrayRef<long>)::{lambda(char*, char const*, long)#1} const&, bool)::{lambda(int)#1}>(long, at::native::gpu_index_kernel<at::native::index_kernel_impl<at::native::OpaqueType<8> >(at::TensorIteratorBase&, c10::ArrayRef<long>, c10::ArrayRef<long>)::{lambda(char*, char const*, long)#1}>(at::TensorIteratorBase&, c10::ArrayRef<long>, c10::ArrayRef<long>, at::native::index_kernel_impl<at::native::OpaqueType<8> >(at::TensorIteratorBase&, c10::ArrayRef<long>, c10::ArrayRef<long>)::{lambda(char*, char const*, long)#1} const&, bool)::{lambda(int)#1})",1,operator_shape_matched,"[[98970],[]]","[""long int"",""""]",null,2,10.304
null,aten::index,"void at::native::index_elementwise_kernel<128, 4, at::native::gpu_index_kernel<at::native::index_kernel_impl<at::native::OpaqueType<8> >(at::TensorIteratorBase&, c10::ArrayRef<long>, c10::ArrayRef<long>)::{lambda(char*, char const*, long)#1}>(at::TensorIteratorBase&, c10::ArrayRef<long>, c10::ArrayRef<long>, at::native::index_kernel_impl<at::native::OpaqueType<8> >(at::TensorIteratorBase&, c10::ArrayRef<long>, c10::ArrayRef<long>)::{lambda(char*, char const*, long)#1} const&, bool)::{lambda(int)#1}>(long, at::native::gpu_index_kernel<at::native::index_kernel_impl<at::native::OpaqueType<8> >(at::TensorIteratorBase&, c10::ArrayRef<long>, c10::ArrayRef<long>)::{lambda(char*, char const*, long)#1}>(at::TensorIteratorBase&, c10::ArrayRef<long>, c10::ArrayRef<long>, at::native::index_kernel_impl<at::native::OpaqueType<8> >(at::TensorIteratorBase&, c10::ArrayRef<long>, c10::ArrayRef<long>)::{lambda(char*, char const*, long)#1} const&, bool)::{lambda(int)#1})",2,operator_shape_matched,"[[58939],[]]","[""long int"",""""]",null,2,9.568
null,aten::index,"void at::native::index_elementwise_kernel<128, 4, at::native::gpu_index_kernel<at::native::index_kernel_impl<at::native::OpaqueType<8> >(at::TensorIteratorBase&, c10::ArrayRef<long>, c10::ArrayRef<long>)::{lambda(char*, char const*, long)#1}>(at::TensorIteratorBase&, c10::ArrayRef<long>, c10::ArrayRef<long>, at::native::index_kernel_impl<at::native::OpaqueType<8> >(at::TensorIteratorBase&, c10::ArrayRef<long>, c10::ArrayRef<long>)::{lambda(char*, char const*, long)#1} const&, bool)::{lambda(int)#1}>(long, at::native::gpu_index_kernel<at::native::index_kernel_impl<at::native::OpaqueType<8> >(at::TensorIteratorBase&, c10::ArrayRef<long>, c10::ArrayRef<long>)::{lambda(char*, char const*, long)#1}>(at::TensorIteratorBase&, c10::ArrayRef<long>, c10::ArrayRef<long>, at::native::index_kernel_impl<at::native::OpaqueType<8> >(at::TensorIteratorBase&, c10::ArrayRef<long>, c10::ArrayRef<long>)::{lambda(char*, char const*, long)#1} const&, bool)::{lambda(int)#1})",3,operator_shape_matched,"[[91618],[]]","[""long int"",""""]",null,2,8.32
null,aten::index,"void at::native::index_elementwise_kernel<128, 4, at::native::gpu_index_kernel<at::native::index_kernel_impl<at::native::OpaqueType<8> >(at::TensorIteratorBase&, c10::ArrayRef<long>, c10::ArrayRef<long>)::{lambda(char*, char const*, long)#1}>(at::TensorIteratorBase&, c10::ArrayRef<long>, c10::ArrayRef<long>, at::native::index_kernel_impl<at::native::OpaqueType<8> >(at::TensorIteratorBase&, c10::ArrayRef<long>, c10::ArrayRef<long>)::{lambda(char*, char const*, long)#1} const&, bool)::{lambda(int)#1}>(long, at::native::gpu_index_kernel<at::native::index_kernel_impl<at::native::OpaqueType<8> >(at::TensorIteratorBase&, c10::ArrayRef<long>, c10::ArrayRef<long>)::{lambda(char*, char const*, long)#1}>(at::TensorIteratorBase&, c10::ArrayRef<long>, c10::ArrayRef<long>, at::native::index_kernel_impl<at::native::OpaqueType<8> >(at::TensorIteratorBase&, c10::ArrayRef<long>, c10::ArrayRef<long>)::{lambda(char*, char const*, long)#1} const&, bool)::{lambda(int)#1})",4,operator_shape_matched,"[[97971],[]]","[""long int"",""""]",null,2,8.096
null,aten::index,"void at::native::index_elementwise_kernel<128, 4, at::native::gpu_index_kernel<at::native::index_kernel_impl<at::native::OpaqueType<8> >(at::TensorIteratorBase&, c10::ArrayRef<long>, c10::ArrayRef<long>)::{lambda(char*, char const*, long)#1}>(at::TensorIteratorBase&, c10::ArrayRef<long>, c10::ArrayRef<long>, at::native::index_kernel_impl<at::native::OpaqueType<8> >(at::TensorIteratorBase&, c10::ArrayRef<long>, c10::ArrayRef<long>)::{lambda(char*, char const*, long)#1} const&, bool)::{lambda(int)#1}>(long, at::native::gpu_index_kernel<at::native::index_kernel_impl<at::native::OpaqueType<8> >(at::TensorIteratorBase&, c10::ArrayRef<long>, c10::ArrayRef<long>)::{lambda(char*, char const*, long)#1}>(at::TensorIteratorBase&, c10::ArrayRef<long>, c10::ArrayRef<long>, at::native::index_kernel_impl<at::native::OpaqueType<8> >(at::TensorIteratorBase&, c10::ArrayRef<long>, c10::ArrayRef<long>)::{lambda(char*, char const*, long)#1} const&, bool)::{lambda(int)#1})",5,operator_shape_matched,"[[96992],[]]","[""long int"",""""]",null,2,8.032
null,aten::index,"void at::native::index_elementwise_kernel<128, 4, at::native::gpu_index_kernel<at::native::index_kernel_impl<at::native::OpaqueType<8> >(at::TensorIteratorBase&, c10::ArrayRef<long>, c10::ArrayRef<long>)::{lambda(char*, char const*, long)#1}>(at::TensorIteratorBase&, c10::ArrayRef<long>, c10::ArrayRef<long>, at::native::index_kernel_impl<at::native::OpaqueType<8> >(at::TensorIteratorBase&, c10::ArrayRef<long>, c10::ArrayRef<long>)::{lambda(char*, char const*, long)#1} const&, bool)::{lambda(int)#1}>(long, at::native::gpu_index_kernel<at::native::index_kernel_impl<at::native::OpaqueType<8> >(at::TensorIteratorBase&, c10::ArrayRef<long>, c10::ArrayRef<long>)::{lambda(char*, char const*, long)#1}>(at::TensorIteratorBase&, c10::ArrayRef<long>, c10::ArrayRef<long>, at::native::index_kernel_impl<at::native::OpaqueType<8> >(at::TensorIteratorBase&, c10::ArrayRef<long>, c10::ArrayRef<long>)::{lambda(char*, char const*, long)#1} const&, bool)::{lambda(int)#1})",6,operator_shape_matched,"[[56605],[]]","[""long int"",""""]",null,2,7.104
null,aten::index,"void at::native::vectorized_gather_kernel<16, long>(char*, char*, long*, int, long, long, long, long, bool)",1,operator_shape_matched,"[[98970,4096],[]]","[""c10::BFloat16"",""""]",null,6,2341.965
null,aten::index,"void at::native::vectorized_gather_kernel<16, long>(char*, char*, long*, int, long, long, long, long, bool)",2,operator_shape_matched,"[[97971,4096],[]]","[""c10::BFloat16"",""""]",null,6,2295.438
null,aten::index,"void at::native::vectorized_gather_kernel<16, long>(char*, char*, long*, int, long, long, long, long, bool)",3,operator_shape_matched,"[[96992,4096],[]]","[""c10::BFloat16"",""""]",null,6,2270.316
null,aten::index,"void at::native::vectorized_gather_kernel<16, long>(char*, char*, long*, int, long, long, long, long, bool)",4,operator_shape_matched,"[[91618,4096],[]]","[""c10::BFloat16"",""""]",null,6,2126.54
null,aten::index,"void at::native::vectorized_gather_kernel<16, long>(char*, char*, long*, int, long, long, long, long, bool)",5,operator_shape_matched,"[[58939,4096],[]]","[""c10::BFloat16"",""""]",null,6,1395.56
null,aten::index,"void at::native::vectorized_gather_kernel<16, long>(char*, char*, long*, int, long, long, long, long, bool)",6,operator_shape_matched,"[[56605,4096],[]]","[""c10::BFloat16"",""""]",null,6,1334.823
null,aten::index,"void at::native::vectorized_gather_kernel<16, long>(char*, char*, long*, int, long, long, long, long, bool)",7,operator_shape_matched,"[[98970,128],[]]","[""c10::BFloat16"",""""]",null,4,125.505
null,aten::index,"void at::native::vectorized_gather_kernel<16, long>(char*, char*, long*, int, long, long, long, long, bool)",8,operator_shape_matched,"[[97971,128],[]]","[""c10::BFloat16"",""""]",null,4,124.322
null,aten::index,"void at::native::vectorized_gather_kernel<16, long>(char*, char*, long*, int, long, long, long, long, bool)",9,operator_shape_matched,"[[96992,128],[]]","[""c10::BFloat16"",""""]",null,4,123.106
null,aten::index,"void at::native::vectorized_gather_kernel<16, long>(char*, char*, long*, int, long, long, long, long, bool)",10,operator_shape_matched,"[[91618,128],[]]","[""c10::BFloat16"",""""]",null,4,116.608
null,aten::index,"void at::native::vectorized_gather_kernel<16, long>(char*, char*, long*, int, long, long, long, long, bool)",11,operator_shape_matched,"[[58939,128],[]]","[""c10::BFloat16"",""""]",null,4,77.792
null,aten::index,"void at::native::vectorized_gather_kernel<16, long>(char*, char*, long*, int, long, long, long, long, bool)",12,operator_shape_matched,"[[56605,128],[]]","[""c10::BFloat16"",""""]",null,4,74.945
null,aten::linalg_vector_norm,"void at::native::reduce_kernel<512, 1, at::native::ReduceOp<c10::BFloat16, at::native::NormTwoOps<c10::BFloat16, float, c10::BFloat16>, unsigned int, c10::BFloat16, 4, 4> >(at::native::ReduceOp<c10::BFloat16, at::native::NormTwoOps<c10::BFloat16, float, c10::BFloat16>, unsigned int, c10::BFloat16, 4, 4>)",1,operator_shape_matched,"[[405],[],[],[],[]]","[""c10::BFloat16"",""Scalar"","""",""Scalar"",""""]",null,3,7.872
null,aten::lt,"void at::native::vectorized_elementwise_kernel<4, at::native::compare_scalar_kernel<long>(at::TensorIteratorBase&, at::native::(anonymous namespace)::OpType, long)::{lambda(long)#1}, std::array<char*, 2ul> >(int, at::native::compare_scalar_kernel<long>(at::TensorIteratorBase&, at::native::(anonymous namespace)::OpType, long)::{lambda(long)#1}, std::array<char*, 2ul>)",1,operator_shape_matched,"[[98304],[]]","[""long int"",""Scalar""]",null,6,8.705
null,aten::lt,"void at::native::vectorized_elementwise_kernel<4, at::native::compare_scalar_kernel<long>(at::TensorIteratorBase&, at::native::(anonymous namespace)::OpType, long)::{lambda(long)#1}, std::array<char*, 2ul> >(int, at::native::compare_scalar_kernel<long>(at::TensorIteratorBase&, at::native::(anonymous namespace)::OpType, long)::{lambda(long)#1}, std::array<char*, 2ul>)",2,operator_shape_matched,"[[3072],[]]","[""long int"",""Scalar""]",null,6,8.513
null,aten::mean,"void at::native::reduce_kernel<256, 2, at::native::ReduceOp<float, at::native::MeanOps<float, float, float, float>, unsigned int, float, 4, 4> >(at::native::ReduceOp<float, at::native::MeanOps<float, float, float, float>, unsigned int, float, 4, 4>)",1,operator_shape_matched,"[[14,1],[],[],[]]","[""float"",""ScalarList"",""Scalar"",""""]",null,1,3.264
null,aten::mean,"void at::native::reduce_kernel<256, 2, at::native::ReduceOp<float, at::native::MeanOps<float, float, float, float>, unsigned int, float, 4, 4> >(at::native::ReduceOp<float, at::native::MeanOps<float, float, float, float>, unsigned int, float, 4, 4>)",2,operator_shape_matched,"[[6,1],[],[],[]]","[""float"",""ScalarList"",""Scalar"",""""]",null,1,3.169
null,aten::mean,"void at::native::reduce_kernel<512, 1, at::native::ReduceOp<float, at::native::MeanOps<float, float, float, float>, unsigned int, float, 4, 4> >(at::native::ReduceOp<float, at::native::MeanOps<float, float, float, float>, unsigned int, float, 4, 4>)",1,operator_shape_matched,"[[98304,4096],[],[],[]]","[""float"",""ScalarList"",""Scalar"",""""]",null,6,3114.288
null,aten::mean,"void at::native::reduce_kernel<512, 1, at::native::ReduceOp<float, at::native::MeanOps<float, float, float, float>, unsigned int, float, 4, 4> >(at::native::ReduceOp<float, at::native::MeanOps<float, float, float, float>, unsigned int, float, 4, 4>)",2,operator_shape_matched,"[[3072,4096],[],[],[]]","[""float"",""ScalarList"",""Scalar"",""""]",null,6,162.945
null,aten::mean,"void at::native::reduce_kernel<512, 1, at::native::ReduceOp<float, at::native::MeanOps<float, float, float, float>, unsigned int, float, 4, 4> >(at::native::ReduceOp<float, at::native::MeanOps<float, float, float, float>, unsigned int, float, 4, 4>)",3,operator_shape_matched,"[[1,48,25,34,46],[]]","[""float"",""""]",null,8,61.121
null,aten::mean,"void at::native::reduce_kernel<512, 1, at::native::ReduceOp<float, at::native::MeanOps<float, float, float, float>, unsigned int, float, 4, 4> >(at::native::ReduceOp<float, at::native::MeanOps<float, float, float, float>, unsigned int, float, 4, 4>)",4,operator_shape_matched,"[[],[]]","[""float"",""""]",null,23,52.477
null,aten::mean,"void at::native::reduce_kernel<512, 1, at::native::ReduceOp<float, at::native::MeanOps<float, float, float, float>, unsigned int, float, 4, 4> >(at::native::ReduceOp<float, at::native::MeanOps<float, float, float, float>, unsigned int, float, 4, 4>)",5,operator_shape_matched,"[[1,48,150,34,46],[]]","[""float"",""""]",null,2,50.241
null,aten::mean,"void at::native::reduce_kernel<512, 1, at::native::ReduceOp<float, at::native::MeanOps<float, float, float, float>, unsigned int, float, 4, 4> >(at::native::ReduceOp<float, at::native::MeanOps<float, float, float, float>, unsigned int, float, 4, 4>)",6,operator_shape_matched,"[[1,48,144,34,46],[]]","[""float"",""""]",null,2,46.464
null,aten::mean,"void at::native::reduce_kernel<512, 1, at::native::ReduceOp<float, at::native::MeanOps<float, float, float, float>, unsigned int, float, 4, 4> >(at::native::ReduceOp<float, at::native::MeanOps<float, float, float, float>, unsigned int, float, 4, 4>)",7,operator_shape_matched,"[[1,48,109,34,46],[]]","[""float"",""""]",null,2,37.119
null,aten::mean,"void at::native::reduce_kernel<512, 1, at::native::ReduceOp<float, at::native::MeanOps<float, float, float, float>, unsigned int, float, 4, 4> >(at::native::ReduceOp<float, at::native::MeanOps<float, float, float, float>, unsigned int, float, 4, 4>)",8,operator_shape_matched,"[[1,48,15,30,52],[]]","[""float"",""""]",null,4,31.327
null,aten::mean,"void at::native::reduce_kernel<512, 1, at::native::ReduceOp<float, at::native::MeanOps<float, float, float, float>, unsigned int, float, 4, 4> >(at::native::ReduceOp<float, at::native::MeanOps<float, float, float, float>, unsigned int, float, 4, 4>)",9,operator_shape_matched,"[[1,48,13,30,52],[]]","[""float"",""""]",null,4,30.336
null,aten::mean,"void at::native::reduce_kernel<512, 1, at::native::ReduceOp<float, at::native::MeanOps<float, float, float, float>, unsigned int, float, 4, 4> >(at::native::ReduceOp<float, at::native::MeanOps<float, float, float, float>, unsigned int, float, 4, 4>)",10,operator_shape_matched,"[[1,48,11,30,52],[]]","[""float"",""""]",null,4,29.696
null,aten::mean,"void at::native::reduce_kernel<512, 1, at::native::ReduceOp<float, at::native::MeanOps<float, float, float, float>, unsigned int, float, 4, 4> >(at::native::ReduceOp<float, at::native::MeanOps<float, float, float, float>, unsigned int, float, 4, 4>)",11,operator_shape_matched,"[[1,48,73,34,46],[]]","[""float"",""""]",null,2,24.928
null,aten::mean,"void at::native::reduce_kernel<512, 1, at::native::ReduceOp<float, at::native::MeanOps<float, float, float, float>, unsigned int, float, 4, 4> >(at::native::ReduceOp<float, at::native::MeanOps<float, float, float, float>, unsigned int, float, 4, 4>)",12,operator_shape_matched,"[[1,48,79,30,40],[]]","[""float"",""""]",null,2,21.377
null,aten::mean,"void at::native::reduce_kernel<512, 1, at::native::ReduceOp<float, at::native::MeanOps<float, float, float, float>, unsigned int, float, 4, 4> >(at::native::ReduceOp<float, at::native::MeanOps<float, float, float, float>, unsigned int, float, 4, 4>)",13,operator_shape_matched,"[[1,48,61,34,46],[]]","[""float"",""""]",null,2,20.417
null,aten::mean,"void at::native::reduce_kernel<512, 1, at::native::ReduceOp<float, at::native::MeanOps<float, float, float, float>, unsigned int, float, 4, 4> >(at::native::ReduceOp<float, at::native::MeanOps<float, float, float, float>, unsigned int, float, 4, 4>)",14,operator_shape_matched,"[[1,48,63,30,40],[]]","[""float"",""""]",null,2,20.129
null,aten::mean,"void at::native::reduce_kernel<512, 1, at::native::ReduceOp<float, at::native::MeanOps<float, float, float, float>, unsigned int, float, 4, 4> >(at::native::ReduceOp<float, at::native::MeanOps<float, float, float, float>, unsigned int, float, 4, 4>)",15,operator_shape_matched,"[[1,48,35,30,52],[]]","[""float"",""""]",null,2,18.848
null,aten::mean,"void at::native::reduce_kernel<512, 1, at::native::ReduceOp<float, at::native::MeanOps<float, float, float, float>, unsigned int, float, 4, 4> >(at::native::ReduceOp<float, at::native::MeanOps<float, float, float, float>, unsigned int, float, 4, 4>)",16,operator_shape_matched,"[[1,48,52,30,40],[]]","[""float"",""""]",null,2,18.464
null,aten::mean,"void at::native::reduce_kernel<512, 1, at::native::ReduceOp<float, at::native::MeanOps<float, float, float, float>, unsigned int, float, 4, 4> >(at::native::ReduceOp<float, at::native::MeanOps<float, float, float, float>, unsigned int, float, 4, 4>)",17,operator_shape_matched,"[[1,48,52,34,46],[]]","[""float"",""""]",null,2,18.401
null,aten::mean,"void at::native::reduce_kernel<512, 1, at::native::ReduceOp<float, at::native::MeanOps<float, float, float, float>, unsigned int, float, 4, 4> >(at::native::ReduceOp<float, at::native::MeanOps<float, float, float, float>, unsigned int, float, 4, 4>)",18,operator_shape_matched,"[[1,48,50,30,40],[]]","[""float"",""""]",null,2,17.984
null,aten::mean,"void at::native::reduce_kernel<512, 1, at::native::ReduceOp<float, at::native::MeanOps<float, float, float, float>, unsigned int, float, 4, 4> >(at::native::ReduceOp<float, at::native::MeanOps<float, float, float, float>, unsigned int, float, 4, 4>)",19,operator_shape_matched,"[[1,48,44,30,40],[]]","[""float"",""""]",null,2,17.729
null,aten::mean,"void at::native::reduce_kernel<512, 1, at::native::ReduceOp<float, at::native::MeanOps<float, float, float, float>, unsigned int, float, 4, 4> >(at::native::ReduceOp<float, at::native::MeanOps<float, float, float, float>, unsigned int, float, 4, 4>)",20,operator_shape_matched,"[[1,48,29,30,52],[]]","[""float"",""""]",null,2,17.184
null,aten::mean,"void at::native::reduce_kernel<512, 1, at::native::ReduceOp<float, at::native::MeanOps<float, float, float, float>, unsigned int, float, 4, 4> >(at::native::ReduceOp<float, at::native::MeanOps<float, float, float, float>, unsigned int, float, 4, 4>)",21,operator_shape_matched,"[[1,48,37,34,46],[]]","[""float"",""""]",null,2,16.64
null,aten::mean,"void at::native::reduce_kernel<512, 1, at::native::ReduceOp<float, at::native::MeanOps<float, float, float, float>, unsigned int, float, 4, 4> >(at::native::ReduceOp<float, at::native::MeanOps<float, float, float, float>, unsigned int, float, 4, 4>)",22,operator_shape_matched,"[[1,48,38,30,40],[]]","[""float"",""""]",null,2,16.384
null,aten::mean,"void at::native::reduce_kernel<512, 1, at::native::ReduceOp<float, at::native::MeanOps<float, float, float, float>, unsigned int, float, 4, 4> >(at::native::ReduceOp<float, at::native::MeanOps<float, float, float, float>, unsigned int, float, 4, 4>)",23,operator_shape_matched,"[[1,48,22,30,52],[]]","[""float"",""""]",null,2,16.352
null,aten::mean,"void at::native::reduce_kernel<512, 1, at::native::ReduceOp<float, at::native::MeanOps<float, float, float, float>, unsigned int, float, 4, 4> >(at::native::ReduceOp<float, at::native::MeanOps<float, float, float, float>, unsigned int, float, 4, 4>)",24,operator_shape_matched,"[[1,48,19,30,52],[]]","[""float"",""""]",null,2,16.288
null,aten::mean,"void at::native::reduce_kernel<512, 1, at::native::ReduceOp<float, at::native::MeanOps<float, float, float, float>, unsigned int, float, 4, 4> >(at::native::ReduceOp<float, at::native::MeanOps<float, float, float, float>, unsigned int, float, 4, 4>)",25,operator_shape_matched,"[[1,48,17,30,52],[]]","[""float"",""""]",null,2,16
null,aten::mean,"void at::native::reduce_kernel<512, 1, at::native::ReduceOp<float, at::native::MeanOps<float, float, float, float>, unsigned int, float, 4, 4> >(at::native::ReduceOp<float, at::native::MeanOps<float, float, float, float>, unsigned int, float, 4, 4>)",26,operator_shape_matched,"[[1,48,31,34,46],[]]","[""float"",""""]",null,2,15.969
null,aten::mean,"void at::native::reduce_kernel<512, 1, at::native::ReduceOp<float, at::native::MeanOps<float, float, float, float>, unsigned int, float, 4, 4> >(at::native::ReduceOp<float, at::native::MeanOps<float, float, float, float>, unsigned int, float, 4, 4>)",27,operator_shape_matched,"[[1,48,16,30,52],[]]","[""float"",""""]",null,2,15.584
null,aten::mean,"void at::native::reduce_kernel<512, 1, at::native::ReduceOp<float, at::native::MeanOps<float, float, float, float>, unsigned int, float, 4, 4> >(at::native::ReduceOp<float, at::native::MeanOps<float, float, float, float>, unsigned int, float, 4, 4>)",28,operator_shape_matched,"[[1,48,12,30,52],[]]","[""float"",""""]",null,2,15.073
null,aten::mean,"void at::native::reduce_kernel<512, 1, at::native::ReduceOp<float, at::native::MeanOps<float, float, float, float>, unsigned int, float, 4, 4> >(at::native::ReduceOp<float, at::native::MeanOps<float, float, float, float>, unsigned int, float, 4, 4>)",29,operator_shape_matched,"[[1,48,14,30,52],[]]","[""float"",""""]",null,2,14.592
null,aten::mean,"void at::native::reduce_kernel<512, 1, at::native::ReduceOp<float, at::native::MeanOps<float, float, float, float>, unsigned int, float, 4, 4> >(at::native::ReduceOp<float, at::native::MeanOps<float, float, float, float>, unsigned int, float, 4, 4>)",30,operator_shape_matched,"[[1,48,16,34,46],[]]","[""float"",""""]",null,2,14.207
null,aten::mean,"void at::native::reduce_kernel<512, 1, at::native::ReduceOp<float, at::native::MeanOps<float, float, float, float>, unsigned int, float, 4, 4> >(at::native::ReduceOp<float, at::native::MeanOps<float, float, float, float>, unsigned int, float, 4, 4>)",31,operator_shape_matched,"[[1],[]]","[""float"",""""]",null,2,4.576
null,aten::mean,"void at::native::reduce_kernel<512, 1, at::native::ReduceOp<float, at::native::MeanOps<float, float, float, float>, unsigned int, float, 4, 4> >(at::native::ReduceOp<float, at::native::MeanOps<float, float, float, float>, unsigned int, float, 4, 4>)",32,operator_shape_matched,"[[14],[]]","[""float"",""""]",null,1,2.976
null,aten::mean,"void at::native::reduce_kernel<512, 1, at::native::ReduceOp<float, at::native::MeanOps<float, float, float, float>, unsigned int, float, 4, 4> >(at::native::ReduceOp<float, at::native::MeanOps<float, float, float, float>, unsigned int, float, 4, 4>)",33,operator_shape_matched,"[[6],[]]","[""float"",""""]",null,1,2.528
null,aten::mean,"void at::native::reduce_kernel<512, 1, at::native::ReduceOp<float, at::native::MeanOps<float, float, float, float>, unsigned int, float, 4, 4> >(at::native::ReduceOp<float, at::native::MeanOps<float, float, float, float>, unsigned int, float, 4, 4>)",34,operator_shape_matched,"[[7,1],[],[],[]]","[""float"",""ScalarList"",""Scalar"",""""]",null,1,2.464
null,aten::mean,"void at::native::reduce_kernel<512, 1, at::native::ReduceOp<float, at::native::MeanOps<float, float, float, float>, unsigned int, float, 4, 4> >(at::native::ReduceOp<float, at::native::MeanOps<float, float, float, float>, unsigned int, float, 4, 4>)",35,operator_shape_matched,"[[4],[]]","[""float"",""""]",null,1,2.432
null,aten::mean,"void at::native::reduce_kernel<512, 1, at::native::ReduceOp<float, at::native::MeanOps<float, float, float, float>, unsigned int, float, 4, 4> >(at::native::ReduceOp<float, at::native::MeanOps<float, float, float, float>, unsigned int, float, 4, 4>)",36,operator_shape_matched,"[[7],[]]","[""float"",""""]",null,1,2.273
null,aten::mm,nvjet_sm90_tst_128x192_64x5_2x1_v_bz_coopB_TNN,1,operator_shape_matched,"[[3072,4096],[4096,1024],[3072,1024]]","[""c10::BFloat16"",""c10::BFloat16"",""c10::BFloat16""]",null,864,52950.694
null,aten::mm,nvjet_sm90_tst_128x192_64x5_2x1_v_bz_coopB_splitK_NTN,1,operator_shape_matched,"[[192,90321],[90321,4096]]","[""c10::BFloat16"",""c10::BFloat16""]",null,1,498.915
null,aten::mm,nvjet_sm90_tst_128x192_64x5_2x1_v_bz_coopB_splitK_NTN,2,operator_shape_matched,"[[192,90870],[90870,4096]]","[""c10::BFloat16"",""c10::BFloat16""]",null,1,437.762
null,aten::mm,nvjet_sm90_tst_128x192_64x5_2x1_v_bz_coopB_splitK_NTN,3,operator_shape_matched,"[[192,96000],[96000,4096]]","[""c10::BFloat16"",""c10::BFloat16""]",null,1,429.506
null,aten::mm,nvjet_sm90_tst_128x192_64x5_2x1_v_bz_coopB_splitK_NTN,4,operator_shape_matched,"[[192,94622],[94622,4096]]","[""c10::BFloat16"",""c10::BFloat16""]",null,1,425.219
null,aten::mm,nvjet_sm90_tst_128x192_64x5_2x1_v_bz_coopB_splitK_NTN,5,operator_shape_matched,"[[192,58259],[58259,4096]]","[""c10::BFloat16"",""c10::BFloat16""]",null,1,261.794
null,aten::mm,nvjet_sm90_tst_128x192_64x5_2x1_v_bz_coopB_splitK_NTN,6,operator_shape_matched,"[[192,55913],[55913,4096]]","[""c10::BFloat16"",""c10::BFloat16""]",null,1,248.257
null,aten::mm,nvjet_sm90_tst_192x128_64x5_1x2_h_bz_coopB_splitK_NTT,1,operator_shape_matched,"[[4096,97800],[97800,192]]","[""c10::BFloat16"",""c10::BFloat16""]",null,1,396.355
null,aten::mm,nvjet_sm90_tst_192x128_64x5_1x2_h_bz_coopB_splitK_NTT,2,operator_shape_matched,"[[4096,96577],[96577,192]]","[""c10::BFloat16"",""c10::BFloat16""]",null,1,392.962
null,aten::mm,nvjet_sm90_tst_192x128_64x5_1x2_h_bz_coopB_splitK_NTT,3,operator_shape_matched,"[[4096,94380],[94380,192]]","[""c10::BFloat16"",""c10::BFloat16""]",null,1,381.986
null,aten::mm,nvjet_sm90_tst_192x128_64x5_1x2_h_bz_coopB_splitK_NTT,4,operator_shape_matched,"[[4096,90712],[90712,192]]","[""c10::BFloat16"",""c10::BFloat16""]",null,1,258.497
null,aten::mm,nvjet_sm90_tst_192x128_64x5_1x2_h_bz_coopB_splitK_NTT,5,operator_shape_matched,"[[4096,58650],[58650,192]]","[""c10::BFloat16"",""c10::BFloat16""]",null,1,249.633
null,aten::mm,nvjet_sm90_tst_192x128_64x5_1x2_h_bz_coopB_splitK_NTT,6,operator_shape_matched,"[[4096,56304],[56304,192]]","[""c10::BFloat16"",""c10::BFloat16""]",null,1,237.409
null,aten::mm,nvjet_sm90_tst_192x192_64x3_2x1_v_bz_coopB_NNN,1,operator_shape_matched,"[[98304,4096],[4096,12288],[98304,12288]]","[""c10::BFloat16"",""c10::BFloat16"",""c10::BFloat16""]",null,216,3081581.221
null,aten::mm,nvjet_sm90_tst_192x192_64x3_2x1_v_bz_coopB_NNN,2,operator_shape_matched,"[[3072,4096],[4096,12288],[3072,12288]]","[""c10::BFloat16"",""c10::BFloat16"",""c10::BFloat16""]",null,216,109830.011
null,aten::mm,nvjet_sm90_tst_192x192_64x3_2x1_v_bz_coopB_NTN,1,operator_shape_matched,"[[12288,98304],[98304,4096],[12288,4096]]","[""c10::BFloat16"",""c10::BFloat16"",""c10::BFloat16""]",null,432,6532852.146
null,aten::mm,nvjet_sm90_tst_192x192_64x3_2x1_v_bz_coopB_NTN,2,operator_shape_matched,"[[4096,98304],[98304,12288],[4096,12288]]","[""c10::BFloat16"",""c10::BFloat16"",""c10::BFloat16""]",null,216,3269141.039
null,aten::mm,nvjet_sm90_tst_192x192_64x4_2x1_v_bz_coopB_TNN,1,operator_shape_matched,"[[98304,4096],[4096,12288],[98304,12288]]","[""c10::BFloat16"",""c10::BFloat16"",""c10::BFloat16""]",null,864,11640175.81
null,aten::mm,nvjet_sm90_tst_192x192_64x4_2x1_v_bz_coopB_TNN,2,operator_shape_matched,"[[3072,4096],[4096,12288],[3072,12288]]","[""c10::BFloat16"",""c10::BFloat16"",""c10::BFloat16""]",null,864,467923.359
null,aten::mm,nvjet_sm90_tst_256x128_64x4_1x2_h_bz_coopA_NNT,1,operator_shape_matched,"[[3072,12288],[12288,4096],[3072,4096]]","[""c10::BFloat16"",""c10::BFloat16"",""c10::BFloat16""]",null,432,235669.738
null,aten::mm,nvjet_sm90_tst_256x128_64x4_1x2_h_bz_coopA_NNT,2,operator_shape_matched,"[[3072,4096],[4096,4096],[3072,4096]]","[""c10::BFloat16"",""c10::BFloat16"",""c10::BFloat16""]",null,432,67368.075
null,aten::mm,nvjet_sm90_tst_256x128_64x4_1x2_h_bz_coopA_NNT,3,operator_shape_matched,"[[3072,1024],[1024,4096],[3072,4096]]","[""c10::BFloat16"",""c10::BFloat16"",""c10::BFloat16""]",null,432,20062.723
null,aten::mm,nvjet_sm90_tst_256x128_64x4_1x2_h_bz_coopA_NNT,4,operator_shape_matched,"[[96000,192],[192,4096]]","[""c10::BFloat16"",""c10::BFloat16""]",null,1,399.65
null,aten::mm,nvjet_sm90_tst_256x128_64x4_1x2_h_bz_coopA_NTT,1,operator_shape_matched,"[[4096,98304],[98304,4096],[4096,4096]]","[""c10::BFloat16"",""c10::BFloat16"",""c10::BFloat16""]",null,432,1970431.956
null,aten::mm,nvjet_sm90_tst_256x128_64x4_1x2_h_bz_coopA_NTT,2,operator_shape_matched,"[[1024,98304],[98304,4096],[1024,4096]]","[""c10::BFloat16"",""c10::BFloat16"",""c10::BFloat16""]",null,432,553292.38
null,aten::mm,nvjet_sm90_tst_256x128_64x4_1x2_h_bz_coopA_TNT,1,operator_shape_matched,"[[98304,4096],[4096,1024],[98304,1024]]","[""c10::BFloat16"",""c10::BFloat16"",""c10::BFloat16""]",null,864,1129160.753
null,aten::mm,nvjet_sm90_tst_256x128_64x4_1x2_h_bz_coopA_TNT,2,operator_shape_matched,"[[3072,4096],[4096,4096],[3072,4096]]","[""c10::BFloat16"",""c10::BFloat16"",""c10::BFloat16""]",null,864,175628.935
null,aten::mm,nvjet_sm90_tst_256x128_64x4_1x2_h_bz_coopA_TNT,3,operator_shape_matched,"[[3072,12288],[12288,4096],[3072,4096]]","[""c10::BFloat16"",""c10::BFloat16"",""c10::BFloat16""]",null,216,145863.069
null,aten::mm,nvjet_sm90_tst_256x152_64x4_1x2_h_bz_coopA_NNT,1,operator_shape_matched,"[[58259,192],[192,4096]]","[""c10::BFloat16"",""c10::BFloat16""]",null,1,239.649
null,aten::mm,nvjet_sm90_tst_256x152_64x4_1x2_h_bz_coopA_NNT,2,operator_shape_matched,"[[55913,192],[192,4096]]","[""c10::BFloat16"",""c10::BFloat16""]",null,1,227.298
null,aten::mm,nvjet_sm90_tst_256x160_64x4_1x2_h_bz_coopA_NNT,1,operator_shape_matched,"[[90321,192],[192,4096]]","[""c10::BFloat16"",""c10::BFloat16""]",null,1,440.323
null,aten::mm,nvjet_sm90_tst_256x160_64x4_1x2_h_bz_coopA_NNT,2,operator_shape_matched,"[[90870,192],[192,4096]]","[""c10::BFloat16"",""c10::BFloat16""]",null,1,406.179
null,aten::mm,nvjet_sm90_tst_256x160_64x4_1x2_h_bz_coopA_NNT,3,operator_shape_matched,"[[94622,192],[192,4096]]","[""c10::BFloat16"",""c10::BFloat16""]",null,1,382.562
null,aten::mm,nvjet_sm90_tst_320x128_64x3_1x2_h_bz_coopB_NNT,1,operator_shape_matched,"[[98304,12288],[12288,4096],[98304,4096]]","[""c10::BFloat16"",""c10::BFloat16"",""c10::BFloat16""]",null,432,6303082.387
null,aten::mm,nvjet_sm90_tst_320x128_64x3_1x2_h_bz_coopB_NNT,2,operator_shape_matched,"[[98304,4096],[4096,4096],[98304,4096]]","[""c10::BFloat16"",""c10::BFloat16"",""c10::BFloat16""]",null,432,2052049.269
null,aten::mm,nvjet_sm90_tst_320x128_64x3_1x2_h_bz_coopB_NNT,3,operator_shape_matched,"[[98304,1024],[1024,4096],[98304,4096]]","[""c10::BFloat16"",""c10::BFloat16"",""c10::BFloat16""]",null,432,534312.238
null,aten::mm,nvjet_sm90_tst_320x128_64x3_1x2_h_bz_coopB_TNT,1,operator_shape_matched,"[[98304,4096],[4096,4096],[98304,4096]]","[""c10::BFloat16"",""c10::BFloat16"",""c10::BFloat16""]",null,864,4268480.571
null,aten::mm,nvjet_sm90_tst_320x128_64x3_1x2_h_bz_coopB_TNT,2,operator_shape_matched,"[[98304,12288],[12288,4096],[98304,4096]]","[""c10::BFloat16"",""c10::BFloat16"",""c10::BFloat16""]",null,216,3016697.306
null,aten::mm,sm80_xmma_gemm_f32f32_f32f32_f32_nn_n_tilesize256x128x8_stage3_warpsize4x2x1_ffma_aligna4_alignc4_execute_kernel__5x_cublas,1,operator_shape_matched,"[[96000,4096],[4096,4096]]","[""float"",""float""]",null,1,89639.882
null,aten::mm,sm80_xmma_gemm_f32f32_f32f32_f32_nn_n_tilesize256x128x8_stage3_warpsize4x2x1_ffma_aligna4_alignc4_execute_kernel__5x_cublas,2,operator_shape_matched,"[[94622,4096],[4096,4096]]","[""float"",""float""]",null,1,81519.739
null,aten::mm,sm80_xmma_gemm_f32f32_f32f32_f32_nn_n_tilesize256x128x8_stage3_warpsize4x2x1_ffma_aligna4_alignc4_execute_kernel__5x_cublas,3,operator_shape_matched,"[[90870,4096],[4096,4096]]","[""float"",""float""]",null,1,80109.074
null,aten::mm,sm80_xmma_gemm_f32f32_f32f32_f32_nn_n_tilesize256x128x8_stage3_warpsize4x2x1_ffma_aligna4_alignc4_execute_kernel__5x_cublas,4,operator_shape_matched,"[[90321,4096],[4096,4096]]","[""float"",""float""]",null,1,68874.581
null,aten::mm,"std::enable_if<!(false), void>::type internal::gemvx::kernel<int, int, float, float, float, float, false, true, false, false, 9, false, cublasGemvParamsEx<int, cublasGemvTensorStridedBatched<float const>, cublasGemvTensorStridedBatched<float const>, cublasGemvTensorStridedBatched<float>, float> >(cublasGemvParamsEx<int, cublasGemvTensorStridedBatched<float const>, cublasGemvTensorStridedBatched<float const>, cublasGemvTensorStridedBatched<float>, float>)",1,operator_shape_matched,"[[1,4096],[4096,4096]]","[""float"",""float""]",null,2,57.824
null,aten::mm,"void cublasLt::splitKreduce_kernel<32, 16, int, float, __nv_bfloat16, float, __nv_bfloat16, false, float, __nv_bfloat16, __nv_bfloat16, true, false, false, false>(cublasLt::cublasSplitKParams<float>, float const*, __nv_bfloat16 const*, float*, __nv_bfloat16*, float const*, float const*, __nv_bfloat16 const*, float const*, __nv_bfloat16*, void*, long, float*, int*, float*, float*, float const*, float const*, float const*, float const*, float const*)",1,operator_shape_matched,"[[192,90321],[90321,4096]]","[""c10::BFloat16"",""c10::BFloat16""]",null,1,13.696
null,aten::mm,"void cublasLt::splitKreduce_kernel<32, 16, int, float, __nv_bfloat16, float, __nv_bfloat16, false, float, __nv_bfloat16, __nv_bfloat16, true, false, false, false>(cublasLt::cublasSplitKParams<float>, float const*, __nv_bfloat16 const*, float*, __nv_bfloat16*, float const*, float const*, __nv_bfloat16 const*, float const*, __nv_bfloat16*, void*, long, float*, int*, float*, float*, float const*, float const*, float const*, float const*, float const*)",2,operator_shape_matched,"[[192,94622],[94622,4096]]","[""c10::BFloat16"",""c10::BFloat16""]",null,1,10.4
null,aten::mm,"void cublasLt::splitKreduce_kernel<32, 16, int, float, __nv_bfloat16, float, __nv_bfloat16, false, float, __nv_bfloat16, __nv_bfloat16, true, false, false, false>(cublasLt::cublasSplitKParams<float>, float const*, __nv_bfloat16 const*, float*, __nv_bfloat16*, float const*, float const*, __nv_bfloat16 const*, float const*, __nv_bfloat16*, void*, long, float*, int*, float*, float*, float const*, float const*, float const*, float const*, float const*)",3,operator_shape_matched,"[[192,90870],[90870,4096]]","[""c10::BFloat16"",""c10::BFloat16""]",null,1,8.48
null,aten::mm,"void cublasLt::splitKreduce_kernel<32, 16, int, float, __nv_bfloat16, float, __nv_bfloat16, false, float, __nv_bfloat16, __nv_bfloat16, true, false, false, false>(cublasLt::cublasSplitKParams<float>, float const*, __nv_bfloat16 const*, float*, __nv_bfloat16*, float const*, float const*, __nv_bfloat16 const*, float const*, __nv_bfloat16*, void*, long, float*, int*, float*, float*, float const*, float const*, float const*, float const*, float const*)",4,operator_shape_matched,"[[192,96000],[96000,4096]]","[""c10::BFloat16"",""c10::BFloat16""]",null,1,7.936
null,aten::mm,"void cublasLt::splitKreduce_kernel<32, 16, int, float, __nv_bfloat16, float, __nv_bfloat16, false, float, __nv_bfloat16, __nv_bfloat16, true, false, false, false>(cublasLt::cublasSplitKParams<float>, float const*, __nv_bfloat16 const*, float*, __nv_bfloat16*, float const*, float const*, __nv_bfloat16 const*, float const*, __nv_bfloat16*, void*, long, float*, int*, float*, float*, float const*, float const*, float const*, float const*, float const*)",5,operator_shape_matched,"[[192,55913],[55913,4096]]","[""c10::BFloat16"",""c10::BFloat16""]",null,1,7.616
null,aten::mm,"void cublasLt::splitKreduce_kernel<32, 16, int, float, __nv_bfloat16, float, __nv_bfloat16, false, float, __nv_bfloat16, __nv_bfloat16, true, false, false, false>(cublasLt::cublasSplitKParams<float>, float const*, __nv_bfloat16 const*, float*, __nv_bfloat16*, float const*, float const*, __nv_bfloat16 const*, float const*, __nv_bfloat16*, void*, long, float*, int*, float*, float*, float const*, float const*, float const*, float const*, float const*)",6,operator_shape_matched,"[[192,58259],[58259,4096]]","[""c10::BFloat16"",""c10::BFloat16""]",null,1,7.553
null,aten::mm,"void cublasLt::splitKreduce_kernel<32, 16, int, float, __nv_bfloat16, float, __nv_bfloat16, false, float, __nv_bfloat16, __nv_bfloat16, true, false, false, false>(cublasLt::cublasSplitKParams<float>, float const*, __nv_bfloat16 const*, float*, __nv_bfloat16*, float const*, float const*, __nv_bfloat16 const*, float const*, __nv_bfloat16*, void*, long, float*, int*, float*, float*, float const*, float const*, float const*, float const*, float const*)",7,operator_shape_matched,"[[4096,94380],[94380,192]]","[""c10::BFloat16"",""c10::BFloat16""]",null,1,7.456
null,aten::mm,"void cublasLt::splitKreduce_kernel<32, 16, int, float, __nv_bfloat16, float, __nv_bfloat16, false, float, __nv_bfloat16, __nv_bfloat16, true, false, false, false>(cublasLt::cublasSplitKParams<float>, float const*, __nv_bfloat16 const*, float*, __nv_bfloat16*, float const*, float const*, __nv_bfloat16 const*, float const*, __nv_bfloat16*, void*, long, float*, int*, float*, float*, float const*, float const*, float const*, float const*, float const*)",8,operator_shape_matched,"[[4096,97800],[97800,192]]","[""c10::BFloat16"",""c10::BFloat16""]",null,1,7.456
null,aten::mm,"void cublasLt::splitKreduce_kernel<32, 16, int, float, __nv_bfloat16, float, __nv_bfloat16, false, float, __nv_bfloat16, __nv_bfloat16, true, false, false, false>(cublasLt::cublasSplitKParams<float>, float const*, __nv_bfloat16 const*, float*, __nv_bfloat16*, float const*, float const*, __nv_bfloat16 const*, float const*, __nv_bfloat16*, void*, long, float*, int*, float*, float*, float const*, float const*, float const*, float const*, float const*)",9,operator_shape_matched,"[[4096,58650],[58650,192]]","[""c10::BFloat16"",""c10::BFloat16""]",null,1,7.424
null,aten::mm,"void cublasLt::splitKreduce_kernel<32, 16, int, float, __nv_bfloat16, float, __nv_bfloat16, false, float, __nv_bfloat16, __nv_bfloat16, true, false, false, false>(cublasLt::cublasSplitKParams<float>, float const*, __nv_bfloat16 const*, float*, __nv_bfloat16*, float const*, float const*, __nv_bfloat16 const*, float const*, __nv_bfloat16*, void*, long, float*, int*, float*, float*, float const*, float const*, float const*, float const*, float const*)",10,operator_shape_matched,"[[4096,56304],[56304,192]]","[""c10::BFloat16"",""c10::BFloat16""]",null,1,7.392
null,aten::mm,"void cublasLt::splitKreduce_kernel<32, 16, int, float, __nv_bfloat16, float, __nv_bfloat16, false, float, __nv_bfloat16, __nv_bfloat16, true, false, false, false>(cublasLt::cublasSplitKParams<float>, float const*, __nv_bfloat16 const*, float*, __nv_bfloat16*, float const*, float const*, __nv_bfloat16 const*, float const*, __nv_bfloat16*, void*, long, float*, int*, float*, float*, float const*, float const*, float const*, float const*, float const*)",11,operator_shape_matched,"[[4096,96577],[96577,192]]","[""c10::BFloat16"",""c10::BFloat16""]",null,1,7.36
null,aten::mm,"void cublasLt::splitKreduce_kernel<32, 16, int, float, __nv_bfloat16, float, __nv_bfloat16, false, float, __nv_bfloat16, __nv_bfloat16, true, false, false, false>(cublasLt::cublasSplitKParams<float>, float const*, __nv_bfloat16 const*, float*, __nv_bfloat16*, float const*, float const*, __nv_bfloat16 const*, float const*, __nv_bfloat16*, void*, long, float*, int*, float*, float*, float const*, float const*, float const*, float const*, float const*)",12,operator_shape_matched,"[[4096,90712],[90712,192]]","[""c10::BFloat16"",""c10::BFloat16""]",null,1,4.832
null,aten::mm,"void cublasLt::splitKreduce_kernel<32, 16, int, float, float, float, float, false, float, float, float, true, false, false, false>(cublasLt::cublasSplitKParams<float>, float const*, float const*, float*, float*, float const*, float const*, float const*, float const*, float*, void*, long, float*, int*, float*, float*, float const*, float const*, float const*, float const*, float const*)",1,operator_shape_matched,"[[4096,96000],[96000,256]]","[""float"",""float""]",null,1,13.664
null,aten::mm,"void cublasLt::splitKreduce_kernel<32, 16, int, float, float, float, float, false, float, float, float, true, false, false, false>(cublasLt::cublasSplitKParams<float>, float const*, float const*, float*, float*, float const*, float const*, float const*, float const*, float*, void*, long, float*, int*, float*, float*, float const*, float const*, float const*, float const*, float const*)",2,operator_shape_matched,"[[4096,90870],[90870,256]]","[""float"",""float""]",null,1,13.536
null,aten::mm,"void cublasLt::splitKreduce_kernel<32, 16, int, float, float, float, float, false, float, float, float, true, false, false, false>(cublasLt::cublasSplitKParams<float>, float const*, float const*, float*, float*, float const*, float const*, float const*, float const*, float*, void*, long, float*, int*, float*, float*, float const*, float const*, float const*, float const*, float const*)",3,operator_shape_matched,"[[4096,94622],[94622,256]]","[""float"",""float""]",null,1,13.44
null,aten::mm,"void cublasLt::splitKreduce_kernel<32, 16, int, float, float, float, float, false, float, float, float, true, false, false, false>(cublasLt::cublasSplitKParams<float>, float const*, float const*, float*, float*, float const*, float const*, float const*, float const*, float*, void*, long, float*, int*, float*, float*, float const*, float const*, float const*, float const*, float const*)",4,operator_shape_matched,"[[4096,90321],[90321,256]]","[""float"",""float""]",null,1,10.048
null,aten::mm,void cutlass::Kernel2<cutlass_80_simt_sgemm_128x256_8x4_nt_align1>(cutlass_80_simt_sgemm_128x256_8x4_nt_align1::Params),1,operator_shape_matched,"[[4096,96000],[96000,4096]]","[""float"",""float""]",null,1,82536.771
null,aten::mm,void cutlass::Kernel2<cutlass_80_simt_sgemm_128x256_8x4_nt_align1>(cutlass_80_simt_sgemm_128x256_8x4_nt_align1::Params),2,operator_shape_matched,"[[4096,94622],[94622,4096]]","[""float"",""float""]",null,1,81225.85
null,aten::mm,void cutlass::Kernel2<cutlass_80_simt_sgemm_128x256_8x4_nt_align1>(cutlass_80_simt_sgemm_128x256_8x4_nt_align1::Params),3,operator_shape_matched,"[[4096,90870],[90870,4096]]","[""float"",""float""]",null,1,77968.582
null,aten::mm,void cutlass::Kernel2<cutlass_80_simt_sgemm_128x256_8x4_nt_align1>(cutlass_80_simt_sgemm_128x256_8x4_nt_align1::Params),4,operator_shape_matched,"[[4096,90321],[90321,4096]]","[""float"",""float""]",null,1,62283.505
null,aten::mm,void cutlass::Kernel2<cutlass_80_simt_sgemm_128x256_8x4_nt_align1>(cutlass_80_simt_sgemm_128x256_8x4_nt_align1::Params),5,operator_shape_matched,"[[4096,96000],[96000,256]]","[""float"",""float""]",null,1,6184.514
null,aten::mm,void cutlass::Kernel2<cutlass_80_simt_sgemm_128x256_8x4_nt_align1>(cutlass_80_simt_sgemm_128x256_8x4_nt_align1::Params),6,operator_shape_matched,"[[4096,94622],[94622,256]]","[""float"",""float""]",null,1,6099.041
null,aten::mm,void cutlass::Kernel2<cutlass_80_simt_sgemm_128x256_8x4_nt_align1>(cutlass_80_simt_sgemm_128x256_8x4_nt_align1::Params),7,operator_shape_matched,"[[4096,90870],[90870,256]]","[""float"",""float""]",null,1,5858.048
null,aten::mm,void cutlass::Kernel2<cutlass_80_simt_sgemm_128x256_8x4_nt_align1>(cutlass_80_simt_sgemm_128x256_8x4_nt_align1::Params),8,operator_shape_matched,"[[4096,90321],[90321,256]]","[""float"",""float""]",null,1,3884.885
null,aten::mm,void cutlass::Kernel2<cutlass_80_simt_sgemm_128x32_8x5_nn_align1>(cutlass_80_simt_sgemm_128x32_8x5_nn_align1::Params),1,operator_shape_matched,"[[4096,1],[1,4096]]","[""float"",""float""]",null,2,71.617
null,aten::mm,void cutlass::Kernel2<cutlass_80_simt_sgemm_128x32_8x5_nn_align1>(cutlass_80_simt_sgemm_128x32_8x5_nn_align1::Params),2,operator_shape_matched,"[[4096,1],[1,256]]","[""float"",""float""]",null,2,9.216
null,aten::mul,"void at::native::elementwise_kernel<128, 2, at::native::gpu_kernel_impl_nocast<at::native::BinaryFunctor<float, float, float, at::native::binary_internal::MulFunctor<float> > >(at::TensorIteratorBase&, at::native::BinaryFunctor<float, float, float, at::native::binary_internal::MulFunctor<float> > const&)::{lambda(int)#1}>(int, at::native::gpu_kernel_impl_nocast<at::native::BinaryFunctor<float, float, float, at::native::binary_internal::MulFunctor<float> > >(at::TensorIteratorBase&, at::native::BinaryFunctor<float, float, float, at::native::binary_internal::MulFunctor<float> > const&)::{lambda(int)#1})",1,operator_shape_matched,"[[98304,4096],[98304,1]]","[""float"",""float""]",null,12,18641.797
null,aten::mul,"void at::native::elementwise_kernel<128, 2, at::native::gpu_kernel_impl_nocast<at::native::BinaryFunctor<float, float, float, at::native::binary_internal::MulFunctor<float> > >(at::TensorIteratorBase&, at::native::BinaryFunctor<float, float, float, at::native::binary_internal::MulFunctor<float> > const&)::{lambda(int)#1}>(int, at::native::gpu_kernel_impl_nocast<at::native::BinaryFunctor<float, float, float, at::native::binary_internal::MulFunctor<float> > >(at::TensorIteratorBase&, at::native::BinaryFunctor<float, float, float, at::native::binary_internal::MulFunctor<float> > const&)::{lambda(int)#1})",2,operator_shape_matched,"[[3072,4096],[3072,1]]","[""float"",""float""]",null,12,600.932
null,aten::mul,"void at::native::elementwise_kernel<128, 2, at::native::gpu_kernel_impl_nocast<at::native::BinaryFunctor<float, float, float, at::native::binary_internal::MulFunctor<float> > >(at::TensorIteratorBase&, at::native::BinaryFunctor<float, float, float, at::native::binary_internal::MulFunctor<float> > const&)::{lambda(int)#1}>(int, at::native::gpu_kernel_impl_nocast<at::native::BinaryFunctor<float, float, float, at::native::binary_internal::MulFunctor<float> > >(at::TensorIteratorBase&, at::native::BinaryFunctor<float, float, float, at::native::binary_internal::MulFunctor<float> > const&)::{lambda(int)#1})",3,operator_shape_matched,"[[1,48,150,34,46],[150,1,1]]","[""float"",""float""]",null,5,217.089
null,aten::mul,"void at::native::elementwise_kernel<128, 2, at::native::gpu_kernel_impl_nocast<at::native::BinaryFunctor<float, float, float, at::native::binary_internal::MulFunctor<float> > >(at::TensorIteratorBase&, at::native::BinaryFunctor<float, float, float, at::native::binary_internal::MulFunctor<float> > const&)::{lambda(int)#1}>(int, at::native::gpu_kernel_impl_nocast<at::native::BinaryFunctor<float, float, float, at::native::binary_internal::MulFunctor<float> > >(at::TensorIteratorBase&, at::native::BinaryFunctor<float, float, float, at::native::binary_internal::MulFunctor<float> > const&)::{lambda(int)#1})",4,operator_shape_matched,"[[1,48,144,34,46],[144,1,1]]","[""float"",""float""]",null,5,207.139
null,aten::mul,"void at::native::elementwise_kernel<128, 2, at::native::gpu_kernel_impl_nocast<at::native::BinaryFunctor<float, float, float, at::native::binary_internal::MulFunctor<float> > >(at::TensorIteratorBase&, at::native::BinaryFunctor<float, float, float, at::native::binary_internal::MulFunctor<float> > const&)::{lambda(int)#1}>(int, at::native::gpu_kernel_impl_nocast<at::native::BinaryFunctor<float, float, float, at::native::binary_internal::MulFunctor<float> > >(at::TensorIteratorBase&, at::native::BinaryFunctor<float, float, float, at::native::binary_internal::MulFunctor<float> > const&)::{lambda(int)#1})",5,operator_shape_matched,"[[1,48,25,34,46],[25,1,1]]","[""float"",""float""]",null,20,169.926
null,aten::mul,"void at::native::elementwise_kernel<128, 2, at::native::gpu_kernel_impl_nocast<at::native::BinaryFunctor<float, float, float, at::native::binary_internal::MulFunctor<float> > >(at::TensorIteratorBase&, at::native::BinaryFunctor<float, float, float, at::native::binary_internal::MulFunctor<float> > const&)::{lambda(int)#1}>(int, at::native::gpu_kernel_impl_nocast<at::native::BinaryFunctor<float, float, float, at::native::binary_internal::MulFunctor<float> > >(at::TensorIteratorBase&, at::native::BinaryFunctor<float, float, float, at::native::binary_internal::MulFunctor<float> > const&)::{lambda(int)#1})",6,operator_shape_matched,"[[1,48,109,34,46],[109,1,1]]","[""float"",""float""]",null,5,168.225
null,aten::mul,"void at::native::elementwise_kernel<128, 2, at::native::gpu_kernel_impl_nocast<at::native::BinaryFunctor<float, float, float, at::native::binary_internal::MulFunctor<float> > >(at::TensorIteratorBase&, at::native::BinaryFunctor<float, float, float, at::native::binary_internal::MulFunctor<float> > const&)::{lambda(int)#1}>(int, at::native::gpu_kernel_impl_nocast<at::native::BinaryFunctor<float, float, float, at::native::binary_internal::MulFunctor<float> > >(at::TensorIteratorBase&, at::native::BinaryFunctor<float, float, float, at::native::binary_internal::MulFunctor<float> > const&)::{lambda(int)#1})",7,operator_shape_matched,"[[1,48,73,34,46],[73,1,1]]","[""float"",""float""]",null,5,113.504
null,aten::mul,"void at::native::elementwise_kernel<128, 2, at::native::gpu_kernel_impl_nocast<at::native::BinaryFunctor<float, float, float, at::native::binary_internal::MulFunctor<float> > >(at::TensorIteratorBase&, at::native::BinaryFunctor<float, float, float, at::native::binary_internal::MulFunctor<float> > const&)::{lambda(int)#1}>(int, at::native::gpu_kernel_impl_nocast<at::native::BinaryFunctor<float, float, float, at::native::binary_internal::MulFunctor<float> > >(at::TensorIteratorBase&, at::native::BinaryFunctor<float, float, float, at::native::binary_internal::MulFunctor<float> > const&)::{lambda(int)#1})",8,operator_shape_matched,"[[1,48,79,30,40],[79,1,1]]","[""float"",""float""]",null,5,91.36
null,aten::mul,"void at::native::elementwise_kernel<128, 2, at::native::gpu_kernel_impl_nocast<at::native::BinaryFunctor<float, float, float, at::native::binary_internal::MulFunctor<float> > >(at::TensorIteratorBase&, at::native::BinaryFunctor<float, float, float, at::native::binary_internal::MulFunctor<float> > const&)::{lambda(int)#1}>(int, at::native::gpu_kernel_impl_nocast<at::native::BinaryFunctor<float, float, float, at::native::binary_internal::MulFunctor<float> > >(at::TensorIteratorBase&, at::native::BinaryFunctor<float, float, float, at::native::binary_internal::MulFunctor<float> > const&)::{lambda(int)#1})",9,operator_shape_matched,"[[1,48,61,34,46],[61,1,1]]","[""float"",""float""]",null,5,89.055
null,aten::mul,"void at::native::elementwise_kernel<128, 2, at::native::gpu_kernel_impl_nocast<at::native::BinaryFunctor<float, float, float, at::native::binary_internal::MulFunctor<float> > >(at::TensorIteratorBase&, at::native::BinaryFunctor<float, float, float, at::native::binary_internal::MulFunctor<float> > const&)::{lambda(int)#1}>(int, at::native::gpu_kernel_impl_nocast<at::native::BinaryFunctor<float, float, float, at::native::binary_internal::MulFunctor<float> > >(at::TensorIteratorBase&, at::native::BinaryFunctor<float, float, float, at::native::binary_internal::MulFunctor<float> > const&)::{lambda(int)#1})",10,operator_shape_matched,"[[1,48,150,34,46],[1,1,1]]","[""float"",""float""]",null,2,76.64
null,aten::mul,"void at::native::elementwise_kernel<128, 2, at::native::gpu_kernel_impl_nocast<at::native::BinaryFunctor<float, float, float, at::native::binary_internal::MulFunctor<float> > >(at::TensorIteratorBase&, at::native::BinaryFunctor<float, float, float, at::native::binary_internal::MulFunctor<float> > const&)::{lambda(int)#1}>(int, at::native::gpu_kernel_impl_nocast<at::native::BinaryFunctor<float, float, float, at::native::binary_internal::MulFunctor<float> > >(at::TensorIteratorBase&, at::native::BinaryFunctor<float, float, float, at::native::binary_internal::MulFunctor<float> > const&)::{lambda(int)#1})",11,operator_shape_matched,"[[1,48,52,34,46],[52,1,1]]","[""float"",""float""]",null,5,76.513
null,aten::mul,"void at::native::elementwise_kernel<128, 2, at::native::gpu_kernel_impl_nocast<at::native::BinaryFunctor<float, float, float, at::native::binary_internal::MulFunctor<float> > >(at::TensorIteratorBase&, at::native::BinaryFunctor<float, float, float, at::native::binary_internal::MulFunctor<float> > const&)::{lambda(int)#1}>(int, at::native::gpu_kernel_impl_nocast<at::native::BinaryFunctor<float, float, float, at::native::binary_internal::MulFunctor<float> > >(at::TensorIteratorBase&, at::native::BinaryFunctor<float, float, float, at::native::binary_internal::MulFunctor<float> > const&)::{lambda(int)#1})",12,operator_shape_matched,"[[1,48,63,30,40],[63,1,1]]","[""float"",""float""]",null,5,74.497
null,aten::mul,"void at::native::elementwise_kernel<128, 2, at::native::gpu_kernel_impl_nocast<at::native::BinaryFunctor<float, float, float, at::native::binary_internal::MulFunctor<float> > >(at::TensorIteratorBase&, at::native::BinaryFunctor<float, float, float, at::native::binary_internal::MulFunctor<float> > const&)::{lambda(int)#1}>(int, at::native::gpu_kernel_impl_nocast<at::native::BinaryFunctor<float, float, float, at::native::binary_internal::MulFunctor<float> > >(at::TensorIteratorBase&, at::native::BinaryFunctor<float, float, float, at::native::binary_internal::MulFunctor<float> > const&)::{lambda(int)#1})",13,operator_shape_matched,"[[1,48,144,34,46],[1,1,1]]","[""float"",""float""]",null,2,73.792
null,aten::mul,"void at::native::elementwise_kernel<128, 2, at::native::gpu_kernel_impl_nocast<at::native::BinaryFunctor<float, float, float, at::native::binary_internal::MulFunctor<float> > >(at::TensorIteratorBase&, at::native::BinaryFunctor<float, float, float, at::native::binary_internal::MulFunctor<float> > const&)::{lambda(int)#1}>(int, at::native::gpu_kernel_impl_nocast<at::native::BinaryFunctor<float, float, float, at::native::binary_internal::MulFunctor<float> > >(at::TensorIteratorBase&, at::native::BinaryFunctor<float, float, float, at::native::binary_internal::MulFunctor<float> > const&)::{lambda(int)#1})",14,operator_shape_matched,"[[1,48,52,30,40],[52,1,1]]","[""float"",""float""]",null,5,63.489
null,aten::mul,"void at::native::elementwise_kernel<128, 2, at::native::gpu_kernel_impl_nocast<at::native::BinaryFunctor<float, float, float, at::native::binary_internal::MulFunctor<float> > >(at::TensorIteratorBase&, at::native::BinaryFunctor<float, float, float, at::native::binary_internal::MulFunctor<float> > const&)::{lambda(int)#1}>(int, at::native::gpu_kernel_impl_nocast<at::native::BinaryFunctor<float, float, float, at::native::binary_internal::MulFunctor<float> > >(at::TensorIteratorBase&, at::native::BinaryFunctor<float, float, float, at::native::binary_internal::MulFunctor<float> > const&)::{lambda(int)#1})",15,operator_shape_matched,"[[1,48,50,30,40],[50,1,1]]","[""float"",""float""]",null,5,61.248
null,aten::mul,"void at::native::elementwise_kernel<128, 2, at::native::gpu_kernel_impl_nocast<at::native::BinaryFunctor<float, float, float, at::native::binary_internal::MulFunctor<float> > >(at::TensorIteratorBase&, at::native::BinaryFunctor<float, float, float, at::native::binary_internal::MulFunctor<float> > const&)::{lambda(int)#1}>(int, at::native::gpu_kernel_impl_nocast<at::native::BinaryFunctor<float, float, float, at::native::binary_internal::MulFunctor<float> > >(at::TensorIteratorBase&, at::native::BinaryFunctor<float, float, float, at::native::binary_internal::MulFunctor<float> > const&)::{lambda(int)#1})",16,operator_shape_matched,"[[1,48,109,34,46],[1,1,1]]","[""float"",""float""]",null,2,61.057
null,aten::mul,"void at::native::elementwise_kernel<128, 2, at::native::gpu_kernel_impl_nocast<at::native::BinaryFunctor<float, float, float, at::native::binary_internal::MulFunctor<float> > >(at::TensorIteratorBase&, at::native::BinaryFunctor<float, float, float, at::native::binary_internal::MulFunctor<float> > const&)::{lambda(int)#1}>(int, at::native::gpu_kernel_impl_nocast<at::native::BinaryFunctor<float, float, float, at::native::binary_internal::MulFunctor<float> > >(at::TensorIteratorBase&, at::native::BinaryFunctor<float, float, float, at::native::binary_internal::MulFunctor<float> > const&)::{lambda(int)#1})",17,operator_shape_matched,"[[1,48,15,30,52],[15,1,1]]","[""float"",""float""]",null,10,60.862
null,aten::mul,"void at::native::elementwise_kernel<128, 2, at::native::gpu_kernel_impl_nocast<at::native::BinaryFunctor<float, float, float, at::native::binary_internal::MulFunctor<float> > >(at::TensorIteratorBase&, at::native::BinaryFunctor<float, float, float, at::native::binary_internal::MulFunctor<float> > const&)::{lambda(int)#1}>(int, at::native::gpu_kernel_impl_nocast<at::native::BinaryFunctor<float, float, float, at::native::binary_internal::MulFunctor<float> > >(at::TensorIteratorBase&, at::native::BinaryFunctor<float, float, float, at::native::binary_internal::MulFunctor<float> > const&)::{lambda(int)#1})",18,operator_shape_matched,"[[1,48,35,30,52],[35,1,1]]","[""float"",""float""]",null,5,57.696
null,aten::mul,"void at::native::elementwise_kernel<128, 2, at::native::gpu_kernel_impl_nocast<at::native::BinaryFunctor<float, float, float, at::native::binary_internal::MulFunctor<float> > >(at::TensorIteratorBase&, at::native::BinaryFunctor<float, float, float, at::native::binary_internal::MulFunctor<float> > const&)::{lambda(int)#1}>(int, at::native::gpu_kernel_impl_nocast<at::native::BinaryFunctor<float, float, float, at::native::binary_internal::MulFunctor<float> > >(at::TensorIteratorBase&, at::native::BinaryFunctor<float, float, float, at::native::binary_internal::MulFunctor<float> > const&)::{lambda(int)#1})",19,operator_shape_matched,"[[1,48,37,34,46],[37,1,1]]","[""float"",""float""]",null,5,56.256
null,aten::mul,"void at::native::elementwise_kernel<128, 2, at::native::gpu_kernel_impl_nocast<at::native::BinaryFunctor<float, float, float, at::native::binary_internal::MulFunctor<float> > >(at::TensorIteratorBase&, at::native::BinaryFunctor<float, float, float, at::native::binary_internal::MulFunctor<float> > const&)::{lambda(int)#1}>(int, at::native::gpu_kernel_impl_nocast<at::native::BinaryFunctor<float, float, float, at::native::binary_internal::MulFunctor<float> > >(at::TensorIteratorBase&, at::native::BinaryFunctor<float, float, float, at::native::binary_internal::MulFunctor<float> > const&)::{lambda(int)#1})",20,operator_shape_matched,"[[1,48,44,30,40],[44,1,1]]","[""float"",""float""]",null,5,54.622
null,aten::mul,"void at::native::elementwise_kernel<128, 2, at::native::gpu_kernel_impl_nocast<at::native::BinaryFunctor<float, float, float, at::native::binary_internal::MulFunctor<float> > >(at::TensorIteratorBase&, at::native::BinaryFunctor<float, float, float, at::native::binary_internal::MulFunctor<float> > const&)::{lambda(int)#1}>(int, at::native::gpu_kernel_impl_nocast<at::native::BinaryFunctor<float, float, float, at::native::binary_internal::MulFunctor<float> > >(at::TensorIteratorBase&, at::native::BinaryFunctor<float, float, float, at::native::binary_internal::MulFunctor<float> > const&)::{lambda(int)#1})",21,operator_shape_matched,"[[1,48,13,30,52],[13,1,1]]","[""float"",""float""]",null,10,54.559
null,aten::mul,"void at::native::elementwise_kernel<128, 2, at::native::gpu_kernel_impl_nocast<at::native::BinaryFunctor<float, float, float, at::native::binary_internal::MulFunctor<float> > >(at::TensorIteratorBase&, at::native::BinaryFunctor<float, float, float, at::native::binary_internal::MulFunctor<float> > const&)::{lambda(int)#1}>(int, at::native::gpu_kernel_impl_nocast<at::native::BinaryFunctor<float, float, float, at::native::binary_internal::MulFunctor<float> > >(at::TensorIteratorBase&, at::native::BinaryFunctor<float, float, float, at::native::binary_internal::MulFunctor<float> > const&)::{lambda(int)#1})",22,operator_shape_matched,"[[1,48,25,34,46],[1,1,1]]","[""float"",""float""]",null,8,52.896
null,aten::mul,"void at::native::elementwise_kernel<128, 2, at::native::gpu_kernel_impl_nocast<at::native::BinaryFunctor<float, float, float, at::native::binary_internal::MulFunctor<float> > >(at::TensorIteratorBase&, at::native::BinaryFunctor<float, float, float, at::native::binary_internal::MulFunctor<float> > const&)::{lambda(int)#1}>(int, at::native::gpu_kernel_impl_nocast<at::native::BinaryFunctor<float, float, float, at::native::binary_internal::MulFunctor<float> > >(at::TensorIteratorBase&, at::native::BinaryFunctor<float, float, float, at::native::binary_internal::MulFunctor<float> > const&)::{lambda(int)#1})",23,operator_shape_matched,"[[1,48,29,30,52],[29,1,1]]","[""float"",""float""]",null,5,49.761
null,aten::mul,"void at::native::elementwise_kernel<128, 2, at::native::gpu_kernel_impl_nocast<at::native::BinaryFunctor<float, float, float, at::native::binary_internal::MulFunctor<float> > >(at::TensorIteratorBase&, at::native::BinaryFunctor<float, float, float, at::native::binary_internal::MulFunctor<float> > const&)::{lambda(int)#1}>(int, at::native::gpu_kernel_impl_nocast<at::native::BinaryFunctor<float, float, float, at::native::binary_internal::MulFunctor<float> > >(at::TensorIteratorBase&, at::native::BinaryFunctor<float, float, float, at::native::binary_internal::MulFunctor<float> > const&)::{lambda(int)#1})",24,operator_shape_matched,"[[1,48,11,30,52],[11,1,1]]","[""float"",""float""]",null,10,49.313
null,aten::mul,"void at::native::elementwise_kernel<128, 2, at::native::gpu_kernel_impl_nocast<at::native::BinaryFunctor<float, float, float, at::native::binary_internal::MulFunctor<float> > >(at::TensorIteratorBase&, at::native::BinaryFunctor<float, float, float, at::native::binary_internal::MulFunctor<float> > const&)::{lambda(int)#1}>(int, at::native::gpu_kernel_impl_nocast<at::native::BinaryFunctor<float, float, float, at::native::binary_internal::MulFunctor<float> > >(at::TensorIteratorBase&, at::native::BinaryFunctor<float, float, float, at::native::binary_internal::MulFunctor<float> > const&)::{lambda(int)#1})",25,operator_shape_matched,"[[1,48,31,34,46],[31,1,1]]","[""float"",""float""]",null,5,48.608
null,aten::mul,"void at::native::elementwise_kernel<128, 2, at::native::gpu_kernel_impl_nocast<at::native::BinaryFunctor<float, float, float, at::native::binary_internal::MulFunctor<float> > >(at::TensorIteratorBase&, at::native::BinaryFunctor<float, float, float, at::native::binary_internal::MulFunctor<float> > const&)::{lambda(int)#1}>(int, at::native::gpu_kernel_impl_nocast<at::native::BinaryFunctor<float, float, float, at::native::binary_internal::MulFunctor<float> > >(at::TensorIteratorBase&, at::native::BinaryFunctor<float, float, float, at::native::binary_internal::MulFunctor<float> > const&)::{lambda(int)#1})",26,operator_shape_matched,"[[1,48,38,30,40],[38,1,1]]","[""float"",""float""]",null,5,47.84
null,aten::mul,"void at::native::elementwise_kernel<128, 2, at::native::gpu_kernel_impl_nocast<at::native::BinaryFunctor<float, float, float, at::native::binary_internal::MulFunctor<float> > >(at::TensorIteratorBase&, at::native::BinaryFunctor<float, float, float, at::native::binary_internal::MulFunctor<float> > const&)::{lambda(int)#1}>(int, at::native::gpu_kernel_impl_nocast<at::native::BinaryFunctor<float, float, float, at::native::binary_internal::MulFunctor<float> > >(at::TensorIteratorBase&, at::native::BinaryFunctor<float, float, float, at::native::binary_internal::MulFunctor<float> > const&)::{lambda(int)#1})",27,operator_shape_matched,"[[1,48,22,30,52],[22,1,1]]","[""float"",""float""]",null,5,40.417
null,aten::mul,"void at::native::elementwise_kernel<128, 2, at::native::gpu_kernel_impl_nocast<at::native::BinaryFunctor<float, float, float, at::native::binary_internal::MulFunctor<float> > >(at::TensorIteratorBase&, at::native::BinaryFunctor<float, float, float, at::native::binary_internal::MulFunctor<float> > const&)::{lambda(int)#1}>(int, at::native::gpu_kernel_impl_nocast<at::native::BinaryFunctor<float, float, float, at::native::binary_internal::MulFunctor<float> > >(at::TensorIteratorBase&, at::native::BinaryFunctor<float, float, float, at::native::binary_internal::MulFunctor<float> > const&)::{lambda(int)#1})",28,operator_shape_matched,"[[1,48,73,34,46],[1,1,1]]","[""float"",""float""]",null,2,40.193
null,aten::mul,"void at::native::elementwise_kernel<128, 2, at::native::gpu_kernel_impl_nocast<at::native::BinaryFunctor<float, float, float, at::native::binary_internal::MulFunctor<float> > >(at::TensorIteratorBase&, at::native::BinaryFunctor<float, float, float, at::native::binary_internal::MulFunctor<float> > const&)::{lambda(int)#1}>(int, at::native::gpu_kernel_impl_nocast<at::native::BinaryFunctor<float, float, float, at::native::binary_internal::MulFunctor<float> > >(at::TensorIteratorBase&, at::native::BinaryFunctor<float, float, float, at::native::binary_internal::MulFunctor<float> > const&)::{lambda(int)#1})",29,operator_shape_matched,"[[1,48,19,30,52],[19,1,1]]","[""float"",""float""]",null,5,37.314
null,aten::mul,"void at::native::elementwise_kernel<128, 2, at::native::gpu_kernel_impl_nocast<at::native::BinaryFunctor<float, float, float, at::native::binary_internal::MulFunctor<float> > >(at::TensorIteratorBase&, at::native::BinaryFunctor<float, float, float, at::native::binary_internal::MulFunctor<float> > const&)::{lambda(int)#1}>(int, at::native::gpu_kernel_impl_nocast<at::native::BinaryFunctor<float, float, float, at::native::binary_internal::MulFunctor<float> > >(at::TensorIteratorBase&, at::native::BinaryFunctor<float, float, float, at::native::binary_internal::MulFunctor<float> > const&)::{lambda(int)#1})",30,operator_shape_matched,"[[1,48,17,30,52],[17,1,1]]","[""float"",""float""]",null,5,32.833
null,aten::mul,"void at::native::elementwise_kernel<128, 2, at::native::gpu_kernel_impl_nocast<at::native::BinaryFunctor<float, float, float, at::native::binary_internal::MulFunctor<float> > >(at::TensorIteratorBase&, at::native::BinaryFunctor<float, float, float, at::native::binary_internal::MulFunctor<float> > const&)::{lambda(int)#1}>(int, at::native::gpu_kernel_impl_nocast<at::native::BinaryFunctor<float, float, float, at::native::binary_internal::MulFunctor<float> > >(at::TensorIteratorBase&, at::native::BinaryFunctor<float, float, float, at::native::binary_internal::MulFunctor<float> > const&)::{lambda(int)#1})",31,operator_shape_matched,"[[1,48,16,30,52],[16,1,1]]","[""float"",""float""]",null,5,32.125
null,aten::mul,"void at::native::elementwise_kernel<128, 2, at::native::gpu_kernel_impl_nocast<at::native::BinaryFunctor<float, float, float, at::native::binary_internal::MulFunctor<float> > >(at::TensorIteratorBase&, at::native::BinaryFunctor<float, float, float, at::native::binary_internal::MulFunctor<float> > const&)::{lambda(int)#1}>(int, at::native::gpu_kernel_impl_nocast<at::native::BinaryFunctor<float, float, float, at::native::binary_internal::MulFunctor<float> > >(at::TensorIteratorBase&, at::native::BinaryFunctor<float, float, float, at::native::binary_internal::MulFunctor<float> > const&)::{lambda(int)#1})",32,operator_shape_matched,"[[96000,1],[1,128]]","[""float"",""float""]",null,1,30.688
null,aten::mul,"void at::native::elementwise_kernel<128, 2, at::native::gpu_kernel_impl_nocast<at::native::BinaryFunctor<float, float, float, at::native::binary_internal::MulFunctor<float> > >(at::TensorIteratorBase&, at::native::BinaryFunctor<float, float, float, at::native::binary_internal::MulFunctor<float> > const&)::{lambda(int)#1}>(int, at::native::gpu_kernel_impl_nocast<at::native::BinaryFunctor<float, float, float, at::native::binary_internal::MulFunctor<float> > >(at::TensorIteratorBase&, at::native::BinaryFunctor<float, float, float, at::native::binary_internal::MulFunctor<float> > const&)::{lambda(int)#1})",33,operator_shape_matched,"[[94622,1],[1,128]]","[""float"",""float""]",null,1,30.368
null,aten::mul,"void at::native::elementwise_kernel<128, 2, at::native::gpu_kernel_impl_nocast<at::native::BinaryFunctor<float, float, float, at::native::binary_internal::MulFunctor<float> > >(at::TensorIteratorBase&, at::native::BinaryFunctor<float, float, float, at::native::binary_internal::MulFunctor<float> > const&)::{lambda(int)#1}>(int, at::native::gpu_kernel_impl_nocast<at::native::BinaryFunctor<float, float, float, at::native::binary_internal::MulFunctor<float> > >(at::TensorIteratorBase&, at::native::BinaryFunctor<float, float, float, at::native::binary_internal::MulFunctor<float> > const&)::{lambda(int)#1})",34,operator_shape_matched,"[[1,48,16,34,46],[16,1,1]]","[""float"",""float""]",null,5,29.569
null,aten::mul,"void at::native::elementwise_kernel<128, 2, at::native::gpu_kernel_impl_nocast<at::native::BinaryFunctor<float, float, float, at::native::binary_internal::MulFunctor<float> > >(at::TensorIteratorBase&, at::native::BinaryFunctor<float, float, float, at::native::binary_internal::MulFunctor<float> > const&)::{lambda(int)#1}>(int, at::native::gpu_kernel_impl_nocast<at::native::BinaryFunctor<float, float, float, at::native::binary_internal::MulFunctor<float> > >(at::TensorIteratorBase&, at::native::BinaryFunctor<float, float, float, at::native::binary_internal::MulFunctor<float> > const&)::{lambda(int)#1})",35,operator_shape_matched,"[[90870,1],[1,128]]","[""float"",""float""]",null,1,29.248
null,aten::mul,"void at::native::elementwise_kernel<128, 2, at::native::gpu_kernel_impl_nocast<at::native::BinaryFunctor<float, float, float, at::native::binary_internal::MulFunctor<float> > >(at::TensorIteratorBase&, at::native::BinaryFunctor<float, float, float, at::native::binary_internal::MulFunctor<float> > const&)::{lambda(int)#1}>(int, at::native::gpu_kernel_impl_nocast<at::native::BinaryFunctor<float, float, float, at::native::binary_internal::MulFunctor<float> > >(at::TensorIteratorBase&, at::native::BinaryFunctor<float, float, float, at::native::binary_internal::MulFunctor<float> > const&)::{lambda(int)#1})",36,operator_shape_matched,"[[90321,1],[1,128]]","[""float"",""float""]",null,1,29.088
null,aten::mul,"void at::native::elementwise_kernel<128, 2, at::native::gpu_kernel_impl_nocast<at::native::BinaryFunctor<float, float, float, at::native::binary_internal::MulFunctor<float> > >(at::TensorIteratorBase&, at::native::BinaryFunctor<float, float, float, at::native::binary_internal::MulFunctor<float> > const&)::{lambda(int)#1}>(int, at::native::gpu_kernel_impl_nocast<at::native::BinaryFunctor<float, float, float, at::native::binary_internal::MulFunctor<float> > >(at::TensorIteratorBase&, at::native::BinaryFunctor<float, float, float, at::native::binary_internal::MulFunctor<float> > const&)::{lambda(int)#1})",37,operator_shape_matched,"[[1,48,14,30,52],[14,1,1]]","[""float"",""float""]",null,5,28.864
null,aten::mul,"void at::native::elementwise_kernel<128, 2, at::native::gpu_kernel_impl_nocast<at::native::BinaryFunctor<float, float, float, at::native::binary_internal::MulFunctor<float> > >(at::TensorIteratorBase&, at::native::BinaryFunctor<float, float, float, at::native::binary_internal::MulFunctor<float> > const&)::{lambda(int)#1}>(int, at::native::gpu_kernel_impl_nocast<at::native::BinaryFunctor<float, float, float, at::native::binary_internal::MulFunctor<float> > >(at::TensorIteratorBase&, at::native::BinaryFunctor<float, float, float, at::native::binary_internal::MulFunctor<float> > const&)::{lambda(int)#1})",38,operator_shape_matched,"[[1,48,79,30,40],[1,1,1]]","[""float"",""float""]",null,2,28.64
null,aten::mul,"void at::native::elementwise_kernel<128, 2, at::native::gpu_kernel_impl_nocast<at::native::BinaryFunctor<float, float, float, at::native::binary_internal::MulFunctor<float> > >(at::TensorIteratorBase&, at::native::BinaryFunctor<float, float, float, at::native::binary_internal::MulFunctor<float> > const&)::{lambda(int)#1}>(int, at::native::gpu_kernel_impl_nocast<at::native::BinaryFunctor<float, float, float, at::native::binary_internal::MulFunctor<float> > >(at::TensorIteratorBase&, at::native::BinaryFunctor<float, float, float, at::native::binary_internal::MulFunctor<float> > const&)::{lambda(int)#1})",39,operator_shape_matched,"[[1,48,61,34,46],[1,1,1]]","[""float"",""float""]",null,2,28.192
null,aten::mul,"void at::native::elementwise_kernel<128, 2, at::native::gpu_kernel_impl_nocast<at::native::BinaryFunctor<float, float, float, at::native::binary_internal::MulFunctor<float> > >(at::TensorIteratorBase&, at::native::BinaryFunctor<float, float, float, at::native::binary_internal::MulFunctor<float> > const&)::{lambda(int)#1}>(int, at::native::gpu_kernel_impl_nocast<at::native::BinaryFunctor<float, float, float, at::native::binary_internal::MulFunctor<float> > >(at::TensorIteratorBase&, at::native::BinaryFunctor<float, float, float, at::native::binary_internal::MulFunctor<float> > const&)::{lambda(int)#1})",40,operator_shape_matched,"[[1,48,12,30,52],[12,1,1]]","[""float"",""float""]",null,5,26.112
null,aten::mul,"void at::native::elementwise_kernel<128, 2, at::native::gpu_kernel_impl_nocast<at::native::BinaryFunctor<float, float, float, at::native::binary_internal::MulFunctor<float> > >(at::TensorIteratorBase&, at::native::BinaryFunctor<float, float, float, at::native::binary_internal::MulFunctor<float> > const&)::{lambda(int)#1}>(int, at::native::gpu_kernel_impl_nocast<at::native::BinaryFunctor<float, float, float, at::native::binary_internal::MulFunctor<float> > >(at::TensorIteratorBase&, at::native::BinaryFunctor<float, float, float, at::native::binary_internal::MulFunctor<float> > const&)::{lambda(int)#1})",41,operator_shape_matched,"[[1,48,52,34,46],[1,1,1]]","[""float"",""float""]",null,2,23.328
null,aten::mul,"void at::native::elementwise_kernel<128, 2, at::native::gpu_kernel_impl_nocast<at::native::BinaryFunctor<float, float, float, at::native::binary_internal::MulFunctor<float> > >(at::TensorIteratorBase&, at::native::BinaryFunctor<float, float, float, at::native::binary_internal::MulFunctor<float> > const&)::{lambda(int)#1}>(int, at::native::gpu_kernel_impl_nocast<at::native::BinaryFunctor<float, float, float, at::native::binary_internal::MulFunctor<float> > >(at::TensorIteratorBase&, at::native::BinaryFunctor<float, float, float, at::native::binary_internal::MulFunctor<float> > const&)::{lambda(int)#1})",42,operator_shape_matched,"[[1,48,63,30,40],[1,1,1]]","[""float"",""float""]",null,2,22.432
null,aten::mul,"void at::native::elementwise_kernel<128, 2, at::native::gpu_kernel_impl_nocast<at::native::BinaryFunctor<float, float, float, at::native::binary_internal::MulFunctor<float> > >(at::TensorIteratorBase&, at::native::BinaryFunctor<float, float, float, at::native::binary_internal::MulFunctor<float> > const&)::{lambda(int)#1}>(int, at::native::gpu_kernel_impl_nocast<at::native::BinaryFunctor<float, float, float, at::native::binary_internal::MulFunctor<float> > >(at::TensorIteratorBase&, at::native::BinaryFunctor<float, float, float, at::native::binary_internal::MulFunctor<float> > const&)::{lambda(int)#1})",43,operator_shape_matched,"[[1,48,15,30,52],[1,1,1]]","[""float"",""float""]",null,4,20.865
null,aten::mul,"void at::native::elementwise_kernel<128, 2, at::native::gpu_kernel_impl_nocast<at::native::BinaryFunctor<float, float, float, at::native::binary_internal::MulFunctor<float> > >(at::TensorIteratorBase&, at::native::BinaryFunctor<float, float, float, at::native::binary_internal::MulFunctor<float> > const&)::{lambda(int)#1}>(int, at::native::gpu_kernel_impl_nocast<at::native::BinaryFunctor<float, float, float, at::native::binary_internal::MulFunctor<float> > >(at::TensorIteratorBase&, at::native::BinaryFunctor<float, float, float, at::native::binary_internal::MulFunctor<float> > const&)::{lambda(int)#1})",44,operator_shape_matched,"[[1,48,13,30,52],[1,1,1]]","[""float"",""float""]",null,4,18.88
null,aten::mul,"void at::native::elementwise_kernel<128, 2, at::native::gpu_kernel_impl_nocast<at::native::BinaryFunctor<float, float, float, at::native::binary_internal::MulFunctor<float> > >(at::TensorIteratorBase&, at::native::BinaryFunctor<float, float, float, at::native::binary_internal::MulFunctor<float> > const&)::{lambda(int)#1}>(int, at::native::gpu_kernel_impl_nocast<at::native::BinaryFunctor<float, float, float, at::native::binary_internal::MulFunctor<float> > >(at::TensorIteratorBase&, at::native::BinaryFunctor<float, float, float, at::native::binary_internal::MulFunctor<float> > const&)::{lambda(int)#1})",45,operator_shape_matched,"[[1,48,52,30,40],[1,1,1]]","[""float"",""float""]",null,2,18.816
null,aten::mul,"void at::native::elementwise_kernel<128, 2, at::native::gpu_kernel_impl_nocast<at::native::BinaryFunctor<float, float, float, at::native::binary_internal::MulFunctor<float> > >(at::TensorIteratorBase&, at::native::BinaryFunctor<float, float, float, at::native::binary_internal::MulFunctor<float> > const&)::{lambda(int)#1}>(int, at::native::gpu_kernel_impl_nocast<at::native::BinaryFunctor<float, float, float, at::native::binary_internal::MulFunctor<float> > >(at::TensorIteratorBase&, at::native::BinaryFunctor<float, float, float, at::native::binary_internal::MulFunctor<float> > const&)::{lambda(int)#1})",46,operator_shape_matched,"[[1,48,35,30,52],[1,1,1]]","[""float"",""float""]",null,2,18.368
null,aten::mul,"void at::native::elementwise_kernel<128, 2, at::native::gpu_kernel_impl_nocast<at::native::BinaryFunctor<float, float, float, at::native::binary_internal::MulFunctor<float> > >(at::TensorIteratorBase&, at::native::BinaryFunctor<float, float, float, at::native::binary_internal::MulFunctor<float> > const&)::{lambda(int)#1}>(int, at::native::gpu_kernel_impl_nocast<at::native::BinaryFunctor<float, float, float, at::native::binary_internal::MulFunctor<float> > >(at::TensorIteratorBase&, at::native::BinaryFunctor<float, float, float, at::native::binary_internal::MulFunctor<float> > const&)::{lambda(int)#1})",47,operator_shape_matched,"[[1,48,50,30,40],[1,1,1]]","[""float"",""float""]",null,2,18.368
null,aten::mul,"void at::native::elementwise_kernel<128, 2, at::native::gpu_kernel_impl_nocast<at::native::BinaryFunctor<float, float, float, at::native::binary_internal::MulFunctor<float> > >(at::TensorIteratorBase&, at::native::BinaryFunctor<float, float, float, at::native::binary_internal::MulFunctor<float> > const&)::{lambda(int)#1}>(int, at::native::gpu_kernel_impl_nocast<at::native::BinaryFunctor<float, float, float, at::native::binary_internal::MulFunctor<float> > >(at::TensorIteratorBase&, at::native::BinaryFunctor<float, float, float, at::native::binary_internal::MulFunctor<float> > const&)::{lambda(int)#1})",48,operator_shape_matched,"[[1,48,11,30,52],[1,1,1]]","[""float"",""float""]",null,4,17.344
null,aten::mul,"void at::native::elementwise_kernel<128, 2, at::native::gpu_kernel_impl_nocast<at::native::BinaryFunctor<float, float, float, at::native::binary_internal::MulFunctor<float> > >(at::TensorIteratorBase&, at::native::BinaryFunctor<float, float, float, at::native::binary_internal::MulFunctor<float> > const&)::{lambda(int)#1}>(int, at::native::gpu_kernel_impl_nocast<at::native::BinaryFunctor<float, float, float, at::native::binary_internal::MulFunctor<float> > >(at::TensorIteratorBase&, at::native::BinaryFunctor<float, float, float, at::native::binary_internal::MulFunctor<float> > const&)::{lambda(int)#1})",49,operator_shape_matched,"[[1,48,37,34,46],[1,1,1]]","[""float"",""float""]",null,2,16.896
null,aten::mul,"void at::native::elementwise_kernel<128, 2, at::native::gpu_kernel_impl_nocast<at::native::BinaryFunctor<float, float, float, at::native::binary_internal::MulFunctor<float> > >(at::TensorIteratorBase&, at::native::BinaryFunctor<float, float, float, at::native::binary_internal::MulFunctor<float> > const&)::{lambda(int)#1}>(int, at::native::gpu_kernel_impl_nocast<at::native::BinaryFunctor<float, float, float, at::native::binary_internal::MulFunctor<float> > >(at::TensorIteratorBase&, at::native::BinaryFunctor<float, float, float, at::native::binary_internal::MulFunctor<float> > const&)::{lambda(int)#1})",50,operator_shape_matched,"[[1,48,44,30,40],[1,1,1]]","[""float"",""float""]",null,2,16.417
null,aten::mul,"void at::native::elementwise_kernel<128, 2, at::native::gpu_kernel_impl_nocast<at::native::BinaryFunctor<float, float, float, at::native::binary_internal::MulFunctor<float> > >(at::TensorIteratorBase&, at::native::BinaryFunctor<float, float, float, at::native::binary_internal::MulFunctor<float> > const&)::{lambda(int)#1}>(int, at::native::gpu_kernel_impl_nocast<at::native::BinaryFunctor<float, float, float, at::native::binary_internal::MulFunctor<float> > >(at::TensorIteratorBase&, at::native::BinaryFunctor<float, float, float, at::native::binary_internal::MulFunctor<float> > const&)::{lambda(int)#1})",51,operator_shape_matched,"[[1,48,29,30,52],[1,1,1]]","[""float"",""float""]",null,2,15.969
null,aten::mul,"void at::native::elementwise_kernel<128, 2, at::native::gpu_kernel_impl_nocast<at::native::BinaryFunctor<float, float, float, at::native::binary_internal::MulFunctor<float> > >(at::TensorIteratorBase&, at::native::BinaryFunctor<float, float, float, at::native::binary_internal::MulFunctor<float> > const&)::{lambda(int)#1}>(int, at::native::gpu_kernel_impl_nocast<at::native::BinaryFunctor<float, float, float, at::native::binary_internal::MulFunctor<float> > >(at::TensorIteratorBase&, at::native::BinaryFunctor<float, float, float, at::native::binary_internal::MulFunctor<float> > const&)::{lambda(int)#1})",52,operator_shape_matched,"[[1,48,31,34,46],[1,1,1]]","[""float"",""float""]",null,2,14.784
null,aten::mul,"void at::native::elementwise_kernel<128, 2, at::native::gpu_kernel_impl_nocast<at::native::BinaryFunctor<float, float, float, at::native::binary_internal::MulFunctor<float> > >(at::TensorIteratorBase&, at::native::BinaryFunctor<float, float, float, at::native::binary_internal::MulFunctor<float> > const&)::{lambda(int)#1}>(int, at::native::gpu_kernel_impl_nocast<at::native::BinaryFunctor<float, float, float, at::native::binary_internal::MulFunctor<float> > >(at::TensorIteratorBase&, at::native::BinaryFunctor<float, float, float, at::native::binary_internal::MulFunctor<float> > const&)::{lambda(int)#1})",53,operator_shape_matched,"[[1,48,38,30,40],[1,1,1]]","[""float"",""float""]",null,2,14.751
null,aten::mul,"void at::native::elementwise_kernel<128, 2, at::native::gpu_kernel_impl_nocast<at::native::BinaryFunctor<float, float, float, at::native::binary_internal::MulFunctor<float> > >(at::TensorIteratorBase&, at::native::BinaryFunctor<float, float, float, at::native::binary_internal::MulFunctor<float> > const&)::{lambda(int)#1}>(int, at::native::gpu_kernel_impl_nocast<at::native::BinaryFunctor<float, float, float, at::native::binary_internal::MulFunctor<float> > >(at::TensorIteratorBase&, at::native::BinaryFunctor<float, float, float, at::native::binary_internal::MulFunctor<float> > const&)::{lambda(int)#1})",54,operator_shape_matched,"[[1,48,22,30,52],[1,1,1]]","[""float"",""float""]",null,2,13.12
null,aten::mul,"void at::native::elementwise_kernel<128, 2, at::native::gpu_kernel_impl_nocast<at::native::BinaryFunctor<float, float, float, at::native::binary_internal::MulFunctor<float> > >(at::TensorIteratorBase&, at::native::BinaryFunctor<float, float, float, at::native::binary_internal::MulFunctor<float> > const&)::{lambda(int)#1}>(int, at::native::gpu_kernel_impl_nocast<at::native::BinaryFunctor<float, float, float, at::native::binary_internal::MulFunctor<float> > >(at::TensorIteratorBase&, at::native::BinaryFunctor<float, float, float, at::native::binary_internal::MulFunctor<float> > const&)::{lambda(int)#1})",55,operator_shape_matched,"[[1,48,19,30,52],[1,1,1]]","[""float"",""float""]",null,2,11.902
null,aten::mul,"void at::native::elementwise_kernel<128, 2, at::native::gpu_kernel_impl_nocast<at::native::BinaryFunctor<float, float, float, at::native::binary_internal::MulFunctor<float> > >(at::TensorIteratorBase&, at::native::BinaryFunctor<float, float, float, at::native::binary_internal::MulFunctor<float> > const&)::{lambda(int)#1}>(int, at::native::gpu_kernel_impl_nocast<at::native::BinaryFunctor<float, float, float, at::native::binary_internal::MulFunctor<float> > >(at::TensorIteratorBase&, at::native::BinaryFunctor<float, float, float, at::native::binary_internal::MulFunctor<float> > const&)::{lambda(int)#1})",56,operator_shape_matched,"[[1,48,17,30,52],[1,1,1]]","[""float"",""float""]",null,2,11.104
null,aten::mul,"void at::native::elementwise_kernel<128, 2, at::native::gpu_kernel_impl_nocast<at::native::BinaryFunctor<float, float, float, at::native::binary_internal::MulFunctor<float> > >(at::TensorIteratorBase&, at::native::BinaryFunctor<float, float, float, at::native::binary_internal::MulFunctor<float> > const&)::{lambda(int)#1}>(int, at::native::gpu_kernel_impl_nocast<at::native::BinaryFunctor<float, float, float, at::native::binary_internal::MulFunctor<float> > >(at::TensorIteratorBase&, at::native::BinaryFunctor<float, float, float, at::native::binary_internal::MulFunctor<float> > const&)::{lambda(int)#1})",57,operator_shape_matched,"[[1,48,16,30,52],[1,1,1]]","[""float"",""float""]",null,2,10.688
null,aten::mul,"void at::native::elementwise_kernel<128, 2, at::native::gpu_kernel_impl_nocast<at::native::BinaryFunctor<float, float, float, at::native::binary_internal::MulFunctor<float> > >(at::TensorIteratorBase&, at::native::BinaryFunctor<float, float, float, at::native::binary_internal::MulFunctor<float> > const&)::{lambda(int)#1}>(int, at::native::gpu_kernel_impl_nocast<at::native::BinaryFunctor<float, float, float, at::native::binary_internal::MulFunctor<float> > >(at::TensorIteratorBase&, at::native::BinaryFunctor<float, float, float, at::native::binary_internal::MulFunctor<float> > const&)::{lambda(int)#1})",58,operator_shape_matched,"[[1,48,14,30,52],[1,1,1]]","[""float"",""float""]",null,2,9.824
null,aten::mul,"void at::native::elementwise_kernel<128, 2, at::native::gpu_kernel_impl_nocast<at::native::BinaryFunctor<float, float, float, at::native::binary_internal::MulFunctor<float> > >(at::TensorIteratorBase&, at::native::BinaryFunctor<float, float, float, at::native::binary_internal::MulFunctor<float> > const&)::{lambda(int)#1}>(int, at::native::gpu_kernel_impl_nocast<at::native::BinaryFunctor<float, float, float, at::native::binary_internal::MulFunctor<float> > >(at::TensorIteratorBase&, at::native::BinaryFunctor<float, float, float, at::native::binary_internal::MulFunctor<float> > const&)::{lambda(int)#1})",59,operator_shape_matched,"[[1,48,16,34,46],[1,1,1]]","[""float"",""float""]",null,2,9.408
null,aten::mul,"void at::native::elementwise_kernel<128, 2, at::native::gpu_kernel_impl_nocast<at::native::BinaryFunctor<float, float, float, at::native::binary_internal::MulFunctor<float> > >(at::TensorIteratorBase&, at::native::BinaryFunctor<float, float, float, at::native::binary_internal::MulFunctor<float> > const&)::{lambda(int)#1}>(int, at::native::gpu_kernel_impl_nocast<at::native::BinaryFunctor<float, float, float, at::native::binary_internal::MulFunctor<float> > >(at::TensorIteratorBase&, at::native::BinaryFunctor<float, float, float, at::native::binary_internal::MulFunctor<float> > const&)::{lambda(int)#1})",60,operator_shape_matched,"[[1,48,12,30,52],[1,1,1]]","[""float"",""float""]",null,2,9.025
null,aten::mul,"void at::native::elementwise_kernel<128, 2, at::native::gpu_kernel_impl_nocast<at::native::BinaryFunctor<float, float, float, at::native::binary_internal::MulFunctor<float> > >(at::TensorIteratorBase&, at::native::BinaryFunctor<float, float, float, at::native::binary_internal::MulFunctor<float> > const&)::{lambda(int)#1}>(int, at::native::gpu_kernel_impl_nocast<at::native::BinaryFunctor<float, float, float, at::native::binary_internal::MulFunctor<float> > >(at::TensorIteratorBase&, at::native::BinaryFunctor<float, float, float, at::native::binary_internal::MulFunctor<float> > const&)::{lambda(int)#1})",61,operator_shape_matched,"[[1,1,1],[25,1,1]]","[""float"",""float""]",null,4,6.24
null,aten::mul,"void at::native::elementwise_kernel<128, 2, at::native::gpu_kernel_impl_nocast<at::native::BinaryFunctor<float, float, float, at::native::binary_internal::MulFunctor<float> > >(at::TensorIteratorBase&, at::native::BinaryFunctor<float, float, float, at::native::binary_internal::MulFunctor<float> > const&)::{lambda(int)#1}>(int, at::native::gpu_kernel_impl_nocast<at::native::BinaryFunctor<float, float, float, at::native::binary_internal::MulFunctor<float> > >(at::TensorIteratorBase&, at::native::BinaryFunctor<float, float, float, at::native::binary_internal::MulFunctor<float> > const&)::{lambda(int)#1})",62,operator_shape_matched,"[[1,1],[1,128]]","[""float"",""float""]",null,2,3.008
null,aten::mul,"void at::native::elementwise_kernel<128, 2, at::native::gpu_kernel_impl_nocast<at::native::BinaryFunctor<float, float, float, at::native::binary_internal::MulFunctor<float> > >(at::TensorIteratorBase&, at::native::BinaryFunctor<float, float, float, at::native::binary_internal::MulFunctor<float> > const&)::{lambda(int)#1}>(int, at::native::gpu_kernel_impl_nocast<at::native::BinaryFunctor<float, float, float, at::native::binary_internal::MulFunctor<float> > >(at::TensorIteratorBase&, at::native::BinaryFunctor<float, float, float, at::native::binary_internal::MulFunctor<float> > const&)::{lambda(int)#1})",63,operator_shape_matched,"[[1,1,1],[13,1,1]]","[""float"",""float""]",null,2,2.976
null,aten::mul,"void at::native::elementwise_kernel<128, 2, at::native::gpu_kernel_impl_nocast<at::native::BinaryFunctor<float, float, float, at::native::binary_internal::MulFunctor<float> > >(at::TensorIteratorBase&, at::native::BinaryFunctor<float, float, float, at::native::binary_internal::MulFunctor<float> > const&)::{lambda(int)#1}>(int, at::native::gpu_kernel_impl_nocast<at::native::BinaryFunctor<float, float, float, at::native::binary_internal::MulFunctor<float> > >(at::TensorIteratorBase&, at::native::BinaryFunctor<float, float, float, at::native::binary_internal::MulFunctor<float> > const&)::{lambda(int)#1})",64,operator_shape_matched,"[[1,1,1],[52,1,1]]","[""float"",""float""]",null,2,2.912
null,aten::mul,"void at::native::elementwise_kernel<128, 2, at::native::gpu_kernel_impl_nocast<at::native::BinaryFunctor<float, float, float, at::native::binary_internal::MulFunctor<float> > >(at::TensorIteratorBase&, at::native::BinaryFunctor<float, float, float, at::native::binary_internal::MulFunctor<float> > const&)::{lambda(int)#1}>(int, at::native::gpu_kernel_impl_nocast<at::native::BinaryFunctor<float, float, float, at::native::binary_internal::MulFunctor<float> > >(at::TensorIteratorBase&, at::native::BinaryFunctor<float, float, float, at::native::binary_internal::MulFunctor<float> > const&)::{lambda(int)#1})",65,operator_shape_matched,"[[1,1,1],[15,1,1]]","[""float"",""float""]",null,2,2.848
null,aten::mul,"void at::native::elementwise_kernel<128, 2, at::native::gpu_kernel_impl_nocast<at::native::BinaryFunctor<float, float, float, at::native::binary_internal::MulFunctor<float> > >(at::TensorIteratorBase&, at::native::BinaryFunctor<float, float, float, at::native::binary_internal::MulFunctor<float> > const&)::{lambda(int)#1}>(int, at::native::gpu_kernel_impl_nocast<at::native::BinaryFunctor<float, float, float, at::native::binary_internal::MulFunctor<float> > >(at::TensorIteratorBase&, at::native::BinaryFunctor<float, float, float, at::native::binary_internal::MulFunctor<float> > const&)::{lambda(int)#1})",66,operator_shape_matched,"[[1,1,1],[11,1,1]]","[""float"",""float""]",null,2,2.848
null,aten::mul,"void at::native::elementwise_kernel<128, 2, at::native::gpu_kernel_impl_nocast<at::native::BinaryFunctor<float, float, float, at::native::binary_internal::MulFunctor<float> > >(at::TensorIteratorBase&, at::native::BinaryFunctor<float, float, float, at::native::binary_internal::MulFunctor<float> > const&)::{lambda(int)#1}>(int, at::native::gpu_kernel_impl_nocast<at::native::BinaryFunctor<float, float, float, at::native::binary_internal::MulFunctor<float> > >(at::TensorIteratorBase&, at::native::BinaryFunctor<float, float, float, at::native::binary_internal::MulFunctor<float> > const&)::{lambda(int)#1})",67,operator_shape_matched,"[[1,1,1],[16,1,1]]","[""float"",""float""]",null,2,2.56
null,aten::mul,"void at::native::elementwise_kernel<128, 2, at::native::gpu_kernel_impl_nocast<at::native::BinaryFunctor<float, float, float, at::native::binary_internal::MulFunctor<float> > >(at::TensorIteratorBase&, at::native::BinaryFunctor<float, float, float, at::native::binary_internal::MulFunctor<float> > const&)::{lambda(int)#1}>(int, at::native::gpu_kernel_impl_nocast<at::native::BinaryFunctor<float, float, float, at::native::binary_internal::MulFunctor<float> > >(at::TensorIteratorBase&, at::native::BinaryFunctor<float, float, float, at::native::binary_internal::MulFunctor<float> > const&)::{lambda(int)#1})",68,operator_shape_matched,"[[1,1,1],[150,1,1]]","[""float"",""float""]",null,1,2.111
null,aten::mul,"void at::native::elementwise_kernel<128, 2, at::native::gpu_kernel_impl_nocast<at::native::BinaryFunctor<float, float, float, at::native::binary_internal::MulFunctor<float> > >(at::TensorIteratorBase&, at::native::BinaryFunctor<float, float, float, at::native::binary_internal::MulFunctor<float> > const&)::{lambda(int)#1}>(int, at::native::gpu_kernel_impl_nocast<at::native::BinaryFunctor<float, float, float, at::native::binary_internal::MulFunctor<float> > >(at::TensorIteratorBase&, at::native::BinaryFunctor<float, float, float, at::native::binary_internal::MulFunctor<float> > const&)::{lambda(int)#1})",69,operator_shape_matched,"[[1,1,1],[144,1,1]]","[""float"",""float""]",null,1,1.76
null,aten::mul,"void at::native::elementwise_kernel<128, 2, at::native::gpu_kernel_impl_nocast<at::native::BinaryFunctor<float, float, float, at::native::binary_internal::MulFunctor<float> > >(at::TensorIteratorBase&, at::native::BinaryFunctor<float, float, float, at::native::binary_internal::MulFunctor<float> > const&)::{lambda(int)#1}>(int, at::native::gpu_kernel_impl_nocast<at::native::BinaryFunctor<float, float, float, at::native::binary_internal::MulFunctor<float> > >(at::TensorIteratorBase&, at::native::BinaryFunctor<float, float, float, at::native::binary_internal::MulFunctor<float> > const&)::{lambda(int)#1})",70,operator_shape_matched,"[[1,1,1],[79,1,1]]","[""float"",""float""]",null,1,1.664
null,aten::mul,"void at::native::elementwise_kernel<128, 2, at::native::gpu_kernel_impl_nocast<at::native::BinaryFunctor<float, float, float, at::native::binary_internal::MulFunctor<float> > >(at::TensorIteratorBase&, at::native::BinaryFunctor<float, float, float, at::native::binary_internal::MulFunctor<float> > const&)::{lambda(int)#1}>(int, at::native::gpu_kernel_impl_nocast<at::native::BinaryFunctor<float, float, float, at::native::binary_internal::MulFunctor<float> > >(at::TensorIteratorBase&, at::native::BinaryFunctor<float, float, float, at::native::binary_internal::MulFunctor<float> > const&)::{lambda(int)#1})",71,operator_shape_matched,"[[1,1,1],[38,1,1]]","[""float"",""float""]",null,1,1.632
null,aten::mul,"void at::native::elementwise_kernel<128, 2, at::native::gpu_kernel_impl_nocast<at::native::BinaryFunctor<float, float, float, at::native::binary_internal::MulFunctor<float> > >(at::TensorIteratorBase&, at::native::BinaryFunctor<float, float, float, at::native::binary_internal::MulFunctor<float> > const&)::{lambda(int)#1}>(int, at::native::gpu_kernel_impl_nocast<at::native::BinaryFunctor<float, float, float, at::native::binary_internal::MulFunctor<float> > >(at::TensorIteratorBase&, at::native::BinaryFunctor<float, float, float, at::native::binary_internal::MulFunctor<float> > const&)::{lambda(int)#1})",72,operator_shape_matched,"[[1,1,1],[14,1,1]]","[""float"",""float""]",null,1,1.569
null,aten::mul,"void at::native::elementwise_kernel<128, 2, at::native::gpu_kernel_impl_nocast<at::native::BinaryFunctor<float, float, float, at::native::binary_internal::MulFunctor<float> > >(at::TensorIteratorBase&, at::native::BinaryFunctor<float, float, float, at::native::binary_internal::MulFunctor<float> > const&)::{lambda(int)#1}>(int, at::native::gpu_kernel_impl_nocast<at::native::BinaryFunctor<float, float, float, at::native::binary_internal::MulFunctor<float> > >(at::TensorIteratorBase&, at::native::BinaryFunctor<float, float, float, at::native::binary_internal::MulFunctor<float> > const&)::{lambda(int)#1})",73,operator_shape_matched,"[[1,1,1],[44,1,1]]","[""float"",""float""]",null,1,1.568
null,aten::mul,"void at::native::elementwise_kernel<128, 2, at::native::gpu_kernel_impl_nocast<at::native::BinaryFunctor<float, float, float, at::native::binary_internal::MulFunctor<float> > >(at::TensorIteratorBase&, at::native::BinaryFunctor<float, float, float, at::native::binary_internal::MulFunctor<float> > const&)::{lambda(int)#1}>(int, at::native::gpu_kernel_impl_nocast<at::native::BinaryFunctor<float, float, float, at::native::binary_internal::MulFunctor<float> > >(at::TensorIteratorBase&, at::native::BinaryFunctor<float, float, float, at::native::binary_internal::MulFunctor<float> > const&)::{lambda(int)#1})",74,operator_shape_matched,"[[1,1,1],[19,1,1]]","[""float"",""float""]",null,1,1.568
null,aten::mul,"void at::native::elementwise_kernel<128, 2, at::native::gpu_kernel_impl_nocast<at::native::BinaryFunctor<float, float, float, at::native::binary_internal::MulFunctor<float> > >(at::TensorIteratorBase&, at::native::BinaryFunctor<float, float, float, at::native::binary_internal::MulFunctor<float> > const&)::{lambda(int)#1}>(int, at::native::gpu_kernel_impl_nocast<at::native::BinaryFunctor<float, float, float, at::native::binary_internal::MulFunctor<float> > >(at::TensorIteratorBase&, at::native::BinaryFunctor<float, float, float, at::native::binary_internal::MulFunctor<float> > const&)::{lambda(int)#1})",75,operator_shape_matched,"[[1,1,1],[50,1,1]]","[""float"",""float""]",null,1,1.536
null,aten::mul,"void at::native::elementwise_kernel<128, 2, at::native::gpu_kernel_impl_nocast<at::native::BinaryFunctor<float, float, float, at::native::binary_internal::MulFunctor<float> > >(at::TensorIteratorBase&, at::native::BinaryFunctor<float, float, float, at::native::binary_internal::MulFunctor<float> > const&)::{lambda(int)#1}>(int, at::native::gpu_kernel_impl_nocast<at::native::BinaryFunctor<float, float, float, at::native::binary_internal::MulFunctor<float> > >(at::TensorIteratorBase&, at::native::BinaryFunctor<float, float, float, at::native::binary_internal::MulFunctor<float> > const&)::{lambda(int)#1})",76,operator_shape_matched,"[[1,1,1],[73,1,1]]","[""float"",""float""]",null,1,1.536
null,aten::mul,"void at::native::elementwise_kernel<128, 2, at::native::gpu_kernel_impl_nocast<at::native::BinaryFunctor<float, float, float, at::native::binary_internal::MulFunctor<float> > >(at::TensorIteratorBase&, at::native::BinaryFunctor<float, float, float, at::native::binary_internal::MulFunctor<float> > const&)::{lambda(int)#1}>(int, at::native::gpu_kernel_impl_nocast<at::native::BinaryFunctor<float, float, float, at::native::binary_internal::MulFunctor<float> > >(at::TensorIteratorBase&, at::native::BinaryFunctor<float, float, float, at::native::binary_internal::MulFunctor<float> > const&)::{lambda(int)#1})",77,operator_shape_matched,"[[1,1,1],[63,1,1]]","[""float"",""float""]",null,1,1.504
null,aten::mul,"void at::native::elementwise_kernel<128, 2, at::native::gpu_kernel_impl_nocast<at::native::BinaryFunctor<float, float, float, at::native::binary_internal::MulFunctor<float> > >(at::TensorIteratorBase&, at::native::BinaryFunctor<float, float, float, at::native::binary_internal::MulFunctor<float> > const&)::{lambda(int)#1}>(int, at::native::gpu_kernel_impl_nocast<at::native::BinaryFunctor<float, float, float, at::native::binary_internal::MulFunctor<float> > >(at::TensorIteratorBase&, at::native::BinaryFunctor<float, float, float, at::native::binary_internal::MulFunctor<float> > const&)::{lambda(int)#1})",78,operator_shape_matched,"[[1,1,1],[12,1,1]]","[""float"",""float""]",null,1,1.504
null,aten::mul,"void at::native::elementwise_kernel<128, 2, at::native::gpu_kernel_impl_nocast<at::native::BinaryFunctor<float, float, float, at::native::binary_internal::MulFunctor<float> > >(at::TensorIteratorBase&, at::native::BinaryFunctor<float, float, float, at::native::binary_internal::MulFunctor<float> > const&)::{lambda(int)#1}>(int, at::native::gpu_kernel_impl_nocast<at::native::BinaryFunctor<float, float, float, at::native::binary_internal::MulFunctor<float> > >(at::TensorIteratorBase&, at::native::BinaryFunctor<float, float, float, at::native::binary_internal::MulFunctor<float> > const&)::{lambda(int)#1})",79,operator_shape_matched,"[[1,1,1],[22,1,1]]","[""float"",""float""]",null,1,1.503
null,aten::mul,"void at::native::elementwise_kernel<128, 2, at::native::gpu_kernel_impl_nocast<at::native::BinaryFunctor<float, float, float, at::native::binary_internal::MulFunctor<float> > >(at::TensorIteratorBase&, at::native::BinaryFunctor<float, float, float, at::native::binary_internal::MulFunctor<float> > const&)::{lambda(int)#1}>(int, at::native::gpu_kernel_impl_nocast<at::native::BinaryFunctor<float, float, float, at::native::binary_internal::MulFunctor<float> > >(at::TensorIteratorBase&, at::native::BinaryFunctor<float, float, float, at::native::binary_internal::MulFunctor<float> > const&)::{lambda(int)#1})",80,operator_shape_matched,"[[1,1,1],[109,1,1]]","[""float"",""float""]",null,1,1.473
null,aten::mul,"void at::native::elementwise_kernel<128, 2, at::native::gpu_kernel_impl_nocast<at::native::BinaryFunctor<float, float, float, at::native::binary_internal::MulFunctor<float> > >(at::TensorIteratorBase&, at::native::BinaryFunctor<float, float, float, at::native::binary_internal::MulFunctor<float> > const&)::{lambda(int)#1}>(int, at::native::gpu_kernel_impl_nocast<at::native::BinaryFunctor<float, float, float, at::native::binary_internal::MulFunctor<float> > >(at::TensorIteratorBase&, at::native::BinaryFunctor<float, float, float, at::native::binary_internal::MulFunctor<float> > const&)::{lambda(int)#1})",81,operator_shape_matched,"[[1,1,1],[17,1,1]]","[""float"",""float""]",null,1,1.472
null,aten::mul,"void at::native::elementwise_kernel<128, 2, at::native::gpu_kernel_impl_nocast<at::native::BinaryFunctor<float, float, float, at::native::binary_internal::MulFunctor<float> > >(at::TensorIteratorBase&, at::native::BinaryFunctor<float, float, float, at::native::binary_internal::MulFunctor<float> > const&)::{lambda(int)#1}>(int, at::native::gpu_kernel_impl_nocast<at::native::BinaryFunctor<float, float, float, at::native::binary_internal::MulFunctor<float> > >(at::TensorIteratorBase&, at::native::BinaryFunctor<float, float, float, at::native::binary_internal::MulFunctor<float> > const&)::{lambda(int)#1})",82,operator_shape_matched,"[[1,1,1],[29,1,1]]","[""float"",""float""]",null,1,1.472
null,aten::mul,"void at::native::elementwise_kernel<128, 2, at::native::gpu_kernel_impl_nocast<at::native::BinaryFunctor<float, float, float, at::native::binary_internal::MulFunctor<float> > >(at::TensorIteratorBase&, at::native::BinaryFunctor<float, float, float, at::native::binary_internal::MulFunctor<float> > const&)::{lambda(int)#1}>(int, at::native::gpu_kernel_impl_nocast<at::native::BinaryFunctor<float, float, float, at::native::binary_internal::MulFunctor<float> > >(at::TensorIteratorBase&, at::native::BinaryFunctor<float, float, float, at::native::binary_internal::MulFunctor<float> > const&)::{lambda(int)#1})",83,operator_shape_matched,"[[1,1,1],[37,1,1]]","[""float"",""float""]",null,1,1.44
null,aten::mul,"void at::native::elementwise_kernel<128, 2, at::native::gpu_kernel_impl_nocast<at::native::BinaryFunctor<float, float, float, at::native::binary_internal::MulFunctor<float> > >(at::TensorIteratorBase&, at::native::BinaryFunctor<float, float, float, at::native::binary_internal::MulFunctor<float> > const&)::{lambda(int)#1}>(int, at::native::gpu_kernel_impl_nocast<at::native::BinaryFunctor<float, float, float, at::native::binary_internal::MulFunctor<float> > >(at::TensorIteratorBase&, at::native::BinaryFunctor<float, float, float, at::native::binary_internal::MulFunctor<float> > const&)::{lambda(int)#1})",84,operator_shape_matched,"[[1,1,1],[61,1,1]]","[""float"",""float""]",null,1,1.377
null,aten::mul,"void at::native::elementwise_kernel<128, 2, at::native::gpu_kernel_impl_nocast<at::native::BinaryFunctor<float, float, float, at::native::binary_internal::MulFunctor<float> > >(at::TensorIteratorBase&, at::native::BinaryFunctor<float, float, float, at::native::binary_internal::MulFunctor<float> > const&)::{lambda(int)#1}>(int, at::native::gpu_kernel_impl_nocast<at::native::BinaryFunctor<float, float, float, at::native::binary_internal::MulFunctor<float> > >(at::TensorIteratorBase&, at::native::BinaryFunctor<float, float, float, at::native::binary_internal::MulFunctor<float> > const&)::{lambda(int)#1})",85,operator_shape_matched,"[[1,1,1],[31,1,1]]","[""float"",""float""]",null,1,1.376
null,aten::mul,"void at::native::elementwise_kernel<128, 2, at::native::gpu_kernel_impl_nocast<at::native::BinaryFunctor<float, float, float, at::native::binary_internal::MulFunctor<float> > >(at::TensorIteratorBase&, at::native::BinaryFunctor<float, float, float, at::native::binary_internal::MulFunctor<float> > const&)::{lambda(int)#1}>(int, at::native::gpu_kernel_impl_nocast<at::native::BinaryFunctor<float, float, float, at::native::binary_internal::MulFunctor<float> > >(at::TensorIteratorBase&, at::native::BinaryFunctor<float, float, float, at::native::binary_internal::MulFunctor<float> > const&)::{lambda(int)#1})",86,operator_shape_matched,"[[1,1,1],[35,1,1]]","[""float"",""float""]",null,1,1.345
null,aten::mul,"void at::native::elementwise_kernel<128, 4, at::native::gpu_kernel_impl_nocast<at::native::BinaryFunctor<c10::BFloat16, c10::BFloat16, c10::BFloat16, at::native::binary_internal::MulFunctor<float> > >(at::TensorIteratorBase&, at::native::BinaryFunctor<c10::BFloat16, c10::BFloat16, c10::BFloat16, at::native::binary_internal::MulFunctor<float> > const&)::{lambda(int)#1}>(int, at::native::gpu_kernel_impl_nocast<at::native::BinaryFunctor<c10::BFloat16, c10::BFloat16, c10::BFloat16, at::native::binary_internal::MulFunctor<float> > >(at::TensorIteratorBase&, at::native::BinaryFunctor<c10::BFloat16, c10::BFloat16, c10::BFloat16, at::native::binary_internal::MulFunctor<float> > const&)::{lambda(int)#1})",1,operator_shape_matched,"[[98304,4096],[4096]]","[""c10::BFloat16"",""c10::BFloat16""]",null,6,8079.179
null,aten::mul,"void at::native::elementwise_kernel<128, 4, at::native::gpu_kernel_impl_nocast<at::native::BinaryFunctor<c10::BFloat16, c10::BFloat16, c10::BFloat16, at::native::binary_internal::MulFunctor<float> > >(at::TensorIteratorBase&, at::native::BinaryFunctor<c10::BFloat16, c10::BFloat16, c10::BFloat16, at::native::binary_internal::MulFunctor<float> > const&)::{lambda(int)#1}>(int, at::native::gpu_kernel_impl_nocast<at::native::BinaryFunctor<c10::BFloat16, c10::BFloat16, c10::BFloat16, at::native::binary_internal::MulFunctor<float> > >(at::TensorIteratorBase&, at::native::BinaryFunctor<c10::BFloat16, c10::BFloat16, c10::BFloat16, at::native::binary_internal::MulFunctor<float> > const&)::{lambda(int)#1})",2,operator_shape_matched,"[[4096],[98304,4096]]","[""c10::BFloat16"",""c10::BFloat16""]",null,6,7340.008
null,aten::mul,"void at::native::elementwise_kernel<128, 4, at::native::gpu_kernel_impl_nocast<at::native::BinaryFunctor<c10::BFloat16, c10::BFloat16, c10::BFloat16, at::native::binary_internal::MulFunctor<float> > >(at::TensorIteratorBase&, at::native::BinaryFunctor<c10::BFloat16, c10::BFloat16, c10::BFloat16, at::native::binary_internal::MulFunctor<float> > const&)::{lambda(int)#1}>(int, at::native::gpu_kernel_impl_nocast<at::native::BinaryFunctor<c10::BFloat16, c10::BFloat16, c10::BFloat16, at::native::binary_internal::MulFunctor<float> > >(at::TensorIteratorBase&, at::native::BinaryFunctor<c10::BFloat16, c10::BFloat16, c10::BFloat16, at::native::binary_internal::MulFunctor<float> > const&)::{lambda(int)#1})",3,operator_shape_matched,"[[3072,4096],[4096]]","[""c10::BFloat16"",""c10::BFloat16""]",null,6,264.513
null,aten::mul,"void at::native::elementwise_kernel<128, 4, at::native::gpu_kernel_impl_nocast<at::native::BinaryFunctor<c10::BFloat16, c10::BFloat16, c10::BFloat16, at::native::binary_internal::MulFunctor<float> > >(at::TensorIteratorBase&, at::native::BinaryFunctor<c10::BFloat16, c10::BFloat16, c10::BFloat16, at::native::binary_internal::MulFunctor<float> > const&)::{lambda(int)#1}>(int, at::native::gpu_kernel_impl_nocast<at::native::BinaryFunctor<c10::BFloat16, c10::BFloat16, c10::BFloat16, at::native::binary_internal::MulFunctor<float> > >(at::TensorIteratorBase&, at::native::BinaryFunctor<c10::BFloat16, c10::BFloat16, c10::BFloat16, at::native::binary_internal::MulFunctor<float> > const&)::{lambda(int)#1})",4,operator_shape_matched,"[[4096],[3072,4096]]","[""c10::BFloat16"",""c10::BFloat16""]",null,6,249.315
null,aten::mul,"void at::native::unrolled_elementwise_kernel<at::native::BinaryFunctor<float, float, float, at::native::binary_internal::MulFunctor<float> >, std::array<char*, 3ul>, 4, TrivialOffsetCalculator<2, unsigned int>, TrivialOffsetCalculator<1, unsigned int>, at::native::memory::LoadWithCast<2>, at::native::memory::StoreWithCast<1> >(int, at::native::BinaryFunctor<float, float, float, at::native::binary_internal::MulFunctor<float> >, std::array<char*, 3ul>, TrivialOffsetCalculator<2, unsigned int>, TrivialOffsetCalculator<1, unsigned int>, at::native::memory::LoadWithCast<2>, at::native::memory::StoreWithCast<1>)",1,operator_shape_matched,"[[],[]]","[""float"",""double""]",null,1,1.919
null,aten::mul,"void at::native::unrolled_elementwise_kernel<at::native::BinaryFunctor<float, float, float, at::native::binary_internal::MulFunctor<float> >, std::array<char*, 3ul>, 4, TrivialOffsetCalculator<2, unsigned int>, TrivialOffsetCalculator<1, unsigned int>, at::native::memory::LoadWithCast<2>, at::native::memory::StoreWithCast<1> >(int, at::native::BinaryFunctor<float, float, float, at::native::binary_internal::MulFunctor<float> >, std::array<char*, 3ul>, TrivialOffsetCalculator<2, unsigned int>, TrivialOffsetCalculator<1, unsigned int>, at::native::memory::LoadWithCast<2>, at::native::memory::StoreWithCast<1>)",2,operator_shape_matched,"[[],[]]","[""bool"",""bool""]",null,1,1.888
null,aten::mul,"void at::native::unrolled_elementwise_kernel<at::native::BinaryFunctor<float, float, float, at::native::binary_internal::MulFunctor<float> >, std::array<char*, 3ul>, 4, TrivialOffsetCalculator<2, unsigned int>, TrivialOffsetCalculator<1, unsigned int>, at::native::memory::LoadWithCast<2>, at::native::memory::StoreWithCast<1> >(int, at::native::BinaryFunctor<float, float, float, at::native::binary_internal::MulFunctor<float> >, std::array<char*, 3ul>, TrivialOffsetCalculator<2, unsigned int>, TrivialOffsetCalculator<1, unsigned int>, at::native::memory::LoadWithCast<2>, at::native::memory::StoreWithCast<1>)",3,operator_shape_matched,"[[],[]]","[""float"",""long int""]",null,1,1.823
null,aten::mul,"void at::native::vectorized_elementwise_kernel<2, at::native::AUnaryFunctor<long, long, long, at::native::binary_internal::MulFunctor<long> >, std::array<char*, 2ul> >(int, at::native::AUnaryFunctor<long, long, long, at::native::binary_internal::MulFunctor<long> >, std::array<char*, 2ul>)",1,operator_shape_matched,"[[16],[]]","[""long int"",""long int""]",null,3,4.386
null,aten::mul,"void at::native::vectorized_elementwise_kernel<2, at::native::AUnaryFunctor<long, long, long, at::native::binary_internal::MulFunctor<long> >, std::array<char*, 2ul> >(int, at::native::AUnaryFunctor<long, long, long, at::native::binary_internal::MulFunctor<long> >, std::array<char*, 2ul>)",2,operator_shape_matched,"[[90712],[]]","[""long int"",""Scalar""]",null,1,3.456
null,aten::mul,"void at::native::vectorized_elementwise_kernel<2, at::native::AUnaryFunctor<long, long, long, at::native::binary_internal::MulFunctor<long> >, std::array<char*, 2ul> >(int, at::native::AUnaryFunctor<long, long, long, at::native::binary_internal::MulFunctor<long> >, std::array<char*, 2ul>)",3,operator_shape_matched,"[[11],[]]","[""long int"",""long int""]",null,2,3.04
null,aten::mul,"void at::native::vectorized_elementwise_kernel<2, at::native::AUnaryFunctor<long, long, long, at::native::binary_internal::MulFunctor<long> >, std::array<char*, 2ul> >(int, at::native::AUnaryFunctor<long, long, long, at::native::binary_internal::MulFunctor<long> >, std::array<char*, 2ul>)",4,operator_shape_matched,"[[13],[]]","[""long int"",""long int""]",null,2,3.008
null,aten::mul,"void at::native::vectorized_elementwise_kernel<2, at::native::AUnaryFunctor<long, long, long, at::native::binary_internal::MulFunctor<long> >, std::array<char*, 2ul> >(int, at::native::AUnaryFunctor<long, long, long, at::native::binary_internal::MulFunctor<long> >, std::array<char*, 2ul>)",5,operator_shape_matched,"[[61],[]]","[""long int"",""long int""]",null,2,3.007
null,aten::mul,"void at::native::vectorized_elementwise_kernel<2, at::native::AUnaryFunctor<long, long, long, at::native::binary_internal::MulFunctor<long> >, std::array<char*, 2ul> >(int, at::native::AUnaryFunctor<long, long, long, at::native::binary_internal::MulFunctor<long> >, std::array<char*, 2ul>)",6,operator_shape_matched,"[[24],[]]","[""long int"",""long int""]",null,2,2.912
null,aten::mul,"void at::native::vectorized_elementwise_kernel<2, at::native::AUnaryFunctor<long, long, long, at::native::binary_internal::MulFunctor<long> >, std::array<char*, 2ul> >(int, at::native::AUnaryFunctor<long, long, long, at::native::binary_internal::MulFunctor<long> >, std::array<char*, 2ul>)",7,operator_shape_matched,"[[90321],[]]","[""long int"",""long int""]",null,1,2.176
null,aten::mul,"void at::native::vectorized_elementwise_kernel<2, at::native::AUnaryFunctor<long, long, long, at::native::binary_internal::MulFunctor<long> >, std::array<char*, 2ul> >(int, at::native::AUnaryFunctor<long, long, long, at::native::binary_internal::MulFunctor<long> >, std::array<char*, 2ul>)",8,operator_shape_matched,"[[90870],[]]","[""long int"",""long int""]",null,1,2.111
null,aten::mul,"void at::native::vectorized_elementwise_kernel<2, at::native::AUnaryFunctor<long, long, long, at::native::binary_internal::MulFunctor<long> >, std::array<char*, 2ul> >(int, at::native::AUnaryFunctor<long, long, long, at::native::binary_internal::MulFunctor<long> >, std::array<char*, 2ul>)",9,operator_shape_matched,"[[906],[]]","[""long int"",""Scalar""]",null,1,1.887
null,aten::mul,"void at::native::vectorized_elementwise_kernel<2, at::native::AUnaryFunctor<long, long, long, at::native::binary_internal::MulFunctor<long> >, std::array<char*, 2ul> >(int, at::native::AUnaryFunctor<long, long, long, at::native::binary_internal::MulFunctor<long> >, std::array<char*, 2ul>)",10,operator_shape_matched,"[[58259],[]]","[""long int"",""long int""]",null,1,1.824
null,aten::mul,"void at::native::vectorized_elementwise_kernel<2, at::native::AUnaryFunctor<long, long, long, at::native::binary_internal::MulFunctor<long> >, std::array<char*, 2ul> >(int, at::native::AUnaryFunctor<long, long, long, at::native::binary_internal::MulFunctor<long> >, std::array<char*, 2ul>)",11,operator_shape_matched,"[[1170],[]]","[""long int"",""Scalar""]",null,1,1.793
null,aten::mul,"void at::native::vectorized_elementwise_kernel<2, at::native::AUnaryFunctor<long, long, long, at::native::binary_internal::MulFunctor<long> >, std::array<char*, 2ul> >(int, at::native::AUnaryFunctor<long, long, long, at::native::binary_internal::MulFunctor<long> >, std::array<char*, 2ul>)",12,operator_shape_matched,"[[94622],[]]","[""long int"",""long int""]",null,1,1.76
null,aten::mul,"void at::native::vectorized_elementwise_kernel<2, at::native::AUnaryFunctor<long, long, long, at::native::binary_internal::MulFunctor<long> >, std::array<char*, 2ul> >(int, at::native::AUnaryFunctor<long, long, long, at::native::binary_internal::MulFunctor<long> >, std::array<char*, 2ul>)",13,operator_shape_matched,"[[55913],[]]","[""long int"",""long int""]",null,1,1.76
null,aten::mul,"void at::native::vectorized_elementwise_kernel<2, at::native::AUnaryFunctor<long, long, long, at::native::binary_internal::MulFunctor<long> >, std::array<char*, 2ul> >(int, at::native::AUnaryFunctor<long, long, long, at::native::binary_internal::MulFunctor<long> >, std::array<char*, 2ul>)",14,operator_shape_matched,"[[143],[]]","[""long int"",""long int""]",null,1,1.728
null,aten::mul,"void at::native::vectorized_elementwise_kernel<2, at::native::AUnaryFunctor<long, long, long, at::native::binary_internal::MulFunctor<long> >, std::array<char*, 2ul> >(int, at::native::AUnaryFunctor<long, long, long, at::native::binary_internal::MulFunctor<long> >, std::array<char*, 2ul>)",15,operator_shape_matched,"[[25],[]]","[""long int"",""long int""]",null,1,1.728
null,aten::mul,"void at::native::vectorized_elementwise_kernel<2, at::native::AUnaryFunctor<long, long, long, at::native::binary_internal::MulFunctor<long> >, std::array<char*, 2ul> >(int, at::native::AUnaryFunctor<long, long, long, at::native::binary_internal::MulFunctor<long> >, std::array<char*, 2ul>)",16,operator_shape_matched,"[[96577],[]]","[""long int"",""Scalar""]",null,1,1.728
null,aten::mul,"void at::native::vectorized_elementwise_kernel<2, at::native::AUnaryFunctor<long, long, long, at::native::binary_internal::MulFunctor<long> >, std::array<char*, 2ul> >(int, at::native::AUnaryFunctor<long, long, long, at::native::binary_internal::MulFunctor<long> >, std::array<char*, 2ul>)",17,operator_shape_matched,"[[58650],[]]","[""long int"",""Scalar""]",null,1,1.696
null,aten::mul,"void at::native::vectorized_elementwise_kernel<2, at::native::AUnaryFunctor<long, long, long, at::native::binary_internal::MulFunctor<long> >, std::array<char*, 2ul> >(int, at::native::AUnaryFunctor<long, long, long, at::native::binary_internal::MulFunctor<long> >, std::array<char*, 2ul>)",18,operator_shape_matched,"[[96000],[]]","[""long int"",""long int""]",null,1,1.664
null,aten::mul,"void at::native::vectorized_elementwise_kernel<2, at::native::AUnaryFunctor<long, long, long, at::native::binary_internal::MulFunctor<long> >, std::array<char*, 2ul> >(int, at::native::AUnaryFunctor<long, long, long, at::native::binary_internal::MulFunctor<long> >, std::array<char*, 2ul>)",19,operator_shape_matched,"[[97800],[]]","[""long int"",""Scalar""]",null,1,1.632
null,aten::mul,"void at::native::vectorized_elementwise_kernel<2, at::native::AUnaryFunctor<long, long, long, at::native::binary_internal::MulFunctor<long> >, std::array<char*, 2ul> >(int, at::native::AUnaryFunctor<long, long, long, at::native::binary_internal::MulFunctor<long> >, std::array<char*, 2ul>)",20,operator_shape_matched,"[[1394],[]]","[""long int"",""Scalar""]",null,1,1.631
null,aten::mul,"void at::native::vectorized_elementwise_kernel<2, at::native::AUnaryFunctor<long, long, long, at::native::binary_internal::MulFunctor<long> >, std::array<char*, 2ul> >(int, at::native::AUnaryFunctor<long, long, long, at::native::binary_internal::MulFunctor<long> >, std::array<char*, 2ul>)",21,operator_shape_matched,"[[19],[]]","[""long int"",""long int""]",null,1,1.6
null,aten::mul,"void at::native::vectorized_elementwise_kernel<2, at::native::AUnaryFunctor<long, long, long, at::native::binary_internal::MulFunctor<long> >, std::array<char*, 2ul> >(int, at::native::AUnaryFunctor<long, long, long, at::native::binary_internal::MulFunctor<long> >, std::array<char*, 2ul>)",22,operator_shape_matched,"[[149],[]]","[""long int"",""long int""]",null,1,1.6
null,aten::mul,"void at::native::vectorized_elementwise_kernel<2, at::native::AUnaryFunctor<long, long, long, at::native::binary_internal::MulFunctor<long> >, std::array<char*, 2ul> >(int, at::native::AUnaryFunctor<long, long, long, at::native::binary_internal::MulFunctor<long> >, std::array<char*, 2ul>)",23,operator_shape_matched,"[[31],[]]","[""long int"",""long int""]",null,1,1.6
null,aten::mul,"void at::native::vectorized_elementwise_kernel<2, at::native::AUnaryFunctor<long, long, long, at::native::binary_internal::MulFunctor<long> >, std::array<char*, 2ul> >(int, at::native::AUnaryFunctor<long, long, long, at::native::binary_internal::MulFunctor<long> >, std::array<char*, 2ul>)",24,operator_shape_matched,"[[23],[]]","[""long int"",""long int""]",null,1,1.568
null,aten::mul,"void at::native::vectorized_elementwise_kernel<2, at::native::AUnaryFunctor<long, long, long, at::native::binary_internal::MulFunctor<long> >, std::array<char*, 2ul> >(int, at::native::AUnaryFunctor<long, long, long, at::native::binary_internal::MulFunctor<long> >, std::array<char*, 2ul>)",25,operator_shape_matched,"[[301],[]]","[""long int"",""Scalar""]",null,1,1.568
null,aten::mul,"void at::native::vectorized_elementwise_kernel<2, at::native::AUnaryFunctor<long, long, long, at::native::binary_internal::MulFunctor<long> >, std::array<char*, 2ul> >(int, at::native::AUnaryFunctor<long, long, long, at::native::binary_internal::MulFunctor<long> >, std::array<char*, 2ul>)",26,operator_shape_matched,"[[29],[]]","[""long int"",""long int""]",null,1,1.536
null,aten::mul,"void at::native::vectorized_elementwise_kernel<2, at::native::AUnaryFunctor<long, long, long, at::native::binary_internal::MulFunctor<long> >, std::array<char*, 2ul> >(int, at::native::AUnaryFunctor<long, long, long, at::native::binary_internal::MulFunctor<long> >, std::array<char*, 2ul>)",27,operator_shape_matched,"[[49],[]]","[""long int"",""long int""]",null,1,1.536
null,aten::mul,"void at::native::vectorized_elementwise_kernel<2, at::native::AUnaryFunctor<long, long, long, at::native::binary_internal::MulFunctor<long> >, std::array<char*, 2ul> >(int, at::native::AUnaryFunctor<long, long, long, at::native::binary_internal::MulFunctor<long> >, std::array<char*, 2ul>)",28,operator_shape_matched,"[[289],[]]","[""long int"",""Scalar""]",null,1,1.505
null,aten::mul,"void at::native::vectorized_elementwise_kernel<2, at::native::AUnaryFunctor<long, long, long, at::native::binary_internal::MulFunctor<long> >, std::array<char*, 2ul> >(int, at::native::AUnaryFunctor<long, long, long, at::native::binary_internal::MulFunctor<long> >, std::array<char*, 2ul>)",29,operator_shape_matched,"[[37],[]]","[""long int"",""long int""]",null,1,1.504
null,aten::mul,"void at::native::vectorized_elementwise_kernel<2, at::native::AUnaryFunctor<long, long, long, at::native::binary_internal::MulFunctor<long> >, std::array<char*, 2ul> >(int, at::native::AUnaryFunctor<long, long, long, at::native::binary_internal::MulFunctor<long> >, std::array<char*, 2ul>)",30,operator_shape_matched,"[[44],[]]","[""long int"",""long int""]",null,1,1.504
null,aten::mul,"void at::native::vectorized_elementwise_kernel<2, at::native::AUnaryFunctor<long, long, long, at::native::binary_internal::MulFunctor<long> >, std::array<char*, 2ul> >(int, at::native::AUnaryFunctor<long, long, long, at::native::binary_internal::MulFunctor<long> >, std::array<char*, 2ul>)",31,operator_shape_matched,"[[52],[]]","[""long int"",""long int""]",null,1,1.504
null,aten::mul,"void at::native::vectorized_elementwise_kernel<2, at::native::AUnaryFunctor<long, long, long, at::native::binary_internal::MulFunctor<long> >, std::array<char*, 2ul> >(int, at::native::AUnaryFunctor<long, long, long, at::native::binary_internal::MulFunctor<long> >, std::array<char*, 2ul>)",32,operator_shape_matched,"[[78],[]]","[""long int"",""long int""]",null,1,1.504
null,aten::mul,"void at::native::vectorized_elementwise_kernel<2, at::native::AUnaryFunctor<long, long, long, at::native::binary_internal::MulFunctor<long> >, std::array<char*, 2ul> >(int, at::native::AUnaryFunctor<long, long, long, at::native::binary_internal::MulFunctor<long> >, std::array<char*, 2ul>)",33,operator_shape_matched,"[[10],[]]","[""long int"",""long int""]",null,1,1.504
null,aten::mul,"void at::native::vectorized_elementwise_kernel<2, at::native::AUnaryFunctor<long, long, long, at::native::binary_internal::MulFunctor<long> >, std::array<char*, 2ul> >(int, at::native::AUnaryFunctor<long, long, long, at::native::binary_internal::MulFunctor<long> >, std::array<char*, 2ul>)",34,operator_shape_matched,"[[14],[]]","[""long int"",""long int""]",null,1,1.504
null,aten::mul,"void at::native::vectorized_elementwise_kernel<2, at::native::AUnaryFunctor<long, long, long, at::native::binary_internal::MulFunctor<long> >, std::array<char*, 2ul> >(int, at::native::AUnaryFunctor<long, long, long, at::native::binary_internal::MulFunctor<long> >, std::array<char*, 2ul>)",35,operator_shape_matched,"[[15],[]]","[""long int"",""long int""]",null,1,1.504
null,aten::mul,"void at::native::vectorized_elementwise_kernel<2, at::native::AUnaryFunctor<long, long, long, at::native::binary_internal::MulFunctor<long> >, std::array<char*, 2ul> >(int, at::native::AUnaryFunctor<long, long, long, at::native::binary_internal::MulFunctor<long> >, std::array<char*, 2ul>)",36,operator_shape_matched,"[[21],[]]","[""long int"",""long int""]",null,1,1.504
null,aten::mul,"void at::native::vectorized_elementwise_kernel<2, at::native::AUnaryFunctor<long, long, long, at::native::binary_internal::MulFunctor<long> >, std::array<char*, 2ul> >(int, at::native::AUnaryFunctor<long, long, long, at::native::binary_internal::MulFunctor<long> >, std::array<char*, 2ul>)",37,operator_shape_matched,"[[2612],[]]","[""long int"",""Scalar""]",null,1,1.504
null,aten::mul,"void at::native::vectorized_elementwise_kernel<2, at::native::AUnaryFunctor<long, long, long, at::native::binary_internal::MulFunctor<long> >, std::array<char*, 2ul> >(int, at::native::AUnaryFunctor<long, long, long, at::native::binary_internal::MulFunctor<long> >, std::array<char*, 2ul>)",38,operator_shape_matched,"[[33],[]]","[""long int"",""long int""]",null,1,1.504
null,aten::mul,"void at::native::vectorized_elementwise_kernel<2, at::native::AUnaryFunctor<long, long, long, at::native::binary_internal::MulFunctor<long> >, std::array<char*, 2ul> >(int, at::native::AUnaryFunctor<long, long, long, at::native::binary_internal::MulFunctor<long> >, std::array<char*, 2ul>)",39,operator_shape_matched,"[[35],[]]","[""long int"",""long int""]",null,1,1.504
null,aten::mul,"void at::native::vectorized_elementwise_kernel<2, at::native::AUnaryFunctor<long, long, long, at::native::binary_internal::MulFunctor<long> >, std::array<char*, 2ul> >(int, at::native::AUnaryFunctor<long, long, long, at::native::binary_internal::MulFunctor<long> >, std::array<char*, 2ul>)",40,operator_shape_matched,"[[12],[]]","[""long int"",""long int""]",null,1,1.472
null,aten::mul,"void at::native::vectorized_elementwise_kernel<2, at::native::AUnaryFunctor<long, long, long, at::native::binary_internal::MulFunctor<long> >, std::array<char*, 2ul> >(int, at::native::AUnaryFunctor<long, long, long, at::native::binary_internal::MulFunctor<long> >, std::array<char*, 2ul>)",41,operator_shape_matched,"[[56304],[]]","[""long int"",""Scalar""]",null,1,1.471
null,aten::mul,"void at::native::vectorized_elementwise_kernel<2, at::native::AUnaryFunctor<long, long, long, at::native::binary_internal::MulFunctor<long> >, std::array<char*, 2ul> >(int, at::native::AUnaryFunctor<long, long, long, at::native::binary_internal::MulFunctor<long> >, std::array<char*, 2ul>)",42,operator_shape_matched,"[[94380],[]]","[""long int"",""Scalar""]",null,1,1.471
null,aten::mul,"void at::native::vectorized_elementwise_kernel<2, at::native::AUnaryFunctor<long, long, long, at::native::binary_internal::MulFunctor<long> >, std::array<char*, 2ul> >(int, at::native::AUnaryFunctor<long, long, long, at::native::binary_internal::MulFunctor<long> >, std::array<char*, 2ul>)",43,operator_shape_matched,"[[73],[]]","[""long int"",""long int""]",null,1,1.44
null,aten::mul,"void at::native::vectorized_elementwise_kernel<2, at::native::AUnaryFunctor<long, long, long, at::native::binary_internal::MulFunctor<long> >, std::array<char*, 2ul> >(int, at::native::AUnaryFunctor<long, long, long, at::native::binary_internal::MulFunctor<long> >, std::array<char*, 2ul>)",44,operator_shape_matched,"[[51],[]]","[""long int"",""long int""]",null,1,1.408
null,aten::mul,"void at::native::vectorized_elementwise_kernel<2, at::native::AUnaryFunctor<long, long, long, at::native::binary_internal::MulFunctor<long> >, std::array<char*, 2ul> >(int, at::native::AUnaryFunctor<long, long, long, at::native::binary_internal::MulFunctor<long> >, std::array<char*, 2ul>)",45,operator_shape_matched,"[[109],[]]","[""long int"",""long int""]",null,1,1.375
null,aten::mul,"void at::native::vectorized_elementwise_kernel<4, at::native::AUnaryFunctor<float, float, float, at::native::binary_internal::MulFunctor<float> >, std::array<char*, 2ul> >(int, at::native::AUnaryFunctor<float, float, float, at::native::binary_internal::MulFunctor<float> >, std::array<char*, 2ul>)",1,operator_shape_matched,"[[98304,4096],[]]","[""float"",""Scalar""]",null,3,3181.265
null,aten::mul,"void at::native::vectorized_elementwise_kernel<4, at::native::AUnaryFunctor<float, float, float, at::native::binary_internal::MulFunctor<float> >, std::array<char*, 2ul> >(int, at::native::AUnaryFunctor<float, float, float, at::native::binary_internal::MulFunctor<float> >, std::array<char*, 2ul>)",2,operator_shape_matched,"[[98304,4096],[]]","[""float"",""double""]",null,3,3181.073
null,aten::mul,"void at::native::vectorized_elementwise_kernel<4, at::native::AUnaryFunctor<float, float, float, at::native::binary_internal::MulFunctor<float> >, std::array<char*, 2ul> >(int, at::native::AUnaryFunctor<float, float, float, at::native::binary_internal::MulFunctor<float> >, std::array<char*, 2ul>)",3,operator_shape_matched,"[[3072,4096],[]]","[""float"",""double""]",null,3,104.512
null,aten::mul,"void at::native::vectorized_elementwise_kernel<4, at::native::AUnaryFunctor<float, float, float, at::native::binary_internal::MulFunctor<float> >, std::array<char*, 2ul> >(int, at::native::AUnaryFunctor<float, float, float, at::native::binary_internal::MulFunctor<float> >, std::array<char*, 2ul>)",4,operator_shape_matched,"[[3072,4096],[]]","[""float"",""Scalar""]",null,3,104.288
null,aten::mul,"void at::native::vectorized_elementwise_kernel<4, at::native::AUnaryFunctor<float, float, float, at::native::binary_internal::MulFunctor<float> >, std::array<char*, 2ul> >(int, at::native::AUnaryFunctor<float, float, float, at::native::binary_internal::MulFunctor<float> >, std::array<char*, 2ul>)",5,operator_shape_matched,"[[1,98970,128],[]]","[""float"",""double""]",null,2,69.472
null,aten::mul,"void at::native::vectorized_elementwise_kernel<4, at::native::AUnaryFunctor<float, float, float, at::native::binary_internal::MulFunctor<float> >, std::array<char*, 2ul> >(int, at::native::AUnaryFunctor<float, float, float, at::native::binary_internal::MulFunctor<float> >, std::array<char*, 2ul>)",6,operator_shape_matched,"[[1,97971,128],[]]","[""float"",""double""]",null,2,69.28
null,aten::mul,"void at::native::vectorized_elementwise_kernel<4, at::native::AUnaryFunctor<float, float, float, at::native::binary_internal::MulFunctor<float> >, std::array<char*, 2ul> >(int, at::native::AUnaryFunctor<float, float, float, at::native::binary_internal::MulFunctor<float> >, std::array<char*, 2ul>)",7,operator_shape_matched,"[[1,96992,128],[]]","[""float"",""double""]",null,2,68.384
null,aten::mul,"void at::native::vectorized_elementwise_kernel<4, at::native::AUnaryFunctor<float, float, float, at::native::binary_internal::MulFunctor<float> >, std::array<char*, 2ul> >(int, at::native::AUnaryFunctor<float, float, float, at::native::binary_internal::MulFunctor<float> >, std::array<char*, 2ul>)",8,operator_shape_matched,"[[1,91618,128],[]]","[""float"",""double""]",null,2,66.048
null,aten::mul,"void at::native::vectorized_elementwise_kernel<4, at::native::AUnaryFunctor<float, float, float, at::native::binary_internal::MulFunctor<float> >, std::array<char*, 2ul> >(int, at::native::AUnaryFunctor<float, float, float, at::native::binary_internal::MulFunctor<float> >, std::array<char*, 2ul>)",9,operator_shape_matched,"[[1,58939,128],[]]","[""float"",""double""]",null,2,41.056
null,aten::mul,"void at::native::vectorized_elementwise_kernel<4, at::native::AUnaryFunctor<float, float, float, at::native::binary_internal::MulFunctor<float> >, std::array<char*, 2ul> >(int, at::native::AUnaryFunctor<float, float, float, at::native::binary_internal::MulFunctor<float> >, std::array<char*, 2ul>)",10,operator_shape_matched,"[[1,56605,128],[]]","[""float"",""double""]",null,2,33.6
null,aten::mul,"void at::native::vectorized_elementwise_kernel<4, at::native::AUnaryFunctor<float, float, float, at::native::binary_internal::MulFunctor<float> >, std::array<char*, 2ul> >(int, at::native::AUnaryFunctor<float, float, float, at::native::binary_internal::MulFunctor<float> >, std::array<char*, 2ul>)",11,operator_shape_matched,"[[1,48,150,34,46],[]]","[""float"",""Scalar""]",null,1,31.392
null,aten::mul,"void at::native::vectorized_elementwise_kernel<4, at::native::AUnaryFunctor<float, float, float, at::native::binary_internal::MulFunctor<float> >, std::array<char*, 2ul> >(int, at::native::AUnaryFunctor<float, float, float, at::native::binary_internal::MulFunctor<float> >, std::array<char*, 2ul>)",12,operator_shape_matched,"[[1,48,144,34,46],[]]","[""float"",""Scalar""]",null,1,29.824
null,aten::mul,"void at::native::vectorized_elementwise_kernel<4, at::native::AUnaryFunctor<float, float, float, at::native::binary_internal::MulFunctor<float> >, std::array<char*, 2ul> >(int, at::native::AUnaryFunctor<float, float, float, at::native::binary_internal::MulFunctor<float> >, std::array<char*, 2ul>)",13,operator_shape_matched,"[[1,48,109,34,46],[]]","[""float"",""Scalar""]",null,1,21.504
null,aten::mul,"void at::native::vectorized_elementwise_kernel<4, at::native::AUnaryFunctor<float, float, float, at::native::binary_internal::MulFunctor<float> >, std::array<char*, 2ul> >(int, at::native::AUnaryFunctor<float, float, float, at::native::binary_internal::MulFunctor<float> >, std::array<char*, 2ul>)",14,operator_shape_matched,"[[1,48,73,34,46],[]]","[""float"",""Scalar""]",null,1,12.48
null,aten::mul,"void at::native::vectorized_elementwise_kernel<4, at::native::AUnaryFunctor<float, float, float, at::native::binary_internal::MulFunctor<float> >, std::array<char*, 2ul> >(int, at::native::AUnaryFunctor<float, float, float, at::native::binary_internal::MulFunctor<float> >, std::array<char*, 2ul>)",15,operator_shape_matched,"[[],[]]","[""float"",""double""]",null,7,10.947
null,aten::mul,"void at::native::vectorized_elementwise_kernel<4, at::native::AUnaryFunctor<float, float, float, at::native::binary_internal::MulFunctor<float> >, std::array<char*, 2ul> >(int, at::native::AUnaryFunctor<float, float, float, at::native::binary_internal::MulFunctor<float> >, std::array<char*, 2ul>)",16,operator_shape_matched,"[[1,48,61,34,46],[]]","[""float"",""Scalar""]",null,1,9.248
null,aten::mul,"void at::native::vectorized_elementwise_kernel<4, at::native::AUnaryFunctor<float, float, float, at::native::binary_internal::MulFunctor<float> >, std::array<char*, 2ul> >(int, at::native::AUnaryFunctor<float, float, float, at::native::binary_internal::MulFunctor<float> >, std::array<char*, 2ul>)",17,operator_shape_matched,"[[1,48,79,30,40],[]]","[""float"",""Scalar""]",null,1,9.153
null,aten::mul,"void at::native::vectorized_elementwise_kernel<4, at::native::AUnaryFunctor<float, float, float, at::native::binary_internal::MulFunctor<float> >, std::array<char*, 2ul> >(int, at::native::AUnaryFunctor<float, float, float, at::native::binary_internal::MulFunctor<float> >, std::array<char*, 2ul>)",18,operator_shape_matched,"[[1,48,25,34,46],[]]","[""float"",""Scalar""]",null,2,8.225
null,aten::mul,"void at::native::vectorized_elementwise_kernel<4, at::native::AUnaryFunctor<float, float, float, at::native::binary_internal::MulFunctor<float> >, std::array<char*, 2ul> >(int, at::native::AUnaryFunctor<float, float, float, at::native::binary_internal::MulFunctor<float> >, std::array<char*, 2ul>)",19,operator_shape_matched,"[[1,48,25,34,46],[]]","[""float"",""double""]",null,2,7.68
null,aten::mul,"void at::native::vectorized_elementwise_kernel<4, at::native::AUnaryFunctor<float, float, float, at::native::binary_internal::MulFunctor<float> >, std::array<char*, 2ul> >(int, at::native::AUnaryFunctor<float, float, float, at::native::binary_internal::MulFunctor<float> >, std::array<char*, 2ul>)",20,operator_shape_matched,"[[1,48,52,34,46],[]]","[""float"",""Scalar""]",null,1,7.392
null,aten::mul,"void at::native::vectorized_elementwise_kernel<4, at::native::AUnaryFunctor<float, float, float, at::native::binary_internal::MulFunctor<float> >, std::array<char*, 2ul> >(int, at::native::AUnaryFunctor<float, float, float, at::native::binary_internal::MulFunctor<float> >, std::array<char*, 2ul>)",21,operator_shape_matched,"[[1,48,63,30,40],[]]","[""float"",""Scalar""]",null,1,6.72
null,aten::mul,"void at::native::vectorized_elementwise_kernel<4, at::native::AUnaryFunctor<float, float, float, at::native::binary_internal::MulFunctor<float> >, std::array<char*, 2ul> >(int, at::native::AUnaryFunctor<float, float, float, at::native::binary_internal::MulFunctor<float> >, std::array<char*, 2ul>)",22,operator_shape_matched,"[[1,48,52,30,40],[]]","[""float"",""Scalar""]",null,1,5.889
null,aten::mul,"void at::native::vectorized_elementwise_kernel<4, at::native::AUnaryFunctor<float, float, float, at::native::binary_internal::MulFunctor<float> >, std::array<char*, 2ul> >(int, at::native::AUnaryFunctor<float, float, float, at::native::binary_internal::MulFunctor<float> >, std::array<char*, 2ul>)",23,operator_shape_matched,"[[1,48,35,30,52],[]]","[""float"",""Scalar""]",null,1,5.888
null,aten::mul,"void at::native::vectorized_elementwise_kernel<4, at::native::AUnaryFunctor<float, float, float, at::native::binary_internal::MulFunctor<float> >, std::array<char*, 2ul> >(int, at::native::AUnaryFunctor<float, float, float, at::native::binary_internal::MulFunctor<float> >, std::array<char*, 2ul>)",24,operator_shape_matched,"[[1,48,37,34,46],[]]","[""float"",""Scalar""]",null,1,5.6
null,aten::mul,"void at::native::vectorized_elementwise_kernel<4, at::native::AUnaryFunctor<float, float, float, at::native::binary_internal::MulFunctor<float> >, std::array<char*, 2ul> >(int, at::native::AUnaryFunctor<float, float, float, at::native::binary_internal::MulFunctor<float> >, std::array<char*, 2ul>)",25,operator_shape_matched,"[[1,48,50,30,40],[]]","[""float"",""Scalar""]",null,1,5.567
null,aten::mul,"void at::native::vectorized_elementwise_kernel<4, at::native::AUnaryFunctor<float, float, float, at::native::binary_internal::MulFunctor<float> >, std::array<char*, 2ul> >(int, at::native::AUnaryFunctor<float, float, float, at::native::binary_internal::MulFunctor<float> >, std::array<char*, 2ul>)",26,operator_shape_matched,"[[98304,1],[]]","[""float"",""double""]",null,3,5.345
null,aten::mul,"void at::native::vectorized_elementwise_kernel<4, at::native::AUnaryFunctor<float, float, float, at::native::binary_internal::MulFunctor<float> >, std::array<char*, 2ul> >(int, at::native::AUnaryFunctor<float, float, float, at::native::binary_internal::MulFunctor<float> >, std::array<char*, 2ul>)",27,operator_shape_matched,"[[98304,1],[]]","[""float"",""Scalar""]",null,3,5.281
null,aten::mul,"void at::native::vectorized_elementwise_kernel<4, at::native::AUnaryFunctor<float, float, float, at::native::binary_internal::MulFunctor<float> >, std::array<char*, 2ul> >(int, at::native::AUnaryFunctor<float, float, float, at::native::binary_internal::MulFunctor<float> >, std::array<char*, 2ul>)",28,operator_shape_matched,"[[1,48,29,30,52],[]]","[""float"",""Scalar""]",null,1,5.216
null,aten::mul,"void at::native::vectorized_elementwise_kernel<4, at::native::AUnaryFunctor<float, float, float, at::native::binary_internal::MulFunctor<float> >, std::array<char*, 2ul> >(int, at::native::AUnaryFunctor<float, float, float, at::native::binary_internal::MulFunctor<float> >, std::array<char*, 2ul>)",29,operator_shape_matched,"[[1,48,44,30,40],[]]","[""float"",""Scalar""]",null,1,5.184
null,aten::mul,"void at::native::vectorized_elementwise_kernel<4, at::native::AUnaryFunctor<float, float, float, at::native::binary_internal::MulFunctor<float> >, std::array<char*, 2ul> >(int, at::native::AUnaryFunctor<float, float, float, at::native::binary_internal::MulFunctor<float> >, std::array<char*, 2ul>)",30,operator_shape_matched,"[[1,48,31,34,46],[]]","[""float"",""Scalar""]",null,1,5.12
null,aten::mul,"void at::native::vectorized_elementwise_kernel<4, at::native::AUnaryFunctor<float, float, float, at::native::binary_internal::MulFunctor<float> >, std::array<char*, 2ul> >(int, at::native::AUnaryFunctor<float, float, float, at::native::binary_internal::MulFunctor<float> >, std::array<char*, 2ul>)",31,operator_shape_matched,"[[1,48,38,30,40],[]]","[""float"",""Scalar""]",null,1,4.512
null,aten::mul,"void at::native::vectorized_elementwise_kernel<4, at::native::AUnaryFunctor<float, float, float, at::native::binary_internal::MulFunctor<float> >, std::array<char*, 2ul> >(int, at::native::AUnaryFunctor<float, float, float, at::native::binary_internal::MulFunctor<float> >, std::array<char*, 2ul>)",32,operator_shape_matched,"[[],[]]","[""bool"",""bool""]",null,3,4.481
null,aten::mul,"void at::native::vectorized_elementwise_kernel<4, at::native::AUnaryFunctor<float, float, float, at::native::binary_internal::MulFunctor<float> >, std::array<char*, 2ul> >(int, at::native::AUnaryFunctor<float, float, float, at::native::binary_internal::MulFunctor<float> >, std::array<char*, 2ul>)",33,operator_shape_matched,"[[3072,1],[]]","[""float"",""double""]",null,3,4
null,aten::mul,"void at::native::vectorized_elementwise_kernel<4, at::native::AUnaryFunctor<float, float, float, at::native::binary_internal::MulFunctor<float> >, std::array<char*, 2ul> >(int, at::native::AUnaryFunctor<float, float, float, at::native::binary_internal::MulFunctor<float> >, std::array<char*, 2ul>)",34,operator_shape_matched,"[[1,48,22,30,52],[]]","[""float"",""Scalar""]",null,1,3.904
null,aten::mul,"void at::native::vectorized_elementwise_kernel<4, at::native::AUnaryFunctor<float, float, float, at::native::binary_internal::MulFunctor<float> >, std::array<char*, 2ul> >(int, at::native::AUnaryFunctor<float, float, float, at::native::binary_internal::MulFunctor<float> >, std::array<char*, 2ul>)",35,operator_shape_matched,"[[3072,1],[]]","[""float"",""Scalar""]",null,3,3.904
null,aten::mul,"void at::native::vectorized_elementwise_kernel<4, at::native::AUnaryFunctor<float, float, float, at::native::binary_internal::MulFunctor<float> >, std::array<char*, 2ul> >(int, at::native::AUnaryFunctor<float, float, float, at::native::binary_internal::MulFunctor<float> >, std::array<char*, 2ul>)",36,operator_shape_matched,"[[1,48,17,30,52],[]]","[""float"",""Scalar""]",null,1,3.552
null,aten::mul,"void at::native::vectorized_elementwise_kernel<4, at::native::AUnaryFunctor<float, float, float, at::native::binary_internal::MulFunctor<float> >, std::array<char*, 2ul> >(int, at::native::AUnaryFunctor<float, float, float, at::native::binary_internal::MulFunctor<float> >, std::array<char*, 2ul>)",37,operator_shape_matched,"[[1,48,19,30,52],[]]","[""float"",""Scalar""]",null,1,3.328
null,aten::mul,"void at::native::vectorized_elementwise_kernel<4, at::native::AUnaryFunctor<float, float, float, at::native::binary_internal::MulFunctor<float> >, std::array<char*, 2ul> >(int, at::native::AUnaryFunctor<float, float, float, at::native::binary_internal::MulFunctor<float> >, std::array<char*, 2ul>)",38,operator_shape_matched,"[[1,48,16,30,52],[]]","[""float"",""Scalar""]",null,1,3.296
null,aten::mul,"void at::native::vectorized_elementwise_kernel<4, at::native::AUnaryFunctor<float, float, float, at::native::binary_internal::MulFunctor<float> >, std::array<char*, 2ul> >(int, at::native::AUnaryFunctor<float, float, float, at::native::binary_internal::MulFunctor<float> >, std::array<char*, 2ul>)",39,operator_shape_matched,"[[1,48,15,30,52],[]]","[""float"",""double""]",null,1,3.04
null,aten::mul,"void at::native::vectorized_elementwise_kernel<4, at::native::AUnaryFunctor<float, float, float, at::native::binary_internal::MulFunctor<float> >, std::array<char*, 2ul> >(int, at::native::AUnaryFunctor<float, float, float, at::native::binary_internal::MulFunctor<float> >, std::array<char*, 2ul>)",40,operator_shape_matched,"[[1,48,11,30,52],[]]","[""float"",""Scalar""]",null,1,2.784
null,aten::mul,"void at::native::vectorized_elementwise_kernel<4, at::native::AUnaryFunctor<float, float, float, at::native::binary_internal::MulFunctor<float> >, std::array<char*, 2ul> >(int, at::native::AUnaryFunctor<float, float, float, at::native::binary_internal::MulFunctor<float> >, std::array<char*, 2ul>)",41,operator_shape_matched,"[[1,48,15,30,52],[]]","[""float"",""Scalar""]",null,1,2.688
null,aten::mul,"void at::native::vectorized_elementwise_kernel<4, at::native::AUnaryFunctor<float, float, float, at::native::binary_internal::MulFunctor<float> >, std::array<char*, 2ul> >(int, at::native::AUnaryFunctor<float, float, float, at::native::binary_internal::MulFunctor<float> >, std::array<char*, 2ul>)",42,operator_shape_matched,"[[1,48,14,30,52],[]]","[""float"",""Scalar""]",null,1,2.688
null,aten::mul,"void at::native::vectorized_elementwise_kernel<4, at::native::AUnaryFunctor<float, float, float, at::native::binary_internal::MulFunctor<float> >, std::array<char*, 2ul> >(int, at::native::AUnaryFunctor<float, float, float, at::native::binary_internal::MulFunctor<float> >, std::array<char*, 2ul>)",43,operator_shape_matched,"[[1,48,16,34,46],[]]","[""float"",""Scalar""]",null,1,2.656
null,aten::mul,"void at::native::vectorized_elementwise_kernel<4, at::native::AUnaryFunctor<float, float, float, at::native::binary_internal::MulFunctor<float> >, std::array<char*, 2ul> >(int, at::native::AUnaryFunctor<float, float, float, at::native::binary_internal::MulFunctor<float> >, std::array<char*, 2ul>)",44,operator_shape_matched,"[[1,48,13,30,52],[]]","[""float"",""Scalar""]",null,1,2.496
null,aten::mul,"void at::native::vectorized_elementwise_kernel<4, at::native::AUnaryFunctor<float, float, float, at::native::binary_internal::MulFunctor<float> >, std::array<char*, 2ul> >(int, at::native::AUnaryFunctor<float, float, float, at::native::binary_internal::MulFunctor<float> >, std::array<char*, 2ul>)",45,operator_shape_matched,"[[1,48,13,30,52],[]]","[""float"",""double""]",null,1,2.496
null,aten::mul,"void at::native::vectorized_elementwise_kernel<4, at::native::AUnaryFunctor<float, float, float, at::native::binary_internal::MulFunctor<float> >, std::array<char*, 2ul> >(int, at::native::AUnaryFunctor<float, float, float, at::native::binary_internal::MulFunctor<float> >, std::array<char*, 2ul>)",46,operator_shape_matched,"[[1,1],[]]","[""float"",""long int""]",null,2,2.464
null,aten::mul,"void at::native::vectorized_elementwise_kernel<4, at::native::AUnaryFunctor<float, float, float, at::native::binary_internal::MulFunctor<float> >, std::array<char*, 2ul> >(int, at::native::AUnaryFunctor<float, float, float, at::native::binary_internal::MulFunctor<float> >, std::array<char*, 2ul>)",47,operator_shape_matched,"[[1,48,11,30,52],[]]","[""float"",""double""]",null,1,2.432
null,aten::mul,"void at::native::vectorized_elementwise_kernel<4, at::native::AUnaryFunctor<float, float, float, at::native::binary_internal::MulFunctor<float> >, std::array<char*, 2ul> >(int, at::native::AUnaryFunctor<float, float, float, at::native::binary_internal::MulFunctor<float> >, std::array<char*, 2ul>)",48,operator_shape_matched,"[[1,48,12,30,52],[]]","[""float"",""Scalar""]",null,1,2.4
null,aten::mul,"void at::native::vectorized_elementwise_kernel<4, at::native::AUnaryFunctor<float, float, float, at::native::binary_internal::MulFunctor<float> >, std::array<char*, 2ul> >(int, at::native::AUnaryFunctor<float, float, float, at::native::binary_internal::MulFunctor<float> >, std::array<char*, 2ul>)",49,operator_shape_matched,"[[55913],[]]","[""long int"",""Scalar""]",null,1,2.176
null,aten::mul,"void at::native::vectorized_elementwise_kernel<4, at::native::AUnaryFunctor<float, float, float, at::native::binary_internal::MulFunctor<float> >, std::array<char*, 2ul> >(int, at::native::AUnaryFunctor<float, float, float, at::native::binary_internal::MulFunctor<float> >, std::array<char*, 2ul>)",50,operator_shape_matched,"[[90870],[]]","[""long int"",""Scalar""]",null,1,2.048
null,aten::mul,"void at::native::vectorized_elementwise_kernel<4, at::native::AUnaryFunctor<float, float, float, at::native::binary_internal::MulFunctor<float> >, std::array<char*, 2ul> >(int, at::native::AUnaryFunctor<float, float, float, at::native::binary_internal::MulFunctor<float> >, std::array<char*, 2ul>)",51,operator_shape_matched,"[[96000],[]]","[""long int"",""Scalar""]",null,1,2.016
null,aten::mul,"void at::native::vectorized_elementwise_kernel<4, at::native::AUnaryFunctor<float, float, float, at::native::binary_internal::MulFunctor<float> >, std::array<char*, 2ul> >(int, at::native::AUnaryFunctor<float, float, float, at::native::binary_internal::MulFunctor<float> >, std::array<char*, 2ul>)",52,operator_shape_matched,"[[58259],[]]","[""long int"",""Scalar""]",null,1,1.952
null,aten::mul,"void at::native::vectorized_elementwise_kernel<4, at::native::AUnaryFunctor<float, float, float, at::native::binary_internal::MulFunctor<float> >, std::array<char*, 2ul> >(int, at::native::AUnaryFunctor<float, float, float, at::native::binary_internal::MulFunctor<float> >, std::array<char*, 2ul>)",53,operator_shape_matched,"[[90321],[]]","[""long int"",""Scalar""]",null,1,1.951
null,aten::mul,"void at::native::vectorized_elementwise_kernel<4, at::native::AUnaryFunctor<float, float, float, at::native::binary_internal::MulFunctor<float> >, std::array<char*, 2ul> >(int, at::native::AUnaryFunctor<float, float, float, at::native::binary_internal::MulFunctor<float> >, std::array<char*, 2ul>)",54,operator_shape_matched,"[[94622],[]]","[""long int"",""Scalar""]",null,1,1.824
null,aten::mul,"void at::native::vectorized_elementwise_kernel<4, at::native::AUnaryFunctor<float, float, float, at::native::binary_internal::MulFunctor<float> >, std::array<char*, 2ul> >(int, at::native::AUnaryFunctor<float, float, float, at::native::binary_internal::MulFunctor<float> >, std::array<char*, 2ul>)",55,operator_shape_matched,"[[],[]]","[""c10::BFloat16"",""double""]",null,1,1.376
null,aten::mul,"void at::native::vectorized_elementwise_kernel<4, at::native::AUnaryFunctor<float, float, float, at::native::binary_internal::MulFunctor<float> >, std::array<char*, 2ul> >(int, at::native::AUnaryFunctor<float, float, float, at::native::binary_internal::MulFunctor<float> >, std::array<char*, 2ul>)",56,operator_shape_matched,"[[],[]]","[""float"",""long int""]",null,1,1.375
null,aten::mul,"void at::native::vectorized_elementwise_kernel<4, at::native::AUnaryFunctor<float, float, float, at::native::binary_internal::MulFunctor<float> >, std::array<char*, 2ul> >(int, at::native::AUnaryFunctor<float, float, float, at::native::binary_internal::MulFunctor<float> >, std::array<char*, 2ul>)",57,operator_shape_matched,"[[7,1],[]]","[""float"",""long int""]",null,1,1.344
null,aten::mul,"void at::native::vectorized_elementwise_kernel<4, at::native::AUnaryFunctor<float, float, float, at::native::binary_internal::MulFunctor<float> >, std::array<char*, 2ul> >(int, at::native::AUnaryFunctor<float, float, float, at::native::binary_internal::MulFunctor<float> >, std::array<char*, 2ul>)",58,operator_shape_matched,"[[14,1],[]]","[""float"",""long int""]",null,1,1.248
null,aten::mul,"void at::native::vectorized_elementwise_kernel<4, at::native::AUnaryFunctor<float, float, float, at::native::binary_internal::MulFunctor<float> >, std::array<char*, 2ul> >(int, at::native::AUnaryFunctor<float, float, float, at::native::binary_internal::MulFunctor<float> >, std::array<char*, 2ul>)",59,operator_shape_matched,"[[4,1],[]]","[""float"",""long int""]",null,1,1.248
null,aten::mul,"void at::native::vectorized_elementwise_kernel<4, at::native::AUnaryFunctor<float, float, float, at::native::binary_internal::MulFunctor<float> >, std::array<char*, 2ul> >(int, at::native::AUnaryFunctor<float, float, float, at::native::binary_internal::MulFunctor<float> >, std::array<char*, 2ul>)",60,operator_shape_matched,"[[6,1],[]]","[""float"",""long int""]",null,1,1.184
null,aten::mul,"void at::native::vectorized_elementwise_kernel<4, at::native::BinaryFunctor<bool, bool, bool, at::native::binary_internal::MulFunctor<bool> >, std::array<char*, 3ul> >(int, at::native::BinaryFunctor<bool, bool, bool, at::native::binary_internal::MulFunctor<bool> >, std::array<char*, 3ul>)",1,operator_shape_matched,"[[],[]]","[""bool"",""bool""]",null,45,60.676
null,aten::mul,"void at::native::vectorized_elementwise_kernel<4, at::native::BinaryFunctor<bool, bool, bool, at::native::binary_internal::MulFunctor<bool> >, std::array<char*, 3ul> >(int, at::native::BinaryFunctor<bool, bool, bool, at::native::binary_internal::MulFunctor<bool> >, std::array<char*, 3ul>)",2,operator_shape_matched,"[[],[]]","[""float"",""double""]",null,2,2.752
null,aten::mul,"void at::native::vectorized_elementwise_kernel<4, at::native::BinaryFunctor<bool, bool, bool, at::native::binary_internal::MulFunctor<bool> >, std::array<char*, 3ul> >(int, at::native::BinaryFunctor<bool, bool, bool, at::native::binary_internal::MulFunctor<bool> >, std::array<char*, 3ul>)",3,operator_shape_matched,"[[],[]]","[""c10::BFloat16"",""double""]",null,1,1.6
null,aten::mul,"void at::native::vectorized_elementwise_kernel<4, at::native::BinaryFunctor<bool, bool, bool, at::native::binary_internal::MulFunctor<bool> >, std::array<char*, 3ul> >(int, at::native::BinaryFunctor<bool, bool, bool, at::native::binary_internal::MulFunctor<bool> >, std::array<char*, 3ul>)",4,operator_shape_matched,"[[],[]]","[""float"",""long int""]",null,1,1.344
null,aten::mul,"void at::native::vectorized_elementwise_kernel<4, at::native::BinaryFunctor<float, float, float, at::native::binary_internal::MulFunctor<float> >, std::array<char*, 3ul> >(int, at::native::BinaryFunctor<float, float, float, at::native::binary_internal::MulFunctor<float> >, std::array<char*, 3ul>)",1,operator_shape_matched,"[[98304,4096],[98304,4096]]","[""float"",""float""]",null,12,18752.966
null,aten::mul,"void at::native::vectorized_elementwise_kernel<4, at::native::BinaryFunctor<float, float, float, at::native::binary_internal::MulFunctor<float> >, std::array<char*, 3ul> >(int, at::native::BinaryFunctor<float, float, float, at::native::binary_internal::MulFunctor<float> >, std::array<char*, 3ul>)",2,operator_shape_matched,"[[3072,4096],[3072,4096]]","[""float"",""float""]",null,12,619.969
null,aten::mul,"void at::native::vectorized_elementwise_kernel<4, at::native::BinaryFunctor<float, float, float, at::native::binary_internal::MulFunctor<float> >, std::array<char*, 3ul> >(int, at::native::BinaryFunctor<float, float, float, at::native::binary_internal::MulFunctor<float> >, std::array<char*, 3ul>)",3,operator_shape_matched,"[[1,48,150,34,46],[1,48,150,34,46]]","[""float"",""float""]",null,1,46.273
null,aten::mul,"void at::native::vectorized_elementwise_kernel<4, at::native::BinaryFunctor<float, float, float, at::native::binary_internal::MulFunctor<float> >, std::array<char*, 3ul> >(int, at::native::BinaryFunctor<float, float, float, at::native::binary_internal::MulFunctor<float> >, std::array<char*, 3ul>)",4,operator_shape_matched,"[[1,48,144,34,46],[1,48,144,34,46]]","[""float"",""float""]",null,1,45.536
null,aten::mul,"void at::native::vectorized_elementwise_kernel<4, at::native::BinaryFunctor<float, float, float, at::native::binary_internal::MulFunctor<float> >, std::array<char*, 3ul> >(int, at::native::BinaryFunctor<float, float, float, at::native::binary_internal::MulFunctor<float> >, std::array<char*, 3ul>)",5,operator_shape_matched,"[[1,48,109,34,46],[1,48,109,34,46]]","[""float"",""float""]",null,1,34.208
null,aten::mul,"void at::native::vectorized_elementwise_kernel<4, at::native::BinaryFunctor<float, float, float, at::native::binary_internal::MulFunctor<float> >, std::array<char*, 3ul> >(int, at::native::BinaryFunctor<float, float, float, at::native::binary_internal::MulFunctor<float> >, std::array<char*, 3ul>)",6,operator_shape_matched,"[[1,48,73,34,46],[1,48,73,34,46]]","[""float"",""float""]",null,1,20.736
null,aten::mul,"void at::native::vectorized_elementwise_kernel<4, at::native::BinaryFunctor<float, float, float, at::native::binary_internal::MulFunctor<float> >, std::array<char*, 3ul> >(int, at::native::BinaryFunctor<float, float, float, at::native::binary_internal::MulFunctor<float> >, std::array<char*, 3ul>)",7,operator_shape_matched,"[[1,48,25,34,46],[1,48,25,34,46]]","[""float"",""float""]",null,4,19.073
null,aten::mul,"void at::native::vectorized_elementwise_kernel<4, at::native::BinaryFunctor<float, float, float, at::native::binary_internal::MulFunctor<float> >, std::array<char*, 3ul> >(int, at::native::BinaryFunctor<float, float, float, at::native::binary_internal::MulFunctor<float> >, std::array<char*, 3ul>)",8,operator_shape_matched,"[[1,48,61,34,46],[1,48,61,34,46]]","[""float"",""float""]",null,1,16.32
null,aten::mul,"void at::native::vectorized_elementwise_kernel<4, at::native::BinaryFunctor<float, float, float, at::native::binary_internal::MulFunctor<float> >, std::array<char*, 3ul> >(int, at::native::BinaryFunctor<float, float, float, at::native::binary_internal::MulFunctor<float> >, std::array<char*, 3ul>)",9,operator_shape_matched,"[[1,48,79,30,40],[1,48,79,30,40]]","[""float"",""float""]",null,1,16
null,aten::mul,"void at::native::vectorized_elementwise_kernel<4, at::native::BinaryFunctor<float, float, float, at::native::binary_internal::MulFunctor<float> >, std::array<char*, 3ul> >(int, at::native::BinaryFunctor<float, float, float, at::native::binary_internal::MulFunctor<float> >, std::array<char*, 3ul>)",10,operator_shape_matched,"[[1,48,52,34,46],[1,48,52,34,46]]","[""float"",""float""]",null,1,13.28
null,aten::mul,"void at::native::vectorized_elementwise_kernel<4, at::native::BinaryFunctor<float, float, float, at::native::binary_internal::MulFunctor<float> >, std::array<char*, 3ul> >(int, at::native::BinaryFunctor<float, float, float, at::native::binary_internal::MulFunctor<float> >, std::array<char*, 3ul>)",11,operator_shape_matched,"[[1,48,63,30,40],[1,48,63,30,40]]","[""float"",""float""]",null,1,12.352
null,aten::mul,"void at::native::vectorized_elementwise_kernel<4, at::native::BinaryFunctor<float, float, float, at::native::binary_internal::MulFunctor<float> >, std::array<char*, 3ul> >(int, at::native::BinaryFunctor<float, float, float, at::native::binary_internal::MulFunctor<float> >, std::array<char*, 3ul>)",12,operator_shape_matched,"[[1,48,52,30,40],[1,48,52,30,40]]","[""float"",""float""]",null,1,10.207
null,aten::mul,"void at::native::vectorized_elementwise_kernel<4, at::native::BinaryFunctor<float, float, float, at::native::binary_internal::MulFunctor<float> >, std::array<char*, 3ul> >(int, at::native::BinaryFunctor<float, float, float, at::native::binary_internal::MulFunctor<float> >, std::array<char*, 3ul>)",13,operator_shape_matched,"[[1,48,50,30,40],[1,48,50,30,40]]","[""float"",""float""]",null,1,9.824
null,aten::mul,"void at::native::vectorized_elementwise_kernel<4, at::native::BinaryFunctor<float, float, float, at::native::binary_internal::MulFunctor<float> >, std::array<char*, 3ul> >(int, at::native::BinaryFunctor<float, float, float, at::native::binary_internal::MulFunctor<float> >, std::array<char*, 3ul>)",14,operator_shape_matched,"[[1,48,35,30,52],[1,48,35,30,52]]","[""float"",""float""]",null,1,9.568
null,aten::mul,"void at::native::vectorized_elementwise_kernel<4, at::native::BinaryFunctor<float, float, float, at::native::binary_internal::MulFunctor<float> >, std::array<char*, 3ul> >(int, at::native::BinaryFunctor<float, float, float, at::native::binary_internal::MulFunctor<float> >, std::array<char*, 3ul>)",15,operator_shape_matched,"[[1,48,37,34,46],[1,48,37,34,46]]","[""float"",""float""]",null,1,9.152
null,aten::mul,"void at::native::vectorized_elementwise_kernel<4, at::native::BinaryFunctor<float, float, float, at::native::binary_internal::MulFunctor<float> >, std::array<char*, 3ul> >(int, at::native::BinaryFunctor<float, float, float, at::native::binary_internal::MulFunctor<float> >, std::array<char*, 3ul>)",16,operator_shape_matched,"[[1,48,44,30,40],[1,48,44,30,40]]","[""float"",""float""]",null,1,8.48
null,aten::mul,"void at::native::vectorized_elementwise_kernel<4, at::native::BinaryFunctor<float, float, float, at::native::binary_internal::MulFunctor<float> >, std::array<char*, 3ul> >(int, at::native::BinaryFunctor<float, float, float, at::native::binary_internal::MulFunctor<float> >, std::array<char*, 3ul>)",17,operator_shape_matched,"[[98304,1],[98304,1]]","[""float"",""float""]",null,6,8.161
null,aten::mul,"void at::native::vectorized_elementwise_kernel<4, at::native::BinaryFunctor<float, float, float, at::native::binary_internal::MulFunctor<float> >, std::array<char*, 3ul> >(int, at::native::BinaryFunctor<float, float, float, at::native::binary_internal::MulFunctor<float> >, std::array<char*, 3ul>)",18,operator_shape_matched,"[[1,48,31,34,46],[1,48,31,34,46]]","[""float"",""float""]",null,1,7.648
null,aten::mul,"void at::native::vectorized_elementwise_kernel<4, at::native::BinaryFunctor<float, float, float, at::native::binary_internal::MulFunctor<float> >, std::array<char*, 3ul> >(int, at::native::BinaryFunctor<float, float, float, at::native::binary_internal::MulFunctor<float> >, std::array<char*, 3ul>)",19,operator_shape_matched,"[[3072,1],[3072,1]]","[""float"",""float""]",null,6,7.231
null,aten::mul,"void at::native::vectorized_elementwise_kernel<4, at::native::BinaryFunctor<float, float, float, at::native::binary_internal::MulFunctor<float> >, std::array<char*, 3ul> >(int, at::native::BinaryFunctor<float, float, float, at::native::binary_internal::MulFunctor<float> >, std::array<char*, 3ul>)",20,operator_shape_matched,"[[1,48,38,30,40],[1,48,38,30,40]]","[""float"",""float""]",null,1,7.136
null,aten::mul,"void at::native::vectorized_elementwise_kernel<4, at::native::BinaryFunctor<float, float, float, at::native::binary_internal::MulFunctor<float> >, std::array<char*, 3ul> >(int, at::native::BinaryFunctor<float, float, float, at::native::binary_internal::MulFunctor<float> >, std::array<char*, 3ul>)",21,operator_shape_matched,"[[1,48,29,30,52],[1,48,29,30,52]]","[""float"",""float""]",null,1,7.072
null,aten::mul,"void at::native::vectorized_elementwise_kernel<4, at::native::BinaryFunctor<float, float, float, at::native::binary_internal::MulFunctor<float> >, std::array<char*, 3ul> >(int, at::native::BinaryFunctor<float, float, float, at::native::binary_internal::MulFunctor<float> >, std::array<char*, 3ul>)",22,operator_shape_matched,"[[1,48,15,30,52],[1,48,15,30,52]]","[""float"",""float""]",null,2,6.4
null,aten::mul,"void at::native::vectorized_elementwise_kernel<4, at::native::BinaryFunctor<float, float, float, at::native::binary_internal::MulFunctor<float> >, std::array<char*, 3ul> >(int, at::native::BinaryFunctor<float, float, float, at::native::binary_internal::MulFunctor<float> >, std::array<char*, 3ul>)",23,operator_shape_matched,"[[1,48,13,30,52],[1,48,13,30,52]]","[""float"",""float""]",null,2,5.888
null,aten::mul,"void at::native::vectorized_elementwise_kernel<4, at::native::BinaryFunctor<float, float, float, at::native::binary_internal::MulFunctor<float> >, std::array<char*, 3ul> >(int, at::native::BinaryFunctor<float, float, float, at::native::binary_internal::MulFunctor<float> >, std::array<char*, 3ul>)",24,operator_shape_matched,"[[1],[1]]","[""float"",""float""]",null,4,5.793
null,aten::mul,"void at::native::vectorized_elementwise_kernel<4, at::native::BinaryFunctor<float, float, float, at::native::binary_internal::MulFunctor<float> >, std::array<char*, 3ul> >(int, at::native::BinaryFunctor<float, float, float, at::native::binary_internal::MulFunctor<float> >, std::array<char*, 3ul>)",25,operator_shape_matched,"[[1,48,11,30,52],[1,48,11,30,52]]","[""float"",""float""]",null,2,5.376
null,aten::mul,"void at::native::vectorized_elementwise_kernel<4, at::native::BinaryFunctor<float, float, float, at::native::binary_internal::MulFunctor<float> >, std::array<char*, 3ul> >(int, at::native::BinaryFunctor<float, float, float, at::native::binary_internal::MulFunctor<float> >, std::array<char*, 3ul>)",26,operator_shape_matched,"[[1,48,22,30,52],[1,48,22,30,52]]","[""float"",""float""]",null,1,4.736
null,aten::mul,"void at::native::vectorized_elementwise_kernel<4, at::native::BinaryFunctor<float, float, float, at::native::binary_internal::MulFunctor<float> >, std::array<char*, 3ul> >(int, at::native::BinaryFunctor<float, float, float, at::native::binary_internal::MulFunctor<float> >, std::array<char*, 3ul>)",27,operator_shape_matched,"[[1,48,19,30,52],[1,48,19,30,52]]","[""float"",""float""]",null,1,4.288
null,aten::mul,"void at::native::vectorized_elementwise_kernel<4, at::native::BinaryFunctor<float, float, float, at::native::binary_internal::MulFunctor<float> >, std::array<char*, 3ul> >(int, at::native::BinaryFunctor<float, float, float, at::native::binary_internal::MulFunctor<float> >, std::array<char*, 3ul>)",28,operator_shape_matched,"[[1,48,17,30,52],[1,48,17,30,52]]","[""float"",""float""]",null,1,3.552
null,aten::mul,"void at::native::vectorized_elementwise_kernel<4, at::native::BinaryFunctor<float, float, float, at::native::binary_internal::MulFunctor<float> >, std::array<char*, 3ul> >(int, at::native::BinaryFunctor<float, float, float, at::native::binary_internal::MulFunctor<float> >, std::array<char*, 3ul>)",29,operator_shape_matched,"[[1,48,14,30,52],[1,48,14,30,52]]","[""float"",""float""]",null,1,3.392
null,aten::mul,"void at::native::vectorized_elementwise_kernel<4, at::native::BinaryFunctor<float, float, float, at::native::binary_internal::MulFunctor<float> >, std::array<char*, 3ul> >(int, at::native::BinaryFunctor<float, float, float, at::native::binary_internal::MulFunctor<float> >, std::array<char*, 3ul>)",30,operator_shape_matched,"[[1,48,16,30,52],[1,48,16,30,52]]","[""float"",""float""]",null,1,3.392
null,aten::mul,"void at::native::vectorized_elementwise_kernel<4, at::native::BinaryFunctor<float, float, float, at::native::binary_internal::MulFunctor<float> >, std::array<char*, 3ul> >(int, at::native::BinaryFunctor<float, float, float, at::native::binary_internal::MulFunctor<float> >, std::array<char*, 3ul>)",31,operator_shape_matched,"[[1,48,16,34,46],[1,48,16,34,46]]","[""float"",""float""]",null,1,3.072
null,aten::mul,"void at::native::vectorized_elementwise_kernel<4, at::native::BinaryFunctor<float, float, float, at::native::binary_internal::MulFunctor<float> >, std::array<char*, 3ul> >(int, at::native::BinaryFunctor<float, float, float, at::native::binary_internal::MulFunctor<float> >, std::array<char*, 3ul>)",32,operator_shape_matched,"[[4],[4]]","[""float"",""float""]",null,2,2.913
null,aten::mul,"void at::native::vectorized_elementwise_kernel<4, at::native::BinaryFunctor<float, float, float, at::native::binary_internal::MulFunctor<float> >, std::array<char*, 3ul> >(int, at::native::BinaryFunctor<float, float, float, at::native::binary_internal::MulFunctor<float> >, std::array<char*, 3ul>)",33,operator_shape_matched,"[[7],[7]]","[""float"",""float""]",null,2,2.849
null,aten::mul,"void at::native::vectorized_elementwise_kernel<4, at::native::BinaryFunctor<float, float, float, at::native::binary_internal::MulFunctor<float> >, std::array<char*, 3ul> >(int, at::native::BinaryFunctor<float, float, float, at::native::binary_internal::MulFunctor<float> >, std::array<char*, 3ul>)",34,operator_shape_matched,"[[14],[14]]","[""float"",""float""]",null,2,2.848
null,aten::mul,"void at::native::vectorized_elementwise_kernel<4, at::native::BinaryFunctor<float, float, float, at::native::binary_internal::MulFunctor<float> >, std::array<char*, 3ul> >(int, at::native::BinaryFunctor<float, float, float, at::native::binary_internal::MulFunctor<float> >, std::array<char*, 3ul>)",35,operator_shape_matched,"[[1,48,12,30,52],[1,48,12,30,52]]","[""float"",""float""]",null,1,2.816
null,aten::mul,"void at::native::vectorized_elementwise_kernel<4, at::native::BinaryFunctor<float, float, float, at::native::binary_internal::MulFunctor<float> >, std::array<char*, 3ul> >(int, at::native::BinaryFunctor<float, float, float, at::native::binary_internal::MulFunctor<float> >, std::array<char*, 3ul>)",36,operator_shape_matched,"[[6],[6]]","[""float"",""float""]",null,2,2.752
null,aten::mul,"void at::native::vectorized_elementwise_kernel<8, at::native::AUnaryFunctor<c10::BFloat16, c10::BFloat16, c10::BFloat16, at::native::binary_internal::MulFunctor<float> >, std::array<char*, 2ul> >(int, at::native::AUnaryFunctor<c10::BFloat16, c10::BFloat16, c10::BFloat16, at::native::binary_internal::MulFunctor<float> >, std::array<char*, 2ul>)",1,operator_shape_matched,"[[],[]]","[""float"",""double""]",null,2,2.528
null,aten::mul,"void at::native::vectorized_elementwise_kernel<8, at::native::AUnaryFunctor<c10::BFloat16, c10::BFloat16, c10::BFloat16, at::native::binary_internal::MulFunctor<float> >, std::array<char*, 2ul> >(int, at::native::AUnaryFunctor<c10::BFloat16, c10::BFloat16, c10::BFloat16, at::native::binary_internal::MulFunctor<float> >, std::array<char*, 2ul>)",2,operator_shape_matched,"[[],[]]","[""c10::BFloat16"",""double""]",null,1,1.28
null,aten::mul,"void at::native::vectorized_elementwise_kernel<8, at::native::BinaryFunctor<c10::BFloat16, c10::BFloat16, c10::BFloat16, at::native::binary_internal::MulFunctor<float> >, std::array<char*, 3ul> >(int, at::native::BinaryFunctor<c10::BFloat16, c10::BFloat16, c10::BFloat16, at::native::binary_internal::MulFunctor<float> >, std::array<char*, 3ul>)",1,operator_shape_matched,"[[98304,4096],[98304,4096]]","[""c10::BFloat16"",""c10::BFloat16""]",null,6,4657.048
null,aten::ne,"void at::native::vectorized_elementwise_kernel<4, at::native::AUnaryFunctor<c10::BFloat16, c10::BFloat16, bool, at::native::(anonymous namespace)::CompareEqFunctor<c10::BFloat16> >, std::array<char*, 2ul> >(int, at::native::AUnaryFunctor<c10::BFloat16, c10::BFloat16, bool, at::native::(anonymous namespace)::CompareEqFunctor<c10::BFloat16> >, std::array<char*, 2ul>)",1,operator_shape_matched,"[[],[]]","[""c10::BFloat16"",""Scalar""]",null,3,3.935
null,aten::ne,"void at::native::vectorized_elementwise_kernel<4, at::native::AUnaryFunctor<float, float, bool, at::native::(anonymous namespace)::CompareEqFunctor<float> >, std::array<char*, 2ul> >(int, at::native::AUnaryFunctor<float, float, bool, at::native::(anonymous namespace)::CompareEqFunctor<float> >, std::array<char*, 2ul>)",1,operator_shape_matched,"[[],[]]","[""float"",""Scalar""]",null,46,59.741
null,aten::ne,"void at::native::vectorized_elementwise_kernel<4, at::native::BinaryFunctor<float, float, bool, at::native::(anonymous namespace)::CompareEqFunctor<float> >, std::array<char*, 3ul> >(int, at::native::BinaryFunctor<float, float, bool, at::native::(anonymous namespace)::CompareEqFunctor<float> >, std::array<char*, 3ul>)",1,operator_shape_matched,"[[],[]]","[""float"",""float""]",null,9,12.288
null,aten::normal_,"void at::native::(anonymous namespace)::distribution_elementwise_grid_stride_kernel<float, 4, at::native::templates::cuda::normal_and_transform<float, float, at::CUDAGeneratorImpl*, at::native::templates::cuda::normal_kernel<at::CUDAGeneratorImpl*>(at::TensorBase const&, double, double, at::CUDAGeneratorImpl*)::{lambda()#1}::operator()() const::{lambda()#2}::operator()() const::{lambda(float)#1}>(at::TensorIteratorBase&, at::CUDAGeneratorImpl*, at::native::templates::cuda::normal_kernel<at::CUDAGeneratorImpl*>(at::TensorBase const&, double, double, at::CUDAGeneratorImpl*)::{lambda()#1}::operator()() const::{lambda()#2}::operator()() const::{lambda(float)#1})::{lambda(curandStatePhilox4_32_10*)#2}, at::native::(anonymous namespace)::distribution_nullary_kernel<float, float, float4, at::CUDAGeneratorImpl*, at::native::templates::cuda::normal_and_transform<float, float, at::CUDAGeneratorImpl*, at::native::templates::cuda::normal_kernel<at::CUDAGeneratorImpl*>(at::TensorBase const&, double, double, at::CUDAGeneratorImpl*)::{lambda()#1}::operator()() const::{lambda()#2}::operator()() const::{lambda(float)#1}>(at::TensorIteratorBase&, at::CUDAGeneratorImpl*, at::native::templates::cuda::normal_kernel<at::CUDAGeneratorImpl*>(at::TensorBase const&, double, double, at::CUDAGeneratorImpl*)::{lambda()#1}::operator()() const::{lambda()#2}::operator()() const::{lambda(float)#1})::{lambda(curandStatePhilox4_32_10*)#2}, at::native::templates::cuda::normal_kernel<at::CUDAGeneratorImpl*>(at::TensorBase const&, double, double, at::CUDAGeneratorImpl*)::{lambda()#1}::operator()() const::{lambda()#2}::operator()() const::{lambda(float)#1}>(at::TensorIteratorBase&, at::CUDAGeneratorImpl*, at::native::templates::cuda::normal_and_transform<float, float, at::CUDAGeneratorImpl*, at::native::templates::cuda::normal_kernel<at::CUDAGeneratorImpl*>(at::TensorBase const&, double, double, at::CUDAGeneratorImpl*)::{lambda()#1}::operator()() const::{lambda()#2}::operator()() const::{lambda(float)#1}>(at::TensorIteratorBase&, at::CUDAGeneratorImpl*, at::native::templates::cuda::normal_kernel<at::CUDAGeneratorImpl*>(at::TensorBase const&, double, double, at::CUDAGeneratorImpl*)::{lambda()#1}::operator()() const::{lambda()#2}::operator()() const::{lambda(float)#1})::{lambda(curandStatePhilox4_32_10*)#2} const&, at::native::templates::cuda::normal_kernel<at::CUDAGeneratorImpl*>(at::TensorBase const&, double, double, at::CUDAGeneratorImpl*)::{lambda()#1}::operator()() const::{lambda()#2}::operator()() const::{lambda(float)#1})::{lambda(int, float)#1}>(long, at::PhiloxCudaState, at::native::templates::cuda::normal_and_transform<float, float, at::CUDAGeneratorImpl*, at::native::templates::cuda::normal_kernel<at::CUDAGeneratorImpl*>(at::TensorBase const&, double, double, at::CUDAGeneratorImpl*)::{lambda()#1}::operator()() const::{lambda()#2}::operator()() const::{lambda(float)#1}>(at::TensorIteratorBase&, at::CUDAGeneratorImpl*, at::native::templates::cuda::normal_kernel<at::CUDAGeneratorImpl*>(at::TensorBase const&, double, double, at::CUDAGeneratorImpl*)::{lambda()#1}::operator()() const::{lambda()#2}::operator()() const::{lambda(float)#1})::{lambda(curandStatePhilox4_32_10*)#2}, at::native::(anonymous namespace)::distribution_nullary_kernel<float, float, float4, at::CUDAGeneratorImpl*, at::native::templates::cuda::normal_and_transform<float, float, at::CUDAGeneratorImpl*, at::native::templates::cuda::normal_kernel<at::CUDAGeneratorImpl*>(at::TensorBase const&, double, double, at::CUDAGeneratorImpl*)::{lambda()#1}::operator()() const::{lambda()#2}::operator()() const::{lambda(float)#1}>(at::TensorIteratorBase&, at::CUDAGeneratorImpl*, at::native::templates::cuda::normal_kernel<at::CUDAGeneratorImpl*>(at::TensorBase const&, double, double, at::CUDAGeneratorImpl*)::{lambda()#1}::operator()() const::{lambda()#2}::operator()() const::{lambda(float)#1})::{lambda(curandStatePhilox4_32_10*)#2}, at::native::templates::cuda::normal_kernel<at::CUDAGeneratorImpl*>(at::TensorBase const&, double, double, at::CUDAGeneratorImpl*)::{lambda()#1}::operator()() const::{lambda()#2}::operator()() const::{lambda(float)#1}>(at::TensorIteratorBase&, at::CUDAGeneratorImpl*, at::native::templates::cuda::normal_and_transform<float, float, at::CUDAGeneratorImpl*, at::native::templates::cuda::normal_kernel<at::CUDAGeneratorImpl*>(at::TensorBase const&, double, double, at::CUDAGeneratorImpl*)::{lambda()#1}::operator()() const::{lambda()#2}::operator()() const::{lambda(float)#1}>(at::TensorIteratorBase&, at::CUDAGeneratorImpl*, at::native::templates::cuda::normal_kernel<at::CUDAGeneratorImpl*>(at::TensorBase const&, double, double, at::CUDAGeneratorImpl*)::{lambda()#1}::operator()() const::{lambda()#2}::operator()() const::{lambda(float)#1})::{lambda(curandStatePhilox4_32_10*)#2} const&, at::native::templates::cuda::normal_kernel<at::CUDAGeneratorImpl*>(at::TensorBase const&, double, double, at::CUDAGeneratorImpl*)::{lambda()#1}::operator()() const::{lambda()#2}::operator()() const::{lambda(float)#1})::{lambda(int, float)#1})",1,operator_shape_matched,"[[1,48,25,34,46],[],[],[]]","[""float"",""Scalar"",""Scalar"",""""]",null,4,32.514
null,aten::normal_,"void at::native::(anonymous namespace)::distribution_elementwise_grid_stride_kernel<float, 4, at::native::templates::cuda::normal_and_transform<float, float, at::CUDAGeneratorImpl*, at::native::templates::cuda::normal_kernel<at::CUDAGeneratorImpl*>(at::TensorBase const&, double, double, at::CUDAGeneratorImpl*)::{lambda()#1}::operator()() const::{lambda()#2}::operator()() const::{lambda(float)#1}>(at::TensorIteratorBase&, at::CUDAGeneratorImpl*, at::native::templates::cuda::normal_kernel<at::CUDAGeneratorImpl*>(at::TensorBase const&, double, double, at::CUDAGeneratorImpl*)::{lambda()#1}::operator()() const::{lambda()#2}::operator()() const::{lambda(float)#1})::{lambda(curandStatePhilox4_32_10*)#2}, at::native::(anonymous namespace)::distribution_nullary_kernel<float, float, float4, at::CUDAGeneratorImpl*, at::native::templates::cuda::normal_and_transform<float, float, at::CUDAGeneratorImpl*, at::native::templates::cuda::normal_kernel<at::CUDAGeneratorImpl*>(at::TensorBase const&, double, double, at::CUDAGeneratorImpl*)::{lambda()#1}::operator()() const::{lambda()#2}::operator()() const::{lambda(float)#1}>(at::TensorIteratorBase&, at::CUDAGeneratorImpl*, at::native::templates::cuda::normal_kernel<at::CUDAGeneratorImpl*>(at::TensorBase const&, double, double, at::CUDAGeneratorImpl*)::{lambda()#1}::operator()() const::{lambda()#2}::operator()() const::{lambda(float)#1})::{lambda(curandStatePhilox4_32_10*)#2}, at::native::templates::cuda::normal_kernel<at::CUDAGeneratorImpl*>(at::TensorBase const&, double, double, at::CUDAGeneratorImpl*)::{lambda()#1}::operator()() const::{lambda()#2}::operator()() const::{lambda(float)#1}>(at::TensorIteratorBase&, at::CUDAGeneratorImpl*, at::native::templates::cuda::normal_and_transform<float, float, at::CUDAGeneratorImpl*, at::native::templates::cuda::normal_kernel<at::CUDAGeneratorImpl*>(at::TensorBase const&, double, double, at::CUDAGeneratorImpl*)::{lambda()#1}::operator()() const::{lambda()#2}::operator()() const::{lambda(float)#1}>(at::TensorIteratorBase&, at::CUDAGeneratorImpl*, at::native::templates::cuda::normal_kernel<at::CUDAGeneratorImpl*>(at::TensorBase const&, double, double, at::CUDAGeneratorImpl*)::{lambda()#1}::operator()() const::{lambda()#2}::operator()() const::{lambda(float)#1})::{lambda(curandStatePhilox4_32_10*)#2} const&, at::native::templates::cuda::normal_kernel<at::CUDAGeneratorImpl*>(at::TensorBase const&, double, double, at::CUDAGeneratorImpl*)::{lambda()#1}::operator()() const::{lambda()#2}::operator()() const::{lambda(float)#1})::{lambda(int, float)#1}>(long, at::PhiloxCudaState, at::native::templates::cuda::normal_and_transform<float, float, at::CUDAGeneratorImpl*, at::native::templates::cuda::normal_kernel<at::CUDAGeneratorImpl*>(at::TensorBase const&, double, double, at::CUDAGeneratorImpl*)::{lambda()#1}::operator()() const::{lambda()#2}::operator()() const::{lambda(float)#1}>(at::TensorIteratorBase&, at::CUDAGeneratorImpl*, at::native::templates::cuda::normal_kernel<at::CUDAGeneratorImpl*>(at::TensorBase const&, double, double, at::CUDAGeneratorImpl*)::{lambda()#1}::operator()() const::{lambda()#2}::operator()() const::{lambda(float)#1})::{lambda(curandStatePhilox4_32_10*)#2}, at::native::(anonymous namespace)::distribution_nullary_kernel<float, float, float4, at::CUDAGeneratorImpl*, at::native::templates::cuda::normal_and_transform<float, float, at::CUDAGeneratorImpl*, at::native::templates::cuda::normal_kernel<at::CUDAGeneratorImpl*>(at::TensorBase const&, double, double, at::CUDAGeneratorImpl*)::{lambda()#1}::operator()() const::{lambda()#2}::operator()() const::{lambda(float)#1}>(at::TensorIteratorBase&, at::CUDAGeneratorImpl*, at::native::templates::cuda::normal_kernel<at::CUDAGeneratorImpl*>(at::TensorBase const&, double, double, at::CUDAGeneratorImpl*)::{lambda()#1}::operator()() const::{lambda()#2}::operator()() const::{lambda(float)#1})::{lambda(curandStatePhilox4_32_10*)#2}, at::native::templates::cuda::normal_kernel<at::CUDAGeneratorImpl*>(at::TensorBase const&, double, double, at::CUDAGeneratorImpl*)::{lambda()#1}::operator()() const::{lambda()#2}::operator()() const::{lambda(float)#1}>(at::TensorIteratorBase&, at::CUDAGeneratorImpl*, at::native::templates::cuda::normal_and_transform<float, float, at::CUDAGeneratorImpl*, at::native::templates::cuda::normal_kernel<at::CUDAGeneratorImpl*>(at::TensorBase const&, double, double, at::CUDAGeneratorImpl*)::{lambda()#1}::operator()() const::{lambda()#2}::operator()() const::{lambda(float)#1}>(at::TensorIteratorBase&, at::CUDAGeneratorImpl*, at::native::templates::cuda::normal_kernel<at::CUDAGeneratorImpl*>(at::TensorBase const&, double, double, at::CUDAGeneratorImpl*)::{lambda()#1}::operator()() const::{lambda()#2}::operator()() const::{lambda(float)#1})::{lambda(curandStatePhilox4_32_10*)#2} const&, at::native::templates::cuda::normal_kernel<at::CUDAGeneratorImpl*>(at::TensorBase const&, double, double, at::CUDAGeneratorImpl*)::{lambda()#1}::operator()() const::{lambda()#2}::operator()() const::{lambda(float)#1})::{lambda(int, float)#1})",2,operator_shape_matched,"[[1,48,150,34,46],[],[],[]]","[""float"",""Scalar"",""Scalar"",""""]",null,1,31.904
null,aten::normal_,"void at::native::(anonymous namespace)::distribution_elementwise_grid_stride_kernel<float, 4, at::native::templates::cuda::normal_and_transform<float, float, at::CUDAGeneratorImpl*, at::native::templates::cuda::normal_kernel<at::CUDAGeneratorImpl*>(at::TensorBase const&, double, double, at::CUDAGeneratorImpl*)::{lambda()#1}::operator()() const::{lambda()#2}::operator()() const::{lambda(float)#1}>(at::TensorIteratorBase&, at::CUDAGeneratorImpl*, at::native::templates::cuda::normal_kernel<at::CUDAGeneratorImpl*>(at::TensorBase const&, double, double, at::CUDAGeneratorImpl*)::{lambda()#1}::operator()() const::{lambda()#2}::operator()() const::{lambda(float)#1})::{lambda(curandStatePhilox4_32_10*)#2}, at::native::(anonymous namespace)::distribution_nullary_kernel<float, float, float4, at::CUDAGeneratorImpl*, at::native::templates::cuda::normal_and_transform<float, float, at::CUDAGeneratorImpl*, at::native::templates::cuda::normal_kernel<at::CUDAGeneratorImpl*>(at::TensorBase const&, double, double, at::CUDAGeneratorImpl*)::{lambda()#1}::operator()() const::{lambda()#2}::operator()() const::{lambda(float)#1}>(at::TensorIteratorBase&, at::CUDAGeneratorImpl*, at::native::templates::cuda::normal_kernel<at::CUDAGeneratorImpl*>(at::TensorBase const&, double, double, at::CUDAGeneratorImpl*)::{lambda()#1}::operator()() const::{lambda()#2}::operator()() const::{lambda(float)#1})::{lambda(curandStatePhilox4_32_10*)#2}, at::native::templates::cuda::normal_kernel<at::CUDAGeneratorImpl*>(at::TensorBase const&, double, double, at::CUDAGeneratorImpl*)::{lambda()#1}::operator()() const::{lambda()#2}::operator()() const::{lambda(float)#1}>(at::TensorIteratorBase&, at::CUDAGeneratorImpl*, at::native::templates::cuda::normal_and_transform<float, float, at::CUDAGeneratorImpl*, at::native::templates::cuda::normal_kernel<at::CUDAGeneratorImpl*>(at::TensorBase const&, double, double, at::CUDAGeneratorImpl*)::{lambda()#1}::operator()() const::{lambda()#2}::operator()() const::{lambda(float)#1}>(at::TensorIteratorBase&, at::CUDAGeneratorImpl*, at::native::templates::cuda::normal_kernel<at::CUDAGeneratorImpl*>(at::TensorBase const&, double, double, at::CUDAGeneratorImpl*)::{lambda()#1}::operator()() const::{lambda()#2}::operator()() const::{lambda(float)#1})::{lambda(curandStatePhilox4_32_10*)#2} const&, at::native::templates::cuda::normal_kernel<at::CUDAGeneratorImpl*>(at::TensorBase const&, double, double, at::CUDAGeneratorImpl*)::{lambda()#1}::operator()() const::{lambda()#2}::operator()() const::{lambda(float)#1})::{lambda(int, float)#1}>(long, at::PhiloxCudaState, at::native::templates::cuda::normal_and_transform<float, float, at::CUDAGeneratorImpl*, at::native::templates::cuda::normal_kernel<at::CUDAGeneratorImpl*>(at::TensorBase const&, double, double, at::CUDAGeneratorImpl*)::{lambda()#1}::operator()() const::{lambda()#2}::operator()() const::{lambda(float)#1}>(at::TensorIteratorBase&, at::CUDAGeneratorImpl*, at::native::templates::cuda::normal_kernel<at::CUDAGeneratorImpl*>(at::TensorBase const&, double, double, at::CUDAGeneratorImpl*)::{lambda()#1}::operator()() const::{lambda()#2}::operator()() const::{lambda(float)#1})::{lambda(curandStatePhilox4_32_10*)#2}, at::native::(anonymous namespace)::distribution_nullary_kernel<float, float, float4, at::CUDAGeneratorImpl*, at::native::templates::cuda::normal_and_transform<float, float, at::CUDAGeneratorImpl*, at::native::templates::cuda::normal_kernel<at::CUDAGeneratorImpl*>(at::TensorBase const&, double, double, at::CUDAGeneratorImpl*)::{lambda()#1}::operator()() const::{lambda()#2}::operator()() const::{lambda(float)#1}>(at::TensorIteratorBase&, at::CUDAGeneratorImpl*, at::native::templates::cuda::normal_kernel<at::CUDAGeneratorImpl*>(at::TensorBase const&, double, double, at::CUDAGeneratorImpl*)::{lambda()#1}::operator()() const::{lambda()#2}::operator()() const::{lambda(float)#1})::{lambda(curandStatePhilox4_32_10*)#2}, at::native::templates::cuda::normal_kernel<at::CUDAGeneratorImpl*>(at::TensorBase const&, double, double, at::CUDAGeneratorImpl*)::{lambda()#1}::operator()() const::{lambda()#2}::operator()() const::{lambda(float)#1}>(at::TensorIteratorBase&, at::CUDAGeneratorImpl*, at::native::templates::cuda::normal_and_transform<float, float, at::CUDAGeneratorImpl*, at::native::templates::cuda::normal_kernel<at::CUDAGeneratorImpl*>(at::TensorBase const&, double, double, at::CUDAGeneratorImpl*)::{lambda()#1}::operator()() const::{lambda()#2}::operator()() const::{lambda(float)#1}>(at::TensorIteratorBase&, at::CUDAGeneratorImpl*, at::native::templates::cuda::normal_kernel<at::CUDAGeneratorImpl*>(at::TensorBase const&, double, double, at::CUDAGeneratorImpl*)::{lambda()#1}::operator()() const::{lambda()#2}::operator()() const::{lambda(float)#1})::{lambda(curandStatePhilox4_32_10*)#2} const&, at::native::templates::cuda::normal_kernel<at::CUDAGeneratorImpl*>(at::TensorBase const&, double, double, at::CUDAGeneratorImpl*)::{lambda()#1}::operator()() const::{lambda()#2}::operator()() const::{lambda(float)#1})::{lambda(int, float)#1})",3,operator_shape_matched,"[[1,48,144,34,46],[],[],[]]","[""float"",""Scalar"",""Scalar"",""""]",null,1,29.44
null,aten::normal_,"void at::native::(anonymous namespace)::distribution_elementwise_grid_stride_kernel<float, 4, at::native::templates::cuda::normal_and_transform<float, float, at::CUDAGeneratorImpl*, at::native::templates::cuda::normal_kernel<at::CUDAGeneratorImpl*>(at::TensorBase const&, double, double, at::CUDAGeneratorImpl*)::{lambda()#1}::operator()() const::{lambda()#2}::operator()() const::{lambda(float)#1}>(at::TensorIteratorBase&, at::CUDAGeneratorImpl*, at::native::templates::cuda::normal_kernel<at::CUDAGeneratorImpl*>(at::TensorBase const&, double, double, at::CUDAGeneratorImpl*)::{lambda()#1}::operator()() const::{lambda()#2}::operator()() const::{lambda(float)#1})::{lambda(curandStatePhilox4_32_10*)#2}, at::native::(anonymous namespace)::distribution_nullary_kernel<float, float, float4, at::CUDAGeneratorImpl*, at::native::templates::cuda::normal_and_transform<float, float, at::CUDAGeneratorImpl*, at::native::templates::cuda::normal_kernel<at::CUDAGeneratorImpl*>(at::TensorBase const&, double, double, at::CUDAGeneratorImpl*)::{lambda()#1}::operator()() const::{lambda()#2}::operator()() const::{lambda(float)#1}>(at::TensorIteratorBase&, at::CUDAGeneratorImpl*, at::native::templates::cuda::normal_kernel<at::CUDAGeneratorImpl*>(at::TensorBase const&, double, double, at::CUDAGeneratorImpl*)::{lambda()#1}::operator()() const::{lambda()#2}::operator()() const::{lambda(float)#1})::{lambda(curandStatePhilox4_32_10*)#2}, at::native::templates::cuda::normal_kernel<at::CUDAGeneratorImpl*>(at::TensorBase const&, double, double, at::CUDAGeneratorImpl*)::{lambda()#1}::operator()() const::{lambda()#2}::operator()() const::{lambda(float)#1}>(at::TensorIteratorBase&, at::CUDAGeneratorImpl*, at::native::templates::cuda::normal_and_transform<float, float, at::CUDAGeneratorImpl*, at::native::templates::cuda::normal_kernel<at::CUDAGeneratorImpl*>(at::TensorBase const&, double, double, at::CUDAGeneratorImpl*)::{lambda()#1}::operator()() const::{lambda()#2}::operator()() const::{lambda(float)#1}>(at::TensorIteratorBase&, at::CUDAGeneratorImpl*, at::native::templates::cuda::normal_kernel<at::CUDAGeneratorImpl*>(at::TensorBase const&, double, double, at::CUDAGeneratorImpl*)::{lambda()#1}::operator()() const::{lambda()#2}::operator()() const::{lambda(float)#1})::{lambda(curandStatePhilox4_32_10*)#2} const&, at::native::templates::cuda::normal_kernel<at::CUDAGeneratorImpl*>(at::TensorBase const&, double, double, at::CUDAGeneratorImpl*)::{lambda()#1}::operator()() const::{lambda()#2}::operator()() const::{lambda(float)#1})::{lambda(int, float)#1}>(long, at::PhiloxCudaState, at::native::templates::cuda::normal_and_transform<float, float, at::CUDAGeneratorImpl*, at::native::templates::cuda::normal_kernel<at::CUDAGeneratorImpl*>(at::TensorBase const&, double, double, at::CUDAGeneratorImpl*)::{lambda()#1}::operator()() const::{lambda()#2}::operator()() const::{lambda(float)#1}>(at::TensorIteratorBase&, at::CUDAGeneratorImpl*, at::native::templates::cuda::normal_kernel<at::CUDAGeneratorImpl*>(at::TensorBase const&, double, double, at::CUDAGeneratorImpl*)::{lambda()#1}::operator()() const::{lambda()#2}::operator()() const::{lambda(float)#1})::{lambda(curandStatePhilox4_32_10*)#2}, at::native::(anonymous namespace)::distribution_nullary_kernel<float, float, float4, at::CUDAGeneratorImpl*, at::native::templates::cuda::normal_and_transform<float, float, at::CUDAGeneratorImpl*, at::native::templates::cuda::normal_kernel<at::CUDAGeneratorImpl*>(at::TensorBase const&, double, double, at::CUDAGeneratorImpl*)::{lambda()#1}::operator()() const::{lambda()#2}::operator()() const::{lambda(float)#1}>(at::TensorIteratorBase&, at::CUDAGeneratorImpl*, at::native::templates::cuda::normal_kernel<at::CUDAGeneratorImpl*>(at::TensorBase const&, double, double, at::CUDAGeneratorImpl*)::{lambda()#1}::operator()() const::{lambda()#2}::operator()() const::{lambda(float)#1})::{lambda(curandStatePhilox4_32_10*)#2}, at::native::templates::cuda::normal_kernel<at::CUDAGeneratorImpl*>(at::TensorBase const&, double, double, at::CUDAGeneratorImpl*)::{lambda()#1}::operator()() const::{lambda()#2}::operator()() const::{lambda(float)#1}>(at::TensorIteratorBase&, at::CUDAGeneratorImpl*, at::native::templates::cuda::normal_and_transform<float, float, at::CUDAGeneratorImpl*, at::native::templates::cuda::normal_kernel<at::CUDAGeneratorImpl*>(at::TensorBase const&, double, double, at::CUDAGeneratorImpl*)::{lambda()#1}::operator()() const::{lambda()#2}::operator()() const::{lambda(float)#1}>(at::TensorIteratorBase&, at::CUDAGeneratorImpl*, at::native::templates::cuda::normal_kernel<at::CUDAGeneratorImpl*>(at::TensorBase const&, double, double, at::CUDAGeneratorImpl*)::{lambda()#1}::operator()() const::{lambda()#2}::operator()() const::{lambda(float)#1})::{lambda(curandStatePhilox4_32_10*)#2} const&, at::native::templates::cuda::normal_kernel<at::CUDAGeneratorImpl*>(at::TensorBase const&, double, double, at::CUDAGeneratorImpl*)::{lambda()#1}::operator()() const::{lambda()#2}::operator()() const::{lambda(float)#1})::{lambda(int, float)#1})",4,operator_shape_matched,"[[1,48,109,34,46],[],[],[]]","[""float"",""Scalar"",""Scalar"",""""]",null,1,23.744
null,aten::normal_,"void at::native::(anonymous namespace)::distribution_elementwise_grid_stride_kernel<float, 4, at::native::templates::cuda::normal_and_transform<float, float, at::CUDAGeneratorImpl*, at::native::templates::cuda::normal_kernel<at::CUDAGeneratorImpl*>(at::TensorBase const&, double, double, at::CUDAGeneratorImpl*)::{lambda()#1}::operator()() const::{lambda()#2}::operator()() const::{lambda(float)#1}>(at::TensorIteratorBase&, at::CUDAGeneratorImpl*, at::native::templates::cuda::normal_kernel<at::CUDAGeneratorImpl*>(at::TensorBase const&, double, double, at::CUDAGeneratorImpl*)::{lambda()#1}::operator()() const::{lambda()#2}::operator()() const::{lambda(float)#1})::{lambda(curandStatePhilox4_32_10*)#2}, at::native::(anonymous namespace)::distribution_nullary_kernel<float, float, float4, at::CUDAGeneratorImpl*, at::native::templates::cuda::normal_and_transform<float, float, at::CUDAGeneratorImpl*, at::native::templates::cuda::normal_kernel<at::CUDAGeneratorImpl*>(at::TensorBase const&, double, double, at::CUDAGeneratorImpl*)::{lambda()#1}::operator()() const::{lambda()#2}::operator()() const::{lambda(float)#1}>(at::TensorIteratorBase&, at::CUDAGeneratorImpl*, at::native::templates::cuda::normal_kernel<at::CUDAGeneratorImpl*>(at::TensorBase const&, double, double, at::CUDAGeneratorImpl*)::{lambda()#1}::operator()() const::{lambda()#2}::operator()() const::{lambda(float)#1})::{lambda(curandStatePhilox4_32_10*)#2}, at::native::templates::cuda::normal_kernel<at::CUDAGeneratorImpl*>(at::TensorBase const&, double, double, at::CUDAGeneratorImpl*)::{lambda()#1}::operator()() const::{lambda()#2}::operator()() const::{lambda(float)#1}>(at::TensorIteratorBase&, at::CUDAGeneratorImpl*, at::native::templates::cuda::normal_and_transform<float, float, at::CUDAGeneratorImpl*, at::native::templates::cuda::normal_kernel<at::CUDAGeneratorImpl*>(at::TensorBase const&, double, double, at::CUDAGeneratorImpl*)::{lambda()#1}::operator()() const::{lambda()#2}::operator()() const::{lambda(float)#1}>(at::TensorIteratorBase&, at::CUDAGeneratorImpl*, at::native::templates::cuda::normal_kernel<at::CUDAGeneratorImpl*>(at::TensorBase const&, double, double, at::CUDAGeneratorImpl*)::{lambda()#1}::operator()() const::{lambda()#2}::operator()() const::{lambda(float)#1})::{lambda(curandStatePhilox4_32_10*)#2} const&, at::native::templates::cuda::normal_kernel<at::CUDAGeneratorImpl*>(at::TensorBase const&, double, double, at::CUDAGeneratorImpl*)::{lambda()#1}::operator()() const::{lambda()#2}::operator()() const::{lambda(float)#1})::{lambda(int, float)#1}>(long, at::PhiloxCudaState, at::native::templates::cuda::normal_and_transform<float, float, at::CUDAGeneratorImpl*, at::native::templates::cuda::normal_kernel<at::CUDAGeneratorImpl*>(at::TensorBase const&, double, double, at::CUDAGeneratorImpl*)::{lambda()#1}::operator()() const::{lambda()#2}::operator()() const::{lambda(float)#1}>(at::TensorIteratorBase&, at::CUDAGeneratorImpl*, at::native::templates::cuda::normal_kernel<at::CUDAGeneratorImpl*>(at::TensorBase const&, double, double, at::CUDAGeneratorImpl*)::{lambda()#1}::operator()() const::{lambda()#2}::operator()() const::{lambda(float)#1})::{lambda(curandStatePhilox4_32_10*)#2}, at::native::(anonymous namespace)::distribution_nullary_kernel<float, float, float4, at::CUDAGeneratorImpl*, at::native::templates::cuda::normal_and_transform<float, float, at::CUDAGeneratorImpl*, at::native::templates::cuda::normal_kernel<at::CUDAGeneratorImpl*>(at::TensorBase const&, double, double, at::CUDAGeneratorImpl*)::{lambda()#1}::operator()() const::{lambda()#2}::operator()() const::{lambda(float)#1}>(at::TensorIteratorBase&, at::CUDAGeneratorImpl*, at::native::templates::cuda::normal_kernel<at::CUDAGeneratorImpl*>(at::TensorBase const&, double, double, at::CUDAGeneratorImpl*)::{lambda()#1}::operator()() const::{lambda()#2}::operator()() const::{lambda(float)#1})::{lambda(curandStatePhilox4_32_10*)#2}, at::native::templates::cuda::normal_kernel<at::CUDAGeneratorImpl*>(at::TensorBase const&, double, double, at::CUDAGeneratorImpl*)::{lambda()#1}::operator()() const::{lambda()#2}::operator()() const::{lambda(float)#1}>(at::TensorIteratorBase&, at::CUDAGeneratorImpl*, at::native::templates::cuda::normal_and_transform<float, float, at::CUDAGeneratorImpl*, at::native::templates::cuda::normal_kernel<at::CUDAGeneratorImpl*>(at::TensorBase const&, double, double, at::CUDAGeneratorImpl*)::{lambda()#1}::operator()() const::{lambda()#2}::operator()() const::{lambda(float)#1}>(at::TensorIteratorBase&, at::CUDAGeneratorImpl*, at::native::templates::cuda::normal_kernel<at::CUDAGeneratorImpl*>(at::TensorBase const&, double, double, at::CUDAGeneratorImpl*)::{lambda()#1}::operator()() const::{lambda()#2}::operator()() const::{lambda(float)#1})::{lambda(curandStatePhilox4_32_10*)#2} const&, at::native::templates::cuda::normal_kernel<at::CUDAGeneratorImpl*>(at::TensorBase const&, double, double, at::CUDAGeneratorImpl*)::{lambda()#1}::operator()() const::{lambda()#2}::operator()() const::{lambda(float)#1})::{lambda(int, float)#1})",5,operator_shape_matched,"[[1,48,73,34,46],[],[],[]]","[""float"",""Scalar"",""Scalar"",""""]",null,1,18.752
null,aten::normal_,"void at::native::(anonymous namespace)::distribution_elementwise_grid_stride_kernel<float, 4, at::native::templates::cuda::normal_and_transform<float, float, at::CUDAGeneratorImpl*, at::native::templates::cuda::normal_kernel<at::CUDAGeneratorImpl*>(at::TensorBase const&, double, double, at::CUDAGeneratorImpl*)::{lambda()#1}::operator()() const::{lambda()#2}::operator()() const::{lambda(float)#1}>(at::TensorIteratorBase&, at::CUDAGeneratorImpl*, at::native::templates::cuda::normal_kernel<at::CUDAGeneratorImpl*>(at::TensorBase const&, double, double, at::CUDAGeneratorImpl*)::{lambda()#1}::operator()() const::{lambda()#2}::operator()() const::{lambda(float)#1})::{lambda(curandStatePhilox4_32_10*)#2}, at::native::(anonymous namespace)::distribution_nullary_kernel<float, float, float4, at::CUDAGeneratorImpl*, at::native::templates::cuda::normal_and_transform<float, float, at::CUDAGeneratorImpl*, at::native::templates::cuda::normal_kernel<at::CUDAGeneratorImpl*>(at::TensorBase const&, double, double, at::CUDAGeneratorImpl*)::{lambda()#1}::operator()() const::{lambda()#2}::operator()() const::{lambda(float)#1}>(at::TensorIteratorBase&, at::CUDAGeneratorImpl*, at::native::templates::cuda::normal_kernel<at::CUDAGeneratorImpl*>(at::TensorBase const&, double, double, at::CUDAGeneratorImpl*)::{lambda()#1}::operator()() const::{lambda()#2}::operator()() const::{lambda(float)#1})::{lambda(curandStatePhilox4_32_10*)#2}, at::native::templates::cuda::normal_kernel<at::CUDAGeneratorImpl*>(at::TensorBase const&, double, double, at::CUDAGeneratorImpl*)::{lambda()#1}::operator()() const::{lambda()#2}::operator()() const::{lambda(float)#1}>(at::TensorIteratorBase&, at::CUDAGeneratorImpl*, at::native::templates::cuda::normal_and_transform<float, float, at::CUDAGeneratorImpl*, at::native::templates::cuda::normal_kernel<at::CUDAGeneratorImpl*>(at::TensorBase const&, double, double, at::CUDAGeneratorImpl*)::{lambda()#1}::operator()() const::{lambda()#2}::operator()() const::{lambda(float)#1}>(at::TensorIteratorBase&, at::CUDAGeneratorImpl*, at::native::templates::cuda::normal_kernel<at::CUDAGeneratorImpl*>(at::TensorBase const&, double, double, at::CUDAGeneratorImpl*)::{lambda()#1}::operator()() const::{lambda()#2}::operator()() const::{lambda(float)#1})::{lambda(curandStatePhilox4_32_10*)#2} const&, at::native::templates::cuda::normal_kernel<at::CUDAGeneratorImpl*>(at::TensorBase const&, double, double, at::CUDAGeneratorImpl*)::{lambda()#1}::operator()() const::{lambda()#2}::operator()() const::{lambda(float)#1})::{lambda(int, float)#1}>(long, at::PhiloxCudaState, at::native::templates::cuda::normal_and_transform<float, float, at::CUDAGeneratorImpl*, at::native::templates::cuda::normal_kernel<at::CUDAGeneratorImpl*>(at::TensorBase const&, double, double, at::CUDAGeneratorImpl*)::{lambda()#1}::operator()() const::{lambda()#2}::operator()() const::{lambda(float)#1}>(at::TensorIteratorBase&, at::CUDAGeneratorImpl*, at::native::templates::cuda::normal_kernel<at::CUDAGeneratorImpl*>(at::TensorBase const&, double, double, at::CUDAGeneratorImpl*)::{lambda()#1}::operator()() const::{lambda()#2}::operator()() const::{lambda(float)#1})::{lambda(curandStatePhilox4_32_10*)#2}, at::native::(anonymous namespace)::distribution_nullary_kernel<float, float, float4, at::CUDAGeneratorImpl*, at::native::templates::cuda::normal_and_transform<float, float, at::CUDAGeneratorImpl*, at::native::templates::cuda::normal_kernel<at::CUDAGeneratorImpl*>(at::TensorBase const&, double, double, at::CUDAGeneratorImpl*)::{lambda()#1}::operator()() const::{lambda()#2}::operator()() const::{lambda(float)#1}>(at::TensorIteratorBase&, at::CUDAGeneratorImpl*, at::native::templates::cuda::normal_kernel<at::CUDAGeneratorImpl*>(at::TensorBase const&, double, double, at::CUDAGeneratorImpl*)::{lambda()#1}::operator()() const::{lambda()#2}::operator()() const::{lambda(float)#1})::{lambda(curandStatePhilox4_32_10*)#2}, at::native::templates::cuda::normal_kernel<at::CUDAGeneratorImpl*>(at::TensorBase const&, double, double, at::CUDAGeneratorImpl*)::{lambda()#1}::operator()() const::{lambda()#2}::operator()() const::{lambda(float)#1}>(at::TensorIteratorBase&, at::CUDAGeneratorImpl*, at::native::templates::cuda::normal_and_transform<float, float, at::CUDAGeneratorImpl*, at::native::templates::cuda::normal_kernel<at::CUDAGeneratorImpl*>(at::TensorBase const&, double, double, at::CUDAGeneratorImpl*)::{lambda()#1}::operator()() const::{lambda()#2}::operator()() const::{lambda(float)#1}>(at::TensorIteratorBase&, at::CUDAGeneratorImpl*, at::native::templates::cuda::normal_kernel<at::CUDAGeneratorImpl*>(at::TensorBase const&, double, double, at::CUDAGeneratorImpl*)::{lambda()#1}::operator()() const::{lambda()#2}::operator()() const::{lambda(float)#1})::{lambda(curandStatePhilox4_32_10*)#2} const&, at::native::templates::cuda::normal_kernel<at::CUDAGeneratorImpl*>(at::TensorBase const&, double, double, at::CUDAGeneratorImpl*)::{lambda()#1}::operator()() const::{lambda()#2}::operator()() const::{lambda(float)#1})::{lambda(int, float)#1})",6,operator_shape_matched,"[[1,48,61,34,46],[],[],[]]","[""float"",""Scalar"",""Scalar"",""""]",null,1,15.936
null,aten::normal_,"void at::native::(anonymous namespace)::distribution_elementwise_grid_stride_kernel<float, 4, at::native::templates::cuda::normal_and_transform<float, float, at::CUDAGeneratorImpl*, at::native::templates::cuda::normal_kernel<at::CUDAGeneratorImpl*>(at::TensorBase const&, double, double, at::CUDAGeneratorImpl*)::{lambda()#1}::operator()() const::{lambda()#2}::operator()() const::{lambda(float)#1}>(at::TensorIteratorBase&, at::CUDAGeneratorImpl*, at::native::templates::cuda::normal_kernel<at::CUDAGeneratorImpl*>(at::TensorBase const&, double, double, at::CUDAGeneratorImpl*)::{lambda()#1}::operator()() const::{lambda()#2}::operator()() const::{lambda(float)#1})::{lambda(curandStatePhilox4_32_10*)#2}, at::native::(anonymous namespace)::distribution_nullary_kernel<float, float, float4, at::CUDAGeneratorImpl*, at::native::templates::cuda::normal_and_transform<float, float, at::CUDAGeneratorImpl*, at::native::templates::cuda::normal_kernel<at::CUDAGeneratorImpl*>(at::TensorBase const&, double, double, at::CUDAGeneratorImpl*)::{lambda()#1}::operator()() const::{lambda()#2}::operator()() const::{lambda(float)#1}>(at::TensorIteratorBase&, at::CUDAGeneratorImpl*, at::native::templates::cuda::normal_kernel<at::CUDAGeneratorImpl*>(at::TensorBase const&, double, double, at::CUDAGeneratorImpl*)::{lambda()#1}::operator()() const::{lambda()#2}::operator()() const::{lambda(float)#1})::{lambda(curandStatePhilox4_32_10*)#2}, at::native::templates::cuda::normal_kernel<at::CUDAGeneratorImpl*>(at::TensorBase const&, double, double, at::CUDAGeneratorImpl*)::{lambda()#1}::operator()() const::{lambda()#2}::operator()() const::{lambda(float)#1}>(at::TensorIteratorBase&, at::CUDAGeneratorImpl*, at::native::templates::cuda::normal_and_transform<float, float, at::CUDAGeneratorImpl*, at::native::templates::cuda::normal_kernel<at::CUDAGeneratorImpl*>(at::TensorBase const&, double, double, at::CUDAGeneratorImpl*)::{lambda()#1}::operator()() const::{lambda()#2}::operator()() const::{lambda(float)#1}>(at::TensorIteratorBase&, at::CUDAGeneratorImpl*, at::native::templates::cuda::normal_kernel<at::CUDAGeneratorImpl*>(at::TensorBase const&, double, double, at::CUDAGeneratorImpl*)::{lambda()#1}::operator()() const::{lambda()#2}::operator()() const::{lambda(float)#1})::{lambda(curandStatePhilox4_32_10*)#2} const&, at::native::templates::cuda::normal_kernel<at::CUDAGeneratorImpl*>(at::TensorBase const&, double, double, at::CUDAGeneratorImpl*)::{lambda()#1}::operator()() const::{lambda()#2}::operator()() const::{lambda(float)#1})::{lambda(int, float)#1}>(long, at::PhiloxCudaState, at::native::templates::cuda::normal_and_transform<float, float, at::CUDAGeneratorImpl*, at::native::templates::cuda::normal_kernel<at::CUDAGeneratorImpl*>(at::TensorBase const&, double, double, at::CUDAGeneratorImpl*)::{lambda()#1}::operator()() const::{lambda()#2}::operator()() const::{lambda(float)#1}>(at::TensorIteratorBase&, at::CUDAGeneratorImpl*, at::native::templates::cuda::normal_kernel<at::CUDAGeneratorImpl*>(at::TensorBase const&, double, double, at::CUDAGeneratorImpl*)::{lambda()#1}::operator()() const::{lambda()#2}::operator()() const::{lambda(float)#1})::{lambda(curandStatePhilox4_32_10*)#2}, at::native::(anonymous namespace)::distribution_nullary_kernel<float, float, float4, at::CUDAGeneratorImpl*, at::native::templates::cuda::normal_and_transform<float, float, at::CUDAGeneratorImpl*, at::native::templates::cuda::normal_kernel<at::CUDAGeneratorImpl*>(at::TensorBase const&, double, double, at::CUDAGeneratorImpl*)::{lambda()#1}::operator()() const::{lambda()#2}::operator()() const::{lambda(float)#1}>(at::TensorIteratorBase&, at::CUDAGeneratorImpl*, at::native::templates::cuda::normal_kernel<at::CUDAGeneratorImpl*>(at::TensorBase const&, double, double, at::CUDAGeneratorImpl*)::{lambda()#1}::operator()() const::{lambda()#2}::operator()() const::{lambda(float)#1})::{lambda(curandStatePhilox4_32_10*)#2}, at::native::templates::cuda::normal_kernel<at::CUDAGeneratorImpl*>(at::TensorBase const&, double, double, at::CUDAGeneratorImpl*)::{lambda()#1}::operator()() const::{lambda()#2}::operator()() const::{lambda(float)#1}>(at::TensorIteratorBase&, at::CUDAGeneratorImpl*, at::native::templates::cuda::normal_and_transform<float, float, at::CUDAGeneratorImpl*, at::native::templates::cuda::normal_kernel<at::CUDAGeneratorImpl*>(at::TensorBase const&, double, double, at::CUDAGeneratorImpl*)::{lambda()#1}::operator()() const::{lambda()#2}::operator()() const::{lambda(float)#1}>(at::TensorIteratorBase&, at::CUDAGeneratorImpl*, at::native::templates::cuda::normal_kernel<at::CUDAGeneratorImpl*>(at::TensorBase const&, double, double, at::CUDAGeneratorImpl*)::{lambda()#1}::operator()() const::{lambda()#2}::operator()() const::{lambda(float)#1})::{lambda(curandStatePhilox4_32_10*)#2} const&, at::native::templates::cuda::normal_kernel<at::CUDAGeneratorImpl*>(at::TensorBase const&, double, double, at::CUDAGeneratorImpl*)::{lambda()#1}::operator()() const::{lambda()#2}::operator()() const::{lambda(float)#1})::{lambda(int, float)#1})",7,operator_shape_matched,"[[1,48,79,30,40],[],[],[]]","[""float"",""Scalar"",""Scalar"",""""]",null,1,15.936
null,aten::normal_,"void at::native::(anonymous namespace)::distribution_elementwise_grid_stride_kernel<float, 4, at::native::templates::cuda::normal_and_transform<float, float, at::CUDAGeneratorImpl*, at::native::templates::cuda::normal_kernel<at::CUDAGeneratorImpl*>(at::TensorBase const&, double, double, at::CUDAGeneratorImpl*)::{lambda()#1}::operator()() const::{lambda()#2}::operator()() const::{lambda(float)#1}>(at::TensorIteratorBase&, at::CUDAGeneratorImpl*, at::native::templates::cuda::normal_kernel<at::CUDAGeneratorImpl*>(at::TensorBase const&, double, double, at::CUDAGeneratorImpl*)::{lambda()#1}::operator()() const::{lambda()#2}::operator()() const::{lambda(float)#1})::{lambda(curandStatePhilox4_32_10*)#2}, at::native::(anonymous namespace)::distribution_nullary_kernel<float, float, float4, at::CUDAGeneratorImpl*, at::native::templates::cuda::normal_and_transform<float, float, at::CUDAGeneratorImpl*, at::native::templates::cuda::normal_kernel<at::CUDAGeneratorImpl*>(at::TensorBase const&, double, double, at::CUDAGeneratorImpl*)::{lambda()#1}::operator()() const::{lambda()#2}::operator()() const::{lambda(float)#1}>(at::TensorIteratorBase&, at::CUDAGeneratorImpl*, at::native::templates::cuda::normal_kernel<at::CUDAGeneratorImpl*>(at::TensorBase const&, double, double, at::CUDAGeneratorImpl*)::{lambda()#1}::operator()() const::{lambda()#2}::operator()() const::{lambda(float)#1})::{lambda(curandStatePhilox4_32_10*)#2}, at::native::templates::cuda::normal_kernel<at::CUDAGeneratorImpl*>(at::TensorBase const&, double, double, at::CUDAGeneratorImpl*)::{lambda()#1}::operator()() const::{lambda()#2}::operator()() const::{lambda(float)#1}>(at::TensorIteratorBase&, at::CUDAGeneratorImpl*, at::native::templates::cuda::normal_and_transform<float, float, at::CUDAGeneratorImpl*, at::native::templates::cuda::normal_kernel<at::CUDAGeneratorImpl*>(at::TensorBase const&, double, double, at::CUDAGeneratorImpl*)::{lambda()#1}::operator()() const::{lambda()#2}::operator()() const::{lambda(float)#1}>(at::TensorIteratorBase&, at::CUDAGeneratorImpl*, at::native::templates::cuda::normal_kernel<at::CUDAGeneratorImpl*>(at::TensorBase const&, double, double, at::CUDAGeneratorImpl*)::{lambda()#1}::operator()() const::{lambda()#2}::operator()() const::{lambda(float)#1})::{lambda(curandStatePhilox4_32_10*)#2} const&, at::native::templates::cuda::normal_kernel<at::CUDAGeneratorImpl*>(at::TensorBase const&, double, double, at::CUDAGeneratorImpl*)::{lambda()#1}::operator()() const::{lambda()#2}::operator()() const::{lambda(float)#1})::{lambda(int, float)#1}>(long, at::PhiloxCudaState, at::native::templates::cuda::normal_and_transform<float, float, at::CUDAGeneratorImpl*, at::native::templates::cuda::normal_kernel<at::CUDAGeneratorImpl*>(at::TensorBase const&, double, double, at::CUDAGeneratorImpl*)::{lambda()#1}::operator()() const::{lambda()#2}::operator()() const::{lambda(float)#1}>(at::TensorIteratorBase&, at::CUDAGeneratorImpl*, at::native::templates::cuda::normal_kernel<at::CUDAGeneratorImpl*>(at::TensorBase const&, double, double, at::CUDAGeneratorImpl*)::{lambda()#1}::operator()() const::{lambda()#2}::operator()() const::{lambda(float)#1})::{lambda(curandStatePhilox4_32_10*)#2}, at::native::(anonymous namespace)::distribution_nullary_kernel<float, float, float4, at::CUDAGeneratorImpl*, at::native::templates::cuda::normal_and_transform<float, float, at::CUDAGeneratorImpl*, at::native::templates::cuda::normal_kernel<at::CUDAGeneratorImpl*>(at::TensorBase const&, double, double, at::CUDAGeneratorImpl*)::{lambda()#1}::operator()() const::{lambda()#2}::operator()() const::{lambda(float)#1}>(at::TensorIteratorBase&, at::CUDAGeneratorImpl*, at::native::templates::cuda::normal_kernel<at::CUDAGeneratorImpl*>(at::TensorBase const&, double, double, at::CUDAGeneratorImpl*)::{lambda()#1}::operator()() const::{lambda()#2}::operator()() const::{lambda(float)#1})::{lambda(curandStatePhilox4_32_10*)#2}, at::native::templates::cuda::normal_kernel<at::CUDAGeneratorImpl*>(at::TensorBase const&, double, double, at::CUDAGeneratorImpl*)::{lambda()#1}::operator()() const::{lambda()#2}::operator()() const::{lambda(float)#1}>(at::TensorIteratorBase&, at::CUDAGeneratorImpl*, at::native::templates::cuda::normal_and_transform<float, float, at::CUDAGeneratorImpl*, at::native::templates::cuda::normal_kernel<at::CUDAGeneratorImpl*>(at::TensorBase const&, double, double, at::CUDAGeneratorImpl*)::{lambda()#1}::operator()() const::{lambda()#2}::operator()() const::{lambda(float)#1}>(at::TensorIteratorBase&, at::CUDAGeneratorImpl*, at::native::templates::cuda::normal_kernel<at::CUDAGeneratorImpl*>(at::TensorBase const&, double, double, at::CUDAGeneratorImpl*)::{lambda()#1}::operator()() const::{lambda()#2}::operator()() const::{lambda(float)#1})::{lambda(curandStatePhilox4_32_10*)#2} const&, at::native::templates::cuda::normal_kernel<at::CUDAGeneratorImpl*>(at::TensorBase const&, double, double, at::CUDAGeneratorImpl*)::{lambda()#1}::operator()() const::{lambda()#2}::operator()() const::{lambda(float)#1})::{lambda(int, float)#1})",8,operator_shape_matched,"[[1,48,15,30,52],[],[],[]]","[""float"",""Scalar"",""Scalar"",""""]",null,2,15.872
null,aten::normal_,"void at::native::(anonymous namespace)::distribution_elementwise_grid_stride_kernel<float, 4, at::native::templates::cuda::normal_and_transform<float, float, at::CUDAGeneratorImpl*, at::native::templates::cuda::normal_kernel<at::CUDAGeneratorImpl*>(at::TensorBase const&, double, double, at::CUDAGeneratorImpl*)::{lambda()#1}::operator()() const::{lambda()#2}::operator()() const::{lambda(float)#1}>(at::TensorIteratorBase&, at::CUDAGeneratorImpl*, at::native::templates::cuda::normal_kernel<at::CUDAGeneratorImpl*>(at::TensorBase const&, double, double, at::CUDAGeneratorImpl*)::{lambda()#1}::operator()() const::{lambda()#2}::operator()() const::{lambda(float)#1})::{lambda(curandStatePhilox4_32_10*)#2}, at::native::(anonymous namespace)::distribution_nullary_kernel<float, float, float4, at::CUDAGeneratorImpl*, at::native::templates::cuda::normal_and_transform<float, float, at::CUDAGeneratorImpl*, at::native::templates::cuda::normal_kernel<at::CUDAGeneratorImpl*>(at::TensorBase const&, double, double, at::CUDAGeneratorImpl*)::{lambda()#1}::operator()() const::{lambda()#2}::operator()() const::{lambda(float)#1}>(at::TensorIteratorBase&, at::CUDAGeneratorImpl*, at::native::templates::cuda::normal_kernel<at::CUDAGeneratorImpl*>(at::TensorBase const&, double, double, at::CUDAGeneratorImpl*)::{lambda()#1}::operator()() const::{lambda()#2}::operator()() const::{lambda(float)#1})::{lambda(curandStatePhilox4_32_10*)#2}, at::native::templates::cuda::normal_kernel<at::CUDAGeneratorImpl*>(at::TensorBase const&, double, double, at::CUDAGeneratorImpl*)::{lambda()#1}::operator()() const::{lambda()#2}::operator()() const::{lambda(float)#1}>(at::TensorIteratorBase&, at::CUDAGeneratorImpl*, at::native::templates::cuda::normal_and_transform<float, float, at::CUDAGeneratorImpl*, at::native::templates::cuda::normal_kernel<at::CUDAGeneratorImpl*>(at::TensorBase const&, double, double, at::CUDAGeneratorImpl*)::{lambda()#1}::operator()() const::{lambda()#2}::operator()() const::{lambda(float)#1}>(at::TensorIteratorBase&, at::CUDAGeneratorImpl*, at::native::templates::cuda::normal_kernel<at::CUDAGeneratorImpl*>(at::TensorBase const&, double, double, at::CUDAGeneratorImpl*)::{lambda()#1}::operator()() const::{lambda()#2}::operator()() const::{lambda(float)#1})::{lambda(curandStatePhilox4_32_10*)#2} const&, at::native::templates::cuda::normal_kernel<at::CUDAGeneratorImpl*>(at::TensorBase const&, double, double, at::CUDAGeneratorImpl*)::{lambda()#1}::operator()() const::{lambda()#2}::operator()() const::{lambda(float)#1})::{lambda(int, float)#1}>(long, at::PhiloxCudaState, at::native::templates::cuda::normal_and_transform<float, float, at::CUDAGeneratorImpl*, at::native::templates::cuda::normal_kernel<at::CUDAGeneratorImpl*>(at::TensorBase const&, double, double, at::CUDAGeneratorImpl*)::{lambda()#1}::operator()() const::{lambda()#2}::operator()() const::{lambda(float)#1}>(at::TensorIteratorBase&, at::CUDAGeneratorImpl*, at::native::templates::cuda::normal_kernel<at::CUDAGeneratorImpl*>(at::TensorBase const&, double, double, at::CUDAGeneratorImpl*)::{lambda()#1}::operator()() const::{lambda()#2}::operator()() const::{lambda(float)#1})::{lambda(curandStatePhilox4_32_10*)#2}, at::native::(anonymous namespace)::distribution_nullary_kernel<float, float, float4, at::CUDAGeneratorImpl*, at::native::templates::cuda::normal_and_transform<float, float, at::CUDAGeneratorImpl*, at::native::templates::cuda::normal_kernel<at::CUDAGeneratorImpl*>(at::TensorBase const&, double, double, at::CUDAGeneratorImpl*)::{lambda()#1}::operator()() const::{lambda()#2}::operator()() const::{lambda(float)#1}>(at::TensorIteratorBase&, at::CUDAGeneratorImpl*, at::native::templates::cuda::normal_kernel<at::CUDAGeneratorImpl*>(at::TensorBase const&, double, double, at::CUDAGeneratorImpl*)::{lambda()#1}::operator()() const::{lambda()#2}::operator()() const::{lambda(float)#1})::{lambda(curandStatePhilox4_32_10*)#2}, at::native::templates::cuda::normal_kernel<at::CUDAGeneratorImpl*>(at::TensorBase const&, double, double, at::CUDAGeneratorImpl*)::{lambda()#1}::operator()() const::{lambda()#2}::operator()() const::{lambda(float)#1}>(at::TensorIteratorBase&, at::CUDAGeneratorImpl*, at::native::templates::cuda::normal_and_transform<float, float, at::CUDAGeneratorImpl*, at::native::templates::cuda::normal_kernel<at::CUDAGeneratorImpl*>(at::TensorBase const&, double, double, at::CUDAGeneratorImpl*)::{lambda()#1}::operator()() const::{lambda()#2}::operator()() const::{lambda(float)#1}>(at::TensorIteratorBase&, at::CUDAGeneratorImpl*, at::native::templates::cuda::normal_kernel<at::CUDAGeneratorImpl*>(at::TensorBase const&, double, double, at::CUDAGeneratorImpl*)::{lambda()#1}::operator()() const::{lambda()#2}::operator()() const::{lambda(float)#1})::{lambda(curandStatePhilox4_32_10*)#2} const&, at::native::templates::cuda::normal_kernel<at::CUDAGeneratorImpl*>(at::TensorBase const&, double, double, at::CUDAGeneratorImpl*)::{lambda()#1}::operator()() const::{lambda()#2}::operator()() const::{lambda(float)#1})::{lambda(int, float)#1})",9,operator_shape_matched,"[[1,48,52,34,46],[],[],[]]","[""float"",""Scalar"",""Scalar"",""""]",null,1,13.376
null,aten::normal_,"void at::native::(anonymous namespace)::distribution_elementwise_grid_stride_kernel<float, 4, at::native::templates::cuda::normal_and_transform<float, float, at::CUDAGeneratorImpl*, at::native::templates::cuda::normal_kernel<at::CUDAGeneratorImpl*>(at::TensorBase const&, double, double, at::CUDAGeneratorImpl*)::{lambda()#1}::operator()() const::{lambda()#2}::operator()() const::{lambda(float)#1}>(at::TensorIteratorBase&, at::CUDAGeneratorImpl*, at::native::templates::cuda::normal_kernel<at::CUDAGeneratorImpl*>(at::TensorBase const&, double, double, at::CUDAGeneratorImpl*)::{lambda()#1}::operator()() const::{lambda()#2}::operator()() const::{lambda(float)#1})::{lambda(curandStatePhilox4_32_10*)#2}, at::native::(anonymous namespace)::distribution_nullary_kernel<float, float, float4, at::CUDAGeneratorImpl*, at::native::templates::cuda::normal_and_transform<float, float, at::CUDAGeneratorImpl*, at::native::templates::cuda::normal_kernel<at::CUDAGeneratorImpl*>(at::TensorBase const&, double, double, at::CUDAGeneratorImpl*)::{lambda()#1}::operator()() const::{lambda()#2}::operator()() const::{lambda(float)#1}>(at::TensorIteratorBase&, at::CUDAGeneratorImpl*, at::native::templates::cuda::normal_kernel<at::CUDAGeneratorImpl*>(at::TensorBase const&, double, double, at::CUDAGeneratorImpl*)::{lambda()#1}::operator()() const::{lambda()#2}::operator()() const::{lambda(float)#1})::{lambda(curandStatePhilox4_32_10*)#2}, at::native::templates::cuda::normal_kernel<at::CUDAGeneratorImpl*>(at::TensorBase const&, double, double, at::CUDAGeneratorImpl*)::{lambda()#1}::operator()() const::{lambda()#2}::operator()() const::{lambda(float)#1}>(at::TensorIteratorBase&, at::CUDAGeneratorImpl*, at::native::templates::cuda::normal_and_transform<float, float, at::CUDAGeneratorImpl*, at::native::templates::cuda::normal_kernel<at::CUDAGeneratorImpl*>(at::TensorBase const&, double, double, at::CUDAGeneratorImpl*)::{lambda()#1}::operator()() const::{lambda()#2}::operator()() const::{lambda(float)#1}>(at::TensorIteratorBase&, at::CUDAGeneratorImpl*, at::native::templates::cuda::normal_kernel<at::CUDAGeneratorImpl*>(at::TensorBase const&, double, double, at::CUDAGeneratorImpl*)::{lambda()#1}::operator()() const::{lambda()#2}::operator()() const::{lambda(float)#1})::{lambda(curandStatePhilox4_32_10*)#2} const&, at::native::templates::cuda::normal_kernel<at::CUDAGeneratorImpl*>(at::TensorBase const&, double, double, at::CUDAGeneratorImpl*)::{lambda()#1}::operator()() const::{lambda()#2}::operator()() const::{lambda(float)#1})::{lambda(int, float)#1}>(long, at::PhiloxCudaState, at::native::templates::cuda::normal_and_transform<float, float, at::CUDAGeneratorImpl*, at::native::templates::cuda::normal_kernel<at::CUDAGeneratorImpl*>(at::TensorBase const&, double, double, at::CUDAGeneratorImpl*)::{lambda()#1}::operator()() const::{lambda()#2}::operator()() const::{lambda(float)#1}>(at::TensorIteratorBase&, at::CUDAGeneratorImpl*, at::native::templates::cuda::normal_kernel<at::CUDAGeneratorImpl*>(at::TensorBase const&, double, double, at::CUDAGeneratorImpl*)::{lambda()#1}::operator()() const::{lambda()#2}::operator()() const::{lambda(float)#1})::{lambda(curandStatePhilox4_32_10*)#2}, at::native::(anonymous namespace)::distribution_nullary_kernel<float, float, float4, at::CUDAGeneratorImpl*, at::native::templates::cuda::normal_and_transform<float, float, at::CUDAGeneratorImpl*, at::native::templates::cuda::normal_kernel<at::CUDAGeneratorImpl*>(at::TensorBase const&, double, double, at::CUDAGeneratorImpl*)::{lambda()#1}::operator()() const::{lambda()#2}::operator()() const::{lambda(float)#1}>(at::TensorIteratorBase&, at::CUDAGeneratorImpl*, at::native::templates::cuda::normal_kernel<at::CUDAGeneratorImpl*>(at::TensorBase const&, double, double, at::CUDAGeneratorImpl*)::{lambda()#1}::operator()() const::{lambda()#2}::operator()() const::{lambda(float)#1})::{lambda(curandStatePhilox4_32_10*)#2}, at::native::templates::cuda::normal_kernel<at::CUDAGeneratorImpl*>(at::TensorBase const&, double, double, at::CUDAGeneratorImpl*)::{lambda()#1}::operator()() const::{lambda()#2}::operator()() const::{lambda(float)#1}>(at::TensorIteratorBase&, at::CUDAGeneratorImpl*, at::native::templates::cuda::normal_and_transform<float, float, at::CUDAGeneratorImpl*, at::native::templates::cuda::normal_kernel<at::CUDAGeneratorImpl*>(at::TensorBase const&, double, double, at::CUDAGeneratorImpl*)::{lambda()#1}::operator()() const::{lambda()#2}::operator()() const::{lambda(float)#1}>(at::TensorIteratorBase&, at::CUDAGeneratorImpl*, at::native::templates::cuda::normal_kernel<at::CUDAGeneratorImpl*>(at::TensorBase const&, double, double, at::CUDAGeneratorImpl*)::{lambda()#1}::operator()() const::{lambda()#2}::operator()() const::{lambda(float)#1})::{lambda(curandStatePhilox4_32_10*)#2} const&, at::native::templates::cuda::normal_kernel<at::CUDAGeneratorImpl*>(at::TensorBase const&, double, double, at::CUDAGeneratorImpl*)::{lambda()#1}::operator()() const::{lambda()#2}::operator()() const::{lambda(float)#1})::{lambda(int, float)#1})",10,operator_shape_matched,"[[1,48,63,30,40],[],[],[]]","[""float"",""Scalar"",""Scalar"",""""]",null,1,13.312
null,aten::normal_,"void at::native::(anonymous namespace)::distribution_elementwise_grid_stride_kernel<float, 4, at::native::templates::cuda::normal_and_transform<float, float, at::CUDAGeneratorImpl*, at::native::templates::cuda::normal_kernel<at::CUDAGeneratorImpl*>(at::TensorBase const&, double, double, at::CUDAGeneratorImpl*)::{lambda()#1}::operator()() const::{lambda()#2}::operator()() const::{lambda(float)#1}>(at::TensorIteratorBase&, at::CUDAGeneratorImpl*, at::native::templates::cuda::normal_kernel<at::CUDAGeneratorImpl*>(at::TensorBase const&, double, double, at::CUDAGeneratorImpl*)::{lambda()#1}::operator()() const::{lambda()#2}::operator()() const::{lambda(float)#1})::{lambda(curandStatePhilox4_32_10*)#2}, at::native::(anonymous namespace)::distribution_nullary_kernel<float, float, float4, at::CUDAGeneratorImpl*, at::native::templates::cuda::normal_and_transform<float, float, at::CUDAGeneratorImpl*, at::native::templates::cuda::normal_kernel<at::CUDAGeneratorImpl*>(at::TensorBase const&, double, double, at::CUDAGeneratorImpl*)::{lambda()#1}::operator()() const::{lambda()#2}::operator()() const::{lambda(float)#1}>(at::TensorIteratorBase&, at::CUDAGeneratorImpl*, at::native::templates::cuda::normal_kernel<at::CUDAGeneratorImpl*>(at::TensorBase const&, double, double, at::CUDAGeneratorImpl*)::{lambda()#1}::operator()() const::{lambda()#2}::operator()() const::{lambda(float)#1})::{lambda(curandStatePhilox4_32_10*)#2}, at::native::templates::cuda::normal_kernel<at::CUDAGeneratorImpl*>(at::TensorBase const&, double, double, at::CUDAGeneratorImpl*)::{lambda()#1}::operator()() const::{lambda()#2}::operator()() const::{lambda(float)#1}>(at::TensorIteratorBase&, at::CUDAGeneratorImpl*, at::native::templates::cuda::normal_and_transform<float, float, at::CUDAGeneratorImpl*, at::native::templates::cuda::normal_kernel<at::CUDAGeneratorImpl*>(at::TensorBase const&, double, double, at::CUDAGeneratorImpl*)::{lambda()#1}::operator()() const::{lambda()#2}::operator()() const::{lambda(float)#1}>(at::TensorIteratorBase&, at::CUDAGeneratorImpl*, at::native::templates::cuda::normal_kernel<at::CUDAGeneratorImpl*>(at::TensorBase const&, double, double, at::CUDAGeneratorImpl*)::{lambda()#1}::operator()() const::{lambda()#2}::operator()() const::{lambda(float)#1})::{lambda(curandStatePhilox4_32_10*)#2} const&, at::native::templates::cuda::normal_kernel<at::CUDAGeneratorImpl*>(at::TensorBase const&, double, double, at::CUDAGeneratorImpl*)::{lambda()#1}::operator()() const::{lambda()#2}::operator()() const::{lambda(float)#1})::{lambda(int, float)#1}>(long, at::PhiloxCudaState, at::native::templates::cuda::normal_and_transform<float, float, at::CUDAGeneratorImpl*, at::native::templates::cuda::normal_kernel<at::CUDAGeneratorImpl*>(at::TensorBase const&, double, double, at::CUDAGeneratorImpl*)::{lambda()#1}::operator()() const::{lambda()#2}::operator()() const::{lambda(float)#1}>(at::TensorIteratorBase&, at::CUDAGeneratorImpl*, at::native::templates::cuda::normal_kernel<at::CUDAGeneratorImpl*>(at::TensorBase const&, double, double, at::CUDAGeneratorImpl*)::{lambda()#1}::operator()() const::{lambda()#2}::operator()() const::{lambda(float)#1})::{lambda(curandStatePhilox4_32_10*)#2}, at::native::(anonymous namespace)::distribution_nullary_kernel<float, float, float4, at::CUDAGeneratorImpl*, at::native::templates::cuda::normal_and_transform<float, float, at::CUDAGeneratorImpl*, at::native::templates::cuda::normal_kernel<at::CUDAGeneratorImpl*>(at::TensorBase const&, double, double, at::CUDAGeneratorImpl*)::{lambda()#1}::operator()() const::{lambda()#2}::operator()() const::{lambda(float)#1}>(at::TensorIteratorBase&, at::CUDAGeneratorImpl*, at::native::templates::cuda::normal_kernel<at::CUDAGeneratorImpl*>(at::TensorBase const&, double, double, at::CUDAGeneratorImpl*)::{lambda()#1}::operator()() const::{lambda()#2}::operator()() const::{lambda(float)#1})::{lambda(curandStatePhilox4_32_10*)#2}, at::native::templates::cuda::normal_kernel<at::CUDAGeneratorImpl*>(at::TensorBase const&, double, double, at::CUDAGeneratorImpl*)::{lambda()#1}::operator()() const::{lambda()#2}::operator()() const::{lambda(float)#1}>(at::TensorIteratorBase&, at::CUDAGeneratorImpl*, at::native::templates::cuda::normal_and_transform<float, float, at::CUDAGeneratorImpl*, at::native::templates::cuda::normal_kernel<at::CUDAGeneratorImpl*>(at::TensorBase const&, double, double, at::CUDAGeneratorImpl*)::{lambda()#1}::operator()() const::{lambda()#2}::operator()() const::{lambda(float)#1}>(at::TensorIteratorBase&, at::CUDAGeneratorImpl*, at::native::templates::cuda::normal_kernel<at::CUDAGeneratorImpl*>(at::TensorBase const&, double, double, at::CUDAGeneratorImpl*)::{lambda()#1}::operator()() const::{lambda()#2}::operator()() const::{lambda(float)#1})::{lambda(curandStatePhilox4_32_10*)#2} const&, at::native::templates::cuda::normal_kernel<at::CUDAGeneratorImpl*>(at::TensorBase const&, double, double, at::CUDAGeneratorImpl*)::{lambda()#1}::operator()() const::{lambda()#2}::operator()() const::{lambda(float)#1})::{lambda(int, float)#1})",11,operator_shape_matched,"[[1,48,52,30,40],[],[],[]]","[""float"",""Scalar"",""Scalar"",""""]",null,1,11.072
null,aten::normal_,"void at::native::(anonymous namespace)::distribution_elementwise_grid_stride_kernel<float, 4, at::native::templates::cuda::normal_and_transform<float, float, at::CUDAGeneratorImpl*, at::native::templates::cuda::normal_kernel<at::CUDAGeneratorImpl*>(at::TensorBase const&, double, double, at::CUDAGeneratorImpl*)::{lambda()#1}::operator()() const::{lambda()#2}::operator()() const::{lambda(float)#1}>(at::TensorIteratorBase&, at::CUDAGeneratorImpl*, at::native::templates::cuda::normal_kernel<at::CUDAGeneratorImpl*>(at::TensorBase const&, double, double, at::CUDAGeneratorImpl*)::{lambda()#1}::operator()() const::{lambda()#2}::operator()() const::{lambda(float)#1})::{lambda(curandStatePhilox4_32_10*)#2}, at::native::(anonymous namespace)::distribution_nullary_kernel<float, float, float4, at::CUDAGeneratorImpl*, at::native::templates::cuda::normal_and_transform<float, float, at::CUDAGeneratorImpl*, at::native::templates::cuda::normal_kernel<at::CUDAGeneratorImpl*>(at::TensorBase const&, double, double, at::CUDAGeneratorImpl*)::{lambda()#1}::operator()() const::{lambda()#2}::operator()() const::{lambda(float)#1}>(at::TensorIteratorBase&, at::CUDAGeneratorImpl*, at::native::templates::cuda::normal_kernel<at::CUDAGeneratorImpl*>(at::TensorBase const&, double, double, at::CUDAGeneratorImpl*)::{lambda()#1}::operator()() const::{lambda()#2}::operator()() const::{lambda(float)#1})::{lambda(curandStatePhilox4_32_10*)#2}, at::native::templates::cuda::normal_kernel<at::CUDAGeneratorImpl*>(at::TensorBase const&, double, double, at::CUDAGeneratorImpl*)::{lambda()#1}::operator()() const::{lambda()#2}::operator()() const::{lambda(float)#1}>(at::TensorIteratorBase&, at::CUDAGeneratorImpl*, at::native::templates::cuda::normal_and_transform<float, float, at::CUDAGeneratorImpl*, at::native::templates::cuda::normal_kernel<at::CUDAGeneratorImpl*>(at::TensorBase const&, double, double, at::CUDAGeneratorImpl*)::{lambda()#1}::operator()() const::{lambda()#2}::operator()() const::{lambda(float)#1}>(at::TensorIteratorBase&, at::CUDAGeneratorImpl*, at::native::templates::cuda::normal_kernel<at::CUDAGeneratorImpl*>(at::TensorBase const&, double, double, at::CUDAGeneratorImpl*)::{lambda()#1}::operator()() const::{lambda()#2}::operator()() const::{lambda(float)#1})::{lambda(curandStatePhilox4_32_10*)#2} const&, at::native::templates::cuda::normal_kernel<at::CUDAGeneratorImpl*>(at::TensorBase const&, double, double, at::CUDAGeneratorImpl*)::{lambda()#1}::operator()() const::{lambda()#2}::operator()() const::{lambda(float)#1})::{lambda(int, float)#1}>(long, at::PhiloxCudaState, at::native::templates::cuda::normal_and_transform<float, float, at::CUDAGeneratorImpl*, at::native::templates::cuda::normal_kernel<at::CUDAGeneratorImpl*>(at::TensorBase const&, double, double, at::CUDAGeneratorImpl*)::{lambda()#1}::operator()() const::{lambda()#2}::operator()() const::{lambda(float)#1}>(at::TensorIteratorBase&, at::CUDAGeneratorImpl*, at::native::templates::cuda::normal_kernel<at::CUDAGeneratorImpl*>(at::TensorBase const&, double, double, at::CUDAGeneratorImpl*)::{lambda()#1}::operator()() const::{lambda()#2}::operator()() const::{lambda(float)#1})::{lambda(curandStatePhilox4_32_10*)#2}, at::native::(anonymous namespace)::distribution_nullary_kernel<float, float, float4, at::CUDAGeneratorImpl*, at::native::templates::cuda::normal_and_transform<float, float, at::CUDAGeneratorImpl*, at::native::templates::cuda::normal_kernel<at::CUDAGeneratorImpl*>(at::TensorBase const&, double, double, at::CUDAGeneratorImpl*)::{lambda()#1}::operator()() const::{lambda()#2}::operator()() const::{lambda(float)#1}>(at::TensorIteratorBase&, at::CUDAGeneratorImpl*, at::native::templates::cuda::normal_kernel<at::CUDAGeneratorImpl*>(at::TensorBase const&, double, double, at::CUDAGeneratorImpl*)::{lambda()#1}::operator()() const::{lambda()#2}::operator()() const::{lambda(float)#1})::{lambda(curandStatePhilox4_32_10*)#2}, at::native::templates::cuda::normal_kernel<at::CUDAGeneratorImpl*>(at::TensorBase const&, double, double, at::CUDAGeneratorImpl*)::{lambda()#1}::operator()() const::{lambda()#2}::operator()() const::{lambda(float)#1}>(at::TensorIteratorBase&, at::CUDAGeneratorImpl*, at::native::templates::cuda::normal_and_transform<float, float, at::CUDAGeneratorImpl*, at::native::templates::cuda::normal_kernel<at::CUDAGeneratorImpl*>(at::TensorBase const&, double, double, at::CUDAGeneratorImpl*)::{lambda()#1}::operator()() const::{lambda()#2}::operator()() const::{lambda(float)#1}>(at::TensorIteratorBase&, at::CUDAGeneratorImpl*, at::native::templates::cuda::normal_kernel<at::CUDAGeneratorImpl*>(at::TensorBase const&, double, double, at::CUDAGeneratorImpl*)::{lambda()#1}::operator()() const::{lambda()#2}::operator()() const::{lambda(float)#1})::{lambda(curandStatePhilox4_32_10*)#2} const&, at::native::templates::cuda::normal_kernel<at::CUDAGeneratorImpl*>(at::TensorBase const&, double, double, at::CUDAGeneratorImpl*)::{lambda()#1}::operator()() const::{lambda()#2}::operator()() const::{lambda(float)#1})::{lambda(int, float)#1})",12,operator_shape_matched,"[[1,48,13,30,52],[],[],[]]","[""float"",""Scalar"",""Scalar"",""""]",null,2,11.04
null,aten::normal_,"void at::native::(anonymous namespace)::distribution_elementwise_grid_stride_kernel<float, 4, at::native::templates::cuda::normal_and_transform<float, float, at::CUDAGeneratorImpl*, at::native::templates::cuda::normal_kernel<at::CUDAGeneratorImpl*>(at::TensorBase const&, double, double, at::CUDAGeneratorImpl*)::{lambda()#1}::operator()() const::{lambda()#2}::operator()() const::{lambda(float)#1}>(at::TensorIteratorBase&, at::CUDAGeneratorImpl*, at::native::templates::cuda::normal_kernel<at::CUDAGeneratorImpl*>(at::TensorBase const&, double, double, at::CUDAGeneratorImpl*)::{lambda()#1}::operator()() const::{lambda()#2}::operator()() const::{lambda(float)#1})::{lambda(curandStatePhilox4_32_10*)#2}, at::native::(anonymous namespace)::distribution_nullary_kernel<float, float, float4, at::CUDAGeneratorImpl*, at::native::templates::cuda::normal_and_transform<float, float, at::CUDAGeneratorImpl*, at::native::templates::cuda::normal_kernel<at::CUDAGeneratorImpl*>(at::TensorBase const&, double, double, at::CUDAGeneratorImpl*)::{lambda()#1}::operator()() const::{lambda()#2}::operator()() const::{lambda(float)#1}>(at::TensorIteratorBase&, at::CUDAGeneratorImpl*, at::native::templates::cuda::normal_kernel<at::CUDAGeneratorImpl*>(at::TensorBase const&, double, double, at::CUDAGeneratorImpl*)::{lambda()#1}::operator()() const::{lambda()#2}::operator()() const::{lambda(float)#1})::{lambda(curandStatePhilox4_32_10*)#2}, at::native::templates::cuda::normal_kernel<at::CUDAGeneratorImpl*>(at::TensorBase const&, double, double, at::CUDAGeneratorImpl*)::{lambda()#1}::operator()() const::{lambda()#2}::operator()() const::{lambda(float)#1}>(at::TensorIteratorBase&, at::CUDAGeneratorImpl*, at::native::templates::cuda::normal_and_transform<float, float, at::CUDAGeneratorImpl*, at::native::templates::cuda::normal_kernel<at::CUDAGeneratorImpl*>(at::TensorBase const&, double, double, at::CUDAGeneratorImpl*)::{lambda()#1}::operator()() const::{lambda()#2}::operator()() const::{lambda(float)#1}>(at::TensorIteratorBase&, at::CUDAGeneratorImpl*, at::native::templates::cuda::normal_kernel<at::CUDAGeneratorImpl*>(at::TensorBase const&, double, double, at::CUDAGeneratorImpl*)::{lambda()#1}::operator()() const::{lambda()#2}::operator()() const::{lambda(float)#1})::{lambda(curandStatePhilox4_32_10*)#2} const&, at::native::templates::cuda::normal_kernel<at::CUDAGeneratorImpl*>(at::TensorBase const&, double, double, at::CUDAGeneratorImpl*)::{lambda()#1}::operator()() const::{lambda()#2}::operator()() const::{lambda(float)#1})::{lambda(int, float)#1}>(long, at::PhiloxCudaState, at::native::templates::cuda::normal_and_transform<float, float, at::CUDAGeneratorImpl*, at::native::templates::cuda::normal_kernel<at::CUDAGeneratorImpl*>(at::TensorBase const&, double, double, at::CUDAGeneratorImpl*)::{lambda()#1}::operator()() const::{lambda()#2}::operator()() const::{lambda(float)#1}>(at::TensorIteratorBase&, at::CUDAGeneratorImpl*, at::native::templates::cuda::normal_kernel<at::CUDAGeneratorImpl*>(at::TensorBase const&, double, double, at::CUDAGeneratorImpl*)::{lambda()#1}::operator()() const::{lambda()#2}::operator()() const::{lambda(float)#1})::{lambda(curandStatePhilox4_32_10*)#2}, at::native::(anonymous namespace)::distribution_nullary_kernel<float, float, float4, at::CUDAGeneratorImpl*, at::native::templates::cuda::normal_and_transform<float, float, at::CUDAGeneratorImpl*, at::native::templates::cuda::normal_kernel<at::CUDAGeneratorImpl*>(at::TensorBase const&, double, double, at::CUDAGeneratorImpl*)::{lambda()#1}::operator()() const::{lambda()#2}::operator()() const::{lambda(float)#1}>(at::TensorIteratorBase&, at::CUDAGeneratorImpl*, at::native::templates::cuda::normal_kernel<at::CUDAGeneratorImpl*>(at::TensorBase const&, double, double, at::CUDAGeneratorImpl*)::{lambda()#1}::operator()() const::{lambda()#2}::operator()() const::{lambda(float)#1})::{lambda(curandStatePhilox4_32_10*)#2}, at::native::templates::cuda::normal_kernel<at::CUDAGeneratorImpl*>(at::TensorBase const&, double, double, at::CUDAGeneratorImpl*)::{lambda()#1}::operator()() const::{lambda()#2}::operator()() const::{lambda(float)#1}>(at::TensorIteratorBase&, at::CUDAGeneratorImpl*, at::native::templates::cuda::normal_and_transform<float, float, at::CUDAGeneratorImpl*, at::native::templates::cuda::normal_kernel<at::CUDAGeneratorImpl*>(at::TensorBase const&, double, double, at::CUDAGeneratorImpl*)::{lambda()#1}::operator()() const::{lambda()#2}::operator()() const::{lambda(float)#1}>(at::TensorIteratorBase&, at::CUDAGeneratorImpl*, at::native::templates::cuda::normal_kernel<at::CUDAGeneratorImpl*>(at::TensorBase const&, double, double, at::CUDAGeneratorImpl*)::{lambda()#1}::operator()() const::{lambda()#2}::operator()() const::{lambda(float)#1})::{lambda(curandStatePhilox4_32_10*)#2} const&, at::native::templates::cuda::normal_kernel<at::CUDAGeneratorImpl*>(at::TensorBase const&, double, double, at::CUDAGeneratorImpl*)::{lambda()#1}::operator()() const::{lambda()#2}::operator()() const::{lambda(float)#1})::{lambda(int, float)#1})",13,operator_shape_matched,"[[1,48,11,30,52],[],[],[]]","[""float"",""Scalar"",""Scalar"",""""]",null,2,11.039
null,aten::normal_,"void at::native::(anonymous namespace)::distribution_elementwise_grid_stride_kernel<float, 4, at::native::templates::cuda::normal_and_transform<float, float, at::CUDAGeneratorImpl*, at::native::templates::cuda::normal_kernel<at::CUDAGeneratorImpl*>(at::TensorBase const&, double, double, at::CUDAGeneratorImpl*)::{lambda()#1}::operator()() const::{lambda()#2}::operator()() const::{lambda(float)#1}>(at::TensorIteratorBase&, at::CUDAGeneratorImpl*, at::native::templates::cuda::normal_kernel<at::CUDAGeneratorImpl*>(at::TensorBase const&, double, double, at::CUDAGeneratorImpl*)::{lambda()#1}::operator()() const::{lambda()#2}::operator()() const::{lambda(float)#1})::{lambda(curandStatePhilox4_32_10*)#2}, at::native::(anonymous namespace)::distribution_nullary_kernel<float, float, float4, at::CUDAGeneratorImpl*, at::native::templates::cuda::normal_and_transform<float, float, at::CUDAGeneratorImpl*, at::native::templates::cuda::normal_kernel<at::CUDAGeneratorImpl*>(at::TensorBase const&, double, double, at::CUDAGeneratorImpl*)::{lambda()#1}::operator()() const::{lambda()#2}::operator()() const::{lambda(float)#1}>(at::TensorIteratorBase&, at::CUDAGeneratorImpl*, at::native::templates::cuda::normal_kernel<at::CUDAGeneratorImpl*>(at::TensorBase const&, double, double, at::CUDAGeneratorImpl*)::{lambda()#1}::operator()() const::{lambda()#2}::operator()() const::{lambda(float)#1})::{lambda(curandStatePhilox4_32_10*)#2}, at::native::templates::cuda::normal_kernel<at::CUDAGeneratorImpl*>(at::TensorBase const&, double, double, at::CUDAGeneratorImpl*)::{lambda()#1}::operator()() const::{lambda()#2}::operator()() const::{lambda(float)#1}>(at::TensorIteratorBase&, at::CUDAGeneratorImpl*, at::native::templates::cuda::normal_and_transform<float, float, at::CUDAGeneratorImpl*, at::native::templates::cuda::normal_kernel<at::CUDAGeneratorImpl*>(at::TensorBase const&, double, double, at::CUDAGeneratorImpl*)::{lambda()#1}::operator()() const::{lambda()#2}::operator()() const::{lambda(float)#1}>(at::TensorIteratorBase&, at::CUDAGeneratorImpl*, at::native::templates::cuda::normal_kernel<at::CUDAGeneratorImpl*>(at::TensorBase const&, double, double, at::CUDAGeneratorImpl*)::{lambda()#1}::operator()() const::{lambda()#2}::operator()() const::{lambda(float)#1})::{lambda(curandStatePhilox4_32_10*)#2} const&, at::native::templates::cuda::normal_kernel<at::CUDAGeneratorImpl*>(at::TensorBase const&, double, double, at::CUDAGeneratorImpl*)::{lambda()#1}::operator()() const::{lambda()#2}::operator()() const::{lambda(float)#1})::{lambda(int, float)#1}>(long, at::PhiloxCudaState, at::native::templates::cuda::normal_and_transform<float, float, at::CUDAGeneratorImpl*, at::native::templates::cuda::normal_kernel<at::CUDAGeneratorImpl*>(at::TensorBase const&, double, double, at::CUDAGeneratorImpl*)::{lambda()#1}::operator()() const::{lambda()#2}::operator()() const::{lambda(float)#1}>(at::TensorIteratorBase&, at::CUDAGeneratorImpl*, at::native::templates::cuda::normal_kernel<at::CUDAGeneratorImpl*>(at::TensorBase const&, double, double, at::CUDAGeneratorImpl*)::{lambda()#1}::operator()() const::{lambda()#2}::operator()() const::{lambda(float)#1})::{lambda(curandStatePhilox4_32_10*)#2}, at::native::(anonymous namespace)::distribution_nullary_kernel<float, float, float4, at::CUDAGeneratorImpl*, at::native::templates::cuda::normal_and_transform<float, float, at::CUDAGeneratorImpl*, at::native::templates::cuda::normal_kernel<at::CUDAGeneratorImpl*>(at::TensorBase const&, double, double, at::CUDAGeneratorImpl*)::{lambda()#1}::operator()() const::{lambda()#2}::operator()() const::{lambda(float)#1}>(at::TensorIteratorBase&, at::CUDAGeneratorImpl*, at::native::templates::cuda::normal_kernel<at::CUDAGeneratorImpl*>(at::TensorBase const&, double, double, at::CUDAGeneratorImpl*)::{lambda()#1}::operator()() const::{lambda()#2}::operator()() const::{lambda(float)#1})::{lambda(curandStatePhilox4_32_10*)#2}, at::native::templates::cuda::normal_kernel<at::CUDAGeneratorImpl*>(at::TensorBase const&, double, double, at::CUDAGeneratorImpl*)::{lambda()#1}::operator()() const::{lambda()#2}::operator()() const::{lambda(float)#1}>(at::TensorIteratorBase&, at::CUDAGeneratorImpl*, at::native::templates::cuda::normal_and_transform<float, float, at::CUDAGeneratorImpl*, at::native::templates::cuda::normal_kernel<at::CUDAGeneratorImpl*>(at::TensorBase const&, double, double, at::CUDAGeneratorImpl*)::{lambda()#1}::operator()() const::{lambda()#2}::operator()() const::{lambda(float)#1}>(at::TensorIteratorBase&, at::CUDAGeneratorImpl*, at::native::templates::cuda::normal_kernel<at::CUDAGeneratorImpl*>(at::TensorBase const&, double, double, at::CUDAGeneratorImpl*)::{lambda()#1}::operator()() const::{lambda()#2}::operator()() const::{lambda(float)#1})::{lambda(curandStatePhilox4_32_10*)#2} const&, at::native::templates::cuda::normal_kernel<at::CUDAGeneratorImpl*>(at::TensorBase const&, double, double, at::CUDAGeneratorImpl*)::{lambda()#1}::operator()() const::{lambda()#2}::operator()() const::{lambda(float)#1})::{lambda(int, float)#1})",14,operator_shape_matched,"[[1,48,50,30,40],[],[],[]]","[""float"",""Scalar"",""Scalar"",""""]",null,1,10.785
null,aten::normal_,"void at::native::(anonymous namespace)::distribution_elementwise_grid_stride_kernel<float, 4, at::native::templates::cuda::normal_and_transform<float, float, at::CUDAGeneratorImpl*, at::native::templates::cuda::normal_kernel<at::CUDAGeneratorImpl*>(at::TensorBase const&, double, double, at::CUDAGeneratorImpl*)::{lambda()#1}::operator()() const::{lambda()#2}::operator()() const::{lambda(float)#1}>(at::TensorIteratorBase&, at::CUDAGeneratorImpl*, at::native::templates::cuda::normal_kernel<at::CUDAGeneratorImpl*>(at::TensorBase const&, double, double, at::CUDAGeneratorImpl*)::{lambda()#1}::operator()() const::{lambda()#2}::operator()() const::{lambda(float)#1})::{lambda(curandStatePhilox4_32_10*)#2}, at::native::(anonymous namespace)::distribution_nullary_kernel<float, float, float4, at::CUDAGeneratorImpl*, at::native::templates::cuda::normal_and_transform<float, float, at::CUDAGeneratorImpl*, at::native::templates::cuda::normal_kernel<at::CUDAGeneratorImpl*>(at::TensorBase const&, double, double, at::CUDAGeneratorImpl*)::{lambda()#1}::operator()() const::{lambda()#2}::operator()() const::{lambda(float)#1}>(at::TensorIteratorBase&, at::CUDAGeneratorImpl*, at::native::templates::cuda::normal_kernel<at::CUDAGeneratorImpl*>(at::TensorBase const&, double, double, at::CUDAGeneratorImpl*)::{lambda()#1}::operator()() const::{lambda()#2}::operator()() const::{lambda(float)#1})::{lambda(curandStatePhilox4_32_10*)#2}, at::native::templates::cuda::normal_kernel<at::CUDAGeneratorImpl*>(at::TensorBase const&, double, double, at::CUDAGeneratorImpl*)::{lambda()#1}::operator()() const::{lambda()#2}::operator()() const::{lambda(float)#1}>(at::TensorIteratorBase&, at::CUDAGeneratorImpl*, at::native::templates::cuda::normal_and_transform<float, float, at::CUDAGeneratorImpl*, at::native::templates::cuda::normal_kernel<at::CUDAGeneratorImpl*>(at::TensorBase const&, double, double, at::CUDAGeneratorImpl*)::{lambda()#1}::operator()() const::{lambda()#2}::operator()() const::{lambda(float)#1}>(at::TensorIteratorBase&, at::CUDAGeneratorImpl*, at::native::templates::cuda::normal_kernel<at::CUDAGeneratorImpl*>(at::TensorBase const&, double, double, at::CUDAGeneratorImpl*)::{lambda()#1}::operator()() const::{lambda()#2}::operator()() const::{lambda(float)#1})::{lambda(curandStatePhilox4_32_10*)#2} const&, at::native::templates::cuda::normal_kernel<at::CUDAGeneratorImpl*>(at::TensorBase const&, double, double, at::CUDAGeneratorImpl*)::{lambda()#1}::operator()() const::{lambda()#2}::operator()() const::{lambda(float)#1})::{lambda(int, float)#1}>(long, at::PhiloxCudaState, at::native::templates::cuda::normal_and_transform<float, float, at::CUDAGeneratorImpl*, at::native::templates::cuda::normal_kernel<at::CUDAGeneratorImpl*>(at::TensorBase const&, double, double, at::CUDAGeneratorImpl*)::{lambda()#1}::operator()() const::{lambda()#2}::operator()() const::{lambda(float)#1}>(at::TensorIteratorBase&, at::CUDAGeneratorImpl*, at::native::templates::cuda::normal_kernel<at::CUDAGeneratorImpl*>(at::TensorBase const&, double, double, at::CUDAGeneratorImpl*)::{lambda()#1}::operator()() const::{lambda()#2}::operator()() const::{lambda(float)#1})::{lambda(curandStatePhilox4_32_10*)#2}, at::native::(anonymous namespace)::distribution_nullary_kernel<float, float, float4, at::CUDAGeneratorImpl*, at::native::templates::cuda::normal_and_transform<float, float, at::CUDAGeneratorImpl*, at::native::templates::cuda::normal_kernel<at::CUDAGeneratorImpl*>(at::TensorBase const&, double, double, at::CUDAGeneratorImpl*)::{lambda()#1}::operator()() const::{lambda()#2}::operator()() const::{lambda(float)#1}>(at::TensorIteratorBase&, at::CUDAGeneratorImpl*, at::native::templates::cuda::normal_kernel<at::CUDAGeneratorImpl*>(at::TensorBase const&, double, double, at::CUDAGeneratorImpl*)::{lambda()#1}::operator()() const::{lambda()#2}::operator()() const::{lambda(float)#1})::{lambda(curandStatePhilox4_32_10*)#2}, at::native::templates::cuda::normal_kernel<at::CUDAGeneratorImpl*>(at::TensorBase const&, double, double, at::CUDAGeneratorImpl*)::{lambda()#1}::operator()() const::{lambda()#2}::operator()() const::{lambda(float)#1}>(at::TensorIteratorBase&, at::CUDAGeneratorImpl*, at::native::templates::cuda::normal_and_transform<float, float, at::CUDAGeneratorImpl*, at::native::templates::cuda::normal_kernel<at::CUDAGeneratorImpl*>(at::TensorBase const&, double, double, at::CUDAGeneratorImpl*)::{lambda()#1}::operator()() const::{lambda()#2}::operator()() const::{lambda(float)#1}>(at::TensorIteratorBase&, at::CUDAGeneratorImpl*, at::native::templates::cuda::normal_kernel<at::CUDAGeneratorImpl*>(at::TensorBase const&, double, double, at::CUDAGeneratorImpl*)::{lambda()#1}::operator()() const::{lambda()#2}::operator()() const::{lambda(float)#1})::{lambda(curandStatePhilox4_32_10*)#2} const&, at::native::templates::cuda::normal_kernel<at::CUDAGeneratorImpl*>(at::TensorBase const&, double, double, at::CUDAGeneratorImpl*)::{lambda()#1}::operator()() const::{lambda()#2}::operator()() const::{lambda(float)#1})::{lambda(int, float)#1})",15,operator_shape_matched,"[[1,48,37,34,46],[],[],[]]","[""float"",""Scalar"",""Scalar"",""""]",null,1,10.752
null,aten::normal_,"void at::native::(anonymous namespace)::distribution_elementwise_grid_stride_kernel<float, 4, at::native::templates::cuda::normal_and_transform<float, float, at::CUDAGeneratorImpl*, at::native::templates::cuda::normal_kernel<at::CUDAGeneratorImpl*>(at::TensorBase const&, double, double, at::CUDAGeneratorImpl*)::{lambda()#1}::operator()() const::{lambda()#2}::operator()() const::{lambda(float)#1}>(at::TensorIteratorBase&, at::CUDAGeneratorImpl*, at::native::templates::cuda::normal_kernel<at::CUDAGeneratorImpl*>(at::TensorBase const&, double, double, at::CUDAGeneratorImpl*)::{lambda()#1}::operator()() const::{lambda()#2}::operator()() const::{lambda(float)#1})::{lambda(curandStatePhilox4_32_10*)#2}, at::native::(anonymous namespace)::distribution_nullary_kernel<float, float, float4, at::CUDAGeneratorImpl*, at::native::templates::cuda::normal_and_transform<float, float, at::CUDAGeneratorImpl*, at::native::templates::cuda::normal_kernel<at::CUDAGeneratorImpl*>(at::TensorBase const&, double, double, at::CUDAGeneratorImpl*)::{lambda()#1}::operator()() const::{lambda()#2}::operator()() const::{lambda(float)#1}>(at::TensorIteratorBase&, at::CUDAGeneratorImpl*, at::native::templates::cuda::normal_kernel<at::CUDAGeneratorImpl*>(at::TensorBase const&, double, double, at::CUDAGeneratorImpl*)::{lambda()#1}::operator()() const::{lambda()#2}::operator()() const::{lambda(float)#1})::{lambda(curandStatePhilox4_32_10*)#2}, at::native::templates::cuda::normal_kernel<at::CUDAGeneratorImpl*>(at::TensorBase const&, double, double, at::CUDAGeneratorImpl*)::{lambda()#1}::operator()() const::{lambda()#2}::operator()() const::{lambda(float)#1}>(at::TensorIteratorBase&, at::CUDAGeneratorImpl*, at::native::templates::cuda::normal_and_transform<float, float, at::CUDAGeneratorImpl*, at::native::templates::cuda::normal_kernel<at::CUDAGeneratorImpl*>(at::TensorBase const&, double, double, at::CUDAGeneratorImpl*)::{lambda()#1}::operator()() const::{lambda()#2}::operator()() const::{lambda(float)#1}>(at::TensorIteratorBase&, at::CUDAGeneratorImpl*, at::native::templates::cuda::normal_kernel<at::CUDAGeneratorImpl*>(at::TensorBase const&, double, double, at::CUDAGeneratorImpl*)::{lambda()#1}::operator()() const::{lambda()#2}::operator()() const::{lambda(float)#1})::{lambda(curandStatePhilox4_32_10*)#2} const&, at::native::templates::cuda::normal_kernel<at::CUDAGeneratorImpl*>(at::TensorBase const&, double, double, at::CUDAGeneratorImpl*)::{lambda()#1}::operator()() const::{lambda()#2}::operator()() const::{lambda(float)#1})::{lambda(int, float)#1}>(long, at::PhiloxCudaState, at::native::templates::cuda::normal_and_transform<float, float, at::CUDAGeneratorImpl*, at::native::templates::cuda::normal_kernel<at::CUDAGeneratorImpl*>(at::TensorBase const&, double, double, at::CUDAGeneratorImpl*)::{lambda()#1}::operator()() const::{lambda()#2}::operator()() const::{lambda(float)#1}>(at::TensorIteratorBase&, at::CUDAGeneratorImpl*, at::native::templates::cuda::normal_kernel<at::CUDAGeneratorImpl*>(at::TensorBase const&, double, double, at::CUDAGeneratorImpl*)::{lambda()#1}::operator()() const::{lambda()#2}::operator()() const::{lambda(float)#1})::{lambda(curandStatePhilox4_32_10*)#2}, at::native::(anonymous namespace)::distribution_nullary_kernel<float, float, float4, at::CUDAGeneratorImpl*, at::native::templates::cuda::normal_and_transform<float, float, at::CUDAGeneratorImpl*, at::native::templates::cuda::normal_kernel<at::CUDAGeneratorImpl*>(at::TensorBase const&, double, double, at::CUDAGeneratorImpl*)::{lambda()#1}::operator()() const::{lambda()#2}::operator()() const::{lambda(float)#1}>(at::TensorIteratorBase&, at::CUDAGeneratorImpl*, at::native::templates::cuda::normal_kernel<at::CUDAGeneratorImpl*>(at::TensorBase const&, double, double, at::CUDAGeneratorImpl*)::{lambda()#1}::operator()() const::{lambda()#2}::operator()() const::{lambda(float)#1})::{lambda(curandStatePhilox4_32_10*)#2}, at::native::templates::cuda::normal_kernel<at::CUDAGeneratorImpl*>(at::TensorBase const&, double, double, at::CUDAGeneratorImpl*)::{lambda()#1}::operator()() const::{lambda()#2}::operator()() const::{lambda(float)#1}>(at::TensorIteratorBase&, at::CUDAGeneratorImpl*, at::native::templates::cuda::normal_and_transform<float, float, at::CUDAGeneratorImpl*, at::native::templates::cuda::normal_kernel<at::CUDAGeneratorImpl*>(at::TensorBase const&, double, double, at::CUDAGeneratorImpl*)::{lambda()#1}::operator()() const::{lambda()#2}::operator()() const::{lambda(float)#1}>(at::TensorIteratorBase&, at::CUDAGeneratorImpl*, at::native::templates::cuda::normal_kernel<at::CUDAGeneratorImpl*>(at::TensorBase const&, double, double, at::CUDAGeneratorImpl*)::{lambda()#1}::operator()() const::{lambda()#2}::operator()() const::{lambda(float)#1})::{lambda(curandStatePhilox4_32_10*)#2} const&, at::native::templates::cuda::normal_kernel<at::CUDAGeneratorImpl*>(at::TensorBase const&, double, double, at::CUDAGeneratorImpl*)::{lambda()#1}::operator()() const::{lambda()#2}::operator()() const::{lambda(float)#1})::{lambda(int, float)#1})",16,operator_shape_matched,"[[1,48,35,30,52],[],[],[]]","[""float"",""Scalar"",""Scalar"",""""]",null,1,10.688
null,aten::normal_,"void at::native::(anonymous namespace)::distribution_elementwise_grid_stride_kernel<float, 4, at::native::templates::cuda::normal_and_transform<float, float, at::CUDAGeneratorImpl*, at::native::templates::cuda::normal_kernel<at::CUDAGeneratorImpl*>(at::TensorBase const&, double, double, at::CUDAGeneratorImpl*)::{lambda()#1}::operator()() const::{lambda()#2}::operator()() const::{lambda(float)#1}>(at::TensorIteratorBase&, at::CUDAGeneratorImpl*, at::native::templates::cuda::normal_kernel<at::CUDAGeneratorImpl*>(at::TensorBase const&, double, double, at::CUDAGeneratorImpl*)::{lambda()#1}::operator()() const::{lambda()#2}::operator()() const::{lambda(float)#1})::{lambda(curandStatePhilox4_32_10*)#2}, at::native::(anonymous namespace)::distribution_nullary_kernel<float, float, float4, at::CUDAGeneratorImpl*, at::native::templates::cuda::normal_and_transform<float, float, at::CUDAGeneratorImpl*, at::native::templates::cuda::normal_kernel<at::CUDAGeneratorImpl*>(at::TensorBase const&, double, double, at::CUDAGeneratorImpl*)::{lambda()#1}::operator()() const::{lambda()#2}::operator()() const::{lambda(float)#1}>(at::TensorIteratorBase&, at::CUDAGeneratorImpl*, at::native::templates::cuda::normal_kernel<at::CUDAGeneratorImpl*>(at::TensorBase const&, double, double, at::CUDAGeneratorImpl*)::{lambda()#1}::operator()() const::{lambda()#2}::operator()() const::{lambda(float)#1})::{lambda(curandStatePhilox4_32_10*)#2}, at::native::templates::cuda::normal_kernel<at::CUDAGeneratorImpl*>(at::TensorBase const&, double, double, at::CUDAGeneratorImpl*)::{lambda()#1}::operator()() const::{lambda()#2}::operator()() const::{lambda(float)#1}>(at::TensorIteratorBase&, at::CUDAGeneratorImpl*, at::native::templates::cuda::normal_and_transform<float, float, at::CUDAGeneratorImpl*, at::native::templates::cuda::normal_kernel<at::CUDAGeneratorImpl*>(at::TensorBase const&, double, double, at::CUDAGeneratorImpl*)::{lambda()#1}::operator()() const::{lambda()#2}::operator()() const::{lambda(float)#1}>(at::TensorIteratorBase&, at::CUDAGeneratorImpl*, at::native::templates::cuda::normal_kernel<at::CUDAGeneratorImpl*>(at::TensorBase const&, double, double, at::CUDAGeneratorImpl*)::{lambda()#1}::operator()() const::{lambda()#2}::operator()() const::{lambda(float)#1})::{lambda(curandStatePhilox4_32_10*)#2} const&, at::native::templates::cuda::normal_kernel<at::CUDAGeneratorImpl*>(at::TensorBase const&, double, double, at::CUDAGeneratorImpl*)::{lambda()#1}::operator()() const::{lambda()#2}::operator()() const::{lambda(float)#1})::{lambda(int, float)#1}>(long, at::PhiloxCudaState, at::native::templates::cuda::normal_and_transform<float, float, at::CUDAGeneratorImpl*, at::native::templates::cuda::normal_kernel<at::CUDAGeneratorImpl*>(at::TensorBase const&, double, double, at::CUDAGeneratorImpl*)::{lambda()#1}::operator()() const::{lambda()#2}::operator()() const::{lambda(float)#1}>(at::TensorIteratorBase&, at::CUDAGeneratorImpl*, at::native::templates::cuda::normal_kernel<at::CUDAGeneratorImpl*>(at::TensorBase const&, double, double, at::CUDAGeneratorImpl*)::{lambda()#1}::operator()() const::{lambda()#2}::operator()() const::{lambda(float)#1})::{lambda(curandStatePhilox4_32_10*)#2}, at::native::(anonymous namespace)::distribution_nullary_kernel<float, float, float4, at::CUDAGeneratorImpl*, at::native::templates::cuda::normal_and_transform<float, float, at::CUDAGeneratorImpl*, at::native::templates::cuda::normal_kernel<at::CUDAGeneratorImpl*>(at::TensorBase const&, double, double, at::CUDAGeneratorImpl*)::{lambda()#1}::operator()() const::{lambda()#2}::operator()() const::{lambda(float)#1}>(at::TensorIteratorBase&, at::CUDAGeneratorImpl*, at::native::templates::cuda::normal_kernel<at::CUDAGeneratorImpl*>(at::TensorBase const&, double, double, at::CUDAGeneratorImpl*)::{lambda()#1}::operator()() const::{lambda()#2}::operator()() const::{lambda(float)#1})::{lambda(curandStatePhilox4_32_10*)#2}, at::native::templates::cuda::normal_kernel<at::CUDAGeneratorImpl*>(at::TensorBase const&, double, double, at::CUDAGeneratorImpl*)::{lambda()#1}::operator()() const::{lambda()#2}::operator()() const::{lambda(float)#1}>(at::TensorIteratorBase&, at::CUDAGeneratorImpl*, at::native::templates::cuda::normal_and_transform<float, float, at::CUDAGeneratorImpl*, at::native::templates::cuda::normal_kernel<at::CUDAGeneratorImpl*>(at::TensorBase const&, double, double, at::CUDAGeneratorImpl*)::{lambda()#1}::operator()() const::{lambda()#2}::operator()() const::{lambda(float)#1}>(at::TensorIteratorBase&, at::CUDAGeneratorImpl*, at::native::templates::cuda::normal_kernel<at::CUDAGeneratorImpl*>(at::TensorBase const&, double, double, at::CUDAGeneratorImpl*)::{lambda()#1}::operator()() const::{lambda()#2}::operator()() const::{lambda(float)#1})::{lambda(curandStatePhilox4_32_10*)#2} const&, at::native::templates::cuda::normal_kernel<at::CUDAGeneratorImpl*>(at::TensorBase const&, double, double, at::CUDAGeneratorImpl*)::{lambda()#1}::operator()() const::{lambda()#2}::operator()() const::{lambda(float)#1})::{lambda(int, float)#1})",17,operator_shape_matched,"[[1,48,38,30,40],[],[],[]]","[""float"",""Scalar"",""Scalar"",""""]",null,1,10.656
null,aten::normal_,"void at::native::(anonymous namespace)::distribution_elementwise_grid_stride_kernel<float, 4, at::native::templates::cuda::normal_and_transform<float, float, at::CUDAGeneratorImpl*, at::native::templates::cuda::normal_kernel<at::CUDAGeneratorImpl*>(at::TensorBase const&, double, double, at::CUDAGeneratorImpl*)::{lambda()#1}::operator()() const::{lambda()#2}::operator()() const::{lambda(float)#1}>(at::TensorIteratorBase&, at::CUDAGeneratorImpl*, at::native::templates::cuda::normal_kernel<at::CUDAGeneratorImpl*>(at::TensorBase const&, double, double, at::CUDAGeneratorImpl*)::{lambda()#1}::operator()() const::{lambda()#2}::operator()() const::{lambda(float)#1})::{lambda(curandStatePhilox4_32_10*)#2}, at::native::(anonymous namespace)::distribution_nullary_kernel<float, float, float4, at::CUDAGeneratorImpl*, at::native::templates::cuda::normal_and_transform<float, float, at::CUDAGeneratorImpl*, at::native::templates::cuda::normal_kernel<at::CUDAGeneratorImpl*>(at::TensorBase const&, double, double, at::CUDAGeneratorImpl*)::{lambda()#1}::operator()() const::{lambda()#2}::operator()() const::{lambda(float)#1}>(at::TensorIteratorBase&, at::CUDAGeneratorImpl*, at::native::templates::cuda::normal_kernel<at::CUDAGeneratorImpl*>(at::TensorBase const&, double, double, at::CUDAGeneratorImpl*)::{lambda()#1}::operator()() const::{lambda()#2}::operator()() const::{lambda(float)#1})::{lambda(curandStatePhilox4_32_10*)#2}, at::native::templates::cuda::normal_kernel<at::CUDAGeneratorImpl*>(at::TensorBase const&, double, double, at::CUDAGeneratorImpl*)::{lambda()#1}::operator()() const::{lambda()#2}::operator()() const::{lambda(float)#1}>(at::TensorIteratorBase&, at::CUDAGeneratorImpl*, at::native::templates::cuda::normal_and_transform<float, float, at::CUDAGeneratorImpl*, at::native::templates::cuda::normal_kernel<at::CUDAGeneratorImpl*>(at::TensorBase const&, double, double, at::CUDAGeneratorImpl*)::{lambda()#1}::operator()() const::{lambda()#2}::operator()() const::{lambda(float)#1}>(at::TensorIteratorBase&, at::CUDAGeneratorImpl*, at::native::templates::cuda::normal_kernel<at::CUDAGeneratorImpl*>(at::TensorBase const&, double, double, at::CUDAGeneratorImpl*)::{lambda()#1}::operator()() const::{lambda()#2}::operator()() const::{lambda(float)#1})::{lambda(curandStatePhilox4_32_10*)#2} const&, at::native::templates::cuda::normal_kernel<at::CUDAGeneratorImpl*>(at::TensorBase const&, double, double, at::CUDAGeneratorImpl*)::{lambda()#1}::operator()() const::{lambda()#2}::operator()() const::{lambda(float)#1})::{lambda(int, float)#1}>(long, at::PhiloxCudaState, at::native::templates::cuda::normal_and_transform<float, float, at::CUDAGeneratorImpl*, at::native::templates::cuda::normal_kernel<at::CUDAGeneratorImpl*>(at::TensorBase const&, double, double, at::CUDAGeneratorImpl*)::{lambda()#1}::operator()() const::{lambda()#2}::operator()() const::{lambda(float)#1}>(at::TensorIteratorBase&, at::CUDAGeneratorImpl*, at::native::templates::cuda::normal_kernel<at::CUDAGeneratorImpl*>(at::TensorBase const&, double, double, at::CUDAGeneratorImpl*)::{lambda()#1}::operator()() const::{lambda()#2}::operator()() const::{lambda(float)#1})::{lambda(curandStatePhilox4_32_10*)#2}, at::native::(anonymous namespace)::distribution_nullary_kernel<float, float, float4, at::CUDAGeneratorImpl*, at::native::templates::cuda::normal_and_transform<float, float, at::CUDAGeneratorImpl*, at::native::templates::cuda::normal_kernel<at::CUDAGeneratorImpl*>(at::TensorBase const&, double, double, at::CUDAGeneratorImpl*)::{lambda()#1}::operator()() const::{lambda()#2}::operator()() const::{lambda(float)#1}>(at::TensorIteratorBase&, at::CUDAGeneratorImpl*, at::native::templates::cuda::normal_kernel<at::CUDAGeneratorImpl*>(at::TensorBase const&, double, double, at::CUDAGeneratorImpl*)::{lambda()#1}::operator()() const::{lambda()#2}::operator()() const::{lambda(float)#1})::{lambda(curandStatePhilox4_32_10*)#2}, at::native::templates::cuda::normal_kernel<at::CUDAGeneratorImpl*>(at::TensorBase const&, double, double, at::CUDAGeneratorImpl*)::{lambda()#1}::operator()() const::{lambda()#2}::operator()() const::{lambda(float)#1}>(at::TensorIteratorBase&, at::CUDAGeneratorImpl*, at::native::templates::cuda::normal_and_transform<float, float, at::CUDAGeneratorImpl*, at::native::templates::cuda::normal_kernel<at::CUDAGeneratorImpl*>(at::TensorBase const&, double, double, at::CUDAGeneratorImpl*)::{lambda()#1}::operator()() const::{lambda()#2}::operator()() const::{lambda(float)#1}>(at::TensorIteratorBase&, at::CUDAGeneratorImpl*, at::native::templates::cuda::normal_kernel<at::CUDAGeneratorImpl*>(at::TensorBase const&, double, double, at::CUDAGeneratorImpl*)::{lambda()#1}::operator()() const::{lambda()#2}::operator()() const::{lambda(float)#1})::{lambda(curandStatePhilox4_32_10*)#2} const&, at::native::templates::cuda::normal_kernel<at::CUDAGeneratorImpl*>(at::TensorBase const&, double, double, at::CUDAGeneratorImpl*)::{lambda()#1}::operator()() const::{lambda()#2}::operator()() const::{lambda(float)#1})::{lambda(int, float)#1})",18,operator_shape_matched,"[[1,48,44,30,40],[],[],[]]","[""float"",""Scalar"",""Scalar"",""""]",null,1,10.624
null,aten::normal_,"void at::native::(anonymous namespace)::distribution_elementwise_grid_stride_kernel<float, 4, at::native::templates::cuda::normal_and_transform<float, float, at::CUDAGeneratorImpl*, at::native::templates::cuda::normal_kernel<at::CUDAGeneratorImpl*>(at::TensorBase const&, double, double, at::CUDAGeneratorImpl*)::{lambda()#1}::operator()() const::{lambda()#2}::operator()() const::{lambda(float)#1}>(at::TensorIteratorBase&, at::CUDAGeneratorImpl*, at::native::templates::cuda::normal_kernel<at::CUDAGeneratorImpl*>(at::TensorBase const&, double, double, at::CUDAGeneratorImpl*)::{lambda()#1}::operator()() const::{lambda()#2}::operator()() const::{lambda(float)#1})::{lambda(curandStatePhilox4_32_10*)#2}, at::native::(anonymous namespace)::distribution_nullary_kernel<float, float, float4, at::CUDAGeneratorImpl*, at::native::templates::cuda::normal_and_transform<float, float, at::CUDAGeneratorImpl*, at::native::templates::cuda::normal_kernel<at::CUDAGeneratorImpl*>(at::TensorBase const&, double, double, at::CUDAGeneratorImpl*)::{lambda()#1}::operator()() const::{lambda()#2}::operator()() const::{lambda(float)#1}>(at::TensorIteratorBase&, at::CUDAGeneratorImpl*, at::native::templates::cuda::normal_kernel<at::CUDAGeneratorImpl*>(at::TensorBase const&, double, double, at::CUDAGeneratorImpl*)::{lambda()#1}::operator()() const::{lambda()#2}::operator()() const::{lambda(float)#1})::{lambda(curandStatePhilox4_32_10*)#2}, at::native::templates::cuda::normal_kernel<at::CUDAGeneratorImpl*>(at::TensorBase const&, double, double, at::CUDAGeneratorImpl*)::{lambda()#1}::operator()() const::{lambda()#2}::operator()() const::{lambda(float)#1}>(at::TensorIteratorBase&, at::CUDAGeneratorImpl*, at::native::templates::cuda::normal_and_transform<float, float, at::CUDAGeneratorImpl*, at::native::templates::cuda::normal_kernel<at::CUDAGeneratorImpl*>(at::TensorBase const&, double, double, at::CUDAGeneratorImpl*)::{lambda()#1}::operator()() const::{lambda()#2}::operator()() const::{lambda(float)#1}>(at::TensorIteratorBase&, at::CUDAGeneratorImpl*, at::native::templates::cuda::normal_kernel<at::CUDAGeneratorImpl*>(at::TensorBase const&, double, double, at::CUDAGeneratorImpl*)::{lambda()#1}::operator()() const::{lambda()#2}::operator()() const::{lambda(float)#1})::{lambda(curandStatePhilox4_32_10*)#2} const&, at::native::templates::cuda::normal_kernel<at::CUDAGeneratorImpl*>(at::TensorBase const&, double, double, at::CUDAGeneratorImpl*)::{lambda()#1}::operator()() const::{lambda()#2}::operator()() const::{lambda(float)#1})::{lambda(int, float)#1}>(long, at::PhiloxCudaState, at::native::templates::cuda::normal_and_transform<float, float, at::CUDAGeneratorImpl*, at::native::templates::cuda::normal_kernel<at::CUDAGeneratorImpl*>(at::TensorBase const&, double, double, at::CUDAGeneratorImpl*)::{lambda()#1}::operator()() const::{lambda()#2}::operator()() const::{lambda(float)#1}>(at::TensorIteratorBase&, at::CUDAGeneratorImpl*, at::native::templates::cuda::normal_kernel<at::CUDAGeneratorImpl*>(at::TensorBase const&, double, double, at::CUDAGeneratorImpl*)::{lambda()#1}::operator()() const::{lambda()#2}::operator()() const::{lambda(float)#1})::{lambda(curandStatePhilox4_32_10*)#2}, at::native::(anonymous namespace)::distribution_nullary_kernel<float, float, float4, at::CUDAGeneratorImpl*, at::native::templates::cuda::normal_and_transform<float, float, at::CUDAGeneratorImpl*, at::native::templates::cuda::normal_kernel<at::CUDAGeneratorImpl*>(at::TensorBase const&, double, double, at::CUDAGeneratorImpl*)::{lambda()#1}::operator()() const::{lambda()#2}::operator()() const::{lambda(float)#1}>(at::TensorIteratorBase&, at::CUDAGeneratorImpl*, at::native::templates::cuda::normal_kernel<at::CUDAGeneratorImpl*>(at::TensorBase const&, double, double, at::CUDAGeneratorImpl*)::{lambda()#1}::operator()() const::{lambda()#2}::operator()() const::{lambda(float)#1})::{lambda(curandStatePhilox4_32_10*)#2}, at::native::templates::cuda::normal_kernel<at::CUDAGeneratorImpl*>(at::TensorBase const&, double, double, at::CUDAGeneratorImpl*)::{lambda()#1}::operator()() const::{lambda()#2}::operator()() const::{lambda(float)#1}>(at::TensorIteratorBase&, at::CUDAGeneratorImpl*, at::native::templates::cuda::normal_and_transform<float, float, at::CUDAGeneratorImpl*, at::native::templates::cuda::normal_kernel<at::CUDAGeneratorImpl*>(at::TensorBase const&, double, double, at::CUDAGeneratorImpl*)::{lambda()#1}::operator()() const::{lambda()#2}::operator()() const::{lambda(float)#1}>(at::TensorIteratorBase&, at::CUDAGeneratorImpl*, at::native::templates::cuda::normal_kernel<at::CUDAGeneratorImpl*>(at::TensorBase const&, double, double, at::CUDAGeneratorImpl*)::{lambda()#1}::operator()() const::{lambda()#2}::operator()() const::{lambda(float)#1})::{lambda(curandStatePhilox4_32_10*)#2} const&, at::native::templates::cuda::normal_kernel<at::CUDAGeneratorImpl*>(at::TensorBase const&, double, double, at::CUDAGeneratorImpl*)::{lambda()#1}::operator()() const::{lambda()#2}::operator()() const::{lambda(float)#1})::{lambda(int, float)#1})",19,operator_shape_matched,"[[1,48,31,34,46],[],[],[]]","[""float"",""Scalar"",""Scalar"",""""]",null,1,10.591
null,aten::normal_,"void at::native::(anonymous namespace)::distribution_elementwise_grid_stride_kernel<float, 4, at::native::templates::cuda::normal_and_transform<float, float, at::CUDAGeneratorImpl*, at::native::templates::cuda::normal_kernel<at::CUDAGeneratorImpl*>(at::TensorBase const&, double, double, at::CUDAGeneratorImpl*)::{lambda()#1}::operator()() const::{lambda()#2}::operator()() const::{lambda(float)#1}>(at::TensorIteratorBase&, at::CUDAGeneratorImpl*, at::native::templates::cuda::normal_kernel<at::CUDAGeneratorImpl*>(at::TensorBase const&, double, double, at::CUDAGeneratorImpl*)::{lambda()#1}::operator()() const::{lambda()#2}::operator()() const::{lambda(float)#1})::{lambda(curandStatePhilox4_32_10*)#2}, at::native::(anonymous namespace)::distribution_nullary_kernel<float, float, float4, at::CUDAGeneratorImpl*, at::native::templates::cuda::normal_and_transform<float, float, at::CUDAGeneratorImpl*, at::native::templates::cuda::normal_kernel<at::CUDAGeneratorImpl*>(at::TensorBase const&, double, double, at::CUDAGeneratorImpl*)::{lambda()#1}::operator()() const::{lambda()#2}::operator()() const::{lambda(float)#1}>(at::TensorIteratorBase&, at::CUDAGeneratorImpl*, at::native::templates::cuda::normal_kernel<at::CUDAGeneratorImpl*>(at::TensorBase const&, double, double, at::CUDAGeneratorImpl*)::{lambda()#1}::operator()() const::{lambda()#2}::operator()() const::{lambda(float)#1})::{lambda(curandStatePhilox4_32_10*)#2}, at::native::templates::cuda::normal_kernel<at::CUDAGeneratorImpl*>(at::TensorBase const&, double, double, at::CUDAGeneratorImpl*)::{lambda()#1}::operator()() const::{lambda()#2}::operator()() const::{lambda(float)#1}>(at::TensorIteratorBase&, at::CUDAGeneratorImpl*, at::native::templates::cuda::normal_and_transform<float, float, at::CUDAGeneratorImpl*, at::native::templates::cuda::normal_kernel<at::CUDAGeneratorImpl*>(at::TensorBase const&, double, double, at::CUDAGeneratorImpl*)::{lambda()#1}::operator()() const::{lambda()#2}::operator()() const::{lambda(float)#1}>(at::TensorIteratorBase&, at::CUDAGeneratorImpl*, at::native::templates::cuda::normal_kernel<at::CUDAGeneratorImpl*>(at::TensorBase const&, double, double, at::CUDAGeneratorImpl*)::{lambda()#1}::operator()() const::{lambda()#2}::operator()() const::{lambda(float)#1})::{lambda(curandStatePhilox4_32_10*)#2} const&, at::native::templates::cuda::normal_kernel<at::CUDAGeneratorImpl*>(at::TensorBase const&, double, double, at::CUDAGeneratorImpl*)::{lambda()#1}::operator()() const::{lambda()#2}::operator()() const::{lambda(float)#1})::{lambda(int, float)#1}>(long, at::PhiloxCudaState, at::native::templates::cuda::normal_and_transform<float, float, at::CUDAGeneratorImpl*, at::native::templates::cuda::normal_kernel<at::CUDAGeneratorImpl*>(at::TensorBase const&, double, double, at::CUDAGeneratorImpl*)::{lambda()#1}::operator()() const::{lambda()#2}::operator()() const::{lambda(float)#1}>(at::TensorIteratorBase&, at::CUDAGeneratorImpl*, at::native::templates::cuda::normal_kernel<at::CUDAGeneratorImpl*>(at::TensorBase const&, double, double, at::CUDAGeneratorImpl*)::{lambda()#1}::operator()() const::{lambda()#2}::operator()() const::{lambda(float)#1})::{lambda(curandStatePhilox4_32_10*)#2}, at::native::(anonymous namespace)::distribution_nullary_kernel<float, float, float4, at::CUDAGeneratorImpl*, at::native::templates::cuda::normal_and_transform<float, float, at::CUDAGeneratorImpl*, at::native::templates::cuda::normal_kernel<at::CUDAGeneratorImpl*>(at::TensorBase const&, double, double, at::CUDAGeneratorImpl*)::{lambda()#1}::operator()() const::{lambda()#2}::operator()() const::{lambda(float)#1}>(at::TensorIteratorBase&, at::CUDAGeneratorImpl*, at::native::templates::cuda::normal_kernel<at::CUDAGeneratorImpl*>(at::TensorBase const&, double, double, at::CUDAGeneratorImpl*)::{lambda()#1}::operator()() const::{lambda()#2}::operator()() const::{lambda(float)#1})::{lambda(curandStatePhilox4_32_10*)#2}, at::native::templates::cuda::normal_kernel<at::CUDAGeneratorImpl*>(at::TensorBase const&, double, double, at::CUDAGeneratorImpl*)::{lambda()#1}::operator()() const::{lambda()#2}::operator()() const::{lambda(float)#1}>(at::TensorIteratorBase&, at::CUDAGeneratorImpl*, at::native::templates::cuda::normal_and_transform<float, float, at::CUDAGeneratorImpl*, at::native::templates::cuda::normal_kernel<at::CUDAGeneratorImpl*>(at::TensorBase const&, double, double, at::CUDAGeneratorImpl*)::{lambda()#1}::operator()() const::{lambda()#2}::operator()() const::{lambda(float)#1}>(at::TensorIteratorBase&, at::CUDAGeneratorImpl*, at::native::templates::cuda::normal_kernel<at::CUDAGeneratorImpl*>(at::TensorBase const&, double, double, at::CUDAGeneratorImpl*)::{lambda()#1}::operator()() const::{lambda()#2}::operator()() const::{lambda(float)#1})::{lambda(curandStatePhilox4_32_10*)#2} const&, at::native::templates::cuda::normal_kernel<at::CUDAGeneratorImpl*>(at::TensorBase const&, double, double, at::CUDAGeneratorImpl*)::{lambda()#1}::operator()() const::{lambda()#2}::operator()() const::{lambda(float)#1})::{lambda(int, float)#1})",20,operator_shape_matched,"[[1,48,29,30,52],[],[],[]]","[""float"",""Scalar"",""Scalar"",""""]",null,1,10.56
null,aten::normal_,"void at::native::(anonymous namespace)::distribution_elementwise_grid_stride_kernel<float, 4, at::native::templates::cuda::normal_and_transform<float, float, at::CUDAGeneratorImpl*, at::native::templates::cuda::normal_kernel<at::CUDAGeneratorImpl*>(at::TensorBase const&, double, double, at::CUDAGeneratorImpl*)::{lambda()#1}::operator()() const::{lambda()#2}::operator()() const::{lambda(float)#1}>(at::TensorIteratorBase&, at::CUDAGeneratorImpl*, at::native::templates::cuda::normal_kernel<at::CUDAGeneratorImpl*>(at::TensorBase const&, double, double, at::CUDAGeneratorImpl*)::{lambda()#1}::operator()() const::{lambda()#2}::operator()() const::{lambda(float)#1})::{lambda(curandStatePhilox4_32_10*)#2}, at::native::(anonymous namespace)::distribution_nullary_kernel<float, float, float4, at::CUDAGeneratorImpl*, at::native::templates::cuda::normal_and_transform<float, float, at::CUDAGeneratorImpl*, at::native::templates::cuda::normal_kernel<at::CUDAGeneratorImpl*>(at::TensorBase const&, double, double, at::CUDAGeneratorImpl*)::{lambda()#1}::operator()() const::{lambda()#2}::operator()() const::{lambda(float)#1}>(at::TensorIteratorBase&, at::CUDAGeneratorImpl*, at::native::templates::cuda::normal_kernel<at::CUDAGeneratorImpl*>(at::TensorBase const&, double, double, at::CUDAGeneratorImpl*)::{lambda()#1}::operator()() const::{lambda()#2}::operator()() const::{lambda(float)#1})::{lambda(curandStatePhilox4_32_10*)#2}, at::native::templates::cuda::normal_kernel<at::CUDAGeneratorImpl*>(at::TensorBase const&, double, double, at::CUDAGeneratorImpl*)::{lambda()#1}::operator()() const::{lambda()#2}::operator()() const::{lambda(float)#1}>(at::TensorIteratorBase&, at::CUDAGeneratorImpl*, at::native::templates::cuda::normal_and_transform<float, float, at::CUDAGeneratorImpl*, at::native::templates::cuda::normal_kernel<at::CUDAGeneratorImpl*>(at::TensorBase const&, double, double, at::CUDAGeneratorImpl*)::{lambda()#1}::operator()() const::{lambda()#2}::operator()() const::{lambda(float)#1}>(at::TensorIteratorBase&, at::CUDAGeneratorImpl*, at::native::templates::cuda::normal_kernel<at::CUDAGeneratorImpl*>(at::TensorBase const&, double, double, at::CUDAGeneratorImpl*)::{lambda()#1}::operator()() const::{lambda()#2}::operator()() const::{lambda(float)#1})::{lambda(curandStatePhilox4_32_10*)#2} const&, at::native::templates::cuda::normal_kernel<at::CUDAGeneratorImpl*>(at::TensorBase const&, double, double, at::CUDAGeneratorImpl*)::{lambda()#1}::operator()() const::{lambda()#2}::operator()() const::{lambda(float)#1})::{lambda(int, float)#1}>(long, at::PhiloxCudaState, at::native::templates::cuda::normal_and_transform<float, float, at::CUDAGeneratorImpl*, at::native::templates::cuda::normal_kernel<at::CUDAGeneratorImpl*>(at::TensorBase const&, double, double, at::CUDAGeneratorImpl*)::{lambda()#1}::operator()() const::{lambda()#2}::operator()() const::{lambda(float)#1}>(at::TensorIteratorBase&, at::CUDAGeneratorImpl*, at::native::templates::cuda::normal_kernel<at::CUDAGeneratorImpl*>(at::TensorBase const&, double, double, at::CUDAGeneratorImpl*)::{lambda()#1}::operator()() const::{lambda()#2}::operator()() const::{lambda(float)#1})::{lambda(curandStatePhilox4_32_10*)#2}, at::native::(anonymous namespace)::distribution_nullary_kernel<float, float, float4, at::CUDAGeneratorImpl*, at::native::templates::cuda::normal_and_transform<float, float, at::CUDAGeneratorImpl*, at::native::templates::cuda::normal_kernel<at::CUDAGeneratorImpl*>(at::TensorBase const&, double, double, at::CUDAGeneratorImpl*)::{lambda()#1}::operator()() const::{lambda()#2}::operator()() const::{lambda(float)#1}>(at::TensorIteratorBase&, at::CUDAGeneratorImpl*, at::native::templates::cuda::normal_kernel<at::CUDAGeneratorImpl*>(at::TensorBase const&, double, double, at::CUDAGeneratorImpl*)::{lambda()#1}::operator()() const::{lambda()#2}::operator()() const::{lambda(float)#1})::{lambda(curandStatePhilox4_32_10*)#2}, at::native::templates::cuda::normal_kernel<at::CUDAGeneratorImpl*>(at::TensorBase const&, double, double, at::CUDAGeneratorImpl*)::{lambda()#1}::operator()() const::{lambda()#2}::operator()() const::{lambda(float)#1}>(at::TensorIteratorBase&, at::CUDAGeneratorImpl*, at::native::templates::cuda::normal_and_transform<float, float, at::CUDAGeneratorImpl*, at::native::templates::cuda::normal_kernel<at::CUDAGeneratorImpl*>(at::TensorBase const&, double, double, at::CUDAGeneratorImpl*)::{lambda()#1}::operator()() const::{lambda()#2}::operator()() const::{lambda(float)#1}>(at::TensorIteratorBase&, at::CUDAGeneratorImpl*, at::native::templates::cuda::normal_kernel<at::CUDAGeneratorImpl*>(at::TensorBase const&, double, double, at::CUDAGeneratorImpl*)::{lambda()#1}::operator()() const::{lambda()#2}::operator()() const::{lambda(float)#1})::{lambda(curandStatePhilox4_32_10*)#2} const&, at::native::templates::cuda::normal_kernel<at::CUDAGeneratorImpl*>(at::TensorBase const&, double, double, at::CUDAGeneratorImpl*)::{lambda()#1}::operator()() const::{lambda()#2}::operator()() const::{lambda(float)#1})::{lambda(int, float)#1})",21,operator_shape_matched,"[[1,48,19,30,52],[],[],[]]","[""float"",""Scalar"",""Scalar"",""""]",null,1,8.192
null,aten::normal_,"void at::native::(anonymous namespace)::distribution_elementwise_grid_stride_kernel<float, 4, at::native::templates::cuda::normal_and_transform<float, float, at::CUDAGeneratorImpl*, at::native::templates::cuda::normal_kernel<at::CUDAGeneratorImpl*>(at::TensorBase const&, double, double, at::CUDAGeneratorImpl*)::{lambda()#1}::operator()() const::{lambda()#2}::operator()() const::{lambda(float)#1}>(at::TensorIteratorBase&, at::CUDAGeneratorImpl*, at::native::templates::cuda::normal_kernel<at::CUDAGeneratorImpl*>(at::TensorBase const&, double, double, at::CUDAGeneratorImpl*)::{lambda()#1}::operator()() const::{lambda()#2}::operator()() const::{lambda(float)#1})::{lambda(curandStatePhilox4_32_10*)#2}, at::native::(anonymous namespace)::distribution_nullary_kernel<float, float, float4, at::CUDAGeneratorImpl*, at::native::templates::cuda::normal_and_transform<float, float, at::CUDAGeneratorImpl*, at::native::templates::cuda::normal_kernel<at::CUDAGeneratorImpl*>(at::TensorBase const&, double, double, at::CUDAGeneratorImpl*)::{lambda()#1}::operator()() const::{lambda()#2}::operator()() const::{lambda(float)#1}>(at::TensorIteratorBase&, at::CUDAGeneratorImpl*, at::native::templates::cuda::normal_kernel<at::CUDAGeneratorImpl*>(at::TensorBase const&, double, double, at::CUDAGeneratorImpl*)::{lambda()#1}::operator()() const::{lambda()#2}::operator()() const::{lambda(float)#1})::{lambda(curandStatePhilox4_32_10*)#2}, at::native::templates::cuda::normal_kernel<at::CUDAGeneratorImpl*>(at::TensorBase const&, double, double, at::CUDAGeneratorImpl*)::{lambda()#1}::operator()() const::{lambda()#2}::operator()() const::{lambda(float)#1}>(at::TensorIteratorBase&, at::CUDAGeneratorImpl*, at::native::templates::cuda::normal_and_transform<float, float, at::CUDAGeneratorImpl*, at::native::templates::cuda::normal_kernel<at::CUDAGeneratorImpl*>(at::TensorBase const&, double, double, at::CUDAGeneratorImpl*)::{lambda()#1}::operator()() const::{lambda()#2}::operator()() const::{lambda(float)#1}>(at::TensorIteratorBase&, at::CUDAGeneratorImpl*, at::native::templates::cuda::normal_kernel<at::CUDAGeneratorImpl*>(at::TensorBase const&, double, double, at::CUDAGeneratorImpl*)::{lambda()#1}::operator()() const::{lambda()#2}::operator()() const::{lambda(float)#1})::{lambda(curandStatePhilox4_32_10*)#2} const&, at::native::templates::cuda::normal_kernel<at::CUDAGeneratorImpl*>(at::TensorBase const&, double, double, at::CUDAGeneratorImpl*)::{lambda()#1}::operator()() const::{lambda()#2}::operator()() const::{lambda(float)#1})::{lambda(int, float)#1}>(long, at::PhiloxCudaState, at::native::templates::cuda::normal_and_transform<float, float, at::CUDAGeneratorImpl*, at::native::templates::cuda::normal_kernel<at::CUDAGeneratorImpl*>(at::TensorBase const&, double, double, at::CUDAGeneratorImpl*)::{lambda()#1}::operator()() const::{lambda()#2}::operator()() const::{lambda(float)#1}>(at::TensorIteratorBase&, at::CUDAGeneratorImpl*, at::native::templates::cuda::normal_kernel<at::CUDAGeneratorImpl*>(at::TensorBase const&, double, double, at::CUDAGeneratorImpl*)::{lambda()#1}::operator()() const::{lambda()#2}::operator()() const::{lambda(float)#1})::{lambda(curandStatePhilox4_32_10*)#2}, at::native::(anonymous namespace)::distribution_nullary_kernel<float, float, float4, at::CUDAGeneratorImpl*, at::native::templates::cuda::normal_and_transform<float, float, at::CUDAGeneratorImpl*, at::native::templates::cuda::normal_kernel<at::CUDAGeneratorImpl*>(at::TensorBase const&, double, double, at::CUDAGeneratorImpl*)::{lambda()#1}::operator()() const::{lambda()#2}::operator()() const::{lambda(float)#1}>(at::TensorIteratorBase&, at::CUDAGeneratorImpl*, at::native::templates::cuda::normal_kernel<at::CUDAGeneratorImpl*>(at::TensorBase const&, double, double, at::CUDAGeneratorImpl*)::{lambda()#1}::operator()() const::{lambda()#2}::operator()() const::{lambda(float)#1})::{lambda(curandStatePhilox4_32_10*)#2}, at::native::templates::cuda::normal_kernel<at::CUDAGeneratorImpl*>(at::TensorBase const&, double, double, at::CUDAGeneratorImpl*)::{lambda()#1}::operator()() const::{lambda()#2}::operator()() const::{lambda(float)#1}>(at::TensorIteratorBase&, at::CUDAGeneratorImpl*, at::native::templates::cuda::normal_and_transform<float, float, at::CUDAGeneratorImpl*, at::native::templates::cuda::normal_kernel<at::CUDAGeneratorImpl*>(at::TensorBase const&, double, double, at::CUDAGeneratorImpl*)::{lambda()#1}::operator()() const::{lambda()#2}::operator()() const::{lambda(float)#1}>(at::TensorIteratorBase&, at::CUDAGeneratorImpl*, at::native::templates::cuda::normal_kernel<at::CUDAGeneratorImpl*>(at::TensorBase const&, double, double, at::CUDAGeneratorImpl*)::{lambda()#1}::operator()() const::{lambda()#2}::operator()() const::{lambda(float)#1})::{lambda(curandStatePhilox4_32_10*)#2} const&, at::native::templates::cuda::normal_kernel<at::CUDAGeneratorImpl*>(at::TensorBase const&, double, double, at::CUDAGeneratorImpl*)::{lambda()#1}::operator()() const::{lambda()#2}::operator()() const::{lambda(float)#1})::{lambda(int, float)#1})",22,operator_shape_matched,"[[1,48,22,30,52],[],[],[]]","[""float"",""Scalar"",""Scalar"",""""]",null,1,8.064
null,aten::normal_,"void at::native::(anonymous namespace)::distribution_elementwise_grid_stride_kernel<float, 4, at::native::templates::cuda::normal_and_transform<float, float, at::CUDAGeneratorImpl*, at::native::templates::cuda::normal_kernel<at::CUDAGeneratorImpl*>(at::TensorBase const&, double, double, at::CUDAGeneratorImpl*)::{lambda()#1}::operator()() const::{lambda()#2}::operator()() const::{lambda(float)#1}>(at::TensorIteratorBase&, at::CUDAGeneratorImpl*, at::native::templates::cuda::normal_kernel<at::CUDAGeneratorImpl*>(at::TensorBase const&, double, double, at::CUDAGeneratorImpl*)::{lambda()#1}::operator()() const::{lambda()#2}::operator()() const::{lambda(float)#1})::{lambda(curandStatePhilox4_32_10*)#2}, at::native::(anonymous namespace)::distribution_nullary_kernel<float, float, float4, at::CUDAGeneratorImpl*, at::native::templates::cuda::normal_and_transform<float, float, at::CUDAGeneratorImpl*, at::native::templates::cuda::normal_kernel<at::CUDAGeneratorImpl*>(at::TensorBase const&, double, double, at::CUDAGeneratorImpl*)::{lambda()#1}::operator()() const::{lambda()#2}::operator()() const::{lambda(float)#1}>(at::TensorIteratorBase&, at::CUDAGeneratorImpl*, at::native::templates::cuda::normal_kernel<at::CUDAGeneratorImpl*>(at::TensorBase const&, double, double, at::CUDAGeneratorImpl*)::{lambda()#1}::operator()() const::{lambda()#2}::operator()() const::{lambda(float)#1})::{lambda(curandStatePhilox4_32_10*)#2}, at::native::templates::cuda::normal_kernel<at::CUDAGeneratorImpl*>(at::TensorBase const&, double, double, at::CUDAGeneratorImpl*)::{lambda()#1}::operator()() const::{lambda()#2}::operator()() const::{lambda(float)#1}>(at::TensorIteratorBase&, at::CUDAGeneratorImpl*, at::native::templates::cuda::normal_and_transform<float, float, at::CUDAGeneratorImpl*, at::native::templates::cuda::normal_kernel<at::CUDAGeneratorImpl*>(at::TensorBase const&, double, double, at::CUDAGeneratorImpl*)::{lambda()#1}::operator()() const::{lambda()#2}::operator()() const::{lambda(float)#1}>(at::TensorIteratorBase&, at::CUDAGeneratorImpl*, at::native::templates::cuda::normal_kernel<at::CUDAGeneratorImpl*>(at::TensorBase const&, double, double, at::CUDAGeneratorImpl*)::{lambda()#1}::operator()() const::{lambda()#2}::operator()() const::{lambda(float)#1})::{lambda(curandStatePhilox4_32_10*)#2} const&, at::native::templates::cuda::normal_kernel<at::CUDAGeneratorImpl*>(at::TensorBase const&, double, double, at::CUDAGeneratorImpl*)::{lambda()#1}::operator()() const::{lambda()#2}::operator()() const::{lambda(float)#1})::{lambda(int, float)#1}>(long, at::PhiloxCudaState, at::native::templates::cuda::normal_and_transform<float, float, at::CUDAGeneratorImpl*, at::native::templates::cuda::normal_kernel<at::CUDAGeneratorImpl*>(at::TensorBase const&, double, double, at::CUDAGeneratorImpl*)::{lambda()#1}::operator()() const::{lambda()#2}::operator()() const::{lambda(float)#1}>(at::TensorIteratorBase&, at::CUDAGeneratorImpl*, at::native::templates::cuda::normal_kernel<at::CUDAGeneratorImpl*>(at::TensorBase const&, double, double, at::CUDAGeneratorImpl*)::{lambda()#1}::operator()() const::{lambda()#2}::operator()() const::{lambda(float)#1})::{lambda(curandStatePhilox4_32_10*)#2}, at::native::(anonymous namespace)::distribution_nullary_kernel<float, float, float4, at::CUDAGeneratorImpl*, at::native::templates::cuda::normal_and_transform<float, float, at::CUDAGeneratorImpl*, at::native::templates::cuda::normal_kernel<at::CUDAGeneratorImpl*>(at::TensorBase const&, double, double, at::CUDAGeneratorImpl*)::{lambda()#1}::operator()() const::{lambda()#2}::operator()() const::{lambda(float)#1}>(at::TensorIteratorBase&, at::CUDAGeneratorImpl*, at::native::templates::cuda::normal_kernel<at::CUDAGeneratorImpl*>(at::TensorBase const&, double, double, at::CUDAGeneratorImpl*)::{lambda()#1}::operator()() const::{lambda()#2}::operator()() const::{lambda(float)#1})::{lambda(curandStatePhilox4_32_10*)#2}, at::native::templates::cuda::normal_kernel<at::CUDAGeneratorImpl*>(at::TensorBase const&, double, double, at::CUDAGeneratorImpl*)::{lambda()#1}::operator()() const::{lambda()#2}::operator()() const::{lambda(float)#1}>(at::TensorIteratorBase&, at::CUDAGeneratorImpl*, at::native::templates::cuda::normal_and_transform<float, float, at::CUDAGeneratorImpl*, at::native::templates::cuda::normal_kernel<at::CUDAGeneratorImpl*>(at::TensorBase const&, double, double, at::CUDAGeneratorImpl*)::{lambda()#1}::operator()() const::{lambda()#2}::operator()() const::{lambda(float)#1}>(at::TensorIteratorBase&, at::CUDAGeneratorImpl*, at::native::templates::cuda::normal_kernel<at::CUDAGeneratorImpl*>(at::TensorBase const&, double, double, at::CUDAGeneratorImpl*)::{lambda()#1}::operator()() const::{lambda()#2}::operator()() const::{lambda(float)#1})::{lambda(curandStatePhilox4_32_10*)#2} const&, at::native::templates::cuda::normal_kernel<at::CUDAGeneratorImpl*>(at::TensorBase const&, double, double, at::CUDAGeneratorImpl*)::{lambda()#1}::operator()() const::{lambda()#2}::operator()() const::{lambda(float)#1})::{lambda(int, float)#1})",23,operator_shape_matched,"[[1,48,16,34,46],[],[],[]]","[""float"",""Scalar"",""Scalar"",""""]",null,1,7.936
null,aten::normal_,"void at::native::(anonymous namespace)::distribution_elementwise_grid_stride_kernel<float, 4, at::native::templates::cuda::normal_and_transform<float, float, at::CUDAGeneratorImpl*, at::native::templates::cuda::normal_kernel<at::CUDAGeneratorImpl*>(at::TensorBase const&, double, double, at::CUDAGeneratorImpl*)::{lambda()#1}::operator()() const::{lambda()#2}::operator()() const::{lambda(float)#1}>(at::TensorIteratorBase&, at::CUDAGeneratorImpl*, at::native::templates::cuda::normal_kernel<at::CUDAGeneratorImpl*>(at::TensorBase const&, double, double, at::CUDAGeneratorImpl*)::{lambda()#1}::operator()() const::{lambda()#2}::operator()() const::{lambda(float)#1})::{lambda(curandStatePhilox4_32_10*)#2}, at::native::(anonymous namespace)::distribution_nullary_kernel<float, float, float4, at::CUDAGeneratorImpl*, at::native::templates::cuda::normal_and_transform<float, float, at::CUDAGeneratorImpl*, at::native::templates::cuda::normal_kernel<at::CUDAGeneratorImpl*>(at::TensorBase const&, double, double, at::CUDAGeneratorImpl*)::{lambda()#1}::operator()() const::{lambda()#2}::operator()() const::{lambda(float)#1}>(at::TensorIteratorBase&, at::CUDAGeneratorImpl*, at::native::templates::cuda::normal_kernel<at::CUDAGeneratorImpl*>(at::TensorBase const&, double, double, at::CUDAGeneratorImpl*)::{lambda()#1}::operator()() const::{lambda()#2}::operator()() const::{lambda(float)#1})::{lambda(curandStatePhilox4_32_10*)#2}, at::native::templates::cuda::normal_kernel<at::CUDAGeneratorImpl*>(at::TensorBase const&, double, double, at::CUDAGeneratorImpl*)::{lambda()#1}::operator()() const::{lambda()#2}::operator()() const::{lambda(float)#1}>(at::TensorIteratorBase&, at::CUDAGeneratorImpl*, at::native::templates::cuda::normal_and_transform<float, float, at::CUDAGeneratorImpl*, at::native::templates::cuda::normal_kernel<at::CUDAGeneratorImpl*>(at::TensorBase const&, double, double, at::CUDAGeneratorImpl*)::{lambda()#1}::operator()() const::{lambda()#2}::operator()() const::{lambda(float)#1}>(at::TensorIteratorBase&, at::CUDAGeneratorImpl*, at::native::templates::cuda::normal_kernel<at::CUDAGeneratorImpl*>(at::TensorBase const&, double, double, at::CUDAGeneratorImpl*)::{lambda()#1}::operator()() const::{lambda()#2}::operator()() const::{lambda(float)#1})::{lambda(curandStatePhilox4_32_10*)#2} const&, at::native::templates::cuda::normal_kernel<at::CUDAGeneratorImpl*>(at::TensorBase const&, double, double, at::CUDAGeneratorImpl*)::{lambda()#1}::operator()() const::{lambda()#2}::operator()() const::{lambda(float)#1})::{lambda(int, float)#1}>(long, at::PhiloxCudaState, at::native::templates::cuda::normal_and_transform<float, float, at::CUDAGeneratorImpl*, at::native::templates::cuda::normal_kernel<at::CUDAGeneratorImpl*>(at::TensorBase const&, double, double, at::CUDAGeneratorImpl*)::{lambda()#1}::operator()() const::{lambda()#2}::operator()() const::{lambda(float)#1}>(at::TensorIteratorBase&, at::CUDAGeneratorImpl*, at::native::templates::cuda::normal_kernel<at::CUDAGeneratorImpl*>(at::TensorBase const&, double, double, at::CUDAGeneratorImpl*)::{lambda()#1}::operator()() const::{lambda()#2}::operator()() const::{lambda(float)#1})::{lambda(curandStatePhilox4_32_10*)#2}, at::native::(anonymous namespace)::distribution_nullary_kernel<float, float, float4, at::CUDAGeneratorImpl*, at::native::templates::cuda::normal_and_transform<float, float, at::CUDAGeneratorImpl*, at::native::templates::cuda::normal_kernel<at::CUDAGeneratorImpl*>(at::TensorBase const&, double, double, at::CUDAGeneratorImpl*)::{lambda()#1}::operator()() const::{lambda()#2}::operator()() const::{lambda(float)#1}>(at::TensorIteratorBase&, at::CUDAGeneratorImpl*, at::native::templates::cuda::normal_kernel<at::CUDAGeneratorImpl*>(at::TensorBase const&, double, double, at::CUDAGeneratorImpl*)::{lambda()#1}::operator()() const::{lambda()#2}::operator()() const::{lambda(float)#1})::{lambda(curandStatePhilox4_32_10*)#2}, at::native::templates::cuda::normal_kernel<at::CUDAGeneratorImpl*>(at::TensorBase const&, double, double, at::CUDAGeneratorImpl*)::{lambda()#1}::operator()() const::{lambda()#2}::operator()() const::{lambda(float)#1}>(at::TensorIteratorBase&, at::CUDAGeneratorImpl*, at::native::templates::cuda::normal_and_transform<float, float, at::CUDAGeneratorImpl*, at::native::templates::cuda::normal_kernel<at::CUDAGeneratorImpl*>(at::TensorBase const&, double, double, at::CUDAGeneratorImpl*)::{lambda()#1}::operator()() const::{lambda()#2}::operator()() const::{lambda(float)#1}>(at::TensorIteratorBase&, at::CUDAGeneratorImpl*, at::native::templates::cuda::normal_kernel<at::CUDAGeneratorImpl*>(at::TensorBase const&, double, double, at::CUDAGeneratorImpl*)::{lambda()#1}::operator()() const::{lambda()#2}::operator()() const::{lambda(float)#1})::{lambda(curandStatePhilox4_32_10*)#2} const&, at::native::templates::cuda::normal_kernel<at::CUDAGeneratorImpl*>(at::TensorBase const&, double, double, at::CUDAGeneratorImpl*)::{lambda()#1}::operator()() const::{lambda()#2}::operator()() const::{lambda(float)#1})::{lambda(int, float)#1})",24,operator_shape_matched,"[[1,48,16,30,52],[],[],[]]","[""float"",""Scalar"",""Scalar"",""""]",null,1,7.936
null,aten::normal_,"void at::native::(anonymous namespace)::distribution_elementwise_grid_stride_kernel<float, 4, at::native::templates::cuda::normal_and_transform<float, float, at::CUDAGeneratorImpl*, at::native::templates::cuda::normal_kernel<at::CUDAGeneratorImpl*>(at::TensorBase const&, double, double, at::CUDAGeneratorImpl*)::{lambda()#1}::operator()() const::{lambda()#2}::operator()() const::{lambda(float)#1}>(at::TensorIteratorBase&, at::CUDAGeneratorImpl*, at::native::templates::cuda::normal_kernel<at::CUDAGeneratorImpl*>(at::TensorBase const&, double, double, at::CUDAGeneratorImpl*)::{lambda()#1}::operator()() const::{lambda()#2}::operator()() const::{lambda(float)#1})::{lambda(curandStatePhilox4_32_10*)#2}, at::native::(anonymous namespace)::distribution_nullary_kernel<float, float, float4, at::CUDAGeneratorImpl*, at::native::templates::cuda::normal_and_transform<float, float, at::CUDAGeneratorImpl*, at::native::templates::cuda::normal_kernel<at::CUDAGeneratorImpl*>(at::TensorBase const&, double, double, at::CUDAGeneratorImpl*)::{lambda()#1}::operator()() const::{lambda()#2}::operator()() const::{lambda(float)#1}>(at::TensorIteratorBase&, at::CUDAGeneratorImpl*, at::native::templates::cuda::normal_kernel<at::CUDAGeneratorImpl*>(at::TensorBase const&, double, double, at::CUDAGeneratorImpl*)::{lambda()#1}::operator()() const::{lambda()#2}::operator()() const::{lambda(float)#1})::{lambda(curandStatePhilox4_32_10*)#2}, at::native::templates::cuda::normal_kernel<at::CUDAGeneratorImpl*>(at::TensorBase const&, double, double, at::CUDAGeneratorImpl*)::{lambda()#1}::operator()() const::{lambda()#2}::operator()() const::{lambda(float)#1}>(at::TensorIteratorBase&, at::CUDAGeneratorImpl*, at::native::templates::cuda::normal_and_transform<float, float, at::CUDAGeneratorImpl*, at::native::templates::cuda::normal_kernel<at::CUDAGeneratorImpl*>(at::TensorBase const&, double, double, at::CUDAGeneratorImpl*)::{lambda()#1}::operator()() const::{lambda()#2}::operator()() const::{lambda(float)#1}>(at::TensorIteratorBase&, at::CUDAGeneratorImpl*, at::native::templates::cuda::normal_kernel<at::CUDAGeneratorImpl*>(at::TensorBase const&, double, double, at::CUDAGeneratorImpl*)::{lambda()#1}::operator()() const::{lambda()#2}::operator()() const::{lambda(float)#1})::{lambda(curandStatePhilox4_32_10*)#2} const&, at::native::templates::cuda::normal_kernel<at::CUDAGeneratorImpl*>(at::TensorBase const&, double, double, at::CUDAGeneratorImpl*)::{lambda()#1}::operator()() const::{lambda()#2}::operator()() const::{lambda(float)#1})::{lambda(int, float)#1}>(long, at::PhiloxCudaState, at::native::templates::cuda::normal_and_transform<float, float, at::CUDAGeneratorImpl*, at::native::templates::cuda::normal_kernel<at::CUDAGeneratorImpl*>(at::TensorBase const&, double, double, at::CUDAGeneratorImpl*)::{lambda()#1}::operator()() const::{lambda()#2}::operator()() const::{lambda(float)#1}>(at::TensorIteratorBase&, at::CUDAGeneratorImpl*, at::native::templates::cuda::normal_kernel<at::CUDAGeneratorImpl*>(at::TensorBase const&, double, double, at::CUDAGeneratorImpl*)::{lambda()#1}::operator()() const::{lambda()#2}::operator()() const::{lambda(float)#1})::{lambda(curandStatePhilox4_32_10*)#2}, at::native::(anonymous namespace)::distribution_nullary_kernel<float, float, float4, at::CUDAGeneratorImpl*, at::native::templates::cuda::normal_and_transform<float, float, at::CUDAGeneratorImpl*, at::native::templates::cuda::normal_kernel<at::CUDAGeneratorImpl*>(at::TensorBase const&, double, double, at::CUDAGeneratorImpl*)::{lambda()#1}::operator()() const::{lambda()#2}::operator()() const::{lambda(float)#1}>(at::TensorIteratorBase&, at::CUDAGeneratorImpl*, at::native::templates::cuda::normal_kernel<at::CUDAGeneratorImpl*>(at::TensorBase const&, double, double, at::CUDAGeneratorImpl*)::{lambda()#1}::operator()() const::{lambda()#2}::operator()() const::{lambda(float)#1})::{lambda(curandStatePhilox4_32_10*)#2}, at::native::templates::cuda::normal_kernel<at::CUDAGeneratorImpl*>(at::TensorBase const&, double, double, at::CUDAGeneratorImpl*)::{lambda()#1}::operator()() const::{lambda()#2}::operator()() const::{lambda(float)#1}>(at::TensorIteratorBase&, at::CUDAGeneratorImpl*, at::native::templates::cuda::normal_and_transform<float, float, at::CUDAGeneratorImpl*, at::native::templates::cuda::normal_kernel<at::CUDAGeneratorImpl*>(at::TensorBase const&, double, double, at::CUDAGeneratorImpl*)::{lambda()#1}::operator()() const::{lambda()#2}::operator()() const::{lambda(float)#1}>(at::TensorIteratorBase&, at::CUDAGeneratorImpl*, at::native::templates::cuda::normal_kernel<at::CUDAGeneratorImpl*>(at::TensorBase const&, double, double, at::CUDAGeneratorImpl*)::{lambda()#1}::operator()() const::{lambda()#2}::operator()() const::{lambda(float)#1})::{lambda(curandStatePhilox4_32_10*)#2} const&, at::native::templates::cuda::normal_kernel<at::CUDAGeneratorImpl*>(at::TensorBase const&, double, double, at::CUDAGeneratorImpl*)::{lambda()#1}::operator()() const::{lambda()#2}::operator()() const::{lambda(float)#1})::{lambda(int, float)#1})",25,operator_shape_matched,"[[1,48,17,30,52],[],[],[]]","[""float"",""Scalar"",""Scalar"",""""]",null,1,7.936
null,aten::normal_,"void at::native::(anonymous namespace)::distribution_elementwise_grid_stride_kernel<float, 4, at::native::templates::cuda::normal_and_transform<float, float, at::CUDAGeneratorImpl*, at::native::templates::cuda::normal_kernel<at::CUDAGeneratorImpl*>(at::TensorBase const&, double, double, at::CUDAGeneratorImpl*)::{lambda()#1}::operator()() const::{lambda()#2}::operator()() const::{lambda(float)#1}>(at::TensorIteratorBase&, at::CUDAGeneratorImpl*, at::native::templates::cuda::normal_kernel<at::CUDAGeneratorImpl*>(at::TensorBase const&, double, double, at::CUDAGeneratorImpl*)::{lambda()#1}::operator()() const::{lambda()#2}::operator()() const::{lambda(float)#1})::{lambda(curandStatePhilox4_32_10*)#2}, at::native::(anonymous namespace)::distribution_nullary_kernel<float, float, float4, at::CUDAGeneratorImpl*, at::native::templates::cuda::normal_and_transform<float, float, at::CUDAGeneratorImpl*, at::native::templates::cuda::normal_kernel<at::CUDAGeneratorImpl*>(at::TensorBase const&, double, double, at::CUDAGeneratorImpl*)::{lambda()#1}::operator()() const::{lambda()#2}::operator()() const::{lambda(float)#1}>(at::TensorIteratorBase&, at::CUDAGeneratorImpl*, at::native::templates::cuda::normal_kernel<at::CUDAGeneratorImpl*>(at::TensorBase const&, double, double, at::CUDAGeneratorImpl*)::{lambda()#1}::operator()() const::{lambda()#2}::operator()() const::{lambda(float)#1})::{lambda(curandStatePhilox4_32_10*)#2}, at::native::templates::cuda::normal_kernel<at::CUDAGeneratorImpl*>(at::TensorBase const&, double, double, at::CUDAGeneratorImpl*)::{lambda()#1}::operator()() const::{lambda()#2}::operator()() const::{lambda(float)#1}>(at::TensorIteratorBase&, at::CUDAGeneratorImpl*, at::native::templates::cuda::normal_and_transform<float, float, at::CUDAGeneratorImpl*, at::native::templates::cuda::normal_kernel<at::CUDAGeneratorImpl*>(at::TensorBase const&, double, double, at::CUDAGeneratorImpl*)::{lambda()#1}::operator()() const::{lambda()#2}::operator()() const::{lambda(float)#1}>(at::TensorIteratorBase&, at::CUDAGeneratorImpl*, at::native::templates::cuda::normal_kernel<at::CUDAGeneratorImpl*>(at::TensorBase const&, double, double, at::CUDAGeneratorImpl*)::{lambda()#1}::operator()() const::{lambda()#2}::operator()() const::{lambda(float)#1})::{lambda(curandStatePhilox4_32_10*)#2} const&, at::native::templates::cuda::normal_kernel<at::CUDAGeneratorImpl*>(at::TensorBase const&, double, double, at::CUDAGeneratorImpl*)::{lambda()#1}::operator()() const::{lambda()#2}::operator()() const::{lambda(float)#1})::{lambda(int, float)#1}>(long, at::PhiloxCudaState, at::native::templates::cuda::normal_and_transform<float, float, at::CUDAGeneratorImpl*, at::native::templates::cuda::normal_kernel<at::CUDAGeneratorImpl*>(at::TensorBase const&, double, double, at::CUDAGeneratorImpl*)::{lambda()#1}::operator()() const::{lambda()#2}::operator()() const::{lambda(float)#1}>(at::TensorIteratorBase&, at::CUDAGeneratorImpl*, at::native::templates::cuda::normal_kernel<at::CUDAGeneratorImpl*>(at::TensorBase const&, double, double, at::CUDAGeneratorImpl*)::{lambda()#1}::operator()() const::{lambda()#2}::operator()() const::{lambda(float)#1})::{lambda(curandStatePhilox4_32_10*)#2}, at::native::(anonymous namespace)::distribution_nullary_kernel<float, float, float4, at::CUDAGeneratorImpl*, at::native::templates::cuda::normal_and_transform<float, float, at::CUDAGeneratorImpl*, at::native::templates::cuda::normal_kernel<at::CUDAGeneratorImpl*>(at::TensorBase const&, double, double, at::CUDAGeneratorImpl*)::{lambda()#1}::operator()() const::{lambda()#2}::operator()() const::{lambda(float)#1}>(at::TensorIteratorBase&, at::CUDAGeneratorImpl*, at::native::templates::cuda::normal_kernel<at::CUDAGeneratorImpl*>(at::TensorBase const&, double, double, at::CUDAGeneratorImpl*)::{lambda()#1}::operator()() const::{lambda()#2}::operator()() const::{lambda(float)#1})::{lambda(curandStatePhilox4_32_10*)#2}, at::native::templates::cuda::normal_kernel<at::CUDAGeneratorImpl*>(at::TensorBase const&, double, double, at::CUDAGeneratorImpl*)::{lambda()#1}::operator()() const::{lambda()#2}::operator()() const::{lambda(float)#1}>(at::TensorIteratorBase&, at::CUDAGeneratorImpl*, at::native::templates::cuda::normal_and_transform<float, float, at::CUDAGeneratorImpl*, at::native::templates::cuda::normal_kernel<at::CUDAGeneratorImpl*>(at::TensorBase const&, double, double, at::CUDAGeneratorImpl*)::{lambda()#1}::operator()() const::{lambda()#2}::operator()() const::{lambda(float)#1}>(at::TensorIteratorBase&, at::CUDAGeneratorImpl*, at::native::templates::cuda::normal_kernel<at::CUDAGeneratorImpl*>(at::TensorBase const&, double, double, at::CUDAGeneratorImpl*)::{lambda()#1}::operator()() const::{lambda()#2}::operator()() const::{lambda(float)#1})::{lambda(curandStatePhilox4_32_10*)#2} const&, at::native::templates::cuda::normal_kernel<at::CUDAGeneratorImpl*>(at::TensorBase const&, double, double, at::CUDAGeneratorImpl*)::{lambda()#1}::operator()() const::{lambda()#2}::operator()() const::{lambda(float)#1})::{lambda(int, float)#1})",26,operator_shape_matched,"[[1,48,14,30,52],[],[],[]]","[""float"",""Scalar"",""Scalar"",""""]",null,1,5.568
null,aten::normal_,"void at::native::(anonymous namespace)::distribution_elementwise_grid_stride_kernel<float, 4, at::native::templates::cuda::normal_and_transform<float, float, at::CUDAGeneratorImpl*, at::native::templates::cuda::normal_kernel<at::CUDAGeneratorImpl*>(at::TensorBase const&, double, double, at::CUDAGeneratorImpl*)::{lambda()#1}::operator()() const::{lambda()#2}::operator()() const::{lambda(float)#1}>(at::TensorIteratorBase&, at::CUDAGeneratorImpl*, at::native::templates::cuda::normal_kernel<at::CUDAGeneratorImpl*>(at::TensorBase const&, double, double, at::CUDAGeneratorImpl*)::{lambda()#1}::operator()() const::{lambda()#2}::operator()() const::{lambda(float)#1})::{lambda(curandStatePhilox4_32_10*)#2}, at::native::(anonymous namespace)::distribution_nullary_kernel<float, float, float4, at::CUDAGeneratorImpl*, at::native::templates::cuda::normal_and_transform<float, float, at::CUDAGeneratorImpl*, at::native::templates::cuda::normal_kernel<at::CUDAGeneratorImpl*>(at::TensorBase const&, double, double, at::CUDAGeneratorImpl*)::{lambda()#1}::operator()() const::{lambda()#2}::operator()() const::{lambda(float)#1}>(at::TensorIteratorBase&, at::CUDAGeneratorImpl*, at::native::templates::cuda::normal_kernel<at::CUDAGeneratorImpl*>(at::TensorBase const&, double, double, at::CUDAGeneratorImpl*)::{lambda()#1}::operator()() const::{lambda()#2}::operator()() const::{lambda(float)#1})::{lambda(curandStatePhilox4_32_10*)#2}, at::native::templates::cuda::normal_kernel<at::CUDAGeneratorImpl*>(at::TensorBase const&, double, double, at::CUDAGeneratorImpl*)::{lambda()#1}::operator()() const::{lambda()#2}::operator()() const::{lambda(float)#1}>(at::TensorIteratorBase&, at::CUDAGeneratorImpl*, at::native::templates::cuda::normal_and_transform<float, float, at::CUDAGeneratorImpl*, at::native::templates::cuda::normal_kernel<at::CUDAGeneratorImpl*>(at::TensorBase const&, double, double, at::CUDAGeneratorImpl*)::{lambda()#1}::operator()() const::{lambda()#2}::operator()() const::{lambda(float)#1}>(at::TensorIteratorBase&, at::CUDAGeneratorImpl*, at::native::templates::cuda::normal_kernel<at::CUDAGeneratorImpl*>(at::TensorBase const&, double, double, at::CUDAGeneratorImpl*)::{lambda()#1}::operator()() const::{lambda()#2}::operator()() const::{lambda(float)#1})::{lambda(curandStatePhilox4_32_10*)#2} const&, at::native::templates::cuda::normal_kernel<at::CUDAGeneratorImpl*>(at::TensorBase const&, double, double, at::CUDAGeneratorImpl*)::{lambda()#1}::operator()() const::{lambda()#2}::operator()() const::{lambda(float)#1})::{lambda(int, float)#1}>(long, at::PhiloxCudaState, at::native::templates::cuda::normal_and_transform<float, float, at::CUDAGeneratorImpl*, at::native::templates::cuda::normal_kernel<at::CUDAGeneratorImpl*>(at::TensorBase const&, double, double, at::CUDAGeneratorImpl*)::{lambda()#1}::operator()() const::{lambda()#2}::operator()() const::{lambda(float)#1}>(at::TensorIteratorBase&, at::CUDAGeneratorImpl*, at::native::templates::cuda::normal_kernel<at::CUDAGeneratorImpl*>(at::TensorBase const&, double, double, at::CUDAGeneratorImpl*)::{lambda()#1}::operator()() const::{lambda()#2}::operator()() const::{lambda(float)#1})::{lambda(curandStatePhilox4_32_10*)#2}, at::native::(anonymous namespace)::distribution_nullary_kernel<float, float, float4, at::CUDAGeneratorImpl*, at::native::templates::cuda::normal_and_transform<float, float, at::CUDAGeneratorImpl*, at::native::templates::cuda::normal_kernel<at::CUDAGeneratorImpl*>(at::TensorBase const&, double, double, at::CUDAGeneratorImpl*)::{lambda()#1}::operator()() const::{lambda()#2}::operator()() const::{lambda(float)#1}>(at::TensorIteratorBase&, at::CUDAGeneratorImpl*, at::native::templates::cuda::normal_kernel<at::CUDAGeneratorImpl*>(at::TensorBase const&, double, double, at::CUDAGeneratorImpl*)::{lambda()#1}::operator()() const::{lambda()#2}::operator()() const::{lambda(float)#1})::{lambda(curandStatePhilox4_32_10*)#2}, at::native::templates::cuda::normal_kernel<at::CUDAGeneratorImpl*>(at::TensorBase const&, double, double, at::CUDAGeneratorImpl*)::{lambda()#1}::operator()() const::{lambda()#2}::operator()() const::{lambda(float)#1}>(at::TensorIteratorBase&, at::CUDAGeneratorImpl*, at::native::templates::cuda::normal_and_transform<float, float, at::CUDAGeneratorImpl*, at::native::templates::cuda::normal_kernel<at::CUDAGeneratorImpl*>(at::TensorBase const&, double, double, at::CUDAGeneratorImpl*)::{lambda()#1}::operator()() const::{lambda()#2}::operator()() const::{lambda(float)#1}>(at::TensorIteratorBase&, at::CUDAGeneratorImpl*, at::native::templates::cuda::normal_kernel<at::CUDAGeneratorImpl*>(at::TensorBase const&, double, double, at::CUDAGeneratorImpl*)::{lambda()#1}::operator()() const::{lambda()#2}::operator()() const::{lambda(float)#1})::{lambda(curandStatePhilox4_32_10*)#2} const&, at::native::templates::cuda::normal_kernel<at::CUDAGeneratorImpl*>(at::TensorBase const&, double, double, at::CUDAGeneratorImpl*)::{lambda()#1}::operator()() const::{lambda()#2}::operator()() const::{lambda(float)#1})::{lambda(int, float)#1})",27,operator_shape_matched,"[[1,48,12,30,52],[],[],[]]","[""float"",""Scalar"",""Scalar"",""""]",null,1,5.505
null,aten::pow,"void at::native::vectorized_elementwise_kernel<4, at::native::(anonymous namespace)::pow_tensor_scalar_kernel_impl<float, float>(at::TensorIteratorBase&, float)::{lambda(float)#1}, std::array<char*, 2ul> >(int, at::native::(anonymous namespace)::pow_tensor_scalar_kernel_impl<float, float>(at::TensorIteratorBase&, float)::{lambda(float)#1}, std::array<char*, 2ul>)",1,operator_shape_matched,"[[98304,4096],[]]","[""float"",""Scalar""]",null,6,6360.898
null,aten::pow,"void at::native::vectorized_elementwise_kernel<4, at::native::(anonymous namespace)::pow_tensor_scalar_kernel_impl<float, float>(at::TensorIteratorBase&, float)::{lambda(float)#1}, std::array<char*, 2ul> >(int, at::native::(anonymous namespace)::pow_tensor_scalar_kernel_impl<float, float>(at::TensorIteratorBase&, float)::{lambda(float)#1}, std::array<char*, 2ul>)",2,operator_shape_matched,"[[3072,4096],[]]","[""float"",""Scalar""]",null,6,211.779
null,aten::pow,"void at::native::vectorized_elementwise_kernel<4, at::native::(anonymous namespace)::pow_tensor_scalar_kernel_impl<float, float>(at::TensorIteratorBase&, float)::{lambda(float)#1}, std::array<char*, 2ul> >(int, at::native::(anonymous namespace)::pow_tensor_scalar_kernel_impl<float, float>(at::TensorIteratorBase&, float)::{lambda(float)#1}, std::array<char*, 2ul>)",3,operator_shape_matched,"[[1,48,150,34,46],[]]","[""float"",""Scalar""]",null,1,29.152
null,aten::pow,"void at::native::vectorized_elementwise_kernel<4, at::native::(anonymous namespace)::pow_tensor_scalar_kernel_impl<float, float>(at::TensorIteratorBase&, float)::{lambda(float)#1}, std::array<char*, 2ul> >(int, at::native::(anonymous namespace)::pow_tensor_scalar_kernel_impl<float, float>(at::TensorIteratorBase&, float)::{lambda(float)#1}, std::array<char*, 2ul>)",4,operator_shape_matched,"[[1,48,144,34,46],[]]","[""float"",""Scalar""]",null,1,27.232
null,aten::pow,"void at::native::vectorized_elementwise_kernel<4, at::native::(anonymous namespace)::pow_tensor_scalar_kernel_impl<float, float>(at::TensorIteratorBase&, float)::{lambda(float)#1}, std::array<char*, 2ul> >(int, at::native::(anonymous namespace)::pow_tensor_scalar_kernel_impl<float, float>(at::TensorIteratorBase&, float)::{lambda(float)#1}, std::array<char*, 2ul>)",5,operator_shape_matched,"[[1,48,109,34,46],[]]","[""float"",""Scalar""]",null,1,20.353
null,aten::pow,"void at::native::vectorized_elementwise_kernel<4, at::native::(anonymous namespace)::pow_tensor_scalar_kernel_impl<float, float>(at::TensorIteratorBase&, float)::{lambda(float)#1}, std::array<char*, 2ul> >(int, at::native::(anonymous namespace)::pow_tensor_scalar_kernel_impl<float, float>(at::TensorIteratorBase&, float)::{lambda(float)#1}, std::array<char*, 2ul>)",6,operator_shape_matched,"[[1,48,25,34,46],[]]","[""float"",""Scalar""]",null,4,16.48
null,aten::pow,"void at::native::vectorized_elementwise_kernel<4, at::native::(anonymous namespace)::pow_tensor_scalar_kernel_impl<float, float>(at::TensorIteratorBase&, float)::{lambda(float)#1}, std::array<char*, 2ul> >(int, at::native::(anonymous namespace)::pow_tensor_scalar_kernel_impl<float, float>(at::TensorIteratorBase&, float)::{lambda(float)#1}, std::array<char*, 2ul>)",7,operator_shape_matched,"[[1,48,73,34,46],[]]","[""float"",""Scalar""]",null,1,13.024
null,aten::pow,"void at::native::vectorized_elementwise_kernel<4, at::native::(anonymous namespace)::pow_tensor_scalar_kernel_impl<float, float>(at::TensorIteratorBase&, float)::{lambda(float)#1}, std::array<char*, 2ul> >(int, at::native::(anonymous namespace)::pow_tensor_scalar_kernel_impl<float, float>(at::TensorIteratorBase&, float)::{lambda(float)#1}, std::array<char*, 2ul>)",8,operator_shape_matched,"[[1,48,79,30,40],[]]","[""float"",""Scalar""]",null,1,10.336
null,aten::pow,"void at::native::vectorized_elementwise_kernel<4, at::native::(anonymous namespace)::pow_tensor_scalar_kernel_impl<float, float>(at::TensorIteratorBase&, float)::{lambda(float)#1}, std::array<char*, 2ul> >(int, at::native::(anonymous namespace)::pow_tensor_scalar_kernel_impl<float, float>(at::TensorIteratorBase&, float)::{lambda(float)#1}, std::array<char*, 2ul>)",9,operator_shape_matched,"[[1,48,61,34,46],[]]","[""float"",""Scalar""]",null,1,9.473
null,aten::pow,"void at::native::vectorized_elementwise_kernel<4, at::native::(anonymous namespace)::pow_tensor_scalar_kernel_impl<float, float>(at::TensorIteratorBase&, float)::{lambda(float)#1}, std::array<char*, 2ul> >(int, at::native::(anonymous namespace)::pow_tensor_scalar_kernel_impl<float, float>(at::TensorIteratorBase&, float)::{lambda(float)#1}, std::array<char*, 2ul>)",10,operator_shape_matched,"[[1,48,52,34,46],[]]","[""float"",""Scalar""]",null,1,7.648
null,aten::pow,"void at::native::vectorized_elementwise_kernel<4, at::native::(anonymous namespace)::pow_tensor_scalar_kernel_impl<float, float>(at::TensorIteratorBase&, float)::{lambda(float)#1}, std::array<char*, 2ul> >(int, at::native::(anonymous namespace)::pow_tensor_scalar_kernel_impl<float, float>(at::TensorIteratorBase&, float)::{lambda(float)#1}, std::array<char*, 2ul>)",11,operator_shape_matched,"[[1,48,63,30,40],[]]","[""float"",""Scalar""]",null,1,7.584
null,aten::pow,"void at::native::vectorized_elementwise_kernel<4, at::native::(anonymous namespace)::pow_tensor_scalar_kernel_impl<float, float>(at::TensorIteratorBase&, float)::{lambda(float)#1}, std::array<char*, 2ul> >(int, at::native::(anonymous namespace)::pow_tensor_scalar_kernel_impl<float, float>(at::TensorIteratorBase&, float)::{lambda(float)#1}, std::array<char*, 2ul>)",12,operator_shape_matched,"[[1,48,50,30,40],[]]","[""float"",""Scalar""]",null,1,6.464
null,aten::pow,"void at::native::vectorized_elementwise_kernel<4, at::native::(anonymous namespace)::pow_tensor_scalar_kernel_impl<float, float>(at::TensorIteratorBase&, float)::{lambda(float)#1}, std::array<char*, 2ul> >(int, at::native::(anonymous namespace)::pow_tensor_scalar_kernel_impl<float, float>(at::TensorIteratorBase&, float)::{lambda(float)#1}, std::array<char*, 2ul>)",13,operator_shape_matched,"[[1,48,35,30,52],[]]","[""float"",""Scalar""]",null,1,6.271
null,aten::pow,"void at::native::vectorized_elementwise_kernel<4, at::native::(anonymous namespace)::pow_tensor_scalar_kernel_impl<float, float>(at::TensorIteratorBase&, float)::{lambda(float)#1}, std::array<char*, 2ul> >(int, at::native::(anonymous namespace)::pow_tensor_scalar_kernel_impl<float, float>(at::TensorIteratorBase&, float)::{lambda(float)#1}, std::array<char*, 2ul>)",14,operator_shape_matched,"[[1,48,52,30,40],[]]","[""float"",""Scalar""]",null,1,6.239
null,aten::pow,"void at::native::vectorized_elementwise_kernel<4, at::native::(anonymous namespace)::pow_tensor_scalar_kernel_impl<float, float>(at::TensorIteratorBase&, float)::{lambda(float)#1}, std::array<char*, 2ul> >(int, at::native::(anonymous namespace)::pow_tensor_scalar_kernel_impl<float, float>(at::TensorIteratorBase&, float)::{lambda(float)#1}, std::array<char*, 2ul>)",15,operator_shape_matched,"[[1,48,15,30,52],[]]","[""float"",""Scalar""]",null,2,6.048
null,aten::pow,"void at::native::vectorized_elementwise_kernel<4, at::native::(anonymous namespace)::pow_tensor_scalar_kernel_impl<float, float>(at::TensorIteratorBase&, float)::{lambda(float)#1}, std::array<char*, 2ul> >(int, at::native::(anonymous namespace)::pow_tensor_scalar_kernel_impl<float, float>(at::TensorIteratorBase&, float)::{lambda(float)#1}, std::array<char*, 2ul>)",16,operator_shape_matched,"[[1,48,13,30,52],[]]","[""float"",""Scalar""]",null,2,5.728
null,aten::pow,"void at::native::vectorized_elementwise_kernel<4, at::native::(anonymous namespace)::pow_tensor_scalar_kernel_impl<float, float>(at::TensorIteratorBase&, float)::{lambda(float)#1}, std::array<char*, 2ul> >(int, at::native::(anonymous namespace)::pow_tensor_scalar_kernel_impl<float, float>(at::TensorIteratorBase&, float)::{lambda(float)#1}, std::array<char*, 2ul>)",17,operator_shape_matched,"[[1,48,44,30,40],[]]","[""float"",""Scalar""]",null,1,5.633
null,aten::pow,"void at::native::vectorized_elementwise_kernel<4, at::native::(anonymous namespace)::pow_tensor_scalar_kernel_impl<float, float>(at::TensorIteratorBase&, float)::{lambda(float)#1}, std::array<char*, 2ul> >(int, at::native::(anonymous namespace)::pow_tensor_scalar_kernel_impl<float, float>(at::TensorIteratorBase&, float)::{lambda(float)#1}, std::array<char*, 2ul>)",18,operator_shape_matched,"[[1,48,37,34,46],[]]","[""float"",""Scalar""]",null,1,5.631
null,aten::pow,"void at::native::vectorized_elementwise_kernel<4, at::native::(anonymous namespace)::pow_tensor_scalar_kernel_impl<float, float>(at::TensorIteratorBase&, float)::{lambda(float)#1}, std::array<char*, 2ul> >(int, at::native::(anonymous namespace)::pow_tensor_scalar_kernel_impl<float, float>(at::TensorIteratorBase&, float)::{lambda(float)#1}, std::array<char*, 2ul>)",19,operator_shape_matched,"[[1,48,29,30,52],[]]","[""float"",""Scalar""]",null,1,5.312
null,aten::pow,"void at::native::vectorized_elementwise_kernel<4, at::native::(anonymous namespace)::pow_tensor_scalar_kernel_impl<float, float>(at::TensorIteratorBase&, float)::{lambda(float)#1}, std::array<char*, 2ul> >(int, at::native::(anonymous namespace)::pow_tensor_scalar_kernel_impl<float, float>(at::TensorIteratorBase&, float)::{lambda(float)#1}, std::array<char*, 2ul>)",20,operator_shape_matched,"[[1,48,11,30,52],[]]","[""float"",""Scalar""]",null,2,5.249
null,aten::pow,"void at::native::vectorized_elementwise_kernel<4, at::native::(anonymous namespace)::pow_tensor_scalar_kernel_impl<float, float>(at::TensorIteratorBase&, float)::{lambda(float)#1}, std::array<char*, 2ul> >(int, at::native::(anonymous namespace)::pow_tensor_scalar_kernel_impl<float, float>(at::TensorIteratorBase&, float)::{lambda(float)#1}, std::array<char*, 2ul>)",21,operator_shape_matched,"[[1,48,31,34,46],[]]","[""float"",""Scalar""]",null,1,5.088
null,aten::pow,"void at::native::vectorized_elementwise_kernel<4, at::native::(anonymous namespace)::pow_tensor_scalar_kernel_impl<float, float>(at::TensorIteratorBase&, float)::{lambda(float)#1}, std::array<char*, 2ul> >(int, at::native::(anonymous namespace)::pow_tensor_scalar_kernel_impl<float, float>(at::TensorIteratorBase&, float)::{lambda(float)#1}, std::array<char*, 2ul>)",22,operator_shape_matched,"[[1,48,38,30,40],[]]","[""float"",""Scalar""]",null,1,4.992
null,aten::pow,"void at::native::vectorized_elementwise_kernel<4, at::native::(anonymous namespace)::pow_tensor_scalar_kernel_impl<float, float>(at::TensorIteratorBase&, float)::{lambda(float)#1}, std::array<char*, 2ul> >(int, at::native::(anonymous namespace)::pow_tensor_scalar_kernel_impl<float, float>(at::TensorIteratorBase&, float)::{lambda(float)#1}, std::array<char*, 2ul>)",23,operator_shape_matched,"[[1,48,22,30,52],[]]","[""float"",""Scalar""]",null,1,4.128
null,aten::pow,"void at::native::vectorized_elementwise_kernel<4, at::native::(anonymous namespace)::pow_tensor_scalar_kernel_impl<float, float>(at::TensorIteratorBase&, float)::{lambda(float)#1}, std::array<char*, 2ul> >(int, at::native::(anonymous namespace)::pow_tensor_scalar_kernel_impl<float, float>(at::TensorIteratorBase&, float)::{lambda(float)#1}, std::array<char*, 2ul>)",24,operator_shape_matched,"[[1,48,19,30,52],[]]","[""float"",""Scalar""]",null,1,3.68
null,aten::pow,"void at::native::vectorized_elementwise_kernel<4, at::native::(anonymous namespace)::pow_tensor_scalar_kernel_impl<float, float>(at::TensorIteratorBase&, float)::{lambda(float)#1}, std::array<char*, 2ul> >(int, at::native::(anonymous namespace)::pow_tensor_scalar_kernel_impl<float, float>(at::TensorIteratorBase&, float)::{lambda(float)#1}, std::array<char*, 2ul>)",25,operator_shape_matched,"[[1,48,17,30,52],[]]","[""float"",""Scalar""]",null,1,3.264
null,aten::pow,"void at::native::vectorized_elementwise_kernel<4, at::native::(anonymous namespace)::pow_tensor_scalar_kernel_impl<float, float>(at::TensorIteratorBase&, float)::{lambda(float)#1}, std::array<char*, 2ul> >(int, at::native::(anonymous namespace)::pow_tensor_scalar_kernel_impl<float, float>(at::TensorIteratorBase&, float)::{lambda(float)#1}, std::array<char*, 2ul>)",26,operator_shape_matched,"[[1,48,16,30,52],[]]","[""float"",""Scalar""]",null,1,3.136
null,aten::pow,"void at::native::vectorized_elementwise_kernel<4, at::native::(anonymous namespace)::pow_tensor_scalar_kernel_impl<float, float>(at::TensorIteratorBase&, float)::{lambda(float)#1}, std::array<char*, 2ul> >(int, at::native::(anonymous namespace)::pow_tensor_scalar_kernel_impl<float, float>(at::TensorIteratorBase&, float)::{lambda(float)#1}, std::array<char*, 2ul>)",27,operator_shape_matched,"[[1,48,12,30,52],[]]","[""float"",""Scalar""]",null,1,2.879
null,aten::pow,"void at::native::vectorized_elementwise_kernel<4, at::native::(anonymous namespace)::pow_tensor_scalar_kernel_impl<float, float>(at::TensorIteratorBase&, float)::{lambda(float)#1}, std::array<char*, 2ul> >(int, at::native::(anonymous namespace)::pow_tensor_scalar_kernel_impl<float, float>(at::TensorIteratorBase&, float)::{lambda(float)#1}, std::array<char*, 2ul>)",28,operator_shape_matched,"[[1,48,14,30,52],[]]","[""float"",""Scalar""]",null,1,2.847
null,aten::pow,"void at::native::vectorized_elementwise_kernel<4, at::native::(anonymous namespace)::pow_tensor_scalar_kernel_impl<float, float>(at::TensorIteratorBase&, float)::{lambda(float)#1}, std::array<char*, 2ul> >(int, at::native::(anonymous namespace)::pow_tensor_scalar_kernel_impl<float, float>(at::TensorIteratorBase&, float)::{lambda(float)#1}, std::array<char*, 2ul>)",29,operator_shape_matched,"[[1,48,16,34,46],[]]","[""float"",""Scalar""]",null,1,2.816
null,aten::pow,"void at::native::vectorized_elementwise_kernel<4, at::native::(anonymous namespace)::pow_tensor_scalar_kernel_impl<float, float>(at::TensorIteratorBase&, float)::{lambda(float)#2}, std::array<char*, 2ul> >(int, at::native::(anonymous namespace)::pow_tensor_scalar_kernel_impl<float, float>(at::TensorIteratorBase&, float)::{lambda(float)#2}, std::array<char*, 2ul>)",1,operator_shape_matched,"[[98304,1],[]]","[""float"",""Scalar""]",null,6,10.848
null,aten::pow,"void at::native::vectorized_elementwise_kernel<4, at::native::(anonymous namespace)::pow_tensor_scalar_kernel_impl<float, float>(at::TensorIteratorBase&, float)::{lambda(float)#2}, std::array<char*, 2ul> >(int, at::native::(anonymous namespace)::pow_tensor_scalar_kernel_impl<float, float>(at::TensorIteratorBase&, float)::{lambda(float)#2}, std::array<char*, 2ul>)",2,operator_shape_matched,"[[3072,1],[]]","[""float"",""Scalar""]",null,6,9.601
null,aten::pow,"void at::native::vectorized_elementwise_kernel<8, at::native::(anonymous namespace)::pow_tensor_scalar_kernel_impl<c10::BFloat16, c10::BFloat16>(at::TensorIteratorBase&, c10::BFloat16)::{lambda(c10::BFloat16)#1}, std::array<char*, 2ul> >(int, at::native::(anonymous namespace)::pow_tensor_scalar_kernel_impl<c10::BFloat16, c10::BFloat16>(at::TensorIteratorBase&, c10::BFloat16)::{lambda(c10::BFloat16)#1}, std::array<char*, 2ul>)",1,operator_shape_matched,"[[405],[]]","[""c10::BFloat16"",""Scalar""]",null,3,4.865
null,aten::pow,"void at::native::vectorized_elementwise_kernel<8, at::native::sqrt_kernel_cuda(at::TensorIteratorBase&)::{lambda()#2}::operator()() const::{lambda()#4}::operator()() const::{lambda(c10::BFloat16)#1}, std::array<char*, 2ul> >(int, at::native::sqrt_kernel_cuda(at::TensorIteratorBase&)::{lambda()#2}::operator()() const::{lambda()#4}::operator()() const::{lambda(c10::BFloat16)#1}, std::array<char*, 2ul>)",1,operator_shape_matched,"[[405],[]]","[""c10::BFloat16"",""Scalar""]",null,3,5.185
null,aten::reciprocal,"void at::native::vectorized_elementwise_kernel<8, at::native::reciprocal_kernel_cuda(at::TensorIteratorBase&)::{lambda()#1}::operator()() const::{lambda()#6}::operator()() const::{lambda(c10::BFloat16)#1}, std::array<char*, 2ul> >(int, at::native::reciprocal_kernel_cuda(at::TensorIteratorBase&)::{lambda()#1}::operator()() const::{lambda()#6}::operator()() const::{lambda(c10::BFloat16)#1}, std::array<char*, 2ul>)",1,operator_shape_matched,[[]],"[""c10::BFloat16""]",null,3,4.544
null,aten::remainder,"void at::native::vectorized_elementwise_kernel<2, at::native::BUnaryFunctor<long, long, long, at::native::remainder_kernel_cuda(at::TensorIteratorBase&)::{lambda()#1}::operator()() const::{lambda()#4}::operator()() const::{lambda(long, long)#1}>, std::array<char*, 2ul> >(int, at::native::BUnaryFunctor<long, long, long, at::native::remainder_kernel_cuda(at::TensorIteratorBase&)::{lambda()#1}::operator()() const::{lambda()#4}::operator()() const::{lambda(long, long)#1}>, std::array<char*, 2ul>)",1,operator_shape_matched,"[[90321],[]]","[""long int"",""Scalar""]",null,1,4.928
null,aten::remainder,"void at::native::vectorized_elementwise_kernel<2, at::native::BUnaryFunctor<long, long, long, at::native::remainder_kernel_cuda(at::TensorIteratorBase&)::{lambda()#1}::operator()() const::{lambda()#4}::operator()() const::{lambda(long, long)#1}>, std::array<char*, 2ul> >(int, at::native::BUnaryFunctor<long, long, long, at::native::remainder_kernel_cuda(at::TensorIteratorBase&)::{lambda()#1}::operator()() const::{lambda()#4}::operator()() const::{lambda(long, long)#1}>, std::array<char*, 2ul>)",2,operator_shape_matched,"[[90712],[]]","[""long int"",""Scalar""]",null,1,4.416
null,aten::remainder,"void at::native::vectorized_elementwise_kernel<2, at::native::BUnaryFunctor<long, long, long, at::native::remainder_kernel_cuda(at::TensorIteratorBase&)::{lambda()#1}::operator()() const::{lambda()#4}::operator()() const::{lambda(long, long)#1}>, std::array<char*, 2ul> >(int, at::native::BUnaryFunctor<long, long, long, at::native::remainder_kernel_cuda(at::TensorIteratorBase&)::{lambda()#1}::operator()() const::{lambda()#4}::operator()() const::{lambda(long, long)#1}>, std::array<char*, 2ul>)",3,operator_shape_matched,"[[90870],[]]","[""long int"",""Scalar""]",null,1,3.936
null,aten::remainder,"void at::native::vectorized_elementwise_kernel<2, at::native::BUnaryFunctor<long, long, long, at::native::remainder_kernel_cuda(at::TensorIteratorBase&)::{lambda()#1}::operator()() const::{lambda()#4}::operator()() const::{lambda(long, long)#1}>, std::array<char*, 2ul> >(int, at::native::BUnaryFunctor<long, long, long, at::native::remainder_kernel_cuda(at::TensorIteratorBase&)::{lambda()#1}::operator()() const::{lambda()#4}::operator()() const::{lambda(long, long)#1}>, std::array<char*, 2ul>)",4,operator_shape_matched,"[[96000],[]]","[""long int"",""Scalar""]",null,1,3.712
null,aten::remainder,"void at::native::vectorized_elementwise_kernel<2, at::native::BUnaryFunctor<long, long, long, at::native::remainder_kernel_cuda(at::TensorIteratorBase&)::{lambda()#1}::operator()() const::{lambda()#4}::operator()() const::{lambda(long, long)#1}>, std::array<char*, 2ul> >(int, at::native::BUnaryFunctor<long, long, long, at::native::remainder_kernel_cuda(at::TensorIteratorBase&)::{lambda()#1}::operator()() const::{lambda()#4}::operator()() const::{lambda(long, long)#1}>, std::array<char*, 2ul>)",5,operator_shape_matched,"[[58259],[]]","[""long int"",""Scalar""]",null,1,3.616
null,aten::remainder,"void at::native::vectorized_elementwise_kernel<2, at::native::BUnaryFunctor<long, long, long, at::native::remainder_kernel_cuda(at::TensorIteratorBase&)::{lambda()#1}::operator()() const::{lambda()#4}::operator()() const::{lambda(long, long)#1}>, std::array<char*, 2ul> >(int, at::native::BUnaryFunctor<long, long, long, at::native::remainder_kernel_cuda(at::TensorIteratorBase&)::{lambda()#1}::operator()() const::{lambda()#4}::operator()() const::{lambda(long, long)#1}>, std::array<char*, 2ul>)",6,operator_shape_matched,"[[906],[]]","[""long int"",""Scalar""]",null,1,3.488
null,aten::remainder,"void at::native::vectorized_elementwise_kernel<2, at::native::BUnaryFunctor<long, long, long, at::native::remainder_kernel_cuda(at::TensorIteratorBase&)::{lambda()#1}::operator()() const::{lambda()#4}::operator()() const::{lambda(long, long)#1}>, std::array<char*, 2ul> >(int, at::native::BUnaryFunctor<long, long, long, at::native::remainder_kernel_cuda(at::TensorIteratorBase&)::{lambda()#1}::operator()() const::{lambda()#4}::operator()() const::{lambda(long, long)#1}>, std::array<char*, 2ul>)",7,operator_shape_matched,"[[94622],[]]","[""long int"",""Scalar""]",null,1,3.488
null,aten::remainder,"void at::native::vectorized_elementwise_kernel<2, at::native::BUnaryFunctor<long, long, long, at::native::remainder_kernel_cuda(at::TensorIteratorBase&)::{lambda()#1}::operator()() const::{lambda()#4}::operator()() const::{lambda(long, long)#1}>, std::array<char*, 2ul> >(int, at::native::BUnaryFunctor<long, long, long, at::native::remainder_kernel_cuda(at::TensorIteratorBase&)::{lambda()#1}::operator()() const::{lambda()#4}::operator()() const::{lambda(long, long)#1}>, std::array<char*, 2ul>)",8,operator_shape_matched,"[[55913],[]]","[""long int"",""Scalar""]",null,1,3.104
null,aten::remainder,"void at::native::vectorized_elementwise_kernel<2, at::native::BUnaryFunctor<long, long, long, at::native::remainder_kernel_cuda(at::TensorIteratorBase&)::{lambda()#1}::operator()() const::{lambda()#4}::operator()() const::{lambda(long, long)#1}>, std::array<char*, 2ul> >(int, at::native::BUnaryFunctor<long, long, long, at::native::remainder_kernel_cuda(at::TensorIteratorBase&)::{lambda()#1}::operator()() const::{lambda()#4}::operator()() const::{lambda(long, long)#1}>, std::array<char*, 2ul>)",9,operator_shape_matched,"[[97800],[]]","[""long int"",""Scalar""]",null,1,2.911
null,aten::remainder,"void at::native::vectorized_elementwise_kernel<2, at::native::BUnaryFunctor<long, long, long, at::native::remainder_kernel_cuda(at::TensorIteratorBase&)::{lambda()#1}::operator()() const::{lambda()#4}::operator()() const::{lambda(long, long)#1}>, std::array<char*, 2ul> >(int, at::native::BUnaryFunctor<long, long, long, at::native::remainder_kernel_cuda(at::TensorIteratorBase&)::{lambda()#1}::operator()() const::{lambda()#4}::operator()() const::{lambda(long, long)#1}>, std::array<char*, 2ul>)",10,operator_shape_matched,"[[56304],[]]","[""long int"",""Scalar""]",null,1,2.848
null,aten::remainder,"void at::native::vectorized_elementwise_kernel<2, at::native::BUnaryFunctor<long, long, long, at::native::remainder_kernel_cuda(at::TensorIteratorBase&)::{lambda()#1}::operator()() const::{lambda()#4}::operator()() const::{lambda(long, long)#1}>, std::array<char*, 2ul> >(int, at::native::BUnaryFunctor<long, long, long, at::native::remainder_kernel_cuda(at::TensorIteratorBase&)::{lambda()#1}::operator()() const::{lambda()#4}::operator()() const::{lambda(long, long)#1}>, std::array<char*, 2ul>)",11,operator_shape_matched,"[[2612],[]]","[""long int"",""Scalar""]",null,1,2.625
null,aten::remainder,"void at::native::vectorized_elementwise_kernel<2, at::native::BUnaryFunctor<long, long, long, at::native::remainder_kernel_cuda(at::TensorIteratorBase&)::{lambda()#1}::operator()() const::{lambda()#4}::operator()() const::{lambda(long, long)#1}>, std::array<char*, 2ul> >(int, at::native::BUnaryFunctor<long, long, long, at::native::remainder_kernel_cuda(at::TensorIteratorBase&)::{lambda()#1}::operator()() const::{lambda()#4}::operator()() const::{lambda(long, long)#1}>, std::array<char*, 2ul>)",12,operator_shape_matched,"[[94380],[]]","[""long int"",""Scalar""]",null,1,2.623
null,aten::remainder,"void at::native::vectorized_elementwise_kernel<2, at::native::BUnaryFunctor<long, long, long, at::native::remainder_kernel_cuda(at::TensorIteratorBase&)::{lambda()#1}::operator()() const::{lambda()#4}::operator()() const::{lambda(long, long)#1}>, std::array<char*, 2ul> >(int, at::native::BUnaryFunctor<long, long, long, at::native::remainder_kernel_cuda(at::TensorIteratorBase&)::{lambda()#1}::operator()() const::{lambda()#4}::operator()() const::{lambda(long, long)#1}>, std::array<char*, 2ul>)",13,operator_shape_matched,"[[1170],[]]","[""long int"",""Scalar""]",null,1,2.561
null,aten::remainder,"void at::native::vectorized_elementwise_kernel<2, at::native::BUnaryFunctor<long, long, long, at::native::remainder_kernel_cuda(at::TensorIteratorBase&)::{lambda()#1}::operator()() const::{lambda()#4}::operator()() const::{lambda(long, long)#1}>, std::array<char*, 2ul> >(int, at::native::BUnaryFunctor<long, long, long, at::native::remainder_kernel_cuda(at::TensorIteratorBase&)::{lambda()#1}::operator()() const::{lambda()#4}::operator()() const::{lambda(long, long)#1}>, std::array<char*, 2ul>)",14,operator_shape_matched,"[[58650],[]]","[""long int"",""Scalar""]",null,1,2.433
null,aten::remainder,"void at::native::vectorized_elementwise_kernel<2, at::native::BUnaryFunctor<long, long, long, at::native::remainder_kernel_cuda(at::TensorIteratorBase&)::{lambda()#1}::operator()() const::{lambda()#4}::operator()() const::{lambda(long, long)#1}>, std::array<char*, 2ul> >(int, at::native::BUnaryFunctor<long, long, long, at::native::remainder_kernel_cuda(at::TensorIteratorBase&)::{lambda()#1}::operator()() const::{lambda()#4}::operator()() const::{lambda(long, long)#1}>, std::array<char*, 2ul>)",15,operator_shape_matched,"[[96577],[]]","[""long int"",""Scalar""]",null,1,2.4
null,aten::remainder,"void at::native::vectorized_elementwise_kernel<2, at::native::BUnaryFunctor<long, long, long, at::native::remainder_kernel_cuda(at::TensorIteratorBase&)::{lambda()#1}::operator()() const::{lambda()#4}::operator()() const::{lambda(long, long)#1}>, std::array<char*, 2ul> >(int, at::native::BUnaryFunctor<long, long, long, at::native::remainder_kernel_cuda(at::TensorIteratorBase&)::{lambda()#1}::operator()() const::{lambda()#4}::operator()() const::{lambda(long, long)#1}>, std::array<char*, 2ul>)",16,operator_shape_matched,"[[301],[]]","[""long int"",""Scalar""]",null,1,2.208
null,aten::remainder,"void at::native::vectorized_elementwise_kernel<2, at::native::BUnaryFunctor<long, long, long, at::native::remainder_kernel_cuda(at::TensorIteratorBase&)::{lambda()#1}::operator()() const::{lambda()#4}::operator()() const::{lambda(long, long)#1}>, std::array<char*, 2ul> >(int, at::native::BUnaryFunctor<long, long, long, at::native::remainder_kernel_cuda(at::TensorIteratorBase&)::{lambda()#1}::operator()() const::{lambda()#4}::operator()() const::{lambda(long, long)#1}>, std::array<char*, 2ul>)",17,operator_shape_matched,"[[1394],[]]","[""long int"",""Scalar""]",null,1,2.176
null,aten::remainder,"void at::native::vectorized_elementwise_kernel<2, at::native::BUnaryFunctor<long, long, long, at::native::remainder_kernel_cuda(at::TensorIteratorBase&)::{lambda()#1}::operator()() const::{lambda()#4}::operator()() const::{lambda(long, long)#1}>, std::array<char*, 2ul> >(int, at::native::BUnaryFunctor<long, long, long, at::native::remainder_kernel_cuda(at::TensorIteratorBase&)::{lambda()#1}::operator()() const::{lambda()#4}::operator()() const::{lambda(long, long)#1}>, std::array<char*, 2ul>)",18,operator_shape_matched,"[[289],[]]","[""long int"",""Scalar""]",null,1,2.079
null,aten::repeat_interleave,"void compute_cuda_kernel<long>(long const*, long const*, long*, long, long)",1,operator_shape_matched,"[[1],[]]","[""long int"",""Scalar""]",null,2,21.792
null,aten::repeat_interleave,"void compute_cuda_kernel<long>(long const*, long const*, long*, long, long)",2,operator_shape_matched,"[[14],[]]","[""long int"",""Scalar""]",null,1,17.696
null,aten::repeat_interleave,"void compute_cuda_kernel<long>(long const*, long const*, long*, long, long)",3,operator_shape_matched,"[[6],[]]","[""long int"",""Scalar""]",null,1,16.449
null,aten::repeat_interleave,"void compute_cuda_kernel<long>(long const*, long const*, long*, long, long)",4,operator_shape_matched,"[[7],[]]","[""long int"",""Scalar""]",null,1,15.68
null,aten::repeat_interleave,"void compute_cuda_kernel<long>(long const*, long const*, long*, long, long)",5,operator_shape_matched,"[[4],[]]","[""long int"",""Scalar""]",null,1,14.272
null,aten::rsqrt,"void at::native::vectorized_elementwise_kernel<4, at::native::rsqrt_kernel_cuda(at::TensorIteratorBase&)::{lambda()#2}::operator()() const::{lambda()#2}::operator()() const::{lambda(float)#1}, std::array<char*, 2ul> >(int, at::native::rsqrt_kernel_cuda(at::TensorIteratorBase&)::{lambda()#2}::operator()() const::{lambda()#2}::operator()() const::{lambda(float)#1}, std::array<char*, 2ul>)",1,operator_shape_matched,"[[98304,1]]","[""float""]",null,6,9.409
null,aten::rsqrt,"void at::native::vectorized_elementwise_kernel<4, at::native::rsqrt_kernel_cuda(at::TensorIteratorBase&)::{lambda()#2}::operator()() const::{lambda()#2}::operator()() const::{lambda(float)#1}, std::array<char*, 2ul> >(int, at::native::rsqrt_kernel_cuda(at::TensorIteratorBase&)::{lambda()#2}::operator()() const::{lambda()#2}::operator()() const::{lambda(float)#1}, std::array<char*, 2ul>)",2,operator_shape_matched,"[[3072,1]]","[""float""]",null,6,8.32
null,aten::scatter_add,"void at::native::_scatter_gather_elementwise_kernel<128, 8, at::native::_cuda_scatter_gather_internal_kernel<true, c10::BFloat16, long>::operator()<at::native::ReduceAdd>(at::TensorIterator&, long, long, long, at::native::ReduceAdd const&)::{lambda(int)#1}>(int, at::native::_cuda_scatter_gather_internal_kernel<true, c10::BFloat16, long>::operator()<at::native::ReduceAdd>(at::TensorIterator&, long, long, long, at::native::ReduceAdd const&)::{lambda(int)#1})",1,operator_shape_matched,"[[97800,4096],[],[96000,4096],[96000,4096]]","[""c10::BFloat16"",""Scalar"",""long int"",""c10::BFloat16""]",null,1,1603.401
null,aten::scatter_add,"void at::native::_scatter_gather_elementwise_kernel<128, 8, at::native::_cuda_scatter_gather_internal_kernel<true, c10::BFloat16, long>::operator()<at::native::ReduceAdd>(at::TensorIterator&, long, long, long, at::native::ReduceAdd const&)::{lambda(int)#1}>(int, at::native::_cuda_scatter_gather_internal_kernel<true, c10::BFloat16, long>::operator()<at::native::ReduceAdd>(at::TensorIterator&, long, long, long, at::native::ReduceAdd const&)::{lambda(int)#1})",2,operator_shape_matched,"[[96577,4096],[],[94622,4096],[94622,4096]]","[""c10::BFloat16"",""Scalar"",""long int"",""c10::BFloat16""]",null,1,1574.856
null,aten::scatter_add,"void at::native::_scatter_gather_elementwise_kernel<128, 8, at::native::_cuda_scatter_gather_internal_kernel<true, c10::BFloat16, long>::operator()<at::native::ReduceAdd>(at::TensorIterator&, long, long, long, at::native::ReduceAdd const&)::{lambda(int)#1}>(int, at::native::_cuda_scatter_gather_internal_kernel<true, c10::BFloat16, long>::operator()<at::native::ReduceAdd>(at::TensorIterator&, long, long, long, at::native::ReduceAdd const&)::{lambda(int)#1})",3,operator_shape_matched,"[[94380,4096],[],[90870,4096],[90870,4096]]","[""c10::BFloat16"",""Scalar"",""long int"",""c10::BFloat16""]",null,1,1513.64
null,aten::scatter_add,"void at::native::_scatter_gather_elementwise_kernel<128, 8, at::native::_cuda_scatter_gather_internal_kernel<true, c10::BFloat16, long>::operator()<at::native::ReduceAdd>(at::TensorIterator&, long, long, long, at::native::ReduceAdd const&)::{lambda(int)#1}>(int, at::native::_cuda_scatter_gather_internal_kernel<true, c10::BFloat16, long>::operator()<at::native::ReduceAdd>(at::TensorIterator&, long, long, long, at::native::ReduceAdd const&)::{lambda(int)#1})",4,operator_shape_matched,"[[90712,4096],[],[90321,4096],[90321,4096]]","[""c10::BFloat16"",""Scalar"",""long int"",""c10::BFloat16""]",null,1,1504.553
null,aten::scatter_add,"void at::native::_scatter_gather_elementwise_kernel<128, 8, at::native::_cuda_scatter_gather_internal_kernel<true, c10::BFloat16, long>::operator()<at::native::ReduceAdd>(at::TensorIterator&, long, long, long, at::native::ReduceAdd const&)::{lambda(int)#1}>(int, at::native::_cuda_scatter_gather_internal_kernel<true, c10::BFloat16, long>::operator()<at::native::ReduceAdd>(at::TensorIterator&, long, long, long, at::native::ReduceAdd const&)::{lambda(int)#1})",5,operator_shape_matched,"[[58650,4096],[],[58259,4096],[58259,4096]]","[""c10::BFloat16"",""Scalar"",""long int"",""c10::BFloat16""]",null,1,971.717
null,aten::scatter_add,"void at::native::_scatter_gather_elementwise_kernel<128, 8, at::native::_cuda_scatter_gather_internal_kernel<true, c10::BFloat16, long>::operator()<at::native::ReduceAdd>(at::TensorIterator&, long, long, long, at::native::ReduceAdd const&)::{lambda(int)#1}>(int, at::native::_cuda_scatter_gather_internal_kernel<true, c10::BFloat16, long>::operator()<at::native::ReduceAdd>(at::TensorIterator&, long, long, long, at::native::ReduceAdd const&)::{lambda(int)#1})",6,operator_shape_matched,"[[56304,4096],[],[55913,4096],[55913,4096]]","[""c10::BFloat16"",""Scalar"",""long int"",""c10::BFloat16""]",null,1,933.701
null,aten::silu,"void at::native::vectorized_elementwise_kernel<4, at::native::(anonymous namespace)::silu_kernel(at::TensorIteratorBase&)::{lambda()#1}::operator()() const::{lambda()#2}::operator()() const::{lambda(float)#1}, std::array<char*, 2ul> >(int, at::native::(anonymous namespace)::silu_kernel(at::TensorIteratorBase&)::{lambda()#1}::operator()() const::{lambda()#2}::operator()() const::{lambda(float)#1}, std::array<char*, 2ul>)",1,operator_shape_matched,"[[96000,4096]]","[""float""]",null,1,1032.294
null,aten::silu,"void at::native::vectorized_elementwise_kernel<4, at::native::(anonymous namespace)::silu_kernel(at::TensorIteratorBase&)::{lambda()#1}::operator()() const::{lambda()#2}::operator()() const::{lambda(float)#1}, std::array<char*, 2ul> >(int, at::native::(anonymous namespace)::silu_kernel(at::TensorIteratorBase&)::{lambda()#1}::operator()() const::{lambda()#2}::operator()() const::{lambda(float)#1}, std::array<char*, 2ul>)",2,operator_shape_matched,"[[94622,4096]]","[""float""]",null,1,1017.318
null,aten::silu,"void at::native::vectorized_elementwise_kernel<4, at::native::(anonymous namespace)::silu_kernel(at::TensorIteratorBase&)::{lambda()#1}::operator()() const::{lambda()#2}::operator()() const::{lambda(float)#1}, std::array<char*, 2ul> >(int, at::native::(anonymous namespace)::silu_kernel(at::TensorIteratorBase&)::{lambda()#1}::operator()() const::{lambda()#2}::operator()() const::{lambda(float)#1}, std::array<char*, 2ul>)",3,operator_shape_matched,"[[90870,4096]]","[""float""]",null,1,976.485
null,aten::silu,"void at::native::vectorized_elementwise_kernel<4, at::native::(anonymous namespace)::silu_kernel(at::TensorIteratorBase&)::{lambda()#1}::operator()() const::{lambda()#2}::operator()() const::{lambda(float)#1}, std::array<char*, 2ul> >(int, at::native::(anonymous namespace)::silu_kernel(at::TensorIteratorBase&)::{lambda()#1}::operator()() const::{lambda()#2}::operator()() const::{lambda(float)#1}, std::array<char*, 2ul>)",4,operator_shape_matched,"[[90321,4096]]","[""float""]",null,1,971.237
null,aten::silu,"void at::native::vectorized_elementwise_kernel<4, at::native::(anonymous namespace)::silu_kernel(at::TensorIteratorBase&)::{lambda()#1}::operator()() const::{lambda()#2}::operator()() const::{lambda(float)#1}, std::array<char*, 2ul> >(int, at::native::(anonymous namespace)::silu_kernel(at::TensorIteratorBase&)::{lambda()#1}::operator()() const::{lambda()#2}::operator()() const::{lambda(float)#1}, std::array<char*, 2ul>)",5,operator_shape_matched,"[[1,4096]]","[""float""]",null,2,3.264
null,aten::silu_backward,"void at::native::vectorized_elementwise_kernel<4, at::native::(anonymous namespace)::silu_backward_kernel(at::TensorIteratorBase&)::{lambda()#1}::operator()() const::{lambda()#2}::operator()() const::{lambda(float, float)#1}, std::array<char*, 3ul> >(int, at::native::(anonymous namespace)::silu_backward_kernel(at::TensorIteratorBase&)::{lambda()#1}::operator()() const::{lambda()#2}::operator()() const::{lambda(float, float)#1}, std::array<char*, 3ul>)",1,operator_shape_matched,"[[96000,4096],[96000,4096]]","[""float"",""float""]",null,1,1518.569
null,aten::silu_backward,"void at::native::vectorized_elementwise_kernel<4, at::native::(anonymous namespace)::silu_backward_kernel(at::TensorIteratorBase&)::{lambda()#1}::operator()() const::{lambda()#2}::operator()() const::{lambda(float, float)#1}, std::array<char*, 3ul> >(int, at::native::(anonymous namespace)::silu_backward_kernel(at::TensorIteratorBase&)::{lambda()#1}::operator()() const::{lambda()#2}::operator()() const::{lambda(float, float)#1}, std::array<char*, 3ul>)",2,operator_shape_matched,"[[94622,4096],[94622,4096]]","[""float"",""float""]",null,1,1496.712
null,aten::silu_backward,"void at::native::vectorized_elementwise_kernel<4, at::native::(anonymous namespace)::silu_backward_kernel(at::TensorIteratorBase&)::{lambda()#1}::operator()() const::{lambda()#2}::operator()() const::{lambda(float, float)#1}, std::array<char*, 3ul> >(int, at::native::(anonymous namespace)::silu_backward_kernel(at::TensorIteratorBase&)::{lambda()#1}::operator()() const::{lambda()#2}::operator()() const::{lambda(float, float)#1}, std::array<char*, 3ul>)",3,operator_shape_matched,"[[90870,4096],[90870,4096]]","[""float"",""float""]",null,1,1436.04
null,aten::silu_backward,"void at::native::vectorized_elementwise_kernel<4, at::native::(anonymous namespace)::silu_backward_kernel(at::TensorIteratorBase&)::{lambda()#1}::operator()() const::{lambda()#2}::operator()() const::{lambda(float, float)#1}, std::array<char*, 3ul> >(int, at::native::(anonymous namespace)::silu_backward_kernel(at::TensorIteratorBase&)::{lambda()#1}::operator()() const::{lambda()#2}::operator()() const::{lambda(float, float)#1}, std::array<char*, 3ul>)",4,operator_shape_matched,"[[90321,4096],[90321,4096]]","[""float"",""float""]",null,1,1428.552
null,aten::silu_backward,"void at::native::vectorized_elementwise_kernel<4, at::native::(anonymous namespace)::silu_backward_kernel(at::TensorIteratorBase&)::{lambda()#1}::operator()() const::{lambda()#2}::operator()() const::{lambda(float, float)#1}, std::array<char*, 3ul> >(int, at::native::(anonymous namespace)::silu_backward_kernel(at::TensorIteratorBase&)::{lambda()#1}::operator()() const::{lambda()#2}::operator()() const::{lambda(float, float)#1}, std::array<char*, 3ul>)",5,operator_shape_matched,"[[1,4096],[1,4096]]","[""float"",""float""]",null,2,4.511
null,aten::sin,"void at::native::vectorized_elementwise_kernel<4, at::native::sin_kernel_cuda(at::TensorIteratorBase&)::{lambda()#2}::operator()() const::{lambda()#2}::operator()() const::{lambda(float)#1}, std::array<char*, 2ul> >(int, at::native::sin_kernel_cuda(at::TensorIteratorBase&)::{lambda()#2}::operator()() const::{lambda()#2}::operator()() const::{lambda(float)#1}, std::array<char*, 2ul>)",1,operator_shape_matched,"[[1,98970,128]]","[""float""]",null,1,36.512
null,aten::sin,"void at::native::vectorized_elementwise_kernel<4, at::native::sin_kernel_cuda(at::TensorIteratorBase&)::{lambda()#2}::operator()() const::{lambda()#2}::operator()() const::{lambda(float)#1}, std::array<char*, 2ul> >(int, at::native::sin_kernel_cuda(at::TensorIteratorBase&)::{lambda()#2}::operator()() const::{lambda()#2}::operator()() const::{lambda(float)#1}, std::array<char*, 2ul>)",2,operator_shape_matched,"[[1,97971,128]]","[""float""]",null,1,36.193
null,aten::sin,"void at::native::vectorized_elementwise_kernel<4, at::native::sin_kernel_cuda(at::TensorIteratorBase&)::{lambda()#2}::operator()() const::{lambda()#2}::operator()() const::{lambda(float)#1}, std::array<char*, 2ul> >(int, at::native::sin_kernel_cuda(at::TensorIteratorBase&)::{lambda()#2}::operator()() const::{lambda()#2}::operator()() const::{lambda(float)#1}, std::array<char*, 2ul>)",3,operator_shape_matched,"[[1,96992,128]]","[""float""]",null,1,35.648
null,aten::sin,"void at::native::vectorized_elementwise_kernel<4, at::native::sin_kernel_cuda(at::TensorIteratorBase&)::{lambda()#2}::operator()() const::{lambda()#2}::operator()() const::{lambda(float)#1}, std::array<char*, 2ul> >(int, at::native::sin_kernel_cuda(at::TensorIteratorBase&)::{lambda()#2}::operator()() const::{lambda()#2}::operator()() const::{lambda(float)#1}, std::array<char*, 2ul>)",4,operator_shape_matched,"[[94622,128]]","[""float""]",null,1,34.784
null,aten::sin,"void at::native::vectorized_elementwise_kernel<4, at::native::sin_kernel_cuda(at::TensorIteratorBase&)::{lambda()#2}::operator()() const::{lambda()#2}::operator()() const::{lambda(float)#1}, std::array<char*, 2ul> >(int, at::native::sin_kernel_cuda(at::TensorIteratorBase&)::{lambda()#2}::operator()() const::{lambda()#2}::operator()() const::{lambda(float)#1}, std::array<char*, 2ul>)",5,operator_shape_matched,"[[96000,128]]","[""float""]",null,1,34.337
null,aten::sin,"void at::native::vectorized_elementwise_kernel<4, at::native::sin_kernel_cuda(at::TensorIteratorBase&)::{lambda()#2}::operator()() const::{lambda()#2}::operator()() const::{lambda(float)#1}, std::array<char*, 2ul> >(int, at::native::sin_kernel_cuda(at::TensorIteratorBase&)::{lambda()#2}::operator()() const::{lambda()#2}::operator()() const::{lambda(float)#1}, std::array<char*, 2ul>)",6,operator_shape_matched,"[[90870,128]]","[""float""]",null,1,32.769
null,aten::sin,"void at::native::vectorized_elementwise_kernel<4, at::native::sin_kernel_cuda(at::TensorIteratorBase&)::{lambda()#2}::operator()() const::{lambda()#2}::operator()() const::{lambda(float)#1}, std::array<char*, 2ul> >(int, at::native::sin_kernel_cuda(at::TensorIteratorBase&)::{lambda()#2}::operator()() const::{lambda()#2}::operator()() const::{lambda(float)#1}, std::array<char*, 2ul>)",7,operator_shape_matched,"[[1,91618,128]]","[""float""]",null,1,32.577
null,aten::sin,"void at::native::vectorized_elementwise_kernel<4, at::native::sin_kernel_cuda(at::TensorIteratorBase&)::{lambda()#2}::operator()() const::{lambda()#2}::operator()() const::{lambda(float)#1}, std::array<char*, 2ul> >(int, at::native::sin_kernel_cuda(at::TensorIteratorBase&)::{lambda()#2}::operator()() const::{lambda()#2}::operator()() const::{lambda(float)#1}, std::array<char*, 2ul>)",8,operator_shape_matched,"[[90321,128]]","[""float""]",null,1,32.224
null,aten::sin,"void at::native::vectorized_elementwise_kernel<4, at::native::sin_kernel_cuda(at::TensorIteratorBase&)::{lambda()#2}::operator()() const::{lambda()#2}::operator()() const::{lambda(float)#1}, std::array<char*, 2ul> >(int, at::native::sin_kernel_cuda(at::TensorIteratorBase&)::{lambda()#2}::operator()() const::{lambda()#2}::operator()() const::{lambda(float)#1}, std::array<char*, 2ul>)",9,operator_shape_matched,"[[1,58939,128]]","[""float""]",null,1,22.272
null,aten::sin,"void at::native::vectorized_elementwise_kernel<4, at::native::sin_kernel_cuda(at::TensorIteratorBase&)::{lambda()#2}::operator()() const::{lambda()#2}::operator()() const::{lambda(float)#1}, std::array<char*, 2ul> >(int, at::native::sin_kernel_cuda(at::TensorIteratorBase&)::{lambda()#2}::operator()() const::{lambda()#2}::operator()() const::{lambda(float)#1}, std::array<char*, 2ul>)",10,operator_shape_matched,"[[1,56605,128]]","[""float""]",null,1,22.048
null,aten::sin,"void at::native::vectorized_elementwise_kernel<4, at::native::sin_kernel_cuda(at::TensorIteratorBase&)::{lambda()#2}::operator()() const::{lambda()#2}::operator()() const::{lambda(float)#1}, std::array<char*, 2ul> >(int, at::native::sin_kernel_cuda(at::TensorIteratorBase&)::{lambda()#2}::operator()() const::{lambda()#2}::operator()() const::{lambda(float)#1}, std::array<char*, 2ul>)",11,operator_shape_matched,"[[1,128]]","[""float""]",null,2,3.52
null,aten::split_with_sizes_copy,"at::native::detail::split_with_sizes_copy_out_contiguous_no_cast_kernel(char**, char**, long*, long*, long*, long, long)",1,operator_shape_matched,"[[8,48236608],[],[],[]]",[],null,432,248989.541
null,aten::split_with_sizes_copy,"at::native::detail::split_with_sizes_copy_out_contiguous_no_cast_kernel(char**, char**, long*, long*, long*, long, long)",2,operator_shape_matched,"[[8,158009880],[],[],[]]",[],null,6,10996.954
null,aten::sub,"void at::native::unrolled_elementwise_kernel<at::native::CUDAFunctor_add<float>, std::array<char*, 3ul>, 4, TrivialOffsetCalculator<2, unsigned int>, TrivialOffsetCalculator<1, unsigned int>, at::native::memory::LoadWithCast<2>, at::native::memory::StoreWithCast<1> >(int, at::native::CUDAFunctor_add<float>, std::array<char*, 3ul>, TrivialOffsetCalculator<2, unsigned int>, TrivialOffsetCalculator<1, unsigned int>, at::native::memory::LoadWithCast<2>, at::native::memory::StoreWithCast<1>)",1,operator_shape_matched,"[[1,48,150,34,46],[1,48,150,34,46],[]]","[""c10::BFloat16"",""float"",""Scalar""]",null,1,54.72
null,aten::sub,"void at::native::unrolled_elementwise_kernel<at::native::CUDAFunctor_add<float>, std::array<char*, 3ul>, 4, TrivialOffsetCalculator<2, unsigned int>, TrivialOffsetCalculator<1, unsigned int>, at::native::memory::LoadWithCast<2>, at::native::memory::StoreWithCast<1> >(int, at::native::CUDAFunctor_add<float>, std::array<char*, 3ul>, TrivialOffsetCalculator<2, unsigned int>, TrivialOffsetCalculator<1, unsigned int>, at::native::memory::LoadWithCast<2>, at::native::memory::StoreWithCast<1>)",2,operator_shape_matched,"[[1,48,144,34,46],[1,48,144,34,46],[]]","[""c10::BFloat16"",""float"",""Scalar""]",null,1,52.801
null,aten::sub,"void at::native::unrolled_elementwise_kernel<at::native::CUDAFunctor_add<float>, std::array<char*, 3ul>, 4, TrivialOffsetCalculator<2, unsigned int>, TrivialOffsetCalculator<1, unsigned int>, at::native::memory::LoadWithCast<2>, at::native::memory::StoreWithCast<1> >(int, at::native::CUDAFunctor_add<float>, std::array<char*, 3ul>, TrivialOffsetCalculator<2, unsigned int>, TrivialOffsetCalculator<1, unsigned int>, at::native::memory::LoadWithCast<2>, at::native::memory::StoreWithCast<1>)",3,operator_shape_matched,"[[1,48,25,34,46],[1,48,25,34,46],[]]","[""c10::BFloat16"",""float"",""Scalar""]",null,4,46.719
null,aten::sub,"void at::native::unrolled_elementwise_kernel<at::native::CUDAFunctor_add<float>, std::array<char*, 3ul>, 4, TrivialOffsetCalculator<2, unsigned int>, TrivialOffsetCalculator<1, unsigned int>, at::native::memory::LoadWithCast<2>, at::native::memory::StoreWithCast<1> >(int, at::native::CUDAFunctor_add<float>, std::array<char*, 3ul>, TrivialOffsetCalculator<2, unsigned int>, TrivialOffsetCalculator<1, unsigned int>, at::native::memory::LoadWithCast<2>, at::native::memory::StoreWithCast<1>)",4,operator_shape_matched,"[[1,48,109,34,46],[1,48,109,34,46],[]]","[""c10::BFloat16"",""float"",""Scalar""]",null,1,43.008
null,aten::sub,"void at::native::unrolled_elementwise_kernel<at::native::CUDAFunctor_add<float>, std::array<char*, 3ul>, 4, TrivialOffsetCalculator<2, unsigned int>, TrivialOffsetCalculator<1, unsigned int>, at::native::memory::LoadWithCast<2>, at::native::memory::StoreWithCast<1> >(int, at::native::CUDAFunctor_add<float>, std::array<char*, 3ul>, TrivialOffsetCalculator<2, unsigned int>, TrivialOffsetCalculator<1, unsigned int>, at::native::memory::LoadWithCast<2>, at::native::memory::StoreWithCast<1>)",5,operator_shape_matched,"[[1,48,73,34,46],[1,48,73,34,46],[]]","[""c10::BFloat16"",""float"",""Scalar""]",null,1,31.841
null,aten::sub,"void at::native::unrolled_elementwise_kernel<at::native::CUDAFunctor_add<float>, std::array<char*, 3ul>, 4, TrivialOffsetCalculator<2, unsigned int>, TrivialOffsetCalculator<1, unsigned int>, at::native::memory::LoadWithCast<2>, at::native::memory::StoreWithCast<1> >(int, at::native::CUDAFunctor_add<float>, std::array<char*, 3ul>, TrivialOffsetCalculator<2, unsigned int>, TrivialOffsetCalculator<1, unsigned int>, at::native::memory::LoadWithCast<2>, at::native::memory::StoreWithCast<1>)",6,operator_shape_matched,"[[1,48,79,30,40],[1,48,79,30,40],[]]","[""c10::BFloat16"",""float"",""Scalar""]",null,1,27.712
null,aten::sub,"void at::native::unrolled_elementwise_kernel<at::native::CUDAFunctor_add<float>, std::array<char*, 3ul>, 4, TrivialOffsetCalculator<2, unsigned int>, TrivialOffsetCalculator<1, unsigned int>, at::native::memory::LoadWithCast<2>, at::native::memory::StoreWithCast<1> >(int, at::native::CUDAFunctor_add<float>, std::array<char*, 3ul>, TrivialOffsetCalculator<2, unsigned int>, TrivialOffsetCalculator<1, unsigned int>, at::native::memory::LoadWithCast<2>, at::native::memory::StoreWithCast<1>)",7,operator_shape_matched,"[[1,48,61,34,46],[1,48,61,34,46],[]]","[""c10::BFloat16"",""float"",""Scalar""]",null,1,25.76
null,aten::sub,"void at::native::unrolled_elementwise_kernel<at::native::CUDAFunctor_add<float>, std::array<char*, 3ul>, 4, TrivialOffsetCalculator<2, unsigned int>, TrivialOffsetCalculator<1, unsigned int>, at::native::memory::LoadWithCast<2>, at::native::memory::StoreWithCast<1> >(int, at::native::CUDAFunctor_add<float>, std::array<char*, 3ul>, TrivialOffsetCalculator<2, unsigned int>, TrivialOffsetCalculator<1, unsigned int>, at::native::memory::LoadWithCast<2>, at::native::memory::StoreWithCast<1>)",8,operator_shape_matched,"[[1,48,52,34,46],[1,48,52,34,46],[]]","[""c10::BFloat16"",""float"",""Scalar""]",null,1,21.537
null,aten::sub,"void at::native::unrolled_elementwise_kernel<at::native::CUDAFunctor_add<float>, std::array<char*, 3ul>, 4, TrivialOffsetCalculator<2, unsigned int>, TrivialOffsetCalculator<1, unsigned int>, at::native::memory::LoadWithCast<2>, at::native::memory::StoreWithCast<1> >(int, at::native::CUDAFunctor_add<float>, std::array<char*, 3ul>, TrivialOffsetCalculator<2, unsigned int>, TrivialOffsetCalculator<1, unsigned int>, at::native::memory::LoadWithCast<2>, at::native::memory::StoreWithCast<1>)",9,operator_shape_matched,"[[1,48,63,30,40],[1,48,63,30,40],[]]","[""c10::BFloat16"",""float"",""Scalar""]",null,1,21.472
null,aten::sub,"void at::native::unrolled_elementwise_kernel<at::native::CUDAFunctor_add<float>, std::array<char*, 3ul>, 4, TrivialOffsetCalculator<2, unsigned int>, TrivialOffsetCalculator<1, unsigned int>, at::native::memory::LoadWithCast<2>, at::native::memory::StoreWithCast<1> >(int, at::native::CUDAFunctor_add<float>, std::array<char*, 3ul>, TrivialOffsetCalculator<2, unsigned int>, TrivialOffsetCalculator<1, unsigned int>, at::native::memory::LoadWithCast<2>, at::native::memory::StoreWithCast<1>)",10,operator_shape_matched,"[[1,48,15,30,52],[1,48,15,30,52],[]]","[""c10::BFloat16"",""float"",""Scalar""]",null,2,21.152
null,aten::sub,"void at::native::unrolled_elementwise_kernel<at::native::CUDAFunctor_add<float>, std::array<char*, 3ul>, 4, TrivialOffsetCalculator<2, unsigned int>, TrivialOffsetCalculator<1, unsigned int>, at::native::memory::LoadWithCast<2>, at::native::memory::StoreWithCast<1> >(int, at::native::CUDAFunctor_add<float>, std::array<char*, 3ul>, TrivialOffsetCalculator<2, unsigned int>, TrivialOffsetCalculator<1, unsigned int>, at::native::memory::LoadWithCast<2>, at::native::memory::StoreWithCast<1>)",11,operator_shape_matched,"[[1,48,52,30,40],[1,48,52,30,40],[]]","[""c10::BFloat16"",""float"",""Scalar""]",null,1,18.368
null,aten::sub,"void at::native::unrolled_elementwise_kernel<at::native::CUDAFunctor_add<float>, std::array<char*, 3ul>, 4, TrivialOffsetCalculator<2, unsigned int>, TrivialOffsetCalculator<1, unsigned int>, at::native::memory::LoadWithCast<2>, at::native::memory::StoreWithCast<1> >(int, at::native::CUDAFunctor_add<float>, std::array<char*, 3ul>, TrivialOffsetCalculator<2, unsigned int>, TrivialOffsetCalculator<1, unsigned int>, at::native::memory::LoadWithCast<2>, at::native::memory::StoreWithCast<1>)",12,operator_shape_matched,"[[1,48,50,30,40],[1,48,50,30,40],[]]","[""c10::BFloat16"",""float"",""Scalar""]",null,1,18.016
null,aten::sub,"void at::native::unrolled_elementwise_kernel<at::native::CUDAFunctor_add<float>, std::array<char*, 3ul>, 4, TrivialOffsetCalculator<2, unsigned int>, TrivialOffsetCalculator<1, unsigned int>, at::native::memory::LoadWithCast<2>, at::native::memory::StoreWithCast<1> >(int, at::native::CUDAFunctor_add<float>, std::array<char*, 3ul>, TrivialOffsetCalculator<2, unsigned int>, TrivialOffsetCalculator<1, unsigned int>, at::native::memory::LoadWithCast<2>, at::native::memory::StoreWithCast<1>)",13,operator_shape_matched,"[[1,48,35,30,52],[1,48,35,30,52],[]]","[""c10::BFloat16"",""float"",""Scalar""]",null,1,16.512
null,aten::sub,"void at::native::unrolled_elementwise_kernel<at::native::CUDAFunctor_add<float>, std::array<char*, 3ul>, 4, TrivialOffsetCalculator<2, unsigned int>, TrivialOffsetCalculator<1, unsigned int>, at::native::memory::LoadWithCast<2>, at::native::memory::StoreWithCast<1> >(int, at::native::CUDAFunctor_add<float>, std::array<char*, 3ul>, TrivialOffsetCalculator<2, unsigned int>, TrivialOffsetCalculator<1, unsigned int>, at::native::memory::LoadWithCast<2>, at::native::memory::StoreWithCast<1>)",14,operator_shape_matched,"[[1,48,44,30,40],[1,48,44,30,40],[]]","[""c10::BFloat16"",""float"",""Scalar""]",null,1,16.128
null,aten::sub,"void at::native::unrolled_elementwise_kernel<at::native::CUDAFunctor_add<float>, std::array<char*, 3ul>, 4, TrivialOffsetCalculator<2, unsigned int>, TrivialOffsetCalculator<1, unsigned int>, at::native::memory::LoadWithCast<2>, at::native::memory::StoreWithCast<1> >(int, at::native::CUDAFunctor_add<float>, std::array<char*, 3ul>, TrivialOffsetCalculator<2, unsigned int>, TrivialOffsetCalculator<1, unsigned int>, at::native::memory::LoadWithCast<2>, at::native::memory::StoreWithCast<1>)",15,operator_shape_matched,"[[1,48,37,34,46],[1,48,37,34,46],[]]","[""c10::BFloat16"",""float"",""Scalar""]",null,1,15.809
null,aten::sub,"void at::native::unrolled_elementwise_kernel<at::native::CUDAFunctor_add<float>, std::array<char*, 3ul>, 4, TrivialOffsetCalculator<2, unsigned int>, TrivialOffsetCalculator<1, unsigned int>, at::native::memory::LoadWithCast<2>, at::native::memory::StoreWithCast<1> >(int, at::native::CUDAFunctor_add<float>, std::array<char*, 3ul>, TrivialOffsetCalculator<2, unsigned int>, TrivialOffsetCalculator<1, unsigned int>, at::native::memory::LoadWithCast<2>, at::native::memory::StoreWithCast<1>)",16,operator_shape_matched,"[[1,48,31,34,46],[1,48,31,34,46],[]]","[""c10::BFloat16"",""float"",""Scalar""]",null,1,15.265
null,aten::sub,"void at::native::unrolled_elementwise_kernel<at::native::CUDAFunctor_add<float>, std::array<char*, 3ul>, 4, TrivialOffsetCalculator<2, unsigned int>, TrivialOffsetCalculator<1, unsigned int>, at::native::memory::LoadWithCast<2>, at::native::memory::StoreWithCast<1> >(int, at::native::CUDAFunctor_add<float>, std::array<char*, 3ul>, TrivialOffsetCalculator<2, unsigned int>, TrivialOffsetCalculator<1, unsigned int>, at::native::memory::LoadWithCast<2>, at::native::memory::StoreWithCast<1>)",17,operator_shape_matched,"[[1,48,29,30,52],[1,48,29,30,52],[]]","[""c10::BFloat16"",""float"",""Scalar""]",null,1,15.04
null,aten::sub,"void at::native::unrolled_elementwise_kernel<at::native::CUDAFunctor_add<float>, std::array<char*, 3ul>, 4, TrivialOffsetCalculator<2, unsigned int>, TrivialOffsetCalculator<1, unsigned int>, at::native::memory::LoadWithCast<2>, at::native::memory::StoreWithCast<1> >(int, at::native::CUDAFunctor_add<float>, std::array<char*, 3ul>, TrivialOffsetCalculator<2, unsigned int>, TrivialOffsetCalculator<1, unsigned int>, at::native::memory::LoadWithCast<2>, at::native::memory::StoreWithCast<1>)",18,operator_shape_matched,"[[1,48,38,30,40],[1,48,38,30,40],[]]","[""c10::BFloat16"",""float"",""Scalar""]",null,1,14.88
null,aten::sub,"void at::native::unrolled_elementwise_kernel<at::native::CUDAFunctor_add<float>, std::array<char*, 3ul>, 4, TrivialOffsetCalculator<2, unsigned int>, TrivialOffsetCalculator<1, unsigned int>, at::native::memory::LoadWithCast<2>, at::native::memory::StoreWithCast<1> >(int, at::native::CUDAFunctor_add<float>, std::array<char*, 3ul>, TrivialOffsetCalculator<2, unsigned int>, TrivialOffsetCalculator<1, unsigned int>, at::native::memory::LoadWithCast<2>, at::native::memory::StoreWithCast<1>)",19,operator_shape_matched,"[[1,48,13,30,52],[1,48,13,30,52],[]]","[""c10::BFloat16"",""float"",""Scalar""]",null,2,14.848
null,aten::sub,"void at::native::unrolled_elementwise_kernel<at::native::CUDAFunctor_add<float>, std::array<char*, 3ul>, 4, TrivialOffsetCalculator<2, unsigned int>, TrivialOffsetCalculator<1, unsigned int>, at::native::memory::LoadWithCast<2>, at::native::memory::StoreWithCast<1> >(int, at::native::CUDAFunctor_add<float>, std::array<char*, 3ul>, TrivialOffsetCalculator<2, unsigned int>, TrivialOffsetCalculator<1, unsigned int>, at::native::memory::LoadWithCast<2>, at::native::memory::StoreWithCast<1>)",20,operator_shape_matched,"[[1,48,11,30,52],[1,48,11,30,52],[]]","[""c10::BFloat16"",""float"",""Scalar""]",null,2,14.4
null,aten::sub,"void at::native::unrolled_elementwise_kernel<at::native::CUDAFunctor_add<float>, std::array<char*, 3ul>, 4, TrivialOffsetCalculator<2, unsigned int>, TrivialOffsetCalculator<1, unsigned int>, at::native::memory::LoadWithCast<2>, at::native::memory::StoreWithCast<1> >(int, at::native::CUDAFunctor_add<float>, std::array<char*, 3ul>, TrivialOffsetCalculator<2, unsigned int>, TrivialOffsetCalculator<1, unsigned int>, at::native::memory::LoadWithCast<2>, at::native::memory::StoreWithCast<1>)",21,operator_shape_matched,"[[1,48,22,30,52],[1,48,22,30,52],[]]","[""c10::BFloat16"",""float"",""Scalar""]",null,1,11.68
null,aten::sub,"void at::native::unrolled_elementwise_kernel<at::native::CUDAFunctor_add<float>, std::array<char*, 3ul>, 4, TrivialOffsetCalculator<2, unsigned int>, TrivialOffsetCalculator<1, unsigned int>, at::native::memory::LoadWithCast<2>, at::native::memory::StoreWithCast<1> >(int, at::native::CUDAFunctor_add<float>, std::array<char*, 3ul>, TrivialOffsetCalculator<2, unsigned int>, TrivialOffsetCalculator<1, unsigned int>, at::native::memory::LoadWithCast<2>, at::native::memory::StoreWithCast<1>)",22,operator_shape_matched,"[[1,48,19,30,52],[1,48,19,30,52],[]]","[""c10::BFloat16"",""float"",""Scalar""]",null,1,11.648
null,aten::sub,"void at::native::unrolled_elementwise_kernel<at::native::CUDAFunctor_add<float>, std::array<char*, 3ul>, 4, TrivialOffsetCalculator<2, unsigned int>, TrivialOffsetCalculator<1, unsigned int>, at::native::memory::LoadWithCast<2>, at::native::memory::StoreWithCast<1> >(int, at::native::CUDAFunctor_add<float>, std::array<char*, 3ul>, TrivialOffsetCalculator<2, unsigned int>, TrivialOffsetCalculator<1, unsigned int>, at::native::memory::LoadWithCast<2>, at::native::memory::StoreWithCast<1>)",23,operator_shape_matched,"[[1,48,17,30,52],[1,48,17,30,52],[]]","[""c10::BFloat16"",""float"",""Scalar""]",null,1,10.848
null,aten::sub,"void at::native::unrolled_elementwise_kernel<at::native::CUDAFunctor_add<float>, std::array<char*, 3ul>, 4, TrivialOffsetCalculator<2, unsigned int>, TrivialOffsetCalculator<1, unsigned int>, at::native::memory::LoadWithCast<2>, at::native::memory::StoreWithCast<1> >(int, at::native::CUDAFunctor_add<float>, std::array<char*, 3ul>, TrivialOffsetCalculator<2, unsigned int>, TrivialOffsetCalculator<1, unsigned int>, at::native::memory::LoadWithCast<2>, at::native::memory::StoreWithCast<1>)",24,operator_shape_matched,"[[1,48,16,30,52],[1,48,16,30,52],[]]","[""c10::BFloat16"",""float"",""Scalar""]",null,1,10.464
null,aten::sub,"void at::native::unrolled_elementwise_kernel<at::native::CUDAFunctor_add<float>, std::array<char*, 3ul>, 4, TrivialOffsetCalculator<2, unsigned int>, TrivialOffsetCalculator<1, unsigned int>, at::native::memory::LoadWithCast<2>, at::native::memory::StoreWithCast<1> >(int, at::native::CUDAFunctor_add<float>, std::array<char*, 3ul>, TrivialOffsetCalculator<2, unsigned int>, TrivialOffsetCalculator<1, unsigned int>, at::native::memory::LoadWithCast<2>, at::native::memory::StoreWithCast<1>)",25,operator_shape_matched,"[[1,48,16,34,46],[1,48,16,34,46],[]]","[""c10::BFloat16"",""float"",""Scalar""]",null,1,10.176
null,aten::sub,"void at::native::unrolled_elementwise_kernel<at::native::CUDAFunctor_add<float>, std::array<char*, 3ul>, 4, TrivialOffsetCalculator<2, unsigned int>, TrivialOffsetCalculator<1, unsigned int>, at::native::memory::LoadWithCast<2>, at::native::memory::StoreWithCast<1> >(int, at::native::CUDAFunctor_add<float>, std::array<char*, 3ul>, TrivialOffsetCalculator<2, unsigned int>, TrivialOffsetCalculator<1, unsigned int>, at::native::memory::LoadWithCast<2>, at::native::memory::StoreWithCast<1>)",26,operator_shape_matched,"[[1,48,14,30,52],[1,48,14,30,52],[]]","[""c10::BFloat16"",""float"",""Scalar""]",null,1,7.52
null,aten::sub,"void at::native::unrolled_elementwise_kernel<at::native::CUDAFunctor_add<float>, std::array<char*, 3ul>, 4, TrivialOffsetCalculator<2, unsigned int>, TrivialOffsetCalculator<1, unsigned int>, at::native::memory::LoadWithCast<2>, at::native::memory::StoreWithCast<1> >(int, at::native::CUDAFunctor_add<float>, std::array<char*, 3ul>, TrivialOffsetCalculator<2, unsigned int>, TrivialOffsetCalculator<1, unsigned int>, at::native::memory::LoadWithCast<2>, at::native::memory::StoreWithCast<1>)",27,operator_shape_matched,"[[1,48,12,30,52],[1,48,12,30,52],[]]","[""c10::BFloat16"",""float"",""Scalar""]",null,1,7.456
null,aten::sub,"void at::native::vectorized_elementwise_kernel<4, at::native::CUDAFunctorOnOther_add<float>, std::array<char*, 2ul> >(int, at::native::CUDAFunctorOnOther_add<float>, std::array<char*, 2ul>)",1,operator_shape_matched,"[[],[25,1,1],[]]","[""double"",""float"",""Scalar""]",null,8,12.128
null,aten::sub,"void at::native::vectorized_elementwise_kernel<4, at::native::CUDAFunctorOnOther_add<float>, std::array<char*, 2ul> >(int, at::native::CUDAFunctorOnOther_add<float>, std::array<char*, 2ul>)",2,operator_shape_matched,"[[],[15,1,1],[]]","[""double"",""float"",""Scalar""]",null,4,6.656
null,aten::sub,"void at::native::vectorized_elementwise_kernel<4, at::native::CUDAFunctorOnOther_add<float>, std::array<char*, 2ul> >(int, at::native::CUDAFunctorOnOther_add<float>, std::array<char*, 2ul>)",3,operator_shape_matched,"[[],[16,1,1],[]]","[""double"",""float"",""Scalar""]",null,4,6.432
null,aten::sub,"void at::native::vectorized_elementwise_kernel<4, at::native::CUDAFunctorOnOther_add<float>, std::array<char*, 2ul> >(int, at::native::CUDAFunctorOnOther_add<float>, std::array<char*, 2ul>)",4,operator_shape_matched,"[[],[13,1,1],[]]","[""double"",""float"",""Scalar""]",null,4,6.4
null,aten::sub,"void at::native::vectorized_elementwise_kernel<4, at::native::CUDAFunctorOnOther_add<float>, std::array<char*, 2ul> >(int, at::native::CUDAFunctorOnOther_add<float>, std::array<char*, 2ul>)",5,operator_shape_matched,"[[],[52,1,1],[]]","[""double"",""float"",""Scalar""]",null,4,6.176
null,aten::sub,"void at::native::vectorized_elementwise_kernel<4, at::native::CUDAFunctorOnOther_add<float>, std::array<char*, 2ul> >(int, at::native::CUDAFunctorOnOther_add<float>, std::array<char*, 2ul>)",6,operator_shape_matched,"[[],[11,1,1],[]]","[""double"",""float"",""Scalar""]",null,4,5.954
null,aten::sub,"void at::native::vectorized_elementwise_kernel<4, at::native::CUDAFunctorOnOther_add<float>, std::array<char*, 2ul> >(int, at::native::CUDAFunctorOnOther_add<float>, std::array<char*, 2ul>)",7,operator_shape_matched,"[[],[25,1,1],[]]","[""long int"",""float"",""Scalar""]",null,4,4.769
null,aten::sub,"void at::native::vectorized_elementwise_kernel<4, at::native::CUDAFunctorOnOther_add<float>, std::array<char*, 2ul> >(int, at::native::CUDAFunctorOnOther_add<float>, std::array<char*, 2ul>)",8,operator_shape_matched,"[[],[19,1,1],[]]","[""double"",""float"",""Scalar""]",null,2,3.616
null,aten::sub,"void at::native::vectorized_elementwise_kernel<4, at::native::CUDAFunctorOnOther_add<float>, std::array<char*, 2ul> >(int, at::native::CUDAFunctorOnOther_add<float>, std::array<char*, 2ul>)",9,operator_shape_matched,"[[],[14,1,1],[]]","[""double"",""float"",""Scalar""]",null,2,3.36
null,aten::sub,"void at::native::vectorized_elementwise_kernel<4, at::native::CUDAFunctorOnOther_add<float>, std::array<char*, 2ul> >(int, at::native::CUDAFunctorOnOther_add<float>, std::array<char*, 2ul>)",10,operator_shape_matched,"[[],[144,1,1],[]]","[""double"",""float"",""Scalar""]",null,2,3.36
null,aten::sub,"void at::native::vectorized_elementwise_kernel<4, at::native::CUDAFunctorOnOther_add<float>, std::array<char*, 2ul> >(int, at::native::CUDAFunctorOnOther_add<float>, std::array<char*, 2ul>)",11,operator_shape_matched,"[[],[35,1,1],[]]","[""double"",""float"",""Scalar""]",null,2,3.328
null,aten::sub,"void at::native::vectorized_elementwise_kernel<4, at::native::CUDAFunctorOnOther_add<float>, std::array<char*, 2ul> >(int, at::native::CUDAFunctorOnOther_add<float>, std::array<char*, 2ul>)",12,operator_shape_matched,"[[],[63,1,1],[]]","[""double"",""float"",""Scalar""]",null,2,3.264
null,aten::sub,"void at::native::vectorized_elementwise_kernel<4, at::native::CUDAFunctorOnOther_add<float>, std::array<char*, 2ul> >(int, at::native::CUDAFunctorOnOther_add<float>, std::array<char*, 2ul>)",13,operator_shape_matched,"[[],[79,1,1],[]]","[""double"",""float"",""Scalar""]",null,2,3.264
null,aten::sub,"void at::native::vectorized_elementwise_kernel<4, at::native::CUDAFunctorOnOther_add<float>, std::array<char*, 2ul> >(int, at::native::CUDAFunctorOnOther_add<float>, std::array<char*, 2ul>)",14,operator_shape_matched,"[[],[29,1,1],[]]","[""double"",""float"",""Scalar""]",null,2,3.264
null,aten::sub,"void at::native::vectorized_elementwise_kernel<4, at::native::CUDAFunctorOnOther_add<float>, std::array<char*, 2ul> >(int, at::native::CUDAFunctorOnOther_add<float>, std::array<char*, 2ul>)",15,operator_shape_matched,"[[],[150,1,1],[]]","[""double"",""float"",""Scalar""]",null,2,3.233
null,aten::sub,"void at::native::vectorized_elementwise_kernel<4, at::native::CUDAFunctorOnOther_add<float>, std::array<char*, 2ul> >(int, at::native::CUDAFunctorOnOther_add<float>, std::array<char*, 2ul>)",16,operator_shape_matched,"[[],[12,1,1],[]]","[""double"",""float"",""Scalar""]",null,2,3.232
null,aten::sub,"void at::native::vectorized_elementwise_kernel<4, at::native::CUDAFunctorOnOther_add<float>, std::array<char*, 2ul> >(int, at::native::CUDAFunctorOnOther_add<float>, std::array<char*, 2ul>)",17,operator_shape_matched,"[[],[17,1,1],[]]","[""double"",""float"",""Scalar""]",null,2,3.232
null,aten::sub,"void at::native::vectorized_elementwise_kernel<4, at::native::CUDAFunctorOnOther_add<float>, std::array<char*, 2ul> >(int, at::native::CUDAFunctorOnOther_add<float>, std::array<char*, 2ul>)",18,operator_shape_matched,"[[],[22,1,1],[]]","[""double"",""float"",""Scalar""]",null,2,3.232
null,aten::sub,"void at::native::vectorized_elementwise_kernel<4, at::native::CUDAFunctorOnOther_add<float>, std::array<char*, 2ul> >(int, at::native::CUDAFunctorOnOther_add<float>, std::array<char*, 2ul>)",19,operator_shape_matched,"[[],[44,1,1],[]]","[""double"",""float"",""Scalar""]",null,2,3.2
null,aten::sub,"void at::native::vectorized_elementwise_kernel<4, at::native::CUDAFunctorOnOther_add<float>, std::array<char*, 2ul> >(int, at::native::CUDAFunctorOnOther_add<float>, std::array<char*, 2ul>)",20,operator_shape_matched,"[[],[50,1,1],[]]","[""double"",""float"",""Scalar""]",null,2,3.136
null,aten::sub,"void at::native::vectorized_elementwise_kernel<4, at::native::CUDAFunctorOnOther_add<float>, std::array<char*, 2ul> >(int, at::native::CUDAFunctorOnOther_add<float>, std::array<char*, 2ul>)",21,operator_shape_matched,"[[],[61,1,1],[]]","[""double"",""float"",""Scalar""]",null,2,3.104
null,aten::sub,"void at::native::vectorized_elementwise_kernel<4, at::native::CUDAFunctorOnOther_add<float>, std::array<char*, 2ul> >(int, at::native::CUDAFunctorOnOther_add<float>, std::array<char*, 2ul>)",22,operator_shape_matched,"[[],[109,1,1],[]]","[""double"",""float"",""Scalar""]",null,2,3.104
null,aten::sub,"void at::native::vectorized_elementwise_kernel<4, at::native::CUDAFunctorOnOther_add<float>, std::array<char*, 2ul> >(int, at::native::CUDAFunctorOnOther_add<float>, std::array<char*, 2ul>)",23,operator_shape_matched,"[[],[73,1,1],[]]","[""double"",""float"",""Scalar""]",null,2,3.103
null,aten::sub,"void at::native::vectorized_elementwise_kernel<4, at::native::CUDAFunctorOnOther_add<float>, std::array<char*, 2ul> >(int, at::native::CUDAFunctorOnOther_add<float>, std::array<char*, 2ul>)",24,operator_shape_matched,"[[],[37,1,1],[]]","[""double"",""float"",""Scalar""]",null,2,3.072
null,aten::sub,"void at::native::vectorized_elementwise_kernel<4, at::native::CUDAFunctorOnOther_add<float>, std::array<char*, 2ul> >(int, at::native::CUDAFunctorOnOther_add<float>, std::array<char*, 2ul>)",25,operator_shape_matched,"[[],[31,1,1],[]]","[""double"",""float"",""Scalar""]",null,2,3.008
null,aten::sub,"void at::native::vectorized_elementwise_kernel<4, at::native::CUDAFunctorOnOther_add<float>, std::array<char*, 2ul> >(int, at::native::CUDAFunctorOnOther_add<float>, std::array<char*, 2ul>)",26,operator_shape_matched,"[[],[38,1,1],[]]","[""double"",""float"",""Scalar""]",null,2,2.976
null,aten::sub,"void at::native::vectorized_elementwise_kernel<4, at::native::CUDAFunctorOnOther_add<float>, std::array<char*, 2ul> >(int, at::native::CUDAFunctorOnOther_add<float>, std::array<char*, 2ul>)",27,operator_shape_matched,"[[],[11,1,1],[]]","[""long int"",""float"",""Scalar""]",null,2,2.463
null,aten::sub,"void at::native::vectorized_elementwise_kernel<4, at::native::CUDAFunctorOnOther_add<float>, std::array<char*, 2ul> >(int, at::native::CUDAFunctorOnOther_add<float>, std::array<char*, 2ul>)",28,operator_shape_matched,"[[],[16,1,1],[]]","[""long int"",""float"",""Scalar""]",null,2,2.434
null,aten::sub,"void at::native::vectorized_elementwise_kernel<4, at::native::CUDAFunctorOnOther_add<float>, std::array<char*, 2ul> >(int, at::native::CUDAFunctorOnOther_add<float>, std::array<char*, 2ul>)",29,operator_shape_matched,"[[],[13,1,1],[]]","[""long int"",""float"",""Scalar""]",null,2,2.433
null,aten::sub,"void at::native::vectorized_elementwise_kernel<4, at::native::CUDAFunctorOnOther_add<float>, std::array<char*, 2ul> >(int, at::native::CUDAFunctorOnOther_add<float>, std::array<char*, 2ul>)",30,operator_shape_matched,"[[],[52,1,1],[]]","[""long int"",""float"",""Scalar""]",null,2,2.433
null,aten::sub,"void at::native::vectorized_elementwise_kernel<4, at::native::CUDAFunctorOnOther_add<float>, std::array<char*, 2ul> >(int, at::native::CUDAFunctorOnOther_add<float>, std::array<char*, 2ul>)",31,operator_shape_matched,"[[],[15,1,1],[]]","[""long int"",""float"",""Scalar""]",null,2,2.4
null,aten::sub,"void at::native::vectorized_elementwise_kernel<4, at::native::CUDAFunctorOnOther_add<float>, std::array<char*, 2ul> >(int, at::native::CUDAFunctorOnOther_add<float>, std::array<char*, 2ul>)",32,operator_shape_matched,"[[],[150,1,1],[]]","[""long int"",""float"",""Scalar""]",null,1,1.536
null,aten::sub,"void at::native::vectorized_elementwise_kernel<4, at::native::CUDAFunctorOnOther_add<float>, std::array<char*, 2ul> >(int, at::native::CUDAFunctorOnOther_add<float>, std::array<char*, 2ul>)",33,operator_shape_matched,"[[],[79,1,1],[]]","[""long int"",""float"",""Scalar""]",null,1,1.536
null,aten::sub,"void at::native::vectorized_elementwise_kernel<4, at::native::CUDAFunctorOnOther_add<float>, std::array<char*, 2ul> >(int, at::native::CUDAFunctorOnOther_add<float>, std::array<char*, 2ul>)",34,operator_shape_matched,"[[],[144,1,1],[]]","[""long int"",""float"",""Scalar""]",null,1,1.471
null,aten::sub,"void at::native::vectorized_elementwise_kernel<4, at::native::CUDAFunctorOnOther_add<float>, std::array<char*, 2ul> >(int, at::native::CUDAFunctorOnOther_add<float>, std::array<char*, 2ul>)",35,operator_shape_matched,"[[],[61,1,1],[]]","[""long int"",""float"",""Scalar""]",null,1,1.376
null,aten::sub,"void at::native::vectorized_elementwise_kernel<4, at::native::CUDAFunctorOnOther_add<float>, std::array<char*, 2ul> >(int, at::native::CUDAFunctorOnOther_add<float>, std::array<char*, 2ul>)",36,operator_shape_matched,"[[],[31,1,1],[]]","[""long int"",""float"",""Scalar""]",null,1,1.312
null,aten::sub,"void at::native::vectorized_elementwise_kernel<4, at::native::CUDAFunctorOnOther_add<float>, std::array<char*, 2ul> >(int, at::native::CUDAFunctorOnOther_add<float>, std::array<char*, 2ul>)",37,operator_shape_matched,"[[],[109,1,1],[]]","[""long int"",""float"",""Scalar""]",null,1,1.28
null,aten::sub,"void at::native::vectorized_elementwise_kernel<4, at::native::CUDAFunctorOnOther_add<float>, std::array<char*, 2ul> >(int, at::native::CUDAFunctorOnOther_add<float>, std::array<char*, 2ul>)",38,operator_shape_matched,"[[],[44,1,1],[]]","[""long int"",""float"",""Scalar""]",null,1,1.248
null,aten::sub,"void at::native::vectorized_elementwise_kernel<4, at::native::CUDAFunctorOnOther_add<float>, std::array<char*, 2ul> >(int, at::native::CUDAFunctorOnOther_add<float>, std::array<char*, 2ul>)",39,operator_shape_matched,"[[],[63,1,1],[]]","[""long int"",""float"",""Scalar""]",null,1,1.248
null,aten::sub,"void at::native::vectorized_elementwise_kernel<4, at::native::CUDAFunctorOnOther_add<float>, std::array<char*, 2ul> >(int, at::native::CUDAFunctorOnOther_add<float>, std::array<char*, 2ul>)",40,operator_shape_matched,"[[],[37,1,1],[]]","[""long int"",""float"",""Scalar""]",null,1,1.216
null,aten::sub,"void at::native::vectorized_elementwise_kernel<4, at::native::CUDAFunctorOnOther_add<float>, std::array<char*, 2ul> >(int, at::native::CUDAFunctorOnOther_add<float>, std::array<char*, 2ul>)",41,operator_shape_matched,"[[],[50,1,1],[]]","[""long int"",""float"",""Scalar""]",null,1,1.216
null,aten::sub,"void at::native::vectorized_elementwise_kernel<4, at::native::CUDAFunctorOnOther_add<float>, std::array<char*, 2ul> >(int, at::native::CUDAFunctorOnOther_add<float>, std::array<char*, 2ul>)",42,operator_shape_matched,"[[],[14,1,1],[]]","[""long int"",""float"",""Scalar""]",null,1,1.216
null,aten::sub,"void at::native::vectorized_elementwise_kernel<4, at::native::CUDAFunctorOnOther_add<float>, std::array<char*, 2ul> >(int, at::native::CUDAFunctorOnOther_add<float>, std::array<char*, 2ul>)",43,operator_shape_matched,"[[],[17,1,1],[]]","[""long int"",""float"",""Scalar""]",null,1,1.216
null,aten::sub,"void at::native::vectorized_elementwise_kernel<4, at::native::CUDAFunctorOnOther_add<float>, std::array<char*, 2ul> >(int, at::native::CUDAFunctorOnOther_add<float>, std::array<char*, 2ul>)",44,operator_shape_matched,"[[],[22,1,1],[]]","[""long int"",""float"",""Scalar""]",null,1,1.216
null,aten::sub,"void at::native::vectorized_elementwise_kernel<4, at::native::CUDAFunctorOnOther_add<float>, std::array<char*, 2ul> >(int, at::native::CUDAFunctorOnOther_add<float>, std::array<char*, 2ul>)",45,operator_shape_matched,"[[],[29,1,1],[]]","[""long int"",""float"",""Scalar""]",null,1,1.216
null,aten::sub,"void at::native::vectorized_elementwise_kernel<4, at::native::CUDAFunctorOnOther_add<float>, std::array<char*, 2ul> >(int, at::native::CUDAFunctorOnOther_add<float>, std::array<char*, 2ul>)",46,operator_shape_matched,"[[],[35,1,1],[]]","[""long int"",""float"",""Scalar""]",null,1,1.216
null,aten::sub,"void at::native::vectorized_elementwise_kernel<4, at::native::CUDAFunctorOnOther_add<float>, std::array<char*, 2ul> >(int, at::native::CUDAFunctorOnOther_add<float>, std::array<char*, 2ul>)",47,operator_shape_matched,"[[],[73,1,1],[]]","[""long int"",""float"",""Scalar""]",null,1,1.216
null,aten::sub,"void at::native::vectorized_elementwise_kernel<4, at::native::CUDAFunctorOnOther_add<float>, std::array<char*, 2ul> >(int, at::native::CUDAFunctorOnOther_add<float>, std::array<char*, 2ul>)",48,operator_shape_matched,"[[],[38,1,1],[]]","[""long int"",""float"",""Scalar""]",null,1,1.216
null,aten::sub,"void at::native::vectorized_elementwise_kernel<4, at::native::CUDAFunctorOnOther_add<float>, std::array<char*, 2ul> >(int, at::native::CUDAFunctorOnOther_add<float>, std::array<char*, 2ul>)",49,operator_shape_matched,"[[],[12,1,1],[]]","[""long int"",""float"",""Scalar""]",null,1,1.184
null,aten::sub,"void at::native::vectorized_elementwise_kernel<4, at::native::CUDAFunctorOnOther_add<float>, std::array<char*, 2ul> >(int, at::native::CUDAFunctorOnOther_add<float>, std::array<char*, 2ul>)",50,operator_shape_matched,"[[],[19,1,1],[]]","[""long int"",""float"",""Scalar""]",null,1,1.183
null,aten::sub,"void at::native::vectorized_elementwise_kernel<4, at::native::CUDAFunctorOnSelf_add<float>, std::array<char*, 2ul> >(int, at::native::CUDAFunctorOnSelf_add<float>, std::array<char*, 2ul>)",1,operator_shape_matched,"[[1],[],[]]","[""float"",""long int"",""Scalar""]",null,2,2.399
null,aten::sub,"void at::native::vectorized_elementwise_kernel<4, at::native::CUDAFunctorOnSelf_add<float>, std::array<char*, 2ul> >(int, at::native::CUDAFunctorOnSelf_add<float>, std::array<char*, 2ul>)",2,operator_shape_matched,"[[4],[],[]]","[""float"",""long int"",""Scalar""]",null,1,1.248
null,aten::sub,"void at::native::vectorized_elementwise_kernel<4, at::native::CUDAFunctorOnSelf_add<float>, std::array<char*, 2ul> >(int, at::native::CUDAFunctorOnSelf_add<float>, std::array<char*, 2ul>)",3,operator_shape_matched,"[[7],[],[]]","[""float"",""long int"",""Scalar""]",null,1,1.216
null,aten::sub,"void at::native::vectorized_elementwise_kernel<4, at::native::CUDAFunctorOnSelf_add<float>, std::array<char*, 2ul> >(int, at::native::CUDAFunctorOnSelf_add<float>, std::array<char*, 2ul>)",4,operator_shape_matched,"[[6],[],[]]","[""float"",""long int"",""Scalar""]",null,1,1.215
null,aten::sub,"void at::native::vectorized_elementwise_kernel<4, at::native::CUDAFunctorOnSelf_add<float>, std::array<char*, 2ul> >(int, at::native::CUDAFunctorOnSelf_add<float>, std::array<char*, 2ul>)",5,operator_shape_matched,"[[14],[],[]]","[""float"",""long int"",""Scalar""]",null,1,1.184
null,aten::sub,"void at::native::vectorized_elementwise_kernel<4, at::native::CUDAFunctor_add<float>, std::array<char*, 3ul> >(int, at::native::CUDAFunctor_add<float>, std::array<char*, 3ul>)",1,operator_shape_matched,"[[1,48,150,34,46],[1,48,150,34,46],[]]","[""float"",""float"",""Scalar""]",null,1,46.721
null,aten::sub,"void at::native::vectorized_elementwise_kernel<4, at::native::CUDAFunctor_add<float>, std::array<char*, 3ul> >(int, at::native::CUDAFunctor_add<float>, std::array<char*, 3ul>)",2,operator_shape_matched,"[[1,48,144,34,46],[1,48,144,34,46],[]]","[""float"",""float"",""Scalar""]",null,1,44.544
null,aten::sub,"void at::native::vectorized_elementwise_kernel<4, at::native::CUDAFunctor_add<float>, std::array<char*, 3ul> >(int, at::native::CUDAFunctor_add<float>, std::array<char*, 3ul>)",3,operator_shape_matched,"[[1,48,109,34,46],[1,48,109,34,46],[]]","[""float"",""float"",""Scalar""]",null,1,34.689
null,aten::sub,"void at::native::vectorized_elementwise_kernel<4, at::native::CUDAFunctor_add<float>, std::array<char*, 3ul> >(int, at::native::CUDAFunctor_add<float>, std::array<char*, 3ul>)",4,operator_shape_matched,"[[1,48,25,34,46],[1,48,25,34,46],[]]","[""float"",""float"",""Scalar""]",null,4,26.783
null,aten::sub,"void at::native::vectorized_elementwise_kernel<4, at::native::CUDAFunctor_add<float>, std::array<char*, 3ul> >(int, at::native::CUDAFunctor_add<float>, std::array<char*, 3ul>)",5,operator_shape_matched,"[[1,48,73,34,46],[1,48,73,34,46],[]]","[""float"",""float"",""Scalar""]",null,1,22.753
null,aten::sub,"void at::native::vectorized_elementwise_kernel<4, at::native::CUDAFunctor_add<float>, std::array<char*, 3ul> >(int, at::native::CUDAFunctor_add<float>, std::array<char*, 3ul>)",6,operator_shape_matched,"[[1,48,61,34,46],[1,48,61,34,46],[]]","[""float"",""float"",""Scalar""]",null,1,19.201
null,aten::sub,"void at::native::vectorized_elementwise_kernel<4, at::native::CUDAFunctor_add<float>, std::array<char*, 3ul> >(int, at::native::CUDAFunctor_add<float>, std::array<char*, 3ul>)",7,operator_shape_matched,"[[1,48,79,30,40],[1,48,79,30,40],[]]","[""float"",""float"",""Scalar""]",null,1,19.04
null,aten::sub,"void at::native::vectorized_elementwise_kernel<4, at::native::CUDAFunctor_add<float>, std::array<char*, 3ul> >(int, at::native::CUDAFunctor_add<float>, std::array<char*, 3ul>)",8,operator_shape_matched,"[[1,48,52,34,46],[1,48,52,34,46],[]]","[""float"",""float"",""Scalar""]",null,1,17.056
null,aten::sub,"void at::native::vectorized_elementwise_kernel<4, at::native::CUDAFunctor_add<float>, std::array<char*, 3ul> >(int, at::native::CUDAFunctor_add<float>, std::array<char*, 3ul>)",9,operator_shape_matched,"[[1,48,63,30,40],[1,48,63,30,40],[]]","[""float"",""float"",""Scalar""]",null,1,15.776
null,aten::sub,"void at::native::vectorized_elementwise_kernel<4, at::native::CUDAFunctor_add<float>, std::array<char*, 3ul> >(int, at::native::CUDAFunctor_add<float>, std::array<char*, 3ul>)",10,operator_shape_matched,"[[1,48,52,30,40],[1,48,52,30,40],[]]","[""float"",""float"",""Scalar""]",null,1,13.728
null,aten::sub,"void at::native::vectorized_elementwise_kernel<4, at::native::CUDAFunctor_add<float>, std::array<char*, 3ul> >(int, at::native::CUDAFunctor_add<float>, std::array<char*, 3ul>)",11,operator_shape_matched,"[[1,48,50,30,40],[1,48,50,30,40],[]]","[""float"",""float"",""Scalar""]",null,1,13.057
null,aten::sub,"void at::native::vectorized_elementwise_kernel<4, at::native::CUDAFunctor_add<float>, std::array<char*, 3ul> >(int, at::native::CUDAFunctor_add<float>, std::array<char*, 3ul>)",12,operator_shape_matched,"[[1,48,37,34,46],[1,48,37,34,46],[]]","[""float"",""float"",""Scalar""]",null,1,12.801
null,aten::sub,"void at::native::vectorized_elementwise_kernel<4, at::native::CUDAFunctor_add<float>, std::array<char*, 3ul> >(int, at::native::CUDAFunctor_add<float>, std::array<char*, 3ul>)",13,operator_shape_matched,"[[1,48,35,30,52],[1,48,35,30,52],[]]","[""float"",""float"",""Scalar""]",null,1,12.224
null,aten::sub,"void at::native::vectorized_elementwise_kernel<4, at::native::CUDAFunctor_add<float>, std::array<char*, 3ul> >(int, at::native::CUDAFunctor_add<float>, std::array<char*, 3ul>)",14,operator_shape_matched,"[[1,48,44,30,40],[1,48,44,30,40],[]]","[""float"",""float"",""Scalar""]",null,1,11.84
null,aten::sub,"void at::native::vectorized_elementwise_kernel<4, at::native::CUDAFunctor_add<float>, std::array<char*, 3ul> >(int, at::native::CUDAFunctor_add<float>, std::array<char*, 3ul>)",15,operator_shape_matched,"[[1,48,31,34,46],[1,48,31,34,46],[]]","[""float"",""float"",""Scalar""]",null,1,10.272
null,aten::sub,"void at::native::vectorized_elementwise_kernel<4, at::native::CUDAFunctor_add<float>, std::array<char*, 3ul> >(int, at::native::CUDAFunctor_add<float>, std::array<char*, 3ul>)",16,operator_shape_matched,"[[1,48,38,30,40],[1,48,38,30,40],[]]","[""float"",""float"",""Scalar""]",null,1,9.088
null,aten::sub,"void at::native::vectorized_elementwise_kernel<4, at::native::CUDAFunctor_add<float>, std::array<char*, 3ul> >(int, at::native::CUDAFunctor_add<float>, std::array<char*, 3ul>)",17,operator_shape_matched,"[[1,48,29,30,52],[1,48,29,30,52],[]]","[""float"",""float"",""Scalar""]",null,1,8.768
null,aten::sub,"void at::native::vectorized_elementwise_kernel<4, at::native::CUDAFunctor_add<float>, std::array<char*, 3ul> >(int, at::native::CUDAFunctor_add<float>, std::array<char*, 3ul>)",18,operator_shape_matched,"[[1,48,15,30,52],[1,48,15,30,52],[]]","[""float"",""float"",""Scalar""]",null,2,6.719
null,aten::sub,"void at::native::vectorized_elementwise_kernel<4, at::native::CUDAFunctor_add<float>, std::array<char*, 3ul> >(int, at::native::CUDAFunctor_add<float>, std::array<char*, 3ul>)",19,operator_shape_matched,"[[1,48,13,30,52],[1,48,13,30,52],[]]","[""float"",""float"",""Scalar""]",null,2,6.048
null,aten::sub,"void at::native::vectorized_elementwise_kernel<4, at::native::CUDAFunctor_add<float>, std::array<char*, 3ul> >(int, at::native::CUDAFunctor_add<float>, std::array<char*, 3ul>)",20,operator_shape_matched,"[[1,48,11,30,52],[1,48,11,30,52],[]]","[""float"",""float"",""Scalar""]",null,2,5.311
null,aten::sub,"void at::native::vectorized_elementwise_kernel<4, at::native::CUDAFunctor_add<float>, std::array<char*, 3ul> >(int, at::native::CUDAFunctor_add<float>, std::array<char*, 3ul>)",21,operator_shape_matched,"[[1,48,22,30,52],[1,48,22,30,52],[]]","[""float"",""float"",""Scalar""]",null,1,5.056
null,aten::sub,"void at::native::vectorized_elementwise_kernel<4, at::native::CUDAFunctor_add<float>, std::array<char*, 3ul> >(int, at::native::CUDAFunctor_add<float>, std::array<char*, 3ul>)",22,operator_shape_matched,"[[1,48,19,30,52],[1,48,19,30,52],[]]","[""float"",""float"",""Scalar""]",null,1,4.064
null,aten::sub,"void at::native::vectorized_elementwise_kernel<4, at::native::CUDAFunctor_add<float>, std::array<char*, 3ul> >(int, at::native::CUDAFunctor_add<float>, std::array<char*, 3ul>)",23,operator_shape_matched,"[[1,48,16,34,46],[1,48,16,34,46],[]]","[""float"",""float"",""Scalar""]",null,1,3.712
null,aten::sub,"void at::native::vectorized_elementwise_kernel<4, at::native::CUDAFunctor_add<float>, std::array<char*, 3ul> >(int, at::native::CUDAFunctor_add<float>, std::array<char*, 3ul>)",24,operator_shape_matched,"[[1,48,17,30,52],[1,48,17,30,52],[]]","[""float"",""float"",""Scalar""]",null,1,3.616
null,aten::sub,"void at::native::vectorized_elementwise_kernel<4, at::native::CUDAFunctor_add<float>, std::array<char*, 3ul> >(int, at::native::CUDAFunctor_add<float>, std::array<char*, 3ul>)",25,operator_shape_matched,"[[1,48,16,30,52],[1,48,16,30,52],[]]","[""float"",""float"",""Scalar""]",null,1,3.584
null,aten::sub,"void at::native::vectorized_elementwise_kernel<4, at::native::CUDAFunctor_add<float>, std::array<char*, 3ul> >(int, at::native::CUDAFunctor_add<float>, std::array<char*, 3ul>)",26,operator_shape_matched,"[[1,48,14,30,52],[1,48,14,30,52],[]]","[""float"",""float"",""Scalar""]",null,1,3.424
null,aten::sub,"void at::native::vectorized_elementwise_kernel<4, at::native::CUDAFunctor_add<float>, std::array<char*, 3ul> >(int, at::native::CUDAFunctor_add<float>, std::array<char*, 3ul>)",27,operator_shape_matched,"[[1,48,12,30,52],[1,48,12,30,52],[]]","[""float"",""float"",""Scalar""]",null,1,2.976
null,aten::sum,"void at::native::reduce_kernel<128, 4, at::native::ReduceOp<c10::BFloat16, at::native::func_wrapper_t<c10::BFloat16, at::native::sum_functor<c10::BFloat16, float, c10::BFloat16>::operator()(at::TensorIterator&)::{lambda(float, float)#1}>, unsigned int, c10::BFloat16, 4, 8> >(at::native::ReduceOp<c10::BFloat16, at::native::func_wrapper_t<c10::BFloat16, at::native::sum_functor<c10::BFloat16, float, c10::BFloat16>::operator()(at::TensorIterator&)::{lambda(float, float)#1}>, unsigned int, c10::BFloat16, 4, 8>)",1,operator_shape_matched,"[[98304,4096],[],[],[]]","[""c10::BFloat16"",""ScalarList"",""Scalar"",""""]",null,6,1793.194
null,aten::sum,"void at::native::reduce_kernel<128, 4, at::native::ReduceOp<c10::BFloat16, at::native::func_wrapper_t<c10::BFloat16, at::native::sum_functor<c10::BFloat16, float, c10::BFloat16>::operator()(at::TensorIterator&)::{lambda(float, float)#1}>, unsigned int, c10::BFloat16, 4, 8> >(at::native::ReduceOp<c10::BFloat16, at::native::func_wrapper_t<c10::BFloat16, at::native::sum_functor<c10::BFloat16, float, c10::BFloat16>::operator()(at::TensorIterator&)::{lambda(float, float)#1}>, unsigned int, c10::BFloat16, 4, 8>)",2,operator_shape_matched,"[[97800,4096],[],[],[]]","[""c10::BFloat16"",""ScalarList"",""Scalar"",""""]",null,1,296.386
null,aten::sum,"void at::native::reduce_kernel<128, 4, at::native::ReduceOp<c10::BFloat16, at::native::func_wrapper_t<c10::BFloat16, at::native::sum_functor<c10::BFloat16, float, c10::BFloat16>::operator()(at::TensorIterator&)::{lambda(float, float)#1}>, unsigned int, c10::BFloat16, 4, 8> >(at::native::ReduceOp<c10::BFloat16, at::native::func_wrapper_t<c10::BFloat16, at::native::sum_functor<c10::BFloat16, float, c10::BFloat16>::operator()(at::TensorIterator&)::{lambda(float, float)#1}>, unsigned int, c10::BFloat16, 4, 8>)",3,operator_shape_matched,"[[96577,4096],[],[],[]]","[""c10::BFloat16"",""ScalarList"",""Scalar"",""""]",null,1,295.362
null,aten::sum,"void at::native::reduce_kernel<128, 4, at::native::ReduceOp<c10::BFloat16, at::native::func_wrapper_t<c10::BFloat16, at::native::sum_functor<c10::BFloat16, float, c10::BFloat16>::operator()(at::TensorIterator&)::{lambda(float, float)#1}>, unsigned int, c10::BFloat16, 4, 8> >(at::native::ReduceOp<c10::BFloat16, at::native::func_wrapper_t<c10::BFloat16, at::native::sum_functor<c10::BFloat16, float, c10::BFloat16>::operator()(at::TensorIterator&)::{lambda(float, float)#1}>, unsigned int, c10::BFloat16, 4, 8>)",4,operator_shape_matched,"[[94380,4096],[],[],[]]","[""c10::BFloat16"",""ScalarList"",""Scalar"",""""]",null,1,291.329
null,aten::sum,"void at::native::reduce_kernel<128, 4, at::native::ReduceOp<c10::BFloat16, at::native::func_wrapper_t<c10::BFloat16, at::native::sum_functor<c10::BFloat16, float, c10::BFloat16>::operator()(at::TensorIterator&)::{lambda(float, float)#1}>, unsigned int, c10::BFloat16, 4, 8> >(at::native::ReduceOp<c10::BFloat16, at::native::func_wrapper_t<c10::BFloat16, at::native::sum_functor<c10::BFloat16, float, c10::BFloat16>::operator()(at::TensorIterator&)::{lambda(float, float)#1}>, unsigned int, c10::BFloat16, 4, 8>)",5,operator_shape_matched,"[[90712,4096],[],[],[]]","[""c10::BFloat16"",""ScalarList"",""Scalar"",""""]",null,1,264.066
null,aten::sum,"void at::native::reduce_kernel<128, 4, at::native::ReduceOp<c10::BFloat16, at::native::func_wrapper_t<c10::BFloat16, at::native::sum_functor<c10::BFloat16, float, c10::BFloat16>::operator()(at::TensorIterator&)::{lambda(float, float)#1}>, unsigned int, c10::BFloat16, 4, 8> >(at::native::ReduceOp<c10::BFloat16, at::native::func_wrapper_t<c10::BFloat16, at::native::sum_functor<c10::BFloat16, float, c10::BFloat16>::operator()(at::TensorIterator&)::{lambda(float, float)#1}>, unsigned int, c10::BFloat16, 4, 8>)",6,operator_shape_matched,"[[90321,192],[],[],[]]","[""c10::BFloat16"",""ScalarList"",""Scalar"",""""]",null,1,200.128
null,aten::sum,"void at::native::reduce_kernel<128, 4, at::native::ReduceOp<c10::BFloat16, at::native::func_wrapper_t<c10::BFloat16, at::native::sum_functor<c10::BFloat16, float, c10::BFloat16>::operator()(at::TensorIterator&)::{lambda(float, float)#1}>, unsigned int, c10::BFloat16, 4, 8> >(at::native::ReduceOp<c10::BFloat16, at::native::func_wrapper_t<c10::BFloat16, at::native::sum_functor<c10::BFloat16, float, c10::BFloat16>::operator()(at::TensorIterator&)::{lambda(float, float)#1}>, unsigned int, c10::BFloat16, 4, 8>)",7,operator_shape_matched,"[[58650,4096],[],[],[]]","[""c10::BFloat16"",""ScalarList"",""Scalar"",""""]",null,1,187.649
null,aten::sum,"void at::native::reduce_kernel<128, 4, at::native::ReduceOp<c10::BFloat16, at::native::func_wrapper_t<c10::BFloat16, at::native::sum_functor<c10::BFloat16, float, c10::BFloat16>::operator()(at::TensorIterator&)::{lambda(float, float)#1}>, unsigned int, c10::BFloat16, 4, 8> >(at::native::ReduceOp<c10::BFloat16, at::native::func_wrapper_t<c10::BFloat16, at::native::sum_functor<c10::BFloat16, float, c10::BFloat16>::operator()(at::TensorIterator&)::{lambda(float, float)#1}>, unsigned int, c10::BFloat16, 4, 8>)",8,operator_shape_matched,"[[56304,4096],[],[],[]]","[""c10::BFloat16"",""ScalarList"",""Scalar"",""""]",null,1,179.521
null,aten::sum,"void at::native::reduce_kernel<128, 4, at::native::ReduceOp<c10::BFloat16, at::native::func_wrapper_t<c10::BFloat16, at::native::sum_functor<c10::BFloat16, float, c10::BFloat16>::operator()(at::TensorIterator&)::{lambda(float, float)#1}>, unsigned int, c10::BFloat16, 4, 8> >(at::native::ReduceOp<c10::BFloat16, at::native::func_wrapper_t<c10::BFloat16, at::native::sum_functor<c10::BFloat16, float, c10::BFloat16>::operator()(at::TensorIterator&)::{lambda(float, float)#1}>, unsigned int, c10::BFloat16, 4, 8>)",9,operator_shape_matched,"[[90870,192],[],[],[]]","[""c10::BFloat16"",""ScalarList"",""Scalar"",""""]",null,1,156.993
null,aten::sum,"void at::native::reduce_kernel<128, 4, at::native::ReduceOp<c10::BFloat16, at::native::func_wrapper_t<c10::BFloat16, at::native::sum_functor<c10::BFloat16, float, c10::BFloat16>::operator()(at::TensorIterator&)::{lambda(float, float)#1}>, unsigned int, c10::BFloat16, 4, 8> >(at::native::ReduceOp<c10::BFloat16, at::native::func_wrapper_t<c10::BFloat16, at::native::sum_functor<c10::BFloat16, float, c10::BFloat16>::operator()(at::TensorIterator&)::{lambda(float, float)#1}>, unsigned int, c10::BFloat16, 4, 8>)",10,operator_shape_matched,"[[94622,192],[],[],[]]","[""c10::BFloat16"",""ScalarList"",""Scalar"",""""]",null,1,154.305
null,aten::sum,"void at::native::reduce_kernel<128, 4, at::native::ReduceOp<c10::BFloat16, at::native::func_wrapper_t<c10::BFloat16, at::native::sum_functor<c10::BFloat16, float, c10::BFloat16>::operator()(at::TensorIterator&)::{lambda(float, float)#1}>, unsigned int, c10::BFloat16, 4, 8> >(at::native::ReduceOp<c10::BFloat16, at::native::func_wrapper_t<c10::BFloat16, at::native::sum_functor<c10::BFloat16, float, c10::BFloat16>::operator()(at::TensorIterator&)::{lambda(float, float)#1}>, unsigned int, c10::BFloat16, 4, 8>)",11,operator_shape_matched,"[[96000,192],[],[],[]]","[""c10::BFloat16"",""ScalarList"",""Scalar"",""""]",null,1,146.081
null,aten::sum,"void at::native::reduce_kernel<128, 4, at::native::ReduceOp<c10::BFloat16, at::native::func_wrapper_t<c10::BFloat16, at::native::sum_functor<c10::BFloat16, float, c10::BFloat16>::operator()(at::TensorIterator&)::{lambda(float, float)#1}>, unsigned int, c10::BFloat16, 4, 8> >(at::native::ReduceOp<c10::BFloat16, at::native::func_wrapper_t<c10::BFloat16, at::native::sum_functor<c10::BFloat16, float, c10::BFloat16>::operator()(at::TensorIterator&)::{lambda(float, float)#1}>, unsigned int, c10::BFloat16, 4, 8>)",12,operator_shape_matched,"[[58259,192],[],[],[]]","[""c10::BFloat16"",""ScalarList"",""Scalar"",""""]",null,1,117.312
null,aten::sum,"void at::native::reduce_kernel<128, 4, at::native::ReduceOp<c10::BFloat16, at::native::func_wrapper_t<c10::BFloat16, at::native::sum_functor<c10::BFloat16, float, c10::BFloat16>::operator()(at::TensorIterator&)::{lambda(float, float)#1}>, unsigned int, c10::BFloat16, 4, 8> >(at::native::ReduceOp<c10::BFloat16, at::native::func_wrapper_t<c10::BFloat16, at::native::sum_functor<c10::BFloat16, float, c10::BFloat16>::operator()(at::TensorIterator&)::{lambda(float, float)#1}>, unsigned int, c10::BFloat16, 4, 8>)",13,operator_shape_matched,"[[55913,192],[],[],[]]","[""c10::BFloat16"",""ScalarList"",""Scalar"",""""]",null,1,111.457
null,aten::sum,"void at::native::reduce_kernel<128, 4, at::native::ReduceOp<float, at::native::func_wrapper_t<float, at::native::sum_functor<float, float, float>::operator()(at::TensorIterator&)::{lambda(float, float)#1}>, unsigned int, float, 4, 4> >(at::native::ReduceOp<float, at::native::func_wrapper_t<float, at::native::sum_functor<float, float, float>::operator()(at::TensorIterator&)::{lambda(float, float)#1}>, unsigned int, float, 4, 4>)",1,operator_shape_matched,"[[98304,128],[],[],[]]","[""float"",""ScalarList"",""Scalar"",""""]",null,216,25688.185
null,aten::sum,"void at::native::reduce_kernel<128, 4, at::native::ReduceOp<float, at::native::func_wrapper_t<float, at::native::sum_functor<float, float, float>::operator()(at::TensorIterator&)::{lambda(float, float)#1}>, unsigned int, float, 4, 4> >(at::native::ReduceOp<float, at::native::func_wrapper_t<float, at::native::sum_functor<float, float, float>::operator()(at::TensorIterator&)::{lambda(float, float)#1}>, unsigned int, float, 4, 4>)",2,operator_shape_matched,"[[3072,4096],[],[],[]]","[""float"",""ScalarList"",""Scalar"",""""]",null,432,12024.537
null,aten::sum,"void at::native::reduce_kernel<128, 4, at::native::ReduceOp<float, at::native::func_wrapper_t<float, at::native::sum_functor<float, float, float>::operator()(at::TensorIterator&)::{lambda(float, float)#1}>, unsigned int, float, 4, 4> >(at::native::ReduceOp<float, at::native::func_wrapper_t<float, at::native::sum_functor<float, float, float>::operator()(at::TensorIterator&)::{lambda(float, float)#1}>, unsigned int, float, 4, 4>)",3,operator_shape_matched,"[[24576,128],[],[],[]]","[""float"",""ScalarList"",""Scalar"",""""]",null,216,7977.649
null,aten::sum,"void at::native::reduce_kernel<128, 4, at::native::ReduceOp<float, at::native::func_wrapper_t<float, at::native::sum_functor<float, float, float>::operator()(at::TensorIterator&)::{lambda(float, float)#1}>, unsigned int, float, 4, 4> >(at::native::ReduceOp<float, at::native::func_wrapper_t<float, at::native::sum_functor<float, float, float>::operator()(at::TensorIterator&)::{lambda(float, float)#1}>, unsigned int, float, 4, 4>)",4,operator_shape_matched,"[[96000,4096],[],[],[]]","[""float"",""ScalarList"",""Scalar"",""""]",null,2,1037.062
null,aten::sum,"void at::native::reduce_kernel<128, 4, at::native::ReduceOp<float, at::native::func_wrapper_t<float, at::native::sum_functor<float, float, float>::operator()(at::TensorIterator&)::{lambda(float, float)#1}>, unsigned int, float, 4, 4> >(at::native::ReduceOp<float, at::native::func_wrapper_t<float, at::native::sum_functor<float, float, float>::operator()(at::TensorIterator&)::{lambda(float, float)#1}>, unsigned int, float, 4, 4>)",5,operator_shape_matched,"[[94622,4096],[],[],[]]","[""float"",""ScalarList"",""Scalar"",""""]",null,2,1028.23
null,aten::sum,"void at::native::reduce_kernel<128, 4, at::native::ReduceOp<float, at::native::func_wrapper_t<float, at::native::sum_functor<float, float, float>::operator()(at::TensorIterator&)::{lambda(float, float)#1}>, unsigned int, float, 4, 4> >(at::native::ReduceOp<float, at::native::func_wrapper_t<float, at::native::sum_functor<float, float, float>::operator()(at::TensorIterator&)::{lambda(float, float)#1}>, unsigned int, float, 4, 4>)",6,operator_shape_matched,"[[90870,4096],[],[],[]]","[""float"",""ScalarList"",""Scalar"",""""]",null,2,984.581
null,aten::sum,"void at::native::reduce_kernel<128, 4, at::native::ReduceOp<float, at::native::func_wrapper_t<float, at::native::sum_functor<float, float, float>::operator()(at::TensorIterator&)::{lambda(float, float)#1}>, unsigned int, float, 4, 4> >(at::native::ReduceOp<float, at::native::func_wrapper_t<float, at::native::sum_functor<float, float, float>::operator()(at::TensorIterator&)::{lambda(float, float)#1}>, unsigned int, float, 4, 4>)",7,operator_shape_matched,"[[90321,4096],[],[],[]]","[""float"",""ScalarList"",""Scalar"",""""]",null,2,970.757
null,aten::sum,"void at::native::reduce_kernel<128, 4, at::native::ReduceOp<float, at::native::func_wrapper_t<float, at::native::sum_functor<float, float, float>::operator()(at::TensorIterator&)::{lambda(float, float)#1}>, unsigned int, float, 4, 4> >(at::native::ReduceOp<float, at::native::func_wrapper_t<float, at::native::sum_functor<float, float, float>::operator()(at::TensorIterator&)::{lambda(float, float)#1}>, unsigned int, float, 4, 4>)",8,operator_shape_matched,"[[58259,4096],[],[],[]]","[""float"",""ScalarList"",""Scalar"",""""]",null,1,326.626
null,aten::sum,"void at::native::reduce_kernel<128, 4, at::native::ReduceOp<float, at::native::func_wrapper_t<float, at::native::sum_functor<float, float, float>::operator()(at::TensorIterator&)::{lambda(float, float)#1}>, unsigned int, float, 4, 4> >(at::native::ReduceOp<float, at::native::func_wrapper_t<float, at::native::sum_functor<float, float, float>::operator()(at::TensorIterator&)::{lambda(float, float)#1}>, unsigned int, float, 4, 4>)",9,operator_shape_matched,"[[55913,4096],[],[],[]]","[""float"",""ScalarList"",""Scalar"",""""]",null,1,312.162
null,aten::sum,"void at::native::reduce_kernel<128, 4, at::native::ReduceOp<float, at::native::func_wrapper_t<float, at::native::sum_functor<float, float, float>::operator()(at::TensorIterator&)::{lambda(float, float)#1}>, unsigned int, float, 4, 4> >(at::native::ReduceOp<float, at::native::func_wrapper_t<float, at::native::sum_functor<float, float, float>::operator()(at::TensorIterator&)::{lambda(float, float)#1}>, unsigned int, float, 4, 4>)",10,operator_shape_matched,"[[1,4096],[],[],[]]","[""float"",""ScalarList"",""Scalar"",""""]",null,4,12.418
null,aten::sum,"void at::native::reduce_kernel<512, 1, at::native::ReduceOp<float, at::native::func_wrapper_t<float, at::native::sum_functor<float, float, float>::operator()(at::TensorIterator&)::{lambda(float, float)#1}>, unsigned int, float, 4, 4> >(at::native::ReduceOp<float, at::native::func_wrapper_t<float, at::native::sum_functor<float, float, float>::operator()(at::TensorIterator&)::{lambda(float, float)#1}>, unsigned int, float, 4, 4>)",1,operator_shape_matched,"[[98304,4096],[],[],[]]","[""float"",""ScalarList"",""Scalar"",""""]",null,6,3125.17
null,aten::sum,"void at::native::reduce_kernel<512, 1, at::native::ReduceOp<float, at::native::func_wrapper_t<float, at::native::sum_functor<float, float, float>::operator()(at::TensorIterator&)::{lambda(float, float)#1}>, unsigned int, float, 4, 4> >(at::native::ReduceOp<float, at::native::func_wrapper_t<float, at::native::sum_functor<float, float, float>::operator()(at::TensorIterator&)::{lambda(float, float)#1}>, unsigned int, float, 4, 4>)",2,operator_shape_matched,"[[3072,4096],[],[],[]]","[""float"",""ScalarList"",""Scalar"",""""]",null,6,187.008
null,aten::where,"void at::native::vectorized_elementwise_kernel<4, at::native::(anonymous namespace)::where_kernel_impl(at::TensorIterator&)::{lambda()#1}::operator()() const::{lambda()#11}::operator()() const::{lambda(bool, float, float)#1}, std::array<char*, 4ul> >(int, at::native::(anonymous namespace)::where_kernel_impl(at::TensorIterator&)::{lambda()#1}::operator()() const::{lambda()#11}::operator()() const::{lambda(bool, float, float)#1}, std::array<char*, 4ul>)",1,operator_shape_matched,"[[],[],[1]]","[""bool"",""float"",""float""]",null,23,33.281
null,flash_attn_3::bwd,"void cutlass::device_kernel<flash::FlashAttnBwdPostprocessConvertdQ<cute::tuple<cute::C<128>, cute::C<128> >, cutlass::bfloat16_t, float, cutlass::arch::Sm90, 256, cute::TiledMMA<cute::MMA_Atom<cute::SM90::GMMA::MMA_64x128x16_F32BF16BF16_RS<(cute::SM90::GMMA::Major)0, (cute::SM90::GMMA::Major)1, (cute::SM90::GMMA::ScaleIn)1, (cute::SM90::GMMA::ScaleIn)1> >, cute::Layout<cute::tuple<cute::C<2>, cute::C<1>, cute::C<1> >, cute::tuple<cute::C<1>, cute::C<0>, cute::C<0> > >, cute::tuple<cute::Underscore, cute::Underscore, cute::Underscore> >, false> >(flash::FlashAttnBwdPostprocessConvertdQ<cute::tuple<cute::C<128>, cute::C<128> >, cutlass::bfloat16_t, float, cutlass::arch::Sm90, 256, cute::TiledMMA<cute::MMA_Atom<cute::SM90::GMMA::MMA_64x128x16_F32BF16BF16_RS<(cute::SM90::GMMA::Major)0, (cute::SM90::GMMA::Major)1, (cute::SM90::GMMA::ScaleIn)1, (cute::SM90::GMMA::ScaleIn)1> >, cute::Layout<cute::tuple<cute::C<2>, cute::C<1>, cute::C<1> >, cute::tuple<cute::C<1>, cute::C<0>, cute::C<0> > >, cute::tuple<cute::Underscore, cute::Underscore, cute::Underscore> >, false>::Params)",1,operator_shape_matched,"[[98304,32,128],[98304,32,128],[101376,8,128],[101376,8,128],[98304,32,128],[32,98304],[98304,32,128],[101376,8,128],[101376,8,128],[3],[3],[],[],[],[],[],[],[],[],[],[],[]]","[""c10::BFloat16"",""c10::BFloat16"",""c10::BFloat16"",""c10::BFloat16"",""c10::BFloat16"",""float"",""c10::BFloat16"",""c10::BFloat16"",""c10::BFloat16"",""int"",""int"","""","""",""Scalar"",""Scalar"",""Scalar"",""Scalar"",""Scalar"",""Scalar"",""Scalar"",""Scalar"",""Scalar""]",null,144,29921.626
null,flash_attn_3::bwd,"void cutlass::device_kernel<flash::FlashAttnBwdPostprocessConvertdQ<cute::tuple<cute::C<128>, cute::C<128> >, cutlass::bfloat16_t, float, cutlass::arch::Sm90, 256, cute::TiledMMA<cute::MMA_Atom<cute::SM90::GMMA::MMA_64x128x16_F32BF16BF16_RS<(cute::SM90::GMMA::Major)0, (cute::SM90::GMMA::Major)1, (cute::SM90::GMMA::ScaleIn)1, (cute::SM90::GMMA::ScaleIn)1> >, cute::Layout<cute::tuple<cute::C<2>, cute::C<1>, cute::C<1> >, cute::tuple<cute::C<1>, cute::C<0>, cute::C<0> > >, cute::tuple<cute::Underscore, cute::Underscore, cute::Underscore> >, false> >(flash::FlashAttnBwdPostprocessConvertdQ<cute::tuple<cute::C<128>, cute::C<128> >, cutlass::bfloat16_t, float, cutlass::arch::Sm90, 256, cute::TiledMMA<cute::MMA_Atom<cute::SM90::GMMA::MMA_64x128x16_F32BF16BF16_RS<(cute::SM90::GMMA::Major)0, (cute::SM90::GMMA::Major)1, (cute::SM90::GMMA::ScaleIn)1, (cute::SM90::GMMA::ScaleIn)1> >, cute::Layout<cute::tuple<cute::C<2>, cute::C<1>, cute::C<1> >, cute::tuple<cute::C<1>, cute::C<0>, cute::C<0> > >, cute::tuple<cute::Underscore, cute::Underscore, cute::Underscore> >, false>::Params)",2,operator_shape_matched,"[[98304,32,128],[98304,32,128],[101376,8,128],[101376,8,128],[98304,32,128],[32,98304],[98304,32,128],[101376,8,128],[101376,8,128],[16],[16],[],[],[],[],[],[],[],[],[],[],[]]","[""c10::BFloat16"",""c10::BFloat16"",""c10::BFloat16"",""c10::BFloat16"",""c10::BFloat16"",""float"",""c10::BFloat16"",""c10::BFloat16"",""c10::BFloat16"",""int"",""int"","""","""",""Scalar"",""Scalar"",""Scalar"",""Scalar"",""Scalar"",""Scalar"",""Scalar"",""Scalar"",""Scalar""]",null,72,21973.21
null,flash_attn_3::bwd,"void cutlass::device_kernel<flash::FlashAttnBwdPostprocessConvertdQ<cute::tuple<cute::C<128>, cute::C<128> >, cutlass::bfloat16_t, float, cutlass::arch::Sm90, 256, cute::TiledMMA<cute::MMA_Atom<cute::SM90::GMMA::MMA_64x128x16_F32BF16BF16_RS<(cute::SM90::GMMA::Major)0, (cute::SM90::GMMA::Major)1, (cute::SM90::GMMA::ScaleIn)1, (cute::SM90::GMMA::ScaleIn)1> >, cute::Layout<cute::tuple<cute::C<2>, cute::C<1>, cute::C<1> >, cute::tuple<cute::C<1>, cute::C<0>, cute::C<0> > >, cute::tuple<cute::Underscore, cute::Underscore, cute::Underscore> >, false> >(flash::FlashAttnBwdPostprocessConvertdQ<cute::tuple<cute::C<128>, cute::C<128> >, cutlass::bfloat16_t, float, cutlass::arch::Sm90, 256, cute::TiledMMA<cute::MMA_Atom<cute::SM90::GMMA::MMA_64x128x16_F32BF16BF16_RS<(cute::SM90::GMMA::Major)0, (cute::SM90::GMMA::Major)1, (cute::SM90::GMMA::ScaleIn)1, (cute::SM90::GMMA::ScaleIn)1> >, cute::Layout<cute::tuple<cute::C<2>, cute::C<1>, cute::C<1> >, cute::tuple<cute::C<1>, cute::C<0>, cute::C<0> > >, cute::tuple<cute::Underscore, cute::Underscore, cute::Underscore> >, false>::Params)",3,operator_shape_matched,"[[98304,32,128],[98304,32,128],[101376,8,128],[101376,8,128],[98304,32,128],[32,98304],[98304,32,128],[101376,8,128],[101376,8,128],[9],[9],[],[],[],[],[],[],[],[],[],[],[]]","[""c10::BFloat16"",""c10::BFloat16"",""c10::BFloat16"",""c10::BFloat16"",""c10::BFloat16"",""float"",""c10::BFloat16"",""c10::BFloat16"",""c10::BFloat16"",""int"",""int"","""","""",""Scalar"",""Scalar"",""Scalar"",""Scalar"",""Scalar"",""Scalar"",""Scalar"",""Scalar"",""Scalar""]",null,72,18411.014
null,flash_attn_3::bwd,"void cutlass::device_kernel<flash::FlashAttnBwdPostprocessConvertdQ<cute::tuple<cute::C<128>, cute::C<128> >, cutlass::bfloat16_t, float, cutlass::arch::Sm90, 256, cute::TiledMMA<cute::MMA_Atom<cute::SM90::GMMA::MMA_64x128x16_F32BF16BF16_RS<(cute::SM90::GMMA::Major)0, (cute::SM90::GMMA::Major)1, (cute::SM90::GMMA::ScaleIn)1, (cute::SM90::GMMA::ScaleIn)1> >, cute::Layout<cute::tuple<cute::C<2>, cute::C<1>, cute::C<1> >, cute::tuple<cute::C<1>, cute::C<0>, cute::C<0> > >, cute::tuple<cute::Underscore, cute::Underscore, cute::Underscore> >, false> >(flash::FlashAttnBwdPostprocessConvertdQ<cute::tuple<cute::C<128>, cute::C<128> >, cutlass::bfloat16_t, float, cutlass::arch::Sm90, 256, cute::TiledMMA<cute::MMA_Atom<cute::SM90::GMMA::MMA_64x128x16_F32BF16BF16_RS<(cute::SM90::GMMA::Major)0, (cute::SM90::GMMA::Major)1, (cute::SM90::GMMA::ScaleIn)1, (cute::SM90::GMMA::ScaleIn)1> >, cute::Layout<cute::tuple<cute::C<2>, cute::C<1>, cute::C<1> >, cute::tuple<cute::C<1>, cute::C<0>, cute::C<0> > >, cute::tuple<cute::Underscore, cute::Underscore, cute::Underscore> >, false>::Params)",4,operator_shape_matched,"[[98304,32,128],[98304,32,128],[101376,8,128],[101376,8,128],[98304,32,128],[32,98304],[98304,32,128],[101376,8,128],[101376,8,128],[8],[8],[],[],[],[],[],[],[],[],[],[],[]]","[""c10::BFloat16"",""c10::BFloat16"",""c10::BFloat16"",""c10::BFloat16"",""c10::BFloat16"",""float"",""c10::BFloat16"",""c10::BFloat16"",""c10::BFloat16"",""int"",""int"","""","""",""Scalar"",""Scalar"",""Scalar"",""Scalar"",""Scalar"",""Scalar"",""Scalar"",""Scalar"",""Scalar""]",null,72,16446.745
null,flash_attn_3::bwd,"void cutlass::device_kernel<flash::FlashAttnBwdPostprocessConvertdQ<cute::tuple<cute::C<128>, cute::C<128> >, cutlass::bfloat16_t, float, cutlass::arch::Sm90, 256, cute::TiledMMA<cute::MMA_Atom<cute::SM90::GMMA::MMA_64x128x16_F32BF16BF16_RS<(cute::SM90::GMMA::Major)0, (cute::SM90::GMMA::Major)1, (cute::SM90::GMMA::ScaleIn)1, (cute::SM90::GMMA::ScaleIn)1> >, cute::Layout<cute::tuple<cute::C<2>, cute::C<1>, cute::C<1> >, cute::tuple<cute::C<1>, cute::C<0>, cute::C<0> > >, cute::tuple<cute::Underscore, cute::Underscore, cute::Underscore> >, false> >(flash::FlashAttnBwdPostprocessConvertdQ<cute::tuple<cute::C<128>, cute::C<128> >, cutlass::bfloat16_t, float, cutlass::arch::Sm90, 256, cute::TiledMMA<cute::MMA_Atom<cute::SM90::GMMA::MMA_64x128x16_F32BF16BF16_RS<(cute::SM90::GMMA::Major)0, (cute::SM90::GMMA::Major)1, (cute::SM90::GMMA::ScaleIn)1, (cute::SM90::GMMA::ScaleIn)1> >, cute::Layout<cute::tuple<cute::C<2>, cute::C<1>, cute::C<1> >, cute::tuple<cute::C<1>, cute::C<0>, cute::C<0> > >, cute::tuple<cute::Underscore, cute::Underscore, cute::Underscore> >, false>::Params)",5,operator_shape_matched,"[[98304,32,128],[98304,32,128],[101376,8,128],[101376,8,128],[98304,32,128],[32,98304],[98304,32,128],[101376,8,128],[101376,8,128],[6],[6],[],[],[],[],[],[],[],[],[],[],[]]","[""c10::BFloat16"",""c10::BFloat16"",""c10::BFloat16"",""c10::BFloat16"",""c10::BFloat16"",""float"",""c10::BFloat16"",""c10::BFloat16"",""c10::BFloat16"",""int"",""int"","""","""",""Scalar"",""Scalar"",""Scalar"",""Scalar"",""Scalar"",""Scalar"",""Scalar"",""Scalar"",""Scalar""]",null,72,15887.19
null,flash_attn_3::bwd,"void cutlass::device_kernel<flash::FlashAttnBwdPostprocessConvertdQ<cute::tuple<cute::C<128>, cute::C<128> >, cutlass::bfloat16_t, float, cutlass::arch::Sm90, 256, cute::TiledMMA<cute::MMA_Atom<cute::SM90::GMMA::MMA_64x128x16_F32BF16BF16_RS<(cute::SM90::GMMA::Major)0, (cute::SM90::GMMA::Major)1, (cute::SM90::GMMA::ScaleIn)1, (cute::SM90::GMMA::ScaleIn)1> >, cute::Layout<cute::tuple<cute::C<2>, cute::C<1>, cute::C<1> >, cute::tuple<cute::C<1>, cute::C<0>, cute::C<0> > >, cute::tuple<cute::Underscore, cute::Underscore, cute::Underscore> >, false> >(flash::FlashAttnBwdPostprocessConvertdQ<cute::tuple<cute::C<128>, cute::C<128> >, cutlass::bfloat16_t, float, cutlass::arch::Sm90, 256, cute::TiledMMA<cute::MMA_Atom<cute::SM90::GMMA::MMA_64x128x16_F32BF16BF16_RS<(cute::SM90::GMMA::Major)0, (cute::SM90::GMMA::Major)1, (cute::SM90::GMMA::ScaleIn)1, (cute::SM90::GMMA::ScaleIn)1> >, cute::Layout<cute::tuple<cute::C<2>, cute::C<1>, cute::C<1> >, cute::tuple<cute::C<1>, cute::C<0>, cute::C<0> > >, cute::tuple<cute::Underscore, cute::Underscore, cute::Underscore> >, false>::Params)",6,operator_shape_matched,"[[3072,32,128],[3072,32,128],[3072,8,128],[3072,8,128],[3072,32,128],[32,3072],[3072,32,128],[3072,8,128],[3072,8,128],[3],[3],[],[],[],[],[],[],[],[],[],[],[]]","[""c10::BFloat16"",""c10::BFloat16"",""c10::BFloat16"",""c10::BFloat16"",""c10::BFloat16"",""float"",""c10::BFloat16"",""c10::BFloat16"",""c10::BFloat16"",""int"",""int"","""","""",""Scalar"",""Scalar"",""Scalar"",""Scalar"",""Scalar"",""Scalar"",""Scalar"",""Scalar"",""Scalar""]",null,144,1403.684
null,flash_attn_3::bwd,"void cutlass::device_kernel<flash::FlashAttnBwdPostprocessConvertdQ<cute::tuple<cute::C<128>, cute::C<128> >, cutlass::bfloat16_t, float, cutlass::arch::Sm90, 256, cute::TiledMMA<cute::MMA_Atom<cute::SM90::GMMA::MMA_64x128x16_F32BF16BF16_RS<(cute::SM90::GMMA::Major)0, (cute::SM90::GMMA::Major)1, (cute::SM90::GMMA::ScaleIn)1, (cute::SM90::GMMA::ScaleIn)1> >, cute::Layout<cute::tuple<cute::C<2>, cute::C<1>, cute::C<1> >, cute::tuple<cute::C<1>, cute::C<0>, cute::C<0> > >, cute::tuple<cute::Underscore, cute::Underscore, cute::Underscore> >, false> >(flash::FlashAttnBwdPostprocessConvertdQ<cute::tuple<cute::C<128>, cute::C<128> >, cutlass::bfloat16_t, float, cutlass::arch::Sm90, 256, cute::TiledMMA<cute::MMA_Atom<cute::SM90::GMMA::MMA_64x128x16_F32BF16BF16_RS<(cute::SM90::GMMA::Major)0, (cute::SM90::GMMA::Major)1, (cute::SM90::GMMA::ScaleIn)1, (cute::SM90::GMMA::ScaleIn)1> >, cute::Layout<cute::tuple<cute::C<2>, cute::C<1>, cute::C<1> >, cute::tuple<cute::C<1>, cute::C<0>, cute::C<0> > >, cute::tuple<cute::Underscore, cute::Underscore, cute::Underscore> >, false>::Params)",7,operator_shape_matched,"[[3072,32,128],[3072,32,128],[3072,8,128],[3072,8,128],[3072,32,128],[32,3072],[3072,32,128],[3072,8,128],[3072,8,128],[16],[16],[],[],[],[],[],[],[],[],[],[],[]]","[""c10::BFloat16"",""c10::BFloat16"",""c10::BFloat16"",""c10::BFloat16"",""c10::BFloat16"",""float"",""c10::BFloat16"",""c10::BFloat16"",""c10::BFloat16"",""int"",""int"","""","""",""Scalar"",""Scalar"",""Scalar"",""Scalar"",""Scalar"",""Scalar"",""Scalar"",""Scalar"",""Scalar""]",null,72,898.917
null,flash_attn_3::bwd,"void cutlass::device_kernel<flash::FlashAttnBwdPostprocessConvertdQ<cute::tuple<cute::C<128>, cute::C<128> >, cutlass::bfloat16_t, float, cutlass::arch::Sm90, 256, cute::TiledMMA<cute::MMA_Atom<cute::SM90::GMMA::MMA_64x128x16_F32BF16BF16_RS<(cute::SM90::GMMA::Major)0, (cute::SM90::GMMA::Major)1, (cute::SM90::GMMA::ScaleIn)1, (cute::SM90::GMMA::ScaleIn)1> >, cute::Layout<cute::tuple<cute::C<2>, cute::C<1>, cute::C<1> >, cute::tuple<cute::C<1>, cute::C<0>, cute::C<0> > >, cute::tuple<cute::Underscore, cute::Underscore, cute::Underscore> >, false> >(flash::FlashAttnBwdPostprocessConvertdQ<cute::tuple<cute::C<128>, cute::C<128> >, cutlass::bfloat16_t, float, cutlass::arch::Sm90, 256, cute::TiledMMA<cute::MMA_Atom<cute::SM90::GMMA::MMA_64x128x16_F32BF16BF16_RS<(cute::SM90::GMMA::Major)0, (cute::SM90::GMMA::Major)1, (cute::SM90::GMMA::ScaleIn)1, (cute::SM90::GMMA::ScaleIn)1> >, cute::Layout<cute::tuple<cute::C<2>, cute::C<1>, cute::C<1> >, cute::tuple<cute::C<1>, cute::C<0>, cute::C<0> > >, cute::tuple<cute::Underscore, cute::Underscore, cute::Underscore> >, false>::Params)",8,operator_shape_matched,"[[3072,32,128],[3072,32,128],[3072,8,128],[3072,8,128],[3072,32,128],[32,3072],[3072,32,128],[3072,8,128],[3072,8,128],[9],[9],[],[],[],[],[],[],[],[],[],[],[]]","[""c10::BFloat16"",""c10::BFloat16"",""c10::BFloat16"",""c10::BFloat16"",""c10::BFloat16"",""float"",""c10::BFloat16"",""c10::BFloat16"",""c10::BFloat16"",""int"",""int"","""","""",""Scalar"",""Scalar"",""Scalar"",""Scalar"",""Scalar"",""Scalar"",""Scalar"",""Scalar"",""Scalar""]",null,72,773.955
null,flash_attn_3::bwd,"void cutlass::device_kernel<flash::FlashAttnBwdPostprocessConvertdQ<cute::tuple<cute::C<128>, cute::C<128> >, cutlass::bfloat16_t, float, cutlass::arch::Sm90, 256, cute::TiledMMA<cute::MMA_Atom<cute::SM90::GMMA::MMA_64x128x16_F32BF16BF16_RS<(cute::SM90::GMMA::Major)0, (cute::SM90::GMMA::Major)1, (cute::SM90::GMMA::ScaleIn)1, (cute::SM90::GMMA::ScaleIn)1> >, cute::Layout<cute::tuple<cute::C<2>, cute::C<1>, cute::C<1> >, cute::tuple<cute::C<1>, cute::C<0>, cute::C<0> > >, cute::tuple<cute::Underscore, cute::Underscore, cute::Underscore> >, false> >(flash::FlashAttnBwdPostprocessConvertdQ<cute::tuple<cute::C<128>, cute::C<128> >, cutlass::bfloat16_t, float, cutlass::arch::Sm90, 256, cute::TiledMMA<cute::MMA_Atom<cute::SM90::GMMA::MMA_64x128x16_F32BF16BF16_RS<(cute::SM90::GMMA::Major)0, (cute::SM90::GMMA::Major)1, (cute::SM90::GMMA::ScaleIn)1, (cute::SM90::GMMA::ScaleIn)1> >, cute::Layout<cute::tuple<cute::C<2>, cute::C<1>, cute::C<1> >, cute::tuple<cute::C<1>, cute::C<0>, cute::C<0> > >, cute::tuple<cute::Underscore, cute::Underscore, cute::Underscore> >, false>::Params)",9,operator_shape_matched,"[[3072,32,128],[3072,32,128],[3072,8,128],[3072,8,128],[3072,32,128],[32,3072],[3072,32,128],[3072,8,128],[3072,8,128],[8],[8],[],[],[],[],[],[],[],[],[],[],[]]","[""c10::BFloat16"",""c10::BFloat16"",""c10::BFloat16"",""c10::BFloat16"",""c10::BFloat16"",""float"",""c10::BFloat16"",""c10::BFloat16"",""c10::BFloat16"",""int"",""int"","""","""",""Scalar"",""Scalar"",""Scalar"",""Scalar"",""Scalar"",""Scalar"",""Scalar"",""Scalar"",""Scalar""]",null,72,761.828
null,flash_attn_3::bwd,"void cutlass::device_kernel<flash::FlashAttnBwdPostprocessConvertdQ<cute::tuple<cute::C<128>, cute::C<128> >, cutlass::bfloat16_t, float, cutlass::arch::Sm90, 256, cute::TiledMMA<cute::MMA_Atom<cute::SM90::GMMA::MMA_64x128x16_F32BF16BF16_RS<(cute::SM90::GMMA::Major)0, (cute::SM90::GMMA::Major)1, (cute::SM90::GMMA::ScaleIn)1, (cute::SM90::GMMA::ScaleIn)1> >, cute::Layout<cute::tuple<cute::C<2>, cute::C<1>, cute::C<1> >, cute::tuple<cute::C<1>, cute::C<0>, cute::C<0> > >, cute::tuple<cute::Underscore, cute::Underscore, cute::Underscore> >, false> >(flash::FlashAttnBwdPostprocessConvertdQ<cute::tuple<cute::C<128>, cute::C<128> >, cutlass::bfloat16_t, float, cutlass::arch::Sm90, 256, cute::TiledMMA<cute::MMA_Atom<cute::SM90::GMMA::MMA_64x128x16_F32BF16BF16_RS<(cute::SM90::GMMA::Major)0, (cute::SM90::GMMA::Major)1, (cute::SM90::GMMA::ScaleIn)1, (cute::SM90::GMMA::ScaleIn)1> >, cute::Layout<cute::tuple<cute::C<2>, cute::C<1>, cute::C<1> >, cute::tuple<cute::C<1>, cute::C<0>, cute::C<0> > >, cute::tuple<cute::Underscore, cute::Underscore, cute::Underscore> >, false>::Params)",10,operator_shape_matched,"[[3072,32,128],[3072,32,128],[3072,8,128],[3072,8,128],[3072,32,128],[32,3072],[3072,32,128],[3072,8,128],[3072,8,128],[6],[6],[],[],[],[],[],[],[],[],[],[],[]]","[""c10::BFloat16"",""c10::BFloat16"",""c10::BFloat16"",""c10::BFloat16"",""c10::BFloat16"",""float"",""c10::BFloat16"",""c10::BFloat16"",""c10::BFloat16"",""int"",""int"","""","""",""Scalar"",""Scalar"",""Scalar"",""Scalar"",""Scalar"",""Scalar"",""Scalar"",""Scalar"",""Scalar""]",null,72,743.655
null,flash_attn_3::bwd,"void cutlass::device_kernel<flash::FlashAttnBwdPostprocessConvertdQ<cute::tuple<cute::C<64>, cute::C<128> >, cutlass::bfloat16_t, float, cutlass::arch::Sm90, 256, cute::TiledMMA<cute::MMA_Atom<cute::SM90::GMMA::MMA_64x64x16_F32BF16BF16_SS<(cute::SM90::GMMA::Major)0, (cute::SM90::GMMA::Major)1, (cute::SM90::GMMA::ScaleIn)1, (cute::SM90::GMMA::ScaleIn)1> >, cute::Layout<cute::tuple<cute::C<1>, cute::C<2>, cute::C<1> >, cute::tuple<cute::C<0>, cute::C<1>, cute::C<0> > >, cute::tuple<cute::Underscore, cute::Underscore, cute::Underscore> >, false> >(flash::FlashAttnBwdPostprocessConvertdQ<cute::tuple<cute::C<64>, cute::C<128> >, cutlass::bfloat16_t, float, cutlass::arch::Sm90, 256, cute::TiledMMA<cute::MMA_Atom<cute::SM90::GMMA::MMA_64x64x16_F32BF16BF16_SS<(cute::SM90::GMMA::Major)0, (cute::SM90::GMMA::Major)1, (cute::SM90::GMMA::ScaleIn)1, (cute::SM90::GMMA::ScaleIn)1> >, cute::Layout<cute::tuple<cute::C<1>, cute::C<2>, cute::C<1> >, cute::tuple<cute::C<0>, cute::C<1>, cute::C<0> > >, cute::tuple<cute::Underscore, cute::Underscore, cute::Underscore> >, false>::Params)",1,operator_shape_matched,"[[3072,32,128],[3072,32,128],[3072,8,128],[3072,8,128],[3072,32,128],[32,3072],[3072,32,128],[3072,8,128],[3072,8,128],[3],[3],[],[],[],[],[],[],[],[],[],[],[]]","[""c10::BFloat16"",""c10::BFloat16"",""c10::BFloat16"",""c10::BFloat16"",""c10::BFloat16"",""float"",""c10::BFloat16"",""c10::BFloat16"",""c10::BFloat16"",""int"",""int"","""","""",""Scalar"",""Scalar"",""Scalar"",""Scalar"",""Scalar"",""Scalar"",""Scalar"",""Scalar"",""Scalar""]",null,72,1837.637
null,flash_attn_3::bwd,"void cutlass::device_kernel<flash::FlashAttnBwdPostprocessConvertdQ<cute::tuple<cute::C<64>, cute::C<128> >, cutlass::bfloat16_t, float, cutlass::arch::Sm90, 256, cute::TiledMMA<cute::MMA_Atom<cute::SM90::GMMA::MMA_64x64x16_F32BF16BF16_SS<(cute::SM90::GMMA::Major)0, (cute::SM90::GMMA::Major)1, (cute::SM90::GMMA::ScaleIn)1, (cute::SM90::GMMA::ScaleIn)1> >, cute::Layout<cute::tuple<cute::C<1>, cute::C<2>, cute::C<1> >, cute::tuple<cute::C<0>, cute::C<1>, cute::C<0> > >, cute::tuple<cute::Underscore, cute::Underscore, cute::Underscore> >, false> >(flash::FlashAttnBwdPostprocessConvertdQ<cute::tuple<cute::C<64>, cute::C<128> >, cutlass::bfloat16_t, float, cutlass::arch::Sm90, 256, cute::TiledMMA<cute::MMA_Atom<cute::SM90::GMMA::MMA_64x64x16_F32BF16BF16_SS<(cute::SM90::GMMA::Major)0, (cute::SM90::GMMA::Major)1, (cute::SM90::GMMA::ScaleIn)1, (cute::SM90::GMMA::ScaleIn)1> >, cute::Layout<cute::tuple<cute::C<1>, cute::C<2>, cute::C<1> >, cute::tuple<cute::C<0>, cute::C<1>, cute::C<0> > >, cute::tuple<cute::Underscore, cute::Underscore, cute::Underscore> >, false>::Params)",2,operator_shape_matched,"[[3072,32,128],[3072,32,128],[3072,8,128],[3072,8,128],[3072,32,128],[32,3072],[3072,32,128],[3072,8,128],[3072,8,128],[16],[16],[],[],[],[],[],[],[],[],[],[],[]]","[""c10::BFloat16"",""c10::BFloat16"",""c10::BFloat16"",""c10::BFloat16"",""c10::BFloat16"",""float"",""c10::BFloat16"",""c10::BFloat16"",""c10::BFloat16"",""int"",""int"","""","""",""Scalar"",""Scalar"",""Scalar"",""Scalar"",""Scalar"",""Scalar"",""Scalar"",""Scalar"",""Scalar""]",null,36,1379.047
null,flash_attn_3::bwd,"void cutlass::device_kernel<flash::FlashAttnBwdPostprocessConvertdQ<cute::tuple<cute::C<64>, cute::C<128> >, cutlass::bfloat16_t, float, cutlass::arch::Sm90, 256, cute::TiledMMA<cute::MMA_Atom<cute::SM90::GMMA::MMA_64x64x16_F32BF16BF16_SS<(cute::SM90::GMMA::Major)0, (cute::SM90::GMMA::Major)1, (cute::SM90::GMMA::ScaleIn)1, (cute::SM90::GMMA::ScaleIn)1> >, cute::Layout<cute::tuple<cute::C<1>, cute::C<2>, cute::C<1> >, cute::tuple<cute::C<0>, cute::C<1>, cute::C<0> > >, cute::tuple<cute::Underscore, cute::Underscore, cute::Underscore> >, false> >(flash::FlashAttnBwdPostprocessConvertdQ<cute::tuple<cute::C<64>, cute::C<128> >, cutlass::bfloat16_t, float, cutlass::arch::Sm90, 256, cute::TiledMMA<cute::MMA_Atom<cute::SM90::GMMA::MMA_64x64x16_F32BF16BF16_SS<(cute::SM90::GMMA::Major)0, (cute::SM90::GMMA::Major)1, (cute::SM90::GMMA::ScaleIn)1, (cute::SM90::GMMA::ScaleIn)1> >, cute::Layout<cute::tuple<cute::C<1>, cute::C<2>, cute::C<1> >, cute::tuple<cute::C<0>, cute::C<1>, cute::C<0> > >, cute::tuple<cute::Underscore, cute::Underscore, cute::Underscore> >, false>::Params)",3,operator_shape_matched,"[[3072,32,128],[3072,32,128],[3072,8,128],[3072,8,128],[3072,32,128],[32,3072],[3072,32,128],[3072,8,128],[3072,8,128],[9],[9],[],[],[],[],[],[],[],[],[],[],[]]","[""c10::BFloat16"",""c10::BFloat16"",""c10::BFloat16"",""c10::BFloat16"",""c10::BFloat16"",""float"",""c10::BFloat16"",""c10::BFloat16"",""c10::BFloat16"",""int"",""int"","""","""",""Scalar"",""Scalar"",""Scalar"",""Scalar"",""Scalar"",""Scalar"",""Scalar"",""Scalar"",""Scalar""]",null,36,1122.28
null,flash_attn_3::bwd,"void cutlass::device_kernel<flash::FlashAttnBwdPostprocessConvertdQ<cute::tuple<cute::C<64>, cute::C<128> >, cutlass::bfloat16_t, float, cutlass::arch::Sm90, 256, cute::TiledMMA<cute::MMA_Atom<cute::SM90::GMMA::MMA_64x64x16_F32BF16BF16_SS<(cute::SM90::GMMA::Major)0, (cute::SM90::GMMA::Major)1, (cute::SM90::GMMA::ScaleIn)1, (cute::SM90::GMMA::ScaleIn)1> >, cute::Layout<cute::tuple<cute::C<1>, cute::C<2>, cute::C<1> >, cute::tuple<cute::C<0>, cute::C<1>, cute::C<0> > >, cute::tuple<cute::Underscore, cute::Underscore, cute::Underscore> >, false> >(flash::FlashAttnBwdPostprocessConvertdQ<cute::tuple<cute::C<64>, cute::C<128> >, cutlass::bfloat16_t, float, cutlass::arch::Sm90, 256, cute::TiledMMA<cute::MMA_Atom<cute::SM90::GMMA::MMA_64x64x16_F32BF16BF16_SS<(cute::SM90::GMMA::Major)0, (cute::SM90::GMMA::Major)1, (cute::SM90::GMMA::ScaleIn)1, (cute::SM90::GMMA::ScaleIn)1> >, cute::Layout<cute::tuple<cute::C<1>, cute::C<2>, cute::C<1> >, cute::tuple<cute::C<0>, cute::C<1>, cute::C<0> > >, cute::tuple<cute::Underscore, cute::Underscore, cute::Underscore> >, false>::Params)",4,operator_shape_matched,"[[3072,32,128],[3072,32,128],[3072,8,128],[3072,8,128],[3072,32,128],[32,3072],[3072,32,128],[3072,8,128],[3072,8,128],[8],[8],[],[],[],[],[],[],[],[],[],[],[]]","[""c10::BFloat16"",""c10::BFloat16"",""c10::BFloat16"",""c10::BFloat16"",""c10::BFloat16"",""float"",""c10::BFloat16"",""c10::BFloat16"",""c10::BFloat16"",""int"",""int"","""","""",""Scalar"",""Scalar"",""Scalar"",""Scalar"",""Scalar"",""Scalar"",""Scalar"",""Scalar"",""Scalar""]",null,36,1072.682
null,flash_attn_3::bwd,"void cutlass::device_kernel<flash::FlashAttnBwdPostprocessConvertdQ<cute::tuple<cute::C<64>, cute::C<128> >, cutlass::bfloat16_t, float, cutlass::arch::Sm90, 256, cute::TiledMMA<cute::MMA_Atom<cute::SM90::GMMA::MMA_64x64x16_F32BF16BF16_SS<(cute::SM90::GMMA::Major)0, (cute::SM90::GMMA::Major)1, (cute::SM90::GMMA::ScaleIn)1, (cute::SM90::GMMA::ScaleIn)1> >, cute::Layout<cute::tuple<cute::C<1>, cute::C<2>, cute::C<1> >, cute::tuple<cute::C<0>, cute::C<1>, cute::C<0> > >, cute::tuple<cute::Underscore, cute::Underscore, cute::Underscore> >, false> >(flash::FlashAttnBwdPostprocessConvertdQ<cute::tuple<cute::C<64>, cute::C<128> >, cutlass::bfloat16_t, float, cutlass::arch::Sm90, 256, cute::TiledMMA<cute::MMA_Atom<cute::SM90::GMMA::MMA_64x64x16_F32BF16BF16_SS<(cute::SM90::GMMA::Major)0, (cute::SM90::GMMA::Major)1, (cute::SM90::GMMA::ScaleIn)1, (cute::SM90::GMMA::ScaleIn)1> >, cute::Layout<cute::tuple<cute::C<1>, cute::C<2>, cute::C<1> >, cute::tuple<cute::C<0>, cute::C<1>, cute::C<0> > >, cute::tuple<cute::Underscore, cute::Underscore, cute::Underscore> >, false>::Params)",5,operator_shape_matched,"[[3072,32,128],[3072,32,128],[3072,8,128],[3072,8,128],[3072,32,128],[32,3072],[3072,32,128],[3072,8,128],[3072,8,128],[6],[6],[],[],[],[],[],[],[],[],[],[],[]]","[""c10::BFloat16"",""c10::BFloat16"",""c10::BFloat16"",""c10::BFloat16"",""c10::BFloat16"",""float"",""c10::BFloat16"",""c10::BFloat16"",""c10::BFloat16"",""int"",""int"","""","""",""Scalar"",""Scalar"",""Scalar"",""Scalar"",""Scalar"",""Scalar"",""Scalar"",""Scalar"",""Scalar""]",null,36,989.253
null,flash_attn_3::bwd,"void cutlass::device_kernel<flash::FlashAttnBwdPostprocessConvertdQ<cute::tuple<cute::C<80>, cute::C<128> >, cutlass::bfloat16_t, float, cutlass::arch::Sm90, 256, cute::TiledMMA<cute::MMA_Atom<cute::SM90::GMMA::MMA_64x80x16_F32BF16BF16_SS<(cute::SM90::GMMA::Major)1, (cute::SM90::GMMA::Major)0, (cute::SM90::GMMA::ScaleIn)1, (cute::SM90::GMMA::ScaleIn)1> >, cute::Layout<cute::tuple<cute::C<2>, cute::C<1>, cute::C<1> >, cute::tuple<cute::C<1>, cute::C<0>, cute::C<0> > >, cute::tuple<cute::Underscore, cute::Underscore, cute::Underscore> >, true> >(flash::FlashAttnBwdPostprocessConvertdQ<cute::tuple<cute::C<80>, cute::C<128> >, cutlass::bfloat16_t, float, cutlass::arch::Sm90, 256, cute::TiledMMA<cute::MMA_Atom<cute::SM90::GMMA::MMA_64x80x16_F32BF16BF16_SS<(cute::SM90::GMMA::Major)1, (cute::SM90::GMMA::Major)0, (cute::SM90::GMMA::ScaleIn)1, (cute::SM90::GMMA::ScaleIn)1> >, cute::Layout<cute::tuple<cute::C<2>, cute::C<1>, cute::C<1> >, cute::tuple<cute::C<1>, cute::C<0>, cute::C<0> > >, cute::tuple<cute::Underscore, cute::Underscore, cute::Underscore> >, true>::Params)",1,operator_shape_matched,"[[98304,32,128],[98304,32,128],[101376,8,128],[101376,8,128],[98304,32,128],[32,98304],[98304,32,128],[101376,8,128],[101376,8,128],[3],[3],[],[],[],[],[],[],[],[],[],[],[]]","[""c10::BFloat16"",""c10::BFloat16"",""c10::BFloat16"",""c10::BFloat16"",""c10::BFloat16"",""float"",""c10::BFloat16"",""c10::BFloat16"",""c10::BFloat16"",""int"",""int"","""","""",""Scalar"",""Scalar"",""Scalar"",""Scalar"",""Scalar"",""Scalar"",""Scalar"",""Scalar"",""Scalar""]",null,72,57892.223
null,flash_attn_3::bwd,"void cutlass::device_kernel<flash::FlashAttnBwdPostprocessConvertdQ<cute::tuple<cute::C<80>, cute::C<128> >, cutlass::bfloat16_t, float, cutlass::arch::Sm90, 256, cute::TiledMMA<cute::MMA_Atom<cute::SM90::GMMA::MMA_64x80x16_F32BF16BF16_SS<(cute::SM90::GMMA::Major)1, (cute::SM90::GMMA::Major)0, (cute::SM90::GMMA::ScaleIn)1, (cute::SM90::GMMA::ScaleIn)1> >, cute::Layout<cute::tuple<cute::C<2>, cute::C<1>, cute::C<1> >, cute::tuple<cute::C<1>, cute::C<0>, cute::C<0> > >, cute::tuple<cute::Underscore, cute::Underscore, cute::Underscore> >, true> >(flash::FlashAttnBwdPostprocessConvertdQ<cute::tuple<cute::C<80>, cute::C<128> >, cutlass::bfloat16_t, float, cutlass::arch::Sm90, 256, cute::TiledMMA<cute::MMA_Atom<cute::SM90::GMMA::MMA_64x80x16_F32BF16BF16_SS<(cute::SM90::GMMA::Major)1, (cute::SM90::GMMA::Major)0, (cute::SM90::GMMA::ScaleIn)1, (cute::SM90::GMMA::ScaleIn)1> >, cute::Layout<cute::tuple<cute::C<2>, cute::C<1>, cute::C<1> >, cute::tuple<cute::C<1>, cute::C<0>, cute::C<0> > >, cute::tuple<cute::Underscore, cute::Underscore, cute::Underscore> >, true>::Params)",2,operator_shape_matched,"[[98304,32,128],[98304,32,128],[101376,8,128],[101376,8,128],[98304,32,128],[32,98304],[98304,32,128],[101376,8,128],[101376,8,128],[16],[16],[],[],[],[],[],[],[],[],[],[],[]]","[""c10::BFloat16"",""c10::BFloat16"",""c10::BFloat16"",""c10::BFloat16"",""c10::BFloat16"",""float"",""c10::BFloat16"",""c10::BFloat16"",""c10::BFloat16"",""int"",""int"","""","""",""Scalar"",""Scalar"",""Scalar"",""Scalar"",""Scalar"",""Scalar"",""Scalar"",""Scalar"",""Scalar""]",null,36,45317.207
null,flash_attn_3::bwd,"void cutlass::device_kernel<flash::FlashAttnBwdPostprocessConvertdQ<cute::tuple<cute::C<80>, cute::C<128> >, cutlass::bfloat16_t, float, cutlass::arch::Sm90, 256, cute::TiledMMA<cute::MMA_Atom<cute::SM90::GMMA::MMA_64x80x16_F32BF16BF16_SS<(cute::SM90::GMMA::Major)1, (cute::SM90::GMMA::Major)0, (cute::SM90::GMMA::ScaleIn)1, (cute::SM90::GMMA::ScaleIn)1> >, cute::Layout<cute::tuple<cute::C<2>, cute::C<1>, cute::C<1> >, cute::tuple<cute::C<1>, cute::C<0>, cute::C<0> > >, cute::tuple<cute::Underscore, cute::Underscore, cute::Underscore> >, true> >(flash::FlashAttnBwdPostprocessConvertdQ<cute::tuple<cute::C<80>, cute::C<128> >, cutlass::bfloat16_t, float, cutlass::arch::Sm90, 256, cute::TiledMMA<cute::MMA_Atom<cute::SM90::GMMA::MMA_64x80x16_F32BF16BF16_SS<(cute::SM90::GMMA::Major)1, (cute::SM90::GMMA::Major)0, (cute::SM90::GMMA::ScaleIn)1, (cute::SM90::GMMA::ScaleIn)1> >, cute::Layout<cute::tuple<cute::C<2>, cute::C<1>, cute::C<1> >, cute::tuple<cute::C<1>, cute::C<0>, cute::C<0> > >, cute::tuple<cute::Underscore, cute::Underscore, cute::Underscore> >, true>::Params)",3,operator_shape_matched,"[[98304,32,128],[98304,32,128],[101376,8,128],[101376,8,128],[98304,32,128],[32,98304],[98304,32,128],[101376,8,128],[101376,8,128],[9],[9],[],[],[],[],[],[],[],[],[],[],[]]","[""c10::BFloat16"",""c10::BFloat16"",""c10::BFloat16"",""c10::BFloat16"",""c10::BFloat16"",""float"",""c10::BFloat16"",""c10::BFloat16"",""c10::BFloat16"",""int"",""int"","""","""",""Scalar"",""Scalar"",""Scalar"",""Scalar"",""Scalar"",""Scalar"",""Scalar"",""Scalar"",""Scalar""]",null,36,37013.516
null,flash_attn_3::bwd,"void cutlass::device_kernel<flash::FlashAttnBwdPostprocessConvertdQ<cute::tuple<cute::C<80>, cute::C<128> >, cutlass::bfloat16_t, float, cutlass::arch::Sm90, 256, cute::TiledMMA<cute::MMA_Atom<cute::SM90::GMMA::MMA_64x80x16_F32BF16BF16_SS<(cute::SM90::GMMA::Major)1, (cute::SM90::GMMA::Major)0, (cute::SM90::GMMA::ScaleIn)1, (cute::SM90::GMMA::ScaleIn)1> >, cute::Layout<cute::tuple<cute::C<2>, cute::C<1>, cute::C<1> >, cute::tuple<cute::C<1>, cute::C<0>, cute::C<0> > >, cute::tuple<cute::Underscore, cute::Underscore, cute::Underscore> >, true> >(flash::FlashAttnBwdPostprocessConvertdQ<cute::tuple<cute::C<80>, cute::C<128> >, cutlass::bfloat16_t, float, cutlass::arch::Sm90, 256, cute::TiledMMA<cute::MMA_Atom<cute::SM90::GMMA::MMA_64x80x16_F32BF16BF16_SS<(cute::SM90::GMMA::Major)1, (cute::SM90::GMMA::Major)0, (cute::SM90::GMMA::ScaleIn)1, (cute::SM90::GMMA::ScaleIn)1> >, cute::Layout<cute::tuple<cute::C<2>, cute::C<1>, cute::C<1> >, cute::tuple<cute::C<1>, cute::C<0>, cute::C<0> > >, cute::tuple<cute::Underscore, cute::Underscore, cute::Underscore> >, true>::Params)",4,operator_shape_matched,"[[98304,32,128],[98304,32,128],[101376,8,128],[101376,8,128],[98304,32,128],[32,98304],[98304,32,128],[101376,8,128],[101376,8,128],[8],[8],[],[],[],[],[],[],[],[],[],[],[]]","[""c10::BFloat16"",""c10::BFloat16"",""c10::BFloat16"",""c10::BFloat16"",""c10::BFloat16"",""float"",""c10::BFloat16"",""c10::BFloat16"",""c10::BFloat16"",""int"",""int"","""","""",""Scalar"",""Scalar"",""Scalar"",""Scalar"",""Scalar"",""Scalar"",""Scalar"",""Scalar"",""Scalar""]",null,36,32555.598
null,flash_attn_3::bwd,"void cutlass::device_kernel<flash::FlashAttnBwdPostprocessConvertdQ<cute::tuple<cute::C<80>, cute::C<128> >, cutlass::bfloat16_t, float, cutlass::arch::Sm90, 256, cute::TiledMMA<cute::MMA_Atom<cute::SM90::GMMA::MMA_64x80x16_F32BF16BF16_SS<(cute::SM90::GMMA::Major)1, (cute::SM90::GMMA::Major)0, (cute::SM90::GMMA::ScaleIn)1, (cute::SM90::GMMA::ScaleIn)1> >, cute::Layout<cute::tuple<cute::C<2>, cute::C<1>, cute::C<1> >, cute::tuple<cute::C<1>, cute::C<0>, cute::C<0> > >, cute::tuple<cute::Underscore, cute::Underscore, cute::Underscore> >, true> >(flash::FlashAttnBwdPostprocessConvertdQ<cute::tuple<cute::C<80>, cute::C<128> >, cutlass::bfloat16_t, float, cutlass::arch::Sm90, 256, cute::TiledMMA<cute::MMA_Atom<cute::SM90::GMMA::MMA_64x80x16_F32BF16BF16_SS<(cute::SM90::GMMA::Major)1, (cute::SM90::GMMA::Major)0, (cute::SM90::GMMA::ScaleIn)1, (cute::SM90::GMMA::ScaleIn)1> >, cute::Layout<cute::tuple<cute::C<2>, cute::C<1>, cute::C<1> >, cute::tuple<cute::C<1>, cute::C<0>, cute::C<0> > >, cute::tuple<cute::Underscore, cute::Underscore, cute::Underscore> >, true>::Params)",5,operator_shape_matched,"[[98304,32,128],[98304,32,128],[101376,8,128],[101376,8,128],[98304,32,128],[32,98304],[98304,32,128],[101376,8,128],[101376,8,128],[6],[6],[],[],[],[],[],[],[],[],[],[],[]]","[""c10::BFloat16"",""c10::BFloat16"",""c10::BFloat16"",""c10::BFloat16"",""c10::BFloat16"",""float"",""c10::BFloat16"",""c10::BFloat16"",""c10::BFloat16"",""int"",""int"","""","""",""Scalar"",""Scalar"",""Scalar"",""Scalar"",""Scalar"",""Scalar"",""Scalar"",""Scalar"",""Scalar""]",null,36,31436.362
null,flash_attn_3::bwd,"void cutlass::device_kernel<flash::FlashAttnBwdPreprocess<cute::tuple<cute::C<64>, cute::C<128> >, cutlass::bfloat16_t, float, cutlass::arch::Sm90, true, true> >(flash::FlashAttnBwdPreprocess<cute::tuple<cute::C<64>, cute::C<128> >, cutlass::bfloat16_t, float, cutlass::arch::Sm90, true, true>::Params)",1,operator_shape_matched,"[[3072,32,128],[3072,32,128],[3072,8,128],[3072,8,128],[3072,32,128],[32,3072],[3072,32,128],[3072,8,128],[3072,8,128],[3],[3],[],[],[],[],[],[],[],[],[],[],[]]","[""c10::BFloat16"",""c10::BFloat16"",""c10::BFloat16"",""c10::BFloat16"",""c10::BFloat16"",""float"",""c10::BFloat16"",""c10::BFloat16"",""c10::BFloat16"",""int"",""int"","""","""",""Scalar"",""Scalar"",""Scalar"",""Scalar"",""Scalar"",""Scalar"",""Scalar"",""Scalar"",""Scalar""]",null,72,2718.452
null,flash_attn_3::bwd,"void cutlass::device_kernel<flash::FlashAttnBwdPreprocess<cute::tuple<cute::C<64>, cute::C<128> >, cutlass::bfloat16_t, float, cutlass::arch::Sm90, true, true> >(flash::FlashAttnBwdPreprocess<cute::tuple<cute::C<64>, cute::C<128> >, cutlass::bfloat16_t, float, cutlass::arch::Sm90, true, true>::Params)",2,operator_shape_matched,"[[3072,32,128],[3072,32,128],[3072,8,128],[3072,8,128],[3072,32,128],[32,3072],[3072,32,128],[3072,8,128],[3072,8,128],[16],[16],[],[],[],[],[],[],[],[],[],[],[]]","[""c10::BFloat16"",""c10::BFloat16"",""c10::BFloat16"",""c10::BFloat16"",""c10::BFloat16"",""float"",""c10::BFloat16"",""c10::BFloat16"",""c10::BFloat16"",""int"",""int"","""","""",""Scalar"",""Scalar"",""Scalar"",""Scalar"",""Scalar"",""Scalar"",""Scalar"",""Scalar"",""Scalar""]",null,36,1631.461
null,flash_attn_3::bwd,"void cutlass::device_kernel<flash::FlashAttnBwdPreprocess<cute::tuple<cute::C<64>, cute::C<128> >, cutlass::bfloat16_t, float, cutlass::arch::Sm90, true, true> >(flash::FlashAttnBwdPreprocess<cute::tuple<cute::C<64>, cute::C<128> >, cutlass::bfloat16_t, float, cutlass::arch::Sm90, true, true>::Params)",3,operator_shape_matched,"[[3072,32,128],[3072,32,128],[3072,8,128],[3072,8,128],[3072,32,128],[32,3072],[3072,32,128],[3072,8,128],[3072,8,128],[9],[9],[],[],[],[],[],[],[],[],[],[],[]]","[""c10::BFloat16"",""c10::BFloat16"",""c10::BFloat16"",""c10::BFloat16"",""c10::BFloat16"",""float"",""c10::BFloat16"",""c10::BFloat16"",""c10::BFloat16"",""int"",""int"","""","""",""Scalar"",""Scalar"",""Scalar"",""Scalar"",""Scalar"",""Scalar"",""Scalar"",""Scalar"",""Scalar""]",null,36,1455.114
null,flash_attn_3::bwd,"void cutlass::device_kernel<flash::FlashAttnBwdPreprocess<cute::tuple<cute::C<64>, cute::C<128> >, cutlass::bfloat16_t, float, cutlass::arch::Sm90, true, true> >(flash::FlashAttnBwdPreprocess<cute::tuple<cute::C<64>, cute::C<128> >, cutlass::bfloat16_t, float, cutlass::arch::Sm90, true, true>::Params)",4,operator_shape_matched,"[[3072,32,128],[3072,32,128],[3072,8,128],[3072,8,128],[3072,32,128],[32,3072],[3072,32,128],[3072,8,128],[3072,8,128],[8],[8],[],[],[],[],[],[],[],[],[],[],[]]","[""c10::BFloat16"",""c10::BFloat16"",""c10::BFloat16"",""c10::BFloat16"",""c10::BFloat16"",""float"",""c10::BFloat16"",""c10::BFloat16"",""c10::BFloat16"",""int"",""int"","""","""",""Scalar"",""Scalar"",""Scalar"",""Scalar"",""Scalar"",""Scalar"",""Scalar"",""Scalar"",""Scalar""]",null,36,1454.38
null,flash_attn_3::bwd,"void cutlass::device_kernel<flash::FlashAttnBwdPreprocess<cute::tuple<cute::C<64>, cute::C<128> >, cutlass::bfloat16_t, float, cutlass::arch::Sm90, true, true> >(flash::FlashAttnBwdPreprocess<cute::tuple<cute::C<64>, cute::C<128> >, cutlass::bfloat16_t, float, cutlass::arch::Sm90, true, true>::Params)",5,operator_shape_matched,"[[3072,32,128],[3072,32,128],[3072,8,128],[3072,8,128],[3072,32,128],[32,3072],[3072,32,128],[3072,8,128],[3072,8,128],[6],[6],[],[],[],[],[],[],[],[],[],[],[]]","[""c10::BFloat16"",""c10::BFloat16"",""c10::BFloat16"",""c10::BFloat16"",""c10::BFloat16"",""float"",""c10::BFloat16"",""c10::BFloat16"",""c10::BFloat16"",""int"",""int"","""","""",""Scalar"",""Scalar"",""Scalar"",""Scalar"",""Scalar"",""Scalar"",""Scalar"",""Scalar"",""Scalar""]",null,36,1397.541
null,flash_attn_3::bwd,"void cutlass::device_kernel<flash::FlashAttnBwdPreprocess<cute::tuple<cute::C<80>, cute::C<128> >, cutlass::bfloat16_t, float, cutlass::arch::Sm90, true, true> >(flash::FlashAttnBwdPreprocess<cute::tuple<cute::C<80>, cute::C<128> >, cutlass::bfloat16_t, float, cutlass::arch::Sm90, true, true>::Params)",1,operator_shape_matched,"[[98304,32,128],[98304,32,128],[101376,8,128],[101376,8,128],[98304,32,128],[32,98304],[98304,32,128],[101376,8,128],[101376,8,128],[3],[3],[],[],[],[],[],[],[],[],[],[],[]]","[""c10::BFloat16"",""c10::BFloat16"",""c10::BFloat16"",""c10::BFloat16"",""c10::BFloat16"",""float"",""c10::BFloat16"",""c10::BFloat16"",""c10::BFloat16"",""int"",""int"","""","""",""Scalar"",""Scalar"",""Scalar"",""Scalar"",""Scalar"",""Scalar"",""Scalar"",""Scalar"",""Scalar""]",null,72,79916.405
null,flash_attn_3::bwd,"void cutlass::device_kernel<flash::FlashAttnBwdPreprocess<cute::tuple<cute::C<80>, cute::C<128> >, cutlass::bfloat16_t, float, cutlass::arch::Sm90, true, true> >(flash::FlashAttnBwdPreprocess<cute::tuple<cute::C<80>, cute::C<128> >, cutlass::bfloat16_t, float, cutlass::arch::Sm90, true, true>::Params)",2,operator_shape_matched,"[[98304,32,128],[98304,32,128],[101376,8,128],[101376,8,128],[98304,32,128],[32,98304],[98304,32,128],[101376,8,128],[101376,8,128],[16],[16],[],[],[],[],[],[],[],[],[],[],[]]","[""c10::BFloat16"",""c10::BFloat16"",""c10::BFloat16"",""c10::BFloat16"",""c10::BFloat16"",""float"",""c10::BFloat16"",""c10::BFloat16"",""c10::BFloat16"",""int"",""int"","""","""",""Scalar"",""Scalar"",""Scalar"",""Scalar"",""Scalar"",""Scalar"",""Scalar"",""Scalar"",""Scalar""]",null,36,50959.28
null,flash_attn_3::bwd,"void cutlass::device_kernel<flash::FlashAttnBwdPreprocess<cute::tuple<cute::C<80>, cute::C<128> >, cutlass::bfloat16_t, float, cutlass::arch::Sm90, true, true> >(flash::FlashAttnBwdPreprocess<cute::tuple<cute::C<80>, cute::C<128> >, cutlass::bfloat16_t, float, cutlass::arch::Sm90, true, true>::Params)",3,operator_shape_matched,"[[98304,32,128],[98304,32,128],[101376,8,128],[101376,8,128],[98304,32,128],[32,98304],[98304,32,128],[101376,8,128],[101376,8,128],[8],[8],[],[],[],[],[],[],[],[],[],[],[]]","[""c10::BFloat16"",""c10::BFloat16"",""c10::BFloat16"",""c10::BFloat16"",""c10::BFloat16"",""float"",""c10::BFloat16"",""c10::BFloat16"",""c10::BFloat16"",""int"",""int"","""","""",""Scalar"",""Scalar"",""Scalar"",""Scalar"",""Scalar"",""Scalar"",""Scalar"",""Scalar"",""Scalar""]",null,36,43795.822
null,flash_attn_3::bwd,"void cutlass::device_kernel<flash::FlashAttnBwdPreprocess<cute::tuple<cute::C<80>, cute::C<128> >, cutlass::bfloat16_t, float, cutlass::arch::Sm90, true, true> >(flash::FlashAttnBwdPreprocess<cute::tuple<cute::C<80>, cute::C<128> >, cutlass::bfloat16_t, float, cutlass::arch::Sm90, true, true>::Params)",4,operator_shape_matched,"[[98304,32,128],[98304,32,128],[101376,8,128],[101376,8,128],[98304,32,128],[32,98304],[98304,32,128],[101376,8,128],[101376,8,128],[9],[9],[],[],[],[],[],[],[],[],[],[],[]]","[""c10::BFloat16"",""c10::BFloat16"",""c10::BFloat16"",""c10::BFloat16"",""c10::BFloat16"",""float"",""c10::BFloat16"",""c10::BFloat16"",""c10::BFloat16"",""int"",""int"","""","""",""Scalar"",""Scalar"",""Scalar"",""Scalar"",""Scalar"",""Scalar"",""Scalar"",""Scalar"",""Scalar""]",null,36,43502.538
null,flash_attn_3::bwd,"void cutlass::device_kernel<flash::FlashAttnBwdPreprocess<cute::tuple<cute::C<80>, cute::C<128> >, cutlass::bfloat16_t, float, cutlass::arch::Sm90, true, true> >(flash::FlashAttnBwdPreprocess<cute::tuple<cute::C<80>, cute::C<128> >, cutlass::bfloat16_t, float, cutlass::arch::Sm90, true, true>::Params)",5,operator_shape_matched,"[[98304,32,128],[98304,32,128],[101376,8,128],[101376,8,128],[98304,32,128],[32,98304],[98304,32,128],[101376,8,128],[101376,8,128],[6],[6],[],[],[],[],[],[],[],[],[],[],[]]","[""c10::BFloat16"",""c10::BFloat16"",""c10::BFloat16"",""c10::BFloat16"",""c10::BFloat16"",""float"",""c10::BFloat16"",""c10::BFloat16"",""c10::BFloat16"",""int"",""int"","""","""",""Scalar"",""Scalar"",""Scalar"",""Scalar"",""Scalar"",""Scalar"",""Scalar"",""Scalar"",""Scalar""]",null,36,40715.969
null,flash_attn_3::bwd,"void cutlass::device_kernel<flash::enable_sm90_or_later<flash::FlashAttnBwdSm90<flash::CollectiveMainloopBwdSm90<2, 2, 2, cute::tuple<cute::C<1>, cute::C<1>, cute::C<1> >, cute::tuple<cute::C<64>, cute::C<128>, cute::C<128> >, cutlass::bfloat16_t, float, cutlass::arch::Sm90, true, false, false, true, false, true, false, false, 2, 1, 2, 1, false>, flash::CollectiveEpilogueBwdGQA<cute::tuple<cute::C<64>, cute::C<128>, cute::C<128> >, float, cutlass::arch::Sm90, 256, true, false>, flash::SingleTileBwdLPTScheduler<true, 128, false> > > >(flash::enable_sm90_or_later<flash::FlashAttnBwdSm90<flash::CollectiveMainloopBwdSm90<2, 2, 2, cute::tuple<cute::C<1>, cute::C<1>, cute::C<1> >, cute::tuple<cute::C<64>, cute::C<128>, cute::C<128> >, cutlass::bfloat16_t, float, cutlass::arch::Sm90, true, false, false, true, false, true, false, false, 2, 1, 2, 1, false>, flash::CollectiveEpilogueBwdGQA<cute::tuple<cute::C<64>, cute::C<128>, cute::C<128> >, float, cutlass::arch::Sm90, 256, true, false>, flash::SingleTileBwdLPTScheduler<true, 128, false> > >::Params)",1,operator_shape_matched,"[[3072,32,128],[3072,32,128],[3072,8,128],[3072,8,128],[3072,32,128],[32,3072],[3072,32,128],[3072,8,128],[3072,8,128],[3],[3],[],[],[],[],[],[],[],[],[],[],[]]","[""c10::BFloat16"",""c10::BFloat16"",""c10::BFloat16"",""c10::BFloat16"",""c10::BFloat16"",""float"",""c10::BFloat16"",""c10::BFloat16"",""c10::BFloat16"",""int"",""int"","""","""",""Scalar"",""Scalar"",""Scalar"",""Scalar"",""Scalar"",""Scalar"",""Scalar"",""Scalar"",""Scalar""]",null,72,21609.331
null,flash_attn_3::bwd,"void cutlass::device_kernel<flash::enable_sm90_or_later<flash::FlashAttnBwdSm90<flash::CollectiveMainloopBwdSm90<2, 2, 2, cute::tuple<cute::C<1>, cute::C<1>, cute::C<1> >, cute::tuple<cute::C<64>, cute::C<128>, cute::C<128> >, cutlass::bfloat16_t, float, cutlass::arch::Sm90, true, false, false, true, false, true, false, false, 2, 1, 2, 1, false>, flash::CollectiveEpilogueBwdGQA<cute::tuple<cute::C<64>, cute::C<128>, cute::C<128> >, float, cutlass::arch::Sm90, 256, true, false>, flash::SingleTileBwdLPTScheduler<true, 128, false> > > >(flash::enable_sm90_or_later<flash::FlashAttnBwdSm90<flash::CollectiveMainloopBwdSm90<2, 2, 2, cute::tuple<cute::C<1>, cute::C<1>, cute::C<1> >, cute::tuple<cute::C<64>, cute::C<128>, cute::C<128> >, cutlass::bfloat16_t, float, cutlass::arch::Sm90, true, false, false, true, false, true, false, false, 2, 1, 2, 1, false>, flash::CollectiveEpilogueBwdGQA<cute::tuple<cute::C<64>, cute::C<128>, cute::C<128> >, float, cutlass::arch::Sm90, 256, true, false>, flash::SingleTileBwdLPTScheduler<true, 128, false> > >::Params)",2,operator_shape_matched,"[[3072,32,128],[3072,32,128],[3072,8,128],[3072,8,128],[3072,32,128],[32,3072],[3072,32,128],[3072,8,128],[3072,8,128],[6],[6],[],[],[],[],[],[],[],[],[],[],[]]","[""c10::BFloat16"",""c10::BFloat16"",""c10::BFloat16"",""c10::BFloat16"",""c10::BFloat16"",""float"",""c10::BFloat16"",""c10::BFloat16"",""c10::BFloat16"",""int"",""int"","""","""",""Scalar"",""Scalar"",""Scalar"",""Scalar"",""Scalar"",""Scalar"",""Scalar"",""Scalar"",""Scalar""]",null,36,9717.43
null,flash_attn_3::bwd,"void cutlass::device_kernel<flash::enable_sm90_or_later<flash::FlashAttnBwdSm90<flash::CollectiveMainloopBwdSm90<2, 2, 2, cute::tuple<cute::C<1>, cute::C<1>, cute::C<1> >, cute::tuple<cute::C<64>, cute::C<128>, cute::C<128> >, cutlass::bfloat16_t, float, cutlass::arch::Sm90, true, false, false, true, false, true, false, false, 2, 1, 2, 1, false>, flash::CollectiveEpilogueBwdGQA<cute::tuple<cute::C<64>, cute::C<128>, cute::C<128> >, float, cutlass::arch::Sm90, 256, true, false>, flash::SingleTileBwdLPTScheduler<true, 128, false> > > >(flash::enable_sm90_or_later<flash::FlashAttnBwdSm90<flash::CollectiveMainloopBwdSm90<2, 2, 2, cute::tuple<cute::C<1>, cute::C<1>, cute::C<1> >, cute::tuple<cute::C<64>, cute::C<128>, cute::C<128> >, cutlass::bfloat16_t, float, cutlass::arch::Sm90, true, false, false, true, false, true, false, false, 2, 1, 2, 1, false>, flash::CollectiveEpilogueBwdGQA<cute::tuple<cute::C<64>, cute::C<128>, cute::C<128> >, float, cutlass::arch::Sm90, 256, true, false>, flash::SingleTileBwdLPTScheduler<true, 128, false> > >::Params)",3,operator_shape_matched,"[[3072,32,128],[3072,32,128],[3072,8,128],[3072,8,128],[3072,32,128],[32,3072],[3072,32,128],[3072,8,128],[3072,8,128],[9],[9],[],[],[],[],[],[],[],[],[],[],[]]","[""c10::BFloat16"",""c10::BFloat16"",""c10::BFloat16"",""c10::BFloat16"",""c10::BFloat16"",""float"",""c10::BFloat16"",""c10::BFloat16"",""c10::BFloat16"",""int"",""int"","""","""",""Scalar"",""Scalar"",""Scalar"",""Scalar"",""Scalar"",""Scalar"",""Scalar"",""Scalar"",""Scalar""]",null,36,9443.028
null,flash_attn_3::bwd,"void cutlass::device_kernel<flash::enable_sm90_or_later<flash::FlashAttnBwdSm90<flash::CollectiveMainloopBwdSm90<2, 2, 2, cute::tuple<cute::C<1>, cute::C<1>, cute::C<1> >, cute::tuple<cute::C<64>, cute::C<128>, cute::C<128> >, cutlass::bfloat16_t, float, cutlass::arch::Sm90, true, false, false, true, false, true, false, false, 2, 1, 2, 1, false>, flash::CollectiveEpilogueBwdGQA<cute::tuple<cute::C<64>, cute::C<128>, cute::C<128> >, float, cutlass::arch::Sm90, 256, true, false>, flash::SingleTileBwdLPTScheduler<true, 128, false> > > >(flash::enable_sm90_or_later<flash::FlashAttnBwdSm90<flash::CollectiveMainloopBwdSm90<2, 2, 2, cute::tuple<cute::C<1>, cute::C<1>, cute::C<1> >, cute::tuple<cute::C<64>, cute::C<128>, cute::C<128> >, cutlass::bfloat16_t, float, cutlass::arch::Sm90, true, false, false, true, false, true, false, false, 2, 1, 2, 1, false>, flash::CollectiveEpilogueBwdGQA<cute::tuple<cute::C<64>, cute::C<128>, cute::C<128> >, float, cutlass::arch::Sm90, 256, true, false>, flash::SingleTileBwdLPTScheduler<true, 128, false> > >::Params)",4,operator_shape_matched,"[[3072,32,128],[3072,32,128],[3072,8,128],[3072,8,128],[3072,32,128],[32,3072],[3072,32,128],[3072,8,128],[3072,8,128],[8],[8],[],[],[],[],[],[],[],[],[],[],[]]","[""c10::BFloat16"",""c10::BFloat16"",""c10::BFloat16"",""c10::BFloat16"",""c10::BFloat16"",""float"",""c10::BFloat16"",""c10::BFloat16"",""c10::BFloat16"",""int"",""int"","""","""",""Scalar"",""Scalar"",""Scalar"",""Scalar"",""Scalar"",""Scalar"",""Scalar"",""Scalar"",""Scalar""]",null,36,9191.283
null,flash_attn_3::bwd,"void cutlass::device_kernel<flash::enable_sm90_or_later<flash::FlashAttnBwdSm90<flash::CollectiveMainloopBwdSm90<2, 2, 2, cute::tuple<cute::C<1>, cute::C<1>, cute::C<1> >, cute::tuple<cute::C<64>, cute::C<128>, cute::C<128> >, cutlass::bfloat16_t, float, cutlass::arch::Sm90, true, false, false, true, false, true, false, false, 2, 1, 2, 1, false>, flash::CollectiveEpilogueBwdGQA<cute::tuple<cute::C<64>, cute::C<128>, cute::C<128> >, float, cutlass::arch::Sm90, 256, true, false>, flash::SingleTileBwdLPTScheduler<true, 128, false> > > >(flash::enable_sm90_or_later<flash::FlashAttnBwdSm90<flash::CollectiveMainloopBwdSm90<2, 2, 2, cute::tuple<cute::C<1>, cute::C<1>, cute::C<1> >, cute::tuple<cute::C<64>, cute::C<128>, cute::C<128> >, cutlass::bfloat16_t, float, cutlass::arch::Sm90, true, false, false, true, false, true, false, false, 2, 1, 2, 1, false>, flash::CollectiveEpilogueBwdGQA<cute::tuple<cute::C<64>, cute::C<128>, cute::C<128> >, float, cutlass::arch::Sm90, 256, true, false>, flash::SingleTileBwdLPTScheduler<true, 128, false> > >::Params)",5,operator_shape_matched,"[[3072,32,128],[3072,32,128],[3072,8,128],[3072,8,128],[3072,32,128],[32,3072],[3072,32,128],[3072,8,128],[3072,8,128],[16],[16],[],[],[],[],[],[],[],[],[],[],[]]","[""c10::BFloat16"",""c10::BFloat16"",""c10::BFloat16"",""c10::BFloat16"",""c10::BFloat16"",""float"",""c10::BFloat16"",""c10::BFloat16"",""c10::BFloat16"",""int"",""int"","""","""",""Scalar"",""Scalar"",""Scalar"",""Scalar"",""Scalar"",""Scalar"",""Scalar"",""Scalar"",""Scalar""]",null,36,8726.668
null,flash_attn_3::bwd,"void cutlass::device_kernel<flash::enable_sm90_or_later<flash::FlashAttnBwdSm90<flash::CollectiveMainloopBwdSm90<2, 2, 2, cute::tuple<cute::C<1>, cute::C<1>, cute::C<1> >, cute::tuple<cute::C<80>, cute::C<128>, cute::C<128> >, cutlass::bfloat16_t, float, cutlass::arch::Sm90, false, false, false, true, false, true, false, true, 2, 1, 2, 1, false>, flash::CollectiveEpilogueBwdGQA<cute::tuple<cute::C<80>, cute::C<128>, cute::C<128> >, float, cutlass::arch::Sm90, 256, true, false>, flash::SingleTileScheduler<true, false, false, 128> > > >(flash::enable_sm90_or_later<flash::FlashAttnBwdSm90<flash::CollectiveMainloopBwdSm90<2, 2, 2, cute::tuple<cute::C<1>, cute::C<1>, cute::C<1> >, cute::tuple<cute::C<80>, cute::C<128>, cute::C<128> >, cutlass::bfloat16_t, float, cutlass::arch::Sm90, false, false, false, true, false, true, false, true, 2, 1, 2, 1, false>, flash::CollectiveEpilogueBwdGQA<cute::tuple<cute::C<80>, cute::C<128>, cute::C<128> >, float, cutlass::arch::Sm90, 256, true, false>, flash::SingleTileScheduler<true, false, false, 128> > >::Params)",1,operator_shape_matched,"[[98304,32,128],[98304,32,128],[101376,8,128],[101376,8,128],[98304,32,128],[32,98304],[98304,32,128],[101376,8,128],[101376,8,128],[3],[3],[],[],[],[],[],[],[],[],[],[],[]]","[""c10::BFloat16"",""c10::BFloat16"",""c10::BFloat16"",""c10::BFloat16"",""c10::BFloat16"",""float"",""c10::BFloat16"",""c10::BFloat16"",""c10::BFloat16"",""int"",""int"","""","""",""Scalar"",""Scalar"",""Scalar"",""Scalar"",""Scalar"",""Scalar"",""Scalar"",""Scalar"",""Scalar""]",null,72,23384411.479
null,flash_attn_3::bwd,"void cutlass::device_kernel<flash::enable_sm90_or_later<flash::FlashAttnBwdSm90<flash::CollectiveMainloopBwdSm90<2, 2, 2, cute::tuple<cute::C<1>, cute::C<1>, cute::C<1> >, cute::tuple<cute::C<80>, cute::C<128>, cute::C<128> >, cutlass::bfloat16_t, float, cutlass::arch::Sm90, false, false, false, true, false, true, false, true, 2, 1, 2, 1, false>, flash::CollectiveEpilogueBwdGQA<cute::tuple<cute::C<80>, cute::C<128>, cute::C<128> >, float, cutlass::arch::Sm90, 256, true, false>, flash::SingleTileScheduler<true, false, false, 128> > > >(flash::enable_sm90_or_later<flash::FlashAttnBwdSm90<flash::CollectiveMainloopBwdSm90<2, 2, 2, cute::tuple<cute::C<1>, cute::C<1>, cute::C<1> >, cute::tuple<cute::C<80>, cute::C<128>, cute::C<128> >, cutlass::bfloat16_t, float, cutlass::arch::Sm90, false, false, false, true, false, true, false, true, 2, 1, 2, 1, false>, flash::CollectiveEpilogueBwdGQA<cute::tuple<cute::C<80>, cute::C<128>, cute::C<128> >, float, cutlass::arch::Sm90, 256, true, false>, flash::SingleTileScheduler<true, false, false, 128> > >::Params)",2,operator_shape_matched,"[[98304,32,128],[98304,32,128],[101376,8,128],[101376,8,128],[98304,32,128],[32,98304],[98304,32,128],[101376,8,128],[101376,8,128],[6],[6],[],[],[],[],[],[],[],[],[],[],[]]","[""c10::BFloat16"",""c10::BFloat16"",""c10::BFloat16"",""c10::BFloat16"",""c10::BFloat16"",""float"",""c10::BFloat16"",""c10::BFloat16"",""c10::BFloat16"",""int"",""int"","""","""",""Scalar"",""Scalar"",""Scalar"",""Scalar"",""Scalar"",""Scalar"",""Scalar"",""Scalar"",""Scalar""]",null,36,7248707.957
null,flash_attn_3::bwd,"void cutlass::device_kernel<flash::enable_sm90_or_later<flash::FlashAttnBwdSm90<flash::CollectiveMainloopBwdSm90<2, 2, 2, cute::tuple<cute::C<1>, cute::C<1>, cute::C<1> >, cute::tuple<cute::C<80>, cute::C<128>, cute::C<128> >, cutlass::bfloat16_t, float, cutlass::arch::Sm90, false, false, false, true, false, true, false, true, 2, 1, 2, 1, false>, flash::CollectiveEpilogueBwdGQA<cute::tuple<cute::C<80>, cute::C<128>, cute::C<128> >, float, cutlass::arch::Sm90, 256, true, false>, flash::SingleTileScheduler<true, false, false, 128> > > >(flash::enable_sm90_or_later<flash::FlashAttnBwdSm90<flash::CollectiveMainloopBwdSm90<2, 2, 2, cute::tuple<cute::C<1>, cute::C<1>, cute::C<1> >, cute::tuple<cute::C<80>, cute::C<128>, cute::C<128> >, cutlass::bfloat16_t, float, cutlass::arch::Sm90, false, false, false, true, false, true, false, true, 2, 1, 2, 1, false>, flash::CollectiveEpilogueBwdGQA<cute::tuple<cute::C<80>, cute::C<128>, cute::C<128> >, float, cutlass::arch::Sm90, 256, true, false>, flash::SingleTileScheduler<true, false, false, 128> > >::Params)",3,operator_shape_matched,"[[98304,32,128],[98304,32,128],[101376,8,128],[101376,8,128],[98304,32,128],[32,98304],[98304,32,128],[101376,8,128],[101376,8,128],[8],[8],[],[],[],[],[],[],[],[],[],[],[]]","[""c10::BFloat16"",""c10::BFloat16"",""c10::BFloat16"",""c10::BFloat16"",""c10::BFloat16"",""float"",""c10::BFloat16"",""c10::BFloat16"",""c10::BFloat16"",""int"",""int"","""","""",""Scalar"",""Scalar"",""Scalar"",""Scalar"",""Scalar"",""Scalar"",""Scalar"",""Scalar"",""Scalar""]",null,36,4536112.555
null,flash_attn_3::bwd,"void cutlass::device_kernel<flash::enable_sm90_or_later<flash::FlashAttnBwdSm90<flash::CollectiveMainloopBwdSm90<2, 2, 2, cute::tuple<cute::C<1>, cute::C<1>, cute::C<1> >, cute::tuple<cute::C<80>, cute::C<128>, cute::C<128> >, cutlass::bfloat16_t, float, cutlass::arch::Sm90, false, false, false, true, false, true, false, true, 2, 1, 2, 1, false>, flash::CollectiveEpilogueBwdGQA<cute::tuple<cute::C<80>, cute::C<128>, cute::C<128> >, float, cutlass::arch::Sm90, 256, true, false>, flash::SingleTileScheduler<true, false, false, 128> > > >(flash::enable_sm90_or_later<flash::FlashAttnBwdSm90<flash::CollectiveMainloopBwdSm90<2, 2, 2, cute::tuple<cute::C<1>, cute::C<1>, cute::C<1> >, cute::tuple<cute::C<80>, cute::C<128>, cute::C<128> >, cutlass::bfloat16_t, float, cutlass::arch::Sm90, false, false, false, true, false, true, false, true, 2, 1, 2, 1, false>, flash::CollectiveEpilogueBwdGQA<cute::tuple<cute::C<80>, cute::C<128>, cute::C<128> >, float, cutlass::arch::Sm90, 256, true, false>, flash::SingleTileScheduler<true, false, false, 128> > >::Params)",4,operator_shape_matched,"[[98304,32,128],[98304,32,128],[101376,8,128],[101376,8,128],[98304,32,128],[32,98304],[98304,32,128],[101376,8,128],[101376,8,128],[9],[9],[],[],[],[],[],[],[],[],[],[],[]]","[""c10::BFloat16"",""c10::BFloat16"",""c10::BFloat16"",""c10::BFloat16"",""c10::BFloat16"",""float"",""c10::BFloat16"",""c10::BFloat16"",""c10::BFloat16"",""int"",""int"","""","""",""Scalar"",""Scalar"",""Scalar"",""Scalar"",""Scalar"",""Scalar"",""Scalar"",""Scalar"",""Scalar""]",null,36,4409844.395
null,flash_attn_3::bwd,"void cutlass::device_kernel<flash::enable_sm90_or_later<flash::FlashAttnBwdSm90<flash::CollectiveMainloopBwdSm90<2, 2, 2, cute::tuple<cute::C<1>, cute::C<1>, cute::C<1> >, cute::tuple<cute::C<80>, cute::C<128>, cute::C<128> >, cutlass::bfloat16_t, float, cutlass::arch::Sm90, false, false, false, true, false, true, false, true, 2, 1, 2, 1, false>, flash::CollectiveEpilogueBwdGQA<cute::tuple<cute::C<80>, cute::C<128>, cute::C<128> >, float, cutlass::arch::Sm90, 256, true, false>, flash::SingleTileScheduler<true, false, false, 128> > > >(flash::enable_sm90_or_later<flash::FlashAttnBwdSm90<flash::CollectiveMainloopBwdSm90<2, 2, 2, cute::tuple<cute::C<1>, cute::C<1>, cute::C<1> >, cute::tuple<cute::C<80>, cute::C<128>, cute::C<128> >, cutlass::bfloat16_t, float, cutlass::arch::Sm90, false, false, false, true, false, true, false, true, 2, 1, 2, 1, false>, flash::CollectiveEpilogueBwdGQA<cute::tuple<cute::C<80>, cute::C<128>, cute::C<128> >, float, cutlass::arch::Sm90, 256, true, false>, flash::SingleTileScheduler<true, false, false, 128> > >::Params)",5,operator_shape_matched,"[[98304,32,128],[98304,32,128],[101376,8,128],[101376,8,128],[98304,32,128],[32,98304],[98304,32,128],[101376,8,128],[101376,8,128],[16],[16],[],[],[],[],[],[],[],[],[],[],[]]","[""c10::BFloat16"",""c10::BFloat16"",""c10::BFloat16"",""c10::BFloat16"",""c10::BFloat16"",""float"",""c10::BFloat16"",""c10::BFloat16"",""c10::BFloat16"",""int"",""int"","""","""",""Scalar"",""Scalar"",""Scalar"",""Scalar"",""Scalar"",""Scalar"",""Scalar"",""Scalar"",""Scalar""]",null,36,2299972.79
null,flash_attn_3::fwd,"void cutlass::device_kernel<flash::enable_sm90_or_later<flash::FlashAttnFwdSm90<flash::CollectiveMainloopFwdSm90<2, cute::tuple<cute::C<1>, cute::C<1>, cute::C<1> >, cute::tuple<cute::C<128>, cute::C<128>, cute::C<128> >, 128, cutlass::bfloat16_t, float, cutlass::arch::Sm90, true, false, false, true, false, false, false, true, true, true, false, false>, flash::CollectiveEpilogueFwd<cute::tuple<cute::C<128>, cute::C<128>, cute::C<128> >, cute::tuple<cute::C<1>, cute::C<1>, cute::C<1> >, cutlass::bfloat16_t, cutlass::arch::Sm90, 256, true, true, false, false>, flash::VarlenDynamicPersistentTileScheduler<128, 128, 256, 128, false, true, true, true, true, true> > > >(flash::enable_sm90_or_later<flash::FlashAttnFwdSm90<flash::CollectiveMainloopFwdSm90<2, cute::tuple<cute::C<1>, cute::C<1>, cute::C<1> >, cute::tuple<cute::C<128>, cute::C<128>, cute::C<128> >, 128, cutlass::bfloat16_t, float, cutlass::arch::Sm90, true, false, false, true, false, false, false, true, true, true, false, false>, flash::CollectiveEpilogueFwd<cute::tuple<cute::C<128>, cute::C<128>, cute::C<128> >, cute::tuple<cute::C<1>, cute::C<1>, cute::C<1> >, cutlass::bfloat16_t, cutlass::arch::Sm90, 256, true, true, false, false>, flash::VarlenDynamicPersistentTileScheduler<128, 128, 256, 128, false, true, true, true, true, true> > >::Params)",1,operator_shape_matched,"[[3072,32,128],[3072,8,128],[3072,8,128],[],[],[],[],[3],[3],[],[],[],[],[],[],[],[],[],[],[],[],[],[],[],[],[],[],[],[],[],[],[],[],[]]","[""c10::BFloat16"",""c10::BFloat16"",""c10::BFloat16"","""","""","""","""",""int"",""int"","""","""","""",""Scalar"",""Scalar"","""","""","""","""","""","""","""","""","""",""Scalar"",""Scalar"",""Scalar"",""Scalar"",""Scalar"",""Scalar"",""Scalar"","""",""Scalar"","""",""Scalar""]",null,144,21200.688
null,flash_attn_3::fwd,"void cutlass::device_kernel<flash::enable_sm90_or_later<flash::FlashAttnFwdSm90<flash::CollectiveMainloopFwdSm90<2, cute::tuple<cute::C<1>, cute::C<1>, cute::C<1> >, cute::tuple<cute::C<128>, cute::C<128>, cute::C<128> >, 128, cutlass::bfloat16_t, float, cutlass::arch::Sm90, true, false, false, true, false, false, false, true, true, true, false, false>, flash::CollectiveEpilogueFwd<cute::tuple<cute::C<128>, cute::C<128>, cute::C<128> >, cute::tuple<cute::C<1>, cute::C<1>, cute::C<1> >, cutlass::bfloat16_t, cutlass::arch::Sm90, 256, true, true, false, false>, flash::VarlenDynamicPersistentTileScheduler<128, 128, 256, 128, false, true, true, true, true, true> > > >(flash::enable_sm90_or_later<flash::FlashAttnFwdSm90<flash::CollectiveMainloopFwdSm90<2, cute::tuple<cute::C<1>, cute::C<1>, cute::C<1> >, cute::tuple<cute::C<128>, cute::C<128>, cute::C<128> >, 128, cutlass::bfloat16_t, float, cutlass::arch::Sm90, true, false, false, true, false, false, false, true, true, true, false, false>, flash::CollectiveEpilogueFwd<cute::tuple<cute::C<128>, cute::C<128>, cute::C<128> >, cute::tuple<cute::C<1>, cute::C<1>, cute::C<1> >, cutlass::bfloat16_t, cutlass::arch::Sm90, 256, true, true, false, false>, flash::VarlenDynamicPersistentTileScheduler<128, 128, 256, 128, false, true, true, true, true, true> > >::Params)",2,operator_shape_matched,"[[3072,32,128],[3072,8,128],[3072,8,128],[],[],[],[],[6],[6],[],[],[],[],[],[],[],[],[],[],[],[],[],[],[],[],[],[],[],[],[],[],[],[],[]]","[""c10::BFloat16"",""c10::BFloat16"",""c10::BFloat16"","""","""","""","""",""int"",""int"","""","""","""",""Scalar"",""Scalar"","""","""","""","""","""","""","""","""","""",""Scalar"",""Scalar"",""Scalar"",""Scalar"",""Scalar"",""Scalar"",""Scalar"","""",""Scalar"","""",""Scalar""]",null,72,8441.228
null,flash_attn_3::fwd,"void cutlass::device_kernel<flash::enable_sm90_or_later<flash::FlashAttnFwdSm90<flash::CollectiveMainloopFwdSm90<2, cute::tuple<cute::C<1>, cute::C<1>, cute::C<1> >, cute::tuple<cute::C<128>, cute::C<128>, cute::C<128> >, 128, cutlass::bfloat16_t, float, cutlass::arch::Sm90, true, false, false, true, false, false, false, true, true, true, false, false>, flash::CollectiveEpilogueFwd<cute::tuple<cute::C<128>, cute::C<128>, cute::C<128> >, cute::tuple<cute::C<1>, cute::C<1>, cute::C<1> >, cutlass::bfloat16_t, cutlass::arch::Sm90, 256, true, true, false, false>, flash::VarlenDynamicPersistentTileScheduler<128, 128, 256, 128, false, true, true, true, true, true> > > >(flash::enable_sm90_or_later<flash::FlashAttnFwdSm90<flash::CollectiveMainloopFwdSm90<2, cute::tuple<cute::C<1>, cute::C<1>, cute::C<1> >, cute::tuple<cute::C<128>, cute::C<128>, cute::C<128> >, 128, cutlass::bfloat16_t, float, cutlass::arch::Sm90, true, false, false, true, false, false, false, true, true, true, false, false>, flash::CollectiveEpilogueFwd<cute::tuple<cute::C<128>, cute::C<128>, cute::C<128> >, cute::tuple<cute::C<1>, cute::C<1>, cute::C<1> >, cutlass::bfloat16_t, cutlass::arch::Sm90, 256, true, true, false, false>, flash::VarlenDynamicPersistentTileScheduler<128, 128, 256, 128, false, true, true, true, true, true> > >::Params)",3,operator_shape_matched,"[[3072,32,128],[3072,8,128],[3072,8,128],[],[],[],[],[8],[8],[],[],[],[],[],[],[],[],[],[],[],[],[],[],[],[],[],[],[],[],[],[],[],[],[]]","[""c10::BFloat16"",""c10::BFloat16"",""c10::BFloat16"","""","""","""","""",""int"",""int"","""","""","""",""Scalar"",""Scalar"","""","""","""","""","""","""","""","""","""",""Scalar"",""Scalar"",""Scalar"",""Scalar"",""Scalar"",""Scalar"",""Scalar"","""",""Scalar"","""",""Scalar""]",null,72,8105.866
null,flash_attn_3::fwd,"void cutlass::device_kernel<flash::enable_sm90_or_later<flash::FlashAttnFwdSm90<flash::CollectiveMainloopFwdSm90<2, cute::tuple<cute::C<1>, cute::C<1>, cute::C<1> >, cute::tuple<cute::C<128>, cute::C<128>, cute::C<128> >, 128, cutlass::bfloat16_t, float, cutlass::arch::Sm90, true, false, false, true, false, false, false, true, true, true, false, false>, flash::CollectiveEpilogueFwd<cute::tuple<cute::C<128>, cute::C<128>, cute::C<128> >, cute::tuple<cute::C<1>, cute::C<1>, cute::C<1> >, cutlass::bfloat16_t, cutlass::arch::Sm90, 256, true, true, false, false>, flash::VarlenDynamicPersistentTileScheduler<128, 128, 256, 128, false, true, true, true, true, true> > > >(flash::enable_sm90_or_later<flash::FlashAttnFwdSm90<flash::CollectiveMainloopFwdSm90<2, cute::tuple<cute::C<1>, cute::C<1>, cute::C<1> >, cute::tuple<cute::C<128>, cute::C<128>, cute::C<128> >, 128, cutlass::bfloat16_t, float, cutlass::arch::Sm90, true, false, false, true, false, false, false, true, true, true, false, false>, flash::CollectiveEpilogueFwd<cute::tuple<cute::C<128>, cute::C<128>, cute::C<128> >, cute::tuple<cute::C<1>, cute::C<1>, cute::C<1> >, cutlass::bfloat16_t, cutlass::arch::Sm90, 256, true, true, false, false>, flash::VarlenDynamicPersistentTileScheduler<128, 128, 256, 128, false, true, true, true, true, true> > >::Params)",4,operator_shape_matched,"[[3072,32,128],[3072,8,128],[3072,8,128],[],[],[],[],[9],[9],[],[],[],[],[],[],[],[],[],[],[],[],[],[],[],[],[],[],[],[],[],[],[],[],[]]","[""c10::BFloat16"",""c10::BFloat16"",""c10::BFloat16"","""","""","""","""",""int"",""int"","""","""","""",""Scalar"",""Scalar"","""","""","""","""","""","""","""","""","""",""Scalar"",""Scalar"",""Scalar"",""Scalar"",""Scalar"",""Scalar"",""Scalar"","""",""Scalar"","""",""Scalar""]",null,72,7004.356
null,flash_attn_3::fwd,"void cutlass::device_kernel<flash::enable_sm90_or_later<flash::FlashAttnFwdSm90<flash::CollectiveMainloopFwdSm90<2, cute::tuple<cute::C<1>, cute::C<1>, cute::C<1> >, cute::tuple<cute::C<128>, cute::C<128>, cute::C<128> >, 128, cutlass::bfloat16_t, float, cutlass::arch::Sm90, true, false, false, true, false, false, false, true, true, true, false, false>, flash::CollectiveEpilogueFwd<cute::tuple<cute::C<128>, cute::C<128>, cute::C<128> >, cute::tuple<cute::C<1>, cute::C<1>, cute::C<1> >, cutlass::bfloat16_t, cutlass::arch::Sm90, 256, true, true, false, false>, flash::VarlenDynamicPersistentTileScheduler<128, 128, 256, 128, false, true, true, true, true, true> > > >(flash::enable_sm90_or_later<flash::FlashAttnFwdSm90<flash::CollectiveMainloopFwdSm90<2, cute::tuple<cute::C<1>, cute::C<1>, cute::C<1> >, cute::tuple<cute::C<128>, cute::C<128>, cute::C<128> >, 128, cutlass::bfloat16_t, float, cutlass::arch::Sm90, true, false, false, true, false, false, false, true, true, true, false, false>, flash::CollectiveEpilogueFwd<cute::tuple<cute::C<128>, cute::C<128>, cute::C<128> >, cute::tuple<cute::C<1>, cute::C<1>, cute::C<1> >, cutlass::bfloat16_t, cutlass::arch::Sm90, 256, true, true, false, false>, flash::VarlenDynamicPersistentTileScheduler<128, 128, 256, 128, false, true, true, true, true, true> > >::Params)",5,operator_shape_matched,"[[3072,32,128],[3072,8,128],[3072,8,128],[],[],[],[],[16],[16],[],[],[],[],[],[],[],[],[],[],[],[],[],[],[],[],[],[],[],[],[],[],[],[],[]]","[""c10::BFloat16"",""c10::BFloat16"",""c10::BFloat16"","""","""","""","""",""int"",""int"","""","""","""",""Scalar"",""Scalar"","""","""","""","""","""","""","""","""","""",""Scalar"",""Scalar"",""Scalar"",""Scalar"",""Scalar"",""Scalar"",""Scalar"","""",""Scalar"","""",""Scalar""]",null,72,4746.844
null,flash_attn_3::fwd,"void cutlass::device_kernel<flash::enable_sm90_or_later<flash::FlashAttnFwdSm90<flash::CollectiveMainloopFwdSm90<2, cute::tuple<cute::C<1>, cute::C<1>, cute::C<1> >, cute::tuple<cute::C<128>, cute::C<176>, cute::C<128> >, 128, cutlass::bfloat16_t, float, cutlass::arch::Sm90, false, false, false, true, false, false, false, true, true, true, false, false>, flash::CollectiveEpilogueFwd<cute::tuple<cute::C<128>, cute::C<128>, cute::C<176> >, cute::tuple<cute::C<1>, cute::C<1>, cute::C<1> >, cutlass::bfloat16_t, cutlass::arch::Sm90, 256, true, true, false, false>, flash::VarlenDynamicPersistentTileScheduler<128, 176, 256, 128, false, true, true, false, true, true> > > >(flash::enable_sm90_or_later<flash::FlashAttnFwdSm90<flash::CollectiveMainloopFwdSm90<2, cute::tuple<cute::C<1>, cute::C<1>, cute::C<1> >, cute::tuple<cute::C<128>, cute::C<176>, cute::C<128> >, 128, cutlass::bfloat16_t, float, cutlass::arch::Sm90, false, false, false, true, false, false, false, true, true, true, false, false>, flash::CollectiveEpilogueFwd<cute::tuple<cute::C<128>, cute::C<128>, cute::C<176> >, cute::tuple<cute::C<1>, cute::C<1>, cute::C<1> >, cutlass::bfloat16_t, cutlass::arch::Sm90, 256, true, true, false, false>, flash::VarlenDynamicPersistentTileScheduler<128, 176, 256, 128, false, true, true, false, true, true> > >::Params)",1,operator_shape_matched,"[[98304,32,128],[101376,8,128],[101376,8,128],[],[],[],[],[3],[3],[],[],[],[],[],[],[],[],[],[],[],[],[],[],[],[],[],[],[],[],[],[],[],[],[]]","[""c10::BFloat16"",""c10::BFloat16"",""c10::BFloat16"","""","""","""","""",""int"",""int"","""","""","""",""Scalar"",""Scalar"","""","""","""","""","""","""","""","""","""",""Scalar"",""Scalar"",""Scalar"",""Scalar"",""Scalar"",""Scalar"",""Scalar"","""",""Scalar"","""",""Scalar""]",null,144,18913802.775
null,flash_attn_3::fwd,"void cutlass::device_kernel<flash::enable_sm90_or_later<flash::FlashAttnFwdSm90<flash::CollectiveMainloopFwdSm90<2, cute::tuple<cute::C<1>, cute::C<1>, cute::C<1> >, cute::tuple<cute::C<128>, cute::C<176>, cute::C<128> >, 128, cutlass::bfloat16_t, float, cutlass::arch::Sm90, false, false, false, true, false, false, false, true, true, true, false, false>, flash::CollectiveEpilogueFwd<cute::tuple<cute::C<128>, cute::C<128>, cute::C<176> >, cute::tuple<cute::C<1>, cute::C<1>, cute::C<1> >, cutlass::bfloat16_t, cutlass::arch::Sm90, 256, true, true, false, false>, flash::VarlenDynamicPersistentTileScheduler<128, 176, 256, 128, false, true, true, false, true, true> > > >(flash::enable_sm90_or_later<flash::FlashAttnFwdSm90<flash::CollectiveMainloopFwdSm90<2, cute::tuple<cute::C<1>, cute::C<1>, cute::C<1> >, cute::tuple<cute::C<128>, cute::C<176>, cute::C<128> >, 128, cutlass::bfloat16_t, float, cutlass::arch::Sm90, false, false, false, true, false, false, false, true, true, true, false, false>, flash::CollectiveEpilogueFwd<cute::tuple<cute::C<128>, cute::C<128>, cute::C<176> >, cute::tuple<cute::C<1>, cute::C<1>, cute::C<1> >, cutlass::bfloat16_t, cutlass::arch::Sm90, 256, true, true, false, false>, flash::VarlenDynamicPersistentTileScheduler<128, 176, 256, 128, false, true, true, false, true, true> > >::Params)",2,operator_shape_matched,"[[98304,32,128],[101376,8,128],[101376,8,128],[],[],[],[],[6],[6],[],[],[],[],[],[],[],[],[],[],[],[],[],[],[],[],[],[],[],[],[],[],[],[],[]]","[""c10::BFloat16"",""c10::BFloat16"",""c10::BFloat16"","""","""","""","""",""int"",""int"","""","""","""",""Scalar"",""Scalar"","""","""","""","""","""","""","""","""","""",""Scalar"",""Scalar"",""Scalar"",""Scalar"",""Scalar"",""Scalar"",""Scalar"","""",""Scalar"","""",""Scalar""]",null,72,5486531.997
null,flash_attn_3::fwd,"void cutlass::device_kernel<flash::enable_sm90_or_later<flash::FlashAttnFwdSm90<flash::CollectiveMainloopFwdSm90<2, cute::tuple<cute::C<1>, cute::C<1>, cute::C<1> >, cute::tuple<cute::C<128>, cute::C<176>, cute::C<128> >, 128, cutlass::bfloat16_t, float, cutlass::arch::Sm90, false, false, false, true, false, false, false, true, true, true, false, false>, flash::CollectiveEpilogueFwd<cute::tuple<cute::C<128>, cute::C<128>, cute::C<176> >, cute::tuple<cute::C<1>, cute::C<1>, cute::C<1> >, cutlass::bfloat16_t, cutlass::arch::Sm90, 256, true, true, false, false>, flash::VarlenDynamicPersistentTileScheduler<128, 176, 256, 128, false, true, true, false, true, true> > > >(flash::enable_sm90_or_later<flash::FlashAttnFwdSm90<flash::CollectiveMainloopFwdSm90<2, cute::tuple<cute::C<1>, cute::C<1>, cute::C<1> >, cute::tuple<cute::C<128>, cute::C<176>, cute::C<128> >, 128, cutlass::bfloat16_t, float, cutlass::arch::Sm90, false, false, false, true, false, false, false, true, true, true, false, false>, flash::CollectiveEpilogueFwd<cute::tuple<cute::C<128>, cute::C<128>, cute::C<176> >, cute::tuple<cute::C<1>, cute::C<1>, cute::C<1> >, cutlass::bfloat16_t, cutlass::arch::Sm90, 256, true, true, false, false>, flash::VarlenDynamicPersistentTileScheduler<128, 176, 256, 128, false, true, true, false, true, true> > >::Params)",3,operator_shape_matched,"[[98304,32,128],[101376,8,128],[101376,8,128],[],[],[],[],[8],[8],[],[],[],[],[],[],[],[],[],[],[],[],[],[],[],[],[],[],[],[],[],[],[],[],[]]","[""c10::BFloat16"",""c10::BFloat16"",""c10::BFloat16"","""","""","""","""",""int"",""int"","""","""","""",""Scalar"",""Scalar"","""","""","""","""","""","""","""","""","""",""Scalar"",""Scalar"",""Scalar"",""Scalar"",""Scalar"",""Scalar"",""Scalar"","""",""Scalar"","""",""Scalar""]",null,72,3867043.857
null,flash_attn_3::fwd,"void cutlass::device_kernel<flash::enable_sm90_or_later<flash::FlashAttnFwdSm90<flash::CollectiveMainloopFwdSm90<2, cute::tuple<cute::C<1>, cute::C<1>, cute::C<1> >, cute::tuple<cute::C<128>, cute::C<176>, cute::C<128> >, 128, cutlass::bfloat16_t, float, cutlass::arch::Sm90, false, false, false, true, false, false, false, true, true, true, false, false>, flash::CollectiveEpilogueFwd<cute::tuple<cute::C<128>, cute::C<128>, cute::C<176> >, cute::tuple<cute::C<1>, cute::C<1>, cute::C<1> >, cutlass::bfloat16_t, cutlass::arch::Sm90, 256, true, true, false, false>, flash::VarlenDynamicPersistentTileScheduler<128, 176, 256, 128, false, true, true, false, true, true> > > >(flash::enable_sm90_or_later<flash::FlashAttnFwdSm90<flash::CollectiveMainloopFwdSm90<2, cute::tuple<cute::C<1>, cute::C<1>, cute::C<1> >, cute::tuple<cute::C<128>, cute::C<176>, cute::C<128> >, 128, cutlass::bfloat16_t, float, cutlass::arch::Sm90, false, false, false, true, false, false, false, true, true, true, false, false>, flash::CollectiveEpilogueFwd<cute::tuple<cute::C<128>, cute::C<128>, cute::C<176> >, cute::tuple<cute::C<1>, cute::C<1>, cute::C<1> >, cutlass::bfloat16_t, cutlass::arch::Sm90, 256, true, true, false, false>, flash::VarlenDynamicPersistentTileScheduler<128, 176, 256, 128, false, true, true, false, true, true> > >::Params)",4,operator_shape_matched,"[[98304,32,128],[101376,8,128],[101376,8,128],[],[],[],[],[9],[9],[],[],[],[],[],[],[],[],[],[],[],[],[],[],[],[],[],[],[],[],[],[],[],[],[]]","[""c10::BFloat16"",""c10::BFloat16"",""c10::BFloat16"","""","""","""","""",""int"",""int"","""","""","""",""Scalar"",""Scalar"","""","""","""","""","""","""","""","""","""",""Scalar"",""Scalar"",""Scalar"",""Scalar"",""Scalar"",""Scalar"",""Scalar"","""",""Scalar"","""",""Scalar""]",null,72,3273455.851
null,flash_attn_3::fwd,"void cutlass::device_kernel<flash::enable_sm90_or_later<flash::FlashAttnFwdSm90<flash::CollectiveMainloopFwdSm90<2, cute::tuple<cute::C<1>, cute::C<1>, cute::C<1> >, cute::tuple<cute::C<128>, cute::C<176>, cute::C<128> >, 128, cutlass::bfloat16_t, float, cutlass::arch::Sm90, false, false, false, true, false, false, false, true, true, true, false, false>, flash::CollectiveEpilogueFwd<cute::tuple<cute::C<128>, cute::C<128>, cute::C<176> >, cute::tuple<cute::C<1>, cute::C<1>, cute::C<1> >, cutlass::bfloat16_t, cutlass::arch::Sm90, 256, true, true, false, false>, flash::VarlenDynamicPersistentTileScheduler<128, 176, 256, 128, false, true, true, false, true, true> > > >(flash::enable_sm90_or_later<flash::FlashAttnFwdSm90<flash::CollectiveMainloopFwdSm90<2, cute::tuple<cute::C<1>, cute::C<1>, cute::C<1> >, cute::tuple<cute::C<128>, cute::C<176>, cute::C<128> >, 128, cutlass::bfloat16_t, float, cutlass::arch::Sm90, false, false, false, true, false, false, false, true, true, true, false, false>, flash::CollectiveEpilogueFwd<cute::tuple<cute::C<128>, cute::C<128>, cute::C<176> >, cute::tuple<cute::C<1>, cute::C<1>, cute::C<1> >, cutlass::bfloat16_t, cutlass::arch::Sm90, 256, true, true, false, false>, flash::VarlenDynamicPersistentTileScheduler<128, 176, 256, 128, false, true, true, false, true, true> > >::Params)",5,operator_shape_matched,"[[98304,32,128],[101376,8,128],[101376,8,128],[],[],[],[],[16],[16],[],[],[],[],[],[],[],[],[],[],[],[],[],[],[],[],[],[],[],[],[],[],[],[],[]]","[""c10::BFloat16"",""c10::BFloat16"",""c10::BFloat16"","""","""","""","""",""int"",""int"","""","""","""",""Scalar"",""Scalar"","""","""","""","""","""","""","""","""","""",""Scalar"",""Scalar"",""Scalar"",""Scalar"",""Scalar"",""Scalar"",""Scalar"","""",""Scalar"","""",""Scalar""]",null,72,1678965.633
null,flash_attn_3::fwd,"void flash::prepare_varlen_num_blocks_kernel<1, true>(int, int, int, int const*, int const*, int const*, int const*, int const*, int const*, int, int, int, int, int, cutlass::FastDivmod, cutlass::FastDivmod, int*, int*, int*, int*, int*, bool, bool, bool, int)",1,operator_shape_matched,"[[3072,32,128],[3072,8,128],[3072,8,128],[],[],[],[],[3],[3],[],[],[],[],[],[],[],[],[],[],[],[],[],[],[],[],[],[],[],[],[],[],[],[],[]]","[""c10::BFloat16"",""c10::BFloat16"",""c10::BFloat16"","""","""","""","""",""int"",""int"","""","""","""",""Scalar"",""Scalar"","""","""","""","""","""","""","""","""","""",""Scalar"",""Scalar"",""Scalar"",""Scalar"",""Scalar"",""Scalar"",""Scalar"","""",""Scalar"","""",""Scalar""]",null,144,713.48
null,flash_attn_3::fwd,"void flash::prepare_varlen_num_blocks_kernel<1, true>(int, int, int, int const*, int const*, int const*, int const*, int const*, int const*, int, int, int, int, int, cutlass::FastDivmod, cutlass::FastDivmod, int*, int*, int*, int*, int*, bool, bool, bool, int)",2,operator_shape_matched,"[[98304,32,128],[101376,8,128],[101376,8,128],[],[],[],[],[3],[3],[],[],[],[],[],[],[],[],[],[],[],[],[],[],[],[],[],[],[],[],[],[],[],[],[]]","[""c10::BFloat16"",""c10::BFloat16"",""c10::BFloat16"","""","""","""","""",""int"",""int"","""","""","""",""Scalar"",""Scalar"","""","""","""","""","""","""","""","""","""",""Scalar"",""Scalar"",""Scalar"",""Scalar"",""Scalar"",""Scalar"",""Scalar"","""",""Scalar"","""",""Scalar""]",null,144,599.518
null,flash_attn_3::fwd,"void flash::prepare_varlen_num_blocks_kernel<1, true>(int, int, int, int const*, int const*, int const*, int const*, int const*, int const*, int, int, int, int, int, cutlass::FastDivmod, cutlass::FastDivmod, int*, int*, int*, int*, int*, bool, bool, bool, int)",3,operator_shape_matched,"[[3072,32,128],[3072,8,128],[3072,8,128],[],[],[],[],[8],[8],[],[],[],[],[],[],[],[],[],[],[],[],[],[],[],[],[],[],[],[],[],[],[],[],[]]","[""c10::BFloat16"",""c10::BFloat16"",""c10::BFloat16"","""","""","""","""",""int"",""int"","""","""","""",""Scalar"",""Scalar"","""","""","""","""","""","""","""","""","""",""Scalar"",""Scalar"",""Scalar"",""Scalar"",""Scalar"",""Scalar"",""Scalar"","""",""Scalar"","""",""Scalar""]",null,72,399.717
null,flash_attn_3::fwd,"void flash::prepare_varlen_num_blocks_kernel<1, true>(int, int, int, int const*, int const*, int const*, int const*, int const*, int const*, int, int, int, int, int, cutlass::FastDivmod, cutlass::FastDivmod, int*, int*, int*, int*, int*, bool, bool, bool, int)",4,operator_shape_matched,"[[3072,32,128],[3072,8,128],[3072,8,128],[],[],[],[],[6],[6],[],[],[],[],[],[],[],[],[],[],[],[],[],[],[],[],[],[],[],[],[],[],[],[],[]]","[""c10::BFloat16"",""c10::BFloat16"",""c10::BFloat16"","""","""","""","""",""int"",""int"","""","""","""",""Scalar"",""Scalar"","""","""","""","""","""","""","""","""","""",""Scalar"",""Scalar"",""Scalar"",""Scalar"",""Scalar"",""Scalar"",""Scalar"","""",""Scalar"","""",""Scalar""]",null,72,397.953
null,flash_attn_3::fwd,"void flash::prepare_varlen_num_blocks_kernel<1, true>(int, int, int, int const*, int const*, int const*, int const*, int const*, int const*, int, int, int, int, int, cutlass::FastDivmod, cutlass::FastDivmod, int*, int*, int*, int*, int*, bool, bool, bool, int)",5,operator_shape_matched,"[[98304,32,128],[101376,8,128],[101376,8,128],[],[],[],[],[8],[8],[],[],[],[],[],[],[],[],[],[],[],[],[],[],[],[],[],[],[],[],[],[],[],[],[]]","[""c10::BFloat16"",""c10::BFloat16"",""c10::BFloat16"","""","""","""","""",""int"",""int"","""","""","""",""Scalar"",""Scalar"","""","""","""","""","""","""","""","""","""",""Scalar"",""Scalar"",""Scalar"",""Scalar"",""Scalar"",""Scalar"",""Scalar"","""",""Scalar"","""",""Scalar""]",null,72,351.562
null,flash_attn_3::fwd,"void flash::prepare_varlen_num_blocks_kernel<1, true>(int, int, int, int const*, int const*, int const*, int const*, int const*, int const*, int, int, int, int, int, cutlass::FastDivmod, cutlass::FastDivmod, int*, int*, int*, int*, int*, bool, bool, bool, int)",6,operator_shape_matched,"[[3072,32,128],[3072,8,128],[3072,8,128],[],[],[],[],[16],[16],[],[],[],[],[],[],[],[],[],[],[],[],[],[],[],[],[],[],[],[],[],[],[],[],[]]","[""c10::BFloat16"",""c10::BFloat16"",""c10::BFloat16"","""","""","""","""",""int"",""int"","""","""","""",""Scalar"",""Scalar"","""","""","""","""","""","""","""","""","""",""Scalar"",""Scalar"",""Scalar"",""Scalar"",""Scalar"",""Scalar"",""Scalar"","""",""Scalar"","""",""Scalar""]",null,72,342.596
null,flash_attn_3::fwd,"void flash::prepare_varlen_num_blocks_kernel<1, true>(int, int, int, int const*, int const*, int const*, int const*, int const*, int const*, int, int, int, int, int, cutlass::FastDivmod, cutlass::FastDivmod, int*, int*, int*, int*, int*, bool, bool, bool, int)",7,operator_shape_matched,"[[98304,32,128],[101376,8,128],[101376,8,128],[],[],[],[],[6],[6],[],[],[],[],[],[],[],[],[],[],[],[],[],[],[],[],[],[],[],[],[],[],[],[],[]]","[""c10::BFloat16"",""c10::BFloat16"",""c10::BFloat16"","""","""","""","""",""int"",""int"","""","""","""",""Scalar"",""Scalar"","""","""","""","""","""","""","""","""","""",""Scalar"",""Scalar"",""Scalar"",""Scalar"",""Scalar"",""Scalar"",""Scalar"","""",""Scalar"","""",""Scalar""]",null,72,341.539
null,flash_attn_3::fwd,"void flash::prepare_varlen_num_blocks_kernel<1, true>(int, int, int, int const*, int const*, int const*, int const*, int const*, int const*, int, int, int, int, int, cutlass::FastDivmod, cutlass::FastDivmod, int*, int*, int*, int*, int*, bool, bool, bool, int)",8,operator_shape_matched,"[[98304,32,128],[101376,8,128],[101376,8,128],[],[],[],[],[16],[16],[],[],[],[],[],[],[],[],[],[],[],[],[],[],[],[],[],[],[],[],[],[],[],[],[]]","[""c10::BFloat16"",""c10::BFloat16"",""c10::BFloat16"","""","""","""","""",""int"",""int"","""","""","""",""Scalar"",""Scalar"","""","""","""","""","""","""","""","""","""",""Scalar"",""Scalar"",""Scalar"",""Scalar"",""Scalar"",""Scalar"",""Scalar"","""",""Scalar"","""",""Scalar""]",null,72,323.963
null,flash_attn_3::fwd,"void flash::prepare_varlen_num_blocks_kernel<1, true>(int, int, int, int const*, int const*, int const*, int const*, int const*, int const*, int, int, int, int, int, cutlass::FastDivmod, cutlass::FastDivmod, int*, int*, int*, int*, int*, bool, bool, bool, int)",9,operator_shape_matched,"[[3072,32,128],[3072,8,128],[3072,8,128],[],[],[],[],[9],[9],[],[],[],[],[],[],[],[],[],[],[],[],[],[],[],[],[],[],[],[],[],[],[],[],[]]","[""c10::BFloat16"",""c10::BFloat16"",""c10::BFloat16"","""","""","""","""",""int"",""int"","""","""","""",""Scalar"",""Scalar"","""","""","""","""","""","""","""","""","""",""Scalar"",""Scalar"",""Scalar"",""Scalar"",""Scalar"",""Scalar"",""Scalar"","""",""Scalar"","""",""Scalar""]",null,72,320.322
null,flash_attn_3::fwd,"void flash::prepare_varlen_num_blocks_kernel<1, true>(int, int, int, int const*, int const*, int const*, int const*, int const*, int const*, int, int, int, int, int, cutlass::FastDivmod, cutlass::FastDivmod, int*, int*, int*, int*, int*, bool, bool, bool, int)",10,operator_shape_matched,"[[98304,32,128],[101376,8,128],[101376,8,128],[],[],[],[],[9],[9],[],[],[],[],[],[],[],[],[],[],[],[],[],[],[],[],[],[],[],[],[],[],[],[],[]]","[""c10::BFloat16"",""c10::BFloat16"",""c10::BFloat16"","""","""","""","""",""int"",""int"","""","""","""",""Scalar"",""Scalar"","""","""","""","""","""","""","""","""","""",""Scalar"",""Scalar"",""Scalar"",""Scalar"",""Scalar"",""Scalar"",""Scalar"","""",""Scalar"","""",""Scalar""]",null,72,311.299
null,triton_per_fused__flash_attn_forward__to_copy_add_cat_mean_mul_neg_pow_rsqrt_slice_squeeze_unsqueeze_view_12,triton_per_fused__flash_attn_forward__to_copy_add_cat_mean_mul_neg_pow_rsqrt_slice_squeeze_unsqueeze_view_12,1,operator_shape_matched,"[[98304,32,128],[98304,4096],[128],[98304,128],[98304,128],[],[]]","[""c10::BFloat16"",""c10::BFloat16"",""c10::BFloat16"",""c10::BFloat16"",""c10::BFloat16"",""Scalar"",""Scalar""]",null,216,160267.323
null,triton_per_fused__flash_attn_forward__to_copy_add_cat_mean_mul_neg_pow_rsqrt_slice_squeeze_unsqueeze_view_2,triton_per_fused__flash_attn_forward__to_copy_add_cat_mean_mul_neg_pow_rsqrt_slice_squeeze_unsqueeze_view_2,1,operator_shape_matched,"[[3072,32,128],[3072,4096],[128],[3072,128],[3072,128],[],[]]","[""c10::BFloat16"",""c10::BFloat16"",""c10::BFloat16"",""c10::BFloat16"",""c10::BFloat16"",""Scalar"",""Scalar""]",null,216,7307.756
null,triton_per_fused__to_copy_add_cat_mean_mul_neg_pow_rsqrt_slice_unsqueeze_view_1,triton_per_fused__to_copy_add_cat_mean_mul_neg_pow_rsqrt_slice_unsqueeze_view_1,1,operator_shape_matched,"[[98304,1024],[128],[98304,128],[98304,8,1],[98304,8,128],[],[]]","[""c10::BFloat16"",""c10::BFloat16"",""c10::BFloat16"",""float"",""c10::BFloat16"",""Scalar"",""Scalar""]",null,216,35624.957
null,triton_per_fused__to_copy_add_cat_mean_mul_neg_pow_rsqrt_slice_unsqueeze_view_1,triton_per_fused__to_copy_add_cat_mean_mul_neg_pow_rsqrt_slice_unsqueeze_view_1,2,operator_shape_matched,"[[3072,8,128],[3072,1024],[128],[3072,128],[3072,128],[],[]]","[""c10::BFloat16"",""c10::BFloat16"",""c10::BFloat16"",""c10::BFloat16"",""c10::BFloat16"",""Scalar"",""Scalar""]",null,216,2899.687
null,triton_per_fused__to_copy_add_cat_mean_mul_neg_pow_rsqrt_slice_unsqueeze_view_10,triton_per_fused__to_copy_add_cat_mean_mul_neg_pow_rsqrt_slice_unsqueeze_view_10,1,operator_shape_matched,"[[98304,1024],[128],[98304,128],[98304,8,1],[98304,8,128],[],[]]","[""c10::BFloat16"",""c10::BFloat16"",""c10::BFloat16"",""float"",""c10::BFloat16"",""Scalar"",""Scalar""]",null,216,37916.044
null,triton_per_fused__to_copy_add_cat_mean_mul_neg_pow_rsqrt_slice_unsqueeze_view_10,triton_per_fused__to_copy_add_cat_mean_mul_neg_pow_rsqrt_slice_unsqueeze_view_10,2,operator_shape_matched,"[[3072,32,128],[3072,4096],[128],[3072,128],[3072,128],[3072,32,1],[],[]]","[""c10::BFloat16"",""c10::BFloat16"",""c10::BFloat16"",""c10::BFloat16"",""c10::BFloat16"",""float"",""Scalar"",""Scalar""]",null,216,5519.656
null,triton_per_fused__to_copy_add_cat_mean_mul_neg_pow_rsqrt_slice_unsqueeze_view_3,triton_per_fused__to_copy_add_cat_mean_mul_neg_pow_rsqrt_slice_unsqueeze_view_3,1,operator_shape_matched,"[[3072,8,128],[3072,1024],[128],[3072,128],[3072,128],[3072,8,1],[],[]]","[""c10::BFloat16"",""c10::BFloat16"",""c10::BFloat16"",""c10::BFloat16"",""c10::BFloat16"",""float"",""Scalar"",""Scalar""]",null,216,1856.724
null,triton_per_fused__to_copy_add_cat_mean_mul_neg_pow_rsqrt_slice_unsqueeze_view_8,triton_per_fused__to_copy_add_cat_mean_mul_neg_pow_rsqrt_slice_unsqueeze_view_8,1,operator_shape_matched,"[[98304,32,128],[98304,4096],[128],[98304,128],[98304,128],[98304,32,1],[],[]]","[""c10::BFloat16"",""c10::BFloat16"",""c10::BFloat16"",""c10::BFloat16"",""c10::BFloat16"",""float"",""Scalar"",""Scalar""]",null,216,187033.614
null,triton_per_fused__to_copy_add_div_expand_index_mean_mul_neg_pow_rsqrt_slice_slice_backward_squeeze_sum_unsqueeze_view_23,triton_per_fused__to_copy_add_div_expand_index_mean_mul_neg_pow_rsqrt_slice_slice_backward_squeeze_sum_unsqueeze_view_23,1,operator_shape_matched,"[[3072,8,128],[2612],[101376,8,128],[3072,8,128],[3072,128],[3072,128],[128],[3072,1024],[3072,8,1],[],[],[]]","[""c10::BFloat16"",""int"",""c10::BFloat16"",""c10::BFloat16"",""c10::BFloat16"",""c10::BFloat16"",""c10::BFloat16"",""c10::BFloat16"",""float"",""Scalar"",""Scalar"",""Scalar""]",null,36,553.443
null,triton_per_fused__to_copy_add_div_expand_index_mean_mul_neg_pow_rsqrt_slice_slice_backward_squeeze_sum_unsqueeze_view_23,triton_per_fused__to_copy_add_div_expand_index_mean_mul_neg_pow_rsqrt_slice_slice_backward_squeeze_sum_unsqueeze_view_23,2,operator_shape_matched,"[[3072,8,128],[1394],[101376,8,128],[3072,8,128],[3072,128],[3072,128],[128],[3072,1024],[3072,8,1],[],[],[]]","[""c10::BFloat16"",""int"",""c10::BFloat16"",""c10::BFloat16"",""c10::BFloat16"",""c10::BFloat16"",""c10::BFloat16"",""c10::BFloat16"",""float"",""Scalar"",""Scalar"",""Scalar""]",null,36,530.498
null,triton_per_fused__to_copy_add_div_expand_index_mean_mul_neg_pow_rsqrt_slice_slice_backward_squeeze_sum_unsqueeze_view_23,triton_per_fused__to_copy_add_div_expand_index_mean_mul_neg_pow_rsqrt_slice_slice_backward_squeeze_sum_unsqueeze_view_23,3,operator_shape_matched,"[[3072,8,128],[1170],[101376,8,128],[3072,8,128],[3072,128],[3072,128],[128],[3072,1024],[3072,8,1],[],[],[]]","[""c10::BFloat16"",""int"",""c10::BFloat16"",""c10::BFloat16"",""c10::BFloat16"",""c10::BFloat16"",""c10::BFloat16"",""c10::BFloat16"",""float"",""Scalar"",""Scalar"",""Scalar""]",null,36,492.611
null,triton_per_fused__to_copy_add_div_expand_index_mean_mul_neg_pow_rsqrt_slice_slice_backward_squeeze_sum_unsqueeze_view_23,triton_per_fused__to_copy_add_div_expand_index_mean_mul_neg_pow_rsqrt_slice_slice_backward_squeeze_sum_unsqueeze_view_23,4,operator_shape_matched,"[[3072,8,128],[906],[101376,8,128],[3072,8,128],[3072,128],[3072,128],[128],[3072,1024],[3072,8,1],[],[],[]]","[""c10::BFloat16"",""int"",""c10::BFloat16"",""c10::BFloat16"",""c10::BFloat16"",""c10::BFloat16"",""c10::BFloat16"",""c10::BFloat16"",""float"",""Scalar"",""Scalar"",""Scalar""]",null,36,466.916
null,triton_per_fused__to_copy_add_div_expand_index_mean_mul_neg_pow_rsqrt_slice_slice_backward_squeeze_sum_unsqueeze_view_23,triton_per_fused__to_copy_add_div_expand_index_mean_mul_neg_pow_rsqrt_slice_slice_backward_squeeze_sum_unsqueeze_view_23,5,operator_shape_matched,"[[3072,8,128],[289],[101376,8,128],[3072,8,128],[3072,128],[3072,128],[128],[3072,1024],[3072,8,1],[],[],[]]","[""c10::BFloat16"",""int"",""c10::BFloat16"",""c10::BFloat16"",""c10::BFloat16"",""c10::BFloat16"",""c10::BFloat16"",""c10::BFloat16"",""float"",""Scalar"",""Scalar"",""Scalar""]",null,36,408.805
null,triton_per_fused__to_copy_add_div_expand_index_mean_mul_neg_pow_rsqrt_slice_slice_backward_squeeze_sum_unsqueeze_view_23,triton_per_fused__to_copy_add_div_expand_index_mean_mul_neg_pow_rsqrt_slice_slice_backward_squeeze_sum_unsqueeze_view_23,6,operator_shape_matched,"[[3072,8,128],[301],[101376,8,128],[3072,8,128],[3072,128],[3072,128],[128],[3072,1024],[3072,8,1],[],[],[]]","[""c10::BFloat16"",""int"",""c10::BFloat16"",""c10::BFloat16"",""c10::BFloat16"",""c10::BFloat16"",""c10::BFloat16"",""c10::BFloat16"",""float"",""Scalar"",""Scalar"",""Scalar""]",null,36,408.415
null,triton_per_fused__to_copy_add_div_expand_mean_mul_neg_pow_rsqrt_slice_slice_backward_squeeze_sum_unsqueeze_view_24,triton_per_fused__to_copy_add_div_expand_mean_mul_neg_pow_rsqrt_slice_slice_backward_squeeze_sum_unsqueeze_view_24,1,operator_shape_matched,"[[3072,32,128],[3072,32,128],[3072,128],[3072,128],[128],[3072,32,1],[],[]]","[""c10::BFloat16"",""c10::BFloat16"",""c10::BFloat16"",""c10::BFloat16"",""c10::BFloat16"",""float"",""Scalar"",""Scalar""]",null,216,5962.853
null,triton_per_fused__to_copy_add_div_expand_mean_mul_pow_rsqrt_scalar_tensor_sum_unsqueeze_where_19,triton_per_fused__to_copy_add_div_expand_mean_mul_pow_rsqrt_scalar_tensor_sum_unsqueeze_where_19,1,operator_shape_matched,"[[98304,4096],[98304,4096],[98304,4096],[4096],[98304,4096],[98304,4096],[98304,1],[98304],[98304,4096],[98304,4096],[98304,4096],[98304,1],[98304,4096],[25165824],[],[]]","[""c10::BFloat16"",""c10::BFloat16"",""c10::BFloat16"",""c10::BFloat16"",""c10::BFloat16"",""c10::BFloat16"",""float"",""bool"",""c10::BFloat16"",""c10::BFloat16"",""c10::BFloat16"",""float"",""c10::BFloat16"",""float"",""Scalar"",""Scalar""]",null,216,512647.181
null,triton_per_fused__to_copy_add_div_expand_mean_mul_pow_rsqrt_sum_view_16,triton_per_fused__to_copy_add_div_expand_mean_mul_pow_rsqrt_sum_view_16,1,operator_shape_matched,"[[98304,8,128],[128],[98304,1024],[98304,8,1],[98304,8,128],[3145728],[],[]]","[""c10::BFloat16"",""c10::BFloat16"",""c10::BFloat16"",""float"",""c10::BFloat16"",""float"",""Scalar"",""Scalar""]",null,216,45261.19
null,triton_per_fused__to_copy_add_div_expand_mean_mul_pow_rsqrt_sum_view_18,triton_per_fused__to_copy_add_div_expand_mean_mul_pow_rsqrt_sum_view_18,1,operator_shape_matched,"[[98304,32,128],[128],[98304,4096],[98304,32,1],[98304,32,128],[12582912],[],[]]","[""c10::BFloat16"",""c10::BFloat16"",""c10::BFloat16"",""float"",""c10::BFloat16"",""float"",""Scalar"",""Scalar""]",null,216,177494.756
null,triton_poi_fused__to_copy_add_index_put_mean_mul_pow_rsqrt_slice_unsqueeze_view_11,triton_poi_fused__to_copy_add_index_put_mean_mul_pow_rsqrt_slice_unsqueeze_view_11,1,operator_shape_matched,"[[97800],[128],[98304,1024],[98304,8,1],[98304,128],[98304,8,128],[101376,8,128],[]]","[""int"",""c10::BFloat16"",""c10::BFloat16"",""float"",""c10::BFloat16"",""c10::BFloat16"",""c10::BFloat16"",""Scalar""]",null,36,7901.29
null,triton_poi_fused__to_copy_add_index_put_mean_mul_pow_rsqrt_slice_unsqueeze_view_11,triton_poi_fused__to_copy_add_index_put_mean_mul_pow_rsqrt_slice_unsqueeze_view_11,2,operator_shape_matched,"[[96577],[128],[98304,1024],[98304,8,1],[98304,128],[98304,8,128],[101376,8,128],[]]","[""int"",""c10::BFloat16"",""c10::BFloat16"",""float"",""c10::BFloat16"",""c10::BFloat16"",""c10::BFloat16"",""Scalar""]",null,36,7533.799
null,triton_poi_fused__to_copy_add_index_put_mean_mul_pow_rsqrt_slice_unsqueeze_view_11,triton_poi_fused__to_copy_add_index_put_mean_mul_pow_rsqrt_slice_unsqueeze_view_11,3,operator_shape_matched,"[[94380],[128],[98304,1024],[98304,8,1],[98304,128],[98304,8,128],[101376,8,128],[]]","[""int"",""c10::BFloat16"",""c10::BFloat16"",""float"",""c10::BFloat16"",""c10::BFloat16"",""c10::BFloat16"",""Scalar""]",null,36,7482.151
null,triton_poi_fused__to_copy_add_index_put_mean_mul_pow_rsqrt_slice_unsqueeze_view_11,triton_poi_fused__to_copy_add_index_put_mean_mul_pow_rsqrt_slice_unsqueeze_view_11,4,operator_shape_matched,"[[90712],[128],[98304,1024],[98304,8,1],[98304,128],[98304,8,128],[101376,8,128],[]]","[""int"",""c10::BFloat16"",""c10::BFloat16"",""float"",""c10::BFloat16"",""c10::BFloat16"",""c10::BFloat16"",""Scalar""]",null,36,6912.232
null,triton_poi_fused__to_copy_add_index_put_mean_mul_pow_rsqrt_slice_unsqueeze_view_11,triton_poi_fused__to_copy_add_index_put_mean_mul_pow_rsqrt_slice_unsqueeze_view_11,5,operator_shape_matched,"[[58650],[128],[98304,1024],[98304,8,1],[98304,128],[98304,8,128],[101376,8,128],[]]","[""int"",""c10::BFloat16"",""c10::BFloat16"",""float"",""c10::BFloat16"",""c10::BFloat16"",""c10::BFloat16"",""Scalar""]",null,36,4612.219
null,triton_poi_fused__to_copy_add_index_put_mean_mul_pow_rsqrt_slice_unsqueeze_view_11,triton_poi_fused__to_copy_add_index_put_mean_mul_pow_rsqrt_slice_unsqueeze_view_11,6,operator_shape_matched,"[[56304],[128],[98304,1024],[98304,8,1],[98304,128],[98304,8,128],[101376,8,128],[]]","[""int"",""c10::BFloat16"",""c10::BFloat16"",""float"",""c10::BFloat16"",""c10::BFloat16"",""c10::BFloat16"",""Scalar""]",null,36,4417.464
null,triton_poi_fused__to_copy_add_index_put_mean_mul_pow_rsqrt_slice_unsqueeze_view_6,triton_poi_fused__to_copy_add_index_put_mean_mul_pow_rsqrt_slice_unsqueeze_view_6,1,operator_shape_matched,"[[90712],[128],[98304,1024],[98304,8,1],[98304,128],[98304,8,128],[101376,8,128],[]]","[""int"",""c10::BFloat16"",""c10::BFloat16"",""float"",""c10::BFloat16"",""c10::BFloat16"",""c10::BFloat16"",""Scalar""]",null,36,7891.912
null,triton_poi_fused__to_copy_add_index_put_mean_mul_pow_rsqrt_slice_unsqueeze_view_6,triton_poi_fused__to_copy_add_index_put_mean_mul_pow_rsqrt_slice_unsqueeze_view_6,2,operator_shape_matched,"[[97800],[128],[98304,1024],[98304,8,1],[98304,128],[98304,8,128],[101376,8,128],[]]","[""int"",""c10::BFloat16"",""c10::BFloat16"",""float"",""c10::BFloat16"",""c10::BFloat16"",""c10::BFloat16"",""Scalar""]",null,36,7701.575
null,triton_poi_fused__to_copy_add_index_put_mean_mul_pow_rsqrt_slice_unsqueeze_view_6,triton_poi_fused__to_copy_add_index_put_mean_mul_pow_rsqrt_slice_unsqueeze_view_6,3,operator_shape_matched,"[[96577],[128],[98304,1024],[98304,8,1],[98304,128],[98304,8,128],[101376,8,128],[]]","[""int"",""c10::BFloat16"",""c10::BFloat16"",""float"",""c10::BFloat16"",""c10::BFloat16"",""c10::BFloat16"",""Scalar""]",null,36,7429.229
null,triton_poi_fused__to_copy_add_index_put_mean_mul_pow_rsqrt_slice_unsqueeze_view_6,triton_poi_fused__to_copy_add_index_put_mean_mul_pow_rsqrt_slice_unsqueeze_view_6,4,operator_shape_matched,"[[94380],[128],[98304,1024],[98304,8,1],[98304,128],[98304,8,128],[101376,8,128],[]]","[""int"",""c10::BFloat16"",""c10::BFloat16"",""float"",""c10::BFloat16"",""c10::BFloat16"",""c10::BFloat16"",""Scalar""]",null,36,7281.1
null,triton_poi_fused__to_copy_add_index_put_mean_mul_pow_rsqrt_slice_unsqueeze_view_6,triton_poi_fused__to_copy_add_index_put_mean_mul_pow_rsqrt_slice_unsqueeze_view_6,5,operator_shape_matched,"[[58650],[128],[98304,1024],[98304,8,1],[98304,128],[98304,8,128],[101376,8,128],[]]","[""int"",""c10::BFloat16"",""c10::BFloat16"",""float"",""c10::BFloat16"",""c10::BFloat16"",""c10::BFloat16"",""Scalar""]",null,36,4577.308
null,triton_poi_fused__to_copy_add_index_put_mean_mul_pow_rsqrt_slice_unsqueeze_view_6,triton_poi_fused__to_copy_add_index_put_mean_mul_pow_rsqrt_slice_unsqueeze_view_6,6,operator_shape_matched,"[[56304],[128],[98304,1024],[98304,8,1],[98304,128],[98304,8,128],[101376,8,128],[]]","[""int"",""c10::BFloat16"",""c10::BFloat16"",""float"",""c10::BFloat16"",""c10::BFloat16"",""c10::BFloat16"",""Scalar""]",null,36,4412.632
null,triton_poi_fused_add_index_mul_neg_slice_slice_backward_squeeze_unsqueeze_15,triton_poi_fused_add_index_mul_neg_slice_slice_backward_squeeze_unsqueeze_15,1,operator_shape_matched,"[[96577],[101376,8,128],[98304,128],[98304,128],[101376,8,128],[98304,8,128],[98304,8,128],[],[]]","[""int"",""c10::BFloat16"",""c10::BFloat16"",""c10::BFloat16"",""c10::BFloat16"",""c10::BFloat16"",""c10::BFloat16"",""Scalar"",""Scalar""]",null,36,10869.305
null,triton_poi_fused_add_index_mul_neg_slice_slice_backward_squeeze_unsqueeze_15,triton_poi_fused_add_index_mul_neg_slice_slice_backward_squeeze_unsqueeze_15,2,operator_shape_matched,"[[94380],[101376,8,128],[98304,128],[98304,128],[101376,8,128],[98304,8,128],[98304,8,128],[],[]]","[""int"",""c10::BFloat16"",""c10::BFloat16"",""c10::BFloat16"",""c10::BFloat16"",""c10::BFloat16"",""c10::BFloat16"",""Scalar"",""Scalar""]",null,36,10722.747
null,triton_poi_fused_add_index_mul_neg_slice_slice_backward_squeeze_unsqueeze_15,triton_poi_fused_add_index_mul_neg_slice_slice_backward_squeeze_unsqueeze_15,3,operator_shape_matched,"[[97800],[101376,8,128],[98304,128],[98304,128],[101376,8,128],[98304,8,128],[98304,8,128],[],[]]","[""int"",""c10::BFloat16"",""c10::BFloat16"",""c10::BFloat16"",""c10::BFloat16"",""c10::BFloat16"",""c10::BFloat16"",""Scalar"",""Scalar""]",null,36,10426.839
null,triton_poi_fused_add_index_mul_neg_slice_slice_backward_squeeze_unsqueeze_15,triton_poi_fused_add_index_mul_neg_slice_slice_backward_squeeze_unsqueeze_15,4,operator_shape_matched,"[[90712],[101376,8,128],[98304,128],[98304,128],[101376,8,128],[98304,8,128],[98304,8,128],[],[]]","[""int"",""c10::BFloat16"",""c10::BFloat16"",""c10::BFloat16"",""c10::BFloat16"",""c10::BFloat16"",""c10::BFloat16"",""Scalar"",""Scalar""]",null,36,10151.832
null,triton_poi_fused_add_index_mul_neg_slice_slice_backward_squeeze_unsqueeze_15,triton_poi_fused_add_index_mul_neg_slice_slice_backward_squeeze_unsqueeze_15,5,operator_shape_matched,"[[58650],[101376,8,128],[98304,128],[98304,128],[101376,8,128],[98304,8,128],[98304,8,128],[],[]]","[""int"",""c10::BFloat16"",""c10::BFloat16"",""c10::BFloat16"",""c10::BFloat16"",""c10::BFloat16"",""c10::BFloat16"",""Scalar"",""Scalar""]",null,36,8509.871
null,triton_poi_fused_add_index_mul_neg_slice_slice_backward_squeeze_unsqueeze_15,triton_poi_fused_add_index_mul_neg_slice_slice_backward_squeeze_unsqueeze_15,6,operator_shape_matched,"[[56304],[101376,8,128],[98304,128],[98304,128],[101376,8,128],[98304,8,128],[98304,8,128],[],[]]","[""int"",""c10::BFloat16"",""c10::BFloat16"",""c10::BFloat16"",""c10::BFloat16"",""c10::BFloat16"",""c10::BFloat16"",""Scalar"",""Scalar""]",null,36,8394.031
null,triton_poi_fused_add_index_slice_backward_squeeze_unsqueeze_25,triton_poi_fused_add_index_slice_backward_squeeze_unsqueeze_25,1,operator_shape_matched,"[[2612],[101376,8,128],[3072,8,128],[3072,8,128],[],[]]","[""int"",""c10::BFloat16"",""c10::BFloat16"",""c10::BFloat16"",""Scalar"",""Scalar""]",null,36,231.431
null,triton_poi_fused_add_index_slice_backward_squeeze_unsqueeze_25,triton_poi_fused_add_index_slice_backward_squeeze_unsqueeze_25,2,operator_shape_matched,"[[1170],[101376,8,128],[3072,8,128],[3072,8,128],[],[]]","[""int"",""c10::BFloat16"",""c10::BFloat16"",""c10::BFloat16"",""Scalar"",""Scalar""]",null,36,209.312
null,triton_poi_fused_add_index_slice_backward_squeeze_unsqueeze_25,triton_poi_fused_add_index_slice_backward_squeeze_unsqueeze_25,3,operator_shape_matched,"[[1394],[101376,8,128],[3072,8,128],[3072,8,128],[],[]]","[""int"",""c10::BFloat16"",""c10::BFloat16"",""c10::BFloat16"",""Scalar"",""Scalar""]",null,36,201.153
null,triton_poi_fused_add_index_slice_backward_squeeze_unsqueeze_25,triton_poi_fused_add_index_slice_backward_squeeze_unsqueeze_25,4,operator_shape_matched,"[[906],[101376,8,128],[3072,8,128],[3072,8,128],[],[]]","[""int"",""c10::BFloat16"",""c10::BFloat16"",""c10::BFloat16"",""Scalar"",""Scalar""]",null,36,196.994
null,triton_poi_fused_add_index_slice_backward_squeeze_unsqueeze_25,triton_poi_fused_add_index_slice_backward_squeeze_unsqueeze_25,5,operator_shape_matched,"[[289],[101376,8,128],[3072,8,128],[3072,8,128],[],[]]","[""int"",""c10::BFloat16"",""c10::BFloat16"",""c10::BFloat16"",""Scalar"",""Scalar""]",null,36,177.504
null,triton_poi_fused_add_index_slice_backward_squeeze_unsqueeze_25,triton_poi_fused_add_index_slice_backward_squeeze_unsqueeze_25,6,operator_shape_matched,"[[301],[101376,8,128],[3072,8,128],[3072,8,128],[],[]]","[""int"",""c10::BFloat16"",""c10::BFloat16"",""c10::BFloat16"",""Scalar"",""Scalar""]",null,36,175.233
null,triton_poi_fused_add_mul_neg_slice_slice_backward_squeeze_unsqueeze_17,triton_poi_fused_add_mul_neg_slice_slice_backward_squeeze_unsqueeze_17,1,operator_shape_matched,"[[98304,32,128],[98304,128],[98304,128],[98304,32,128],[]]","[""c10::BFloat16"",""c10::BFloat16"",""c10::BFloat16"",""c10::BFloat16"",""Scalar""]",null,216,124503.405
null,triton_poi_fused_add_new_zeros_unsqueeze_where_15,triton_poi_fused_add_new_zeros_unsqueeze_where_15,1,operator_shape_matched,"[[98304,4096],[98304],[98304,4096],[98304,4096],[]]","[""c10::BFloat16"",""bool"",""c10::BFloat16"",""c10::BFloat16"",""Scalar""]",null,216,220785.298
null,triton_poi_fused_add_new_zeros_unsqueeze_where_5,triton_poi_fused_add_new_zeros_unsqueeze_where_5,1,operator_shape_matched,"[[3072,4096],[3072],[3072,4096],[3072,4096],[]]","[""c10::BFloat16"",""bool"",""c10::BFloat16"",""c10::BFloat16"",""Scalar""]",null,216,6615.201
null,triton_poi_fused_index_put_new_zeros_slice_4,triton_poi_fused_index_put_new_zeros_slice_4,1,operator_shape_matched,"[[101376,8,128],[]]","[""c10::BFloat16"",""Scalar""]",null,432,29037.323
null,triton_poi_fused_index_put_new_zeros_slice_5,triton_poi_fused_index_put_new_zeros_slice_5,1,operator_shape_matched,"[[2612],[3072,8,128],[101376,8,128],[]]","[""int"",""c10::BFloat16"",""c10::BFloat16"",""Scalar""]",null,36,223.395
null,triton_poi_fused_index_put_new_zeros_slice_5,triton_poi_fused_index_put_new_zeros_slice_5,2,operator_shape_matched,"[[1394],[3072,8,128],[101376,8,128],[]]","[""int"",""c10::BFloat16"",""c10::BFloat16"",""Scalar""]",null,36,148.931
null,triton_poi_fused_index_put_new_zeros_slice_5,triton_poi_fused_index_put_new_zeros_slice_5,3,operator_shape_matched,"[[906],[3072,8,128],[101376,8,128],[]]","[""int"",""c10::BFloat16"",""c10::BFloat16"",""Scalar""]",null,36,147.589
null,triton_poi_fused_index_put_new_zeros_slice_5,triton_poi_fused_index_put_new_zeros_slice_5,4,operator_shape_matched,"[[1170],[3072,8,128],[101376,8,128],[]]","[""int"",""c10::BFloat16"",""c10::BFloat16"",""Scalar""]",null,36,140.515
null,triton_poi_fused_index_put_new_zeros_slice_5,triton_poi_fused_index_put_new_zeros_slice_5,5,operator_shape_matched,"[[2612],[3072,1024],[101376,8,128],[]]","[""int"",""c10::BFloat16"",""c10::BFloat16"",""Scalar""]",null,36,136.736
null,triton_poi_fused_index_put_new_zeros_slice_5,triton_poi_fused_index_put_new_zeros_slice_5,6,operator_shape_matched,"[[1170],[3072,1024],[101376,8,128],[]]","[""int"",""c10::BFloat16"",""c10::BFloat16"",""Scalar""]",null,36,86.625
null,triton_poi_fused_index_put_new_zeros_slice_5,triton_poi_fused_index_put_new_zeros_slice_5,7,operator_shape_matched,"[[1394],[3072,1024],[101376,8,128],[]]","[""int"",""c10::BFloat16"",""c10::BFloat16"",""Scalar""]",null,36,85.216
null,triton_poi_fused_index_put_new_zeros_slice_5,triton_poi_fused_index_put_new_zeros_slice_5,8,operator_shape_matched,"[[906],[3072,1024],[101376,8,128],[]]","[""int"",""c10::BFloat16"",""c10::BFloat16"",""Scalar""]",null,36,81.312
null,triton_poi_fused_index_put_new_zeros_slice_5,triton_poi_fused_index_put_new_zeros_slice_5,9,operator_shape_matched,"[[289],[3072,8,128],[101376,8,128],[]]","[""int"",""c10::BFloat16"",""c10::BFloat16"",""Scalar""]",null,36,74.943
null,triton_poi_fused_index_put_new_zeros_slice_5,triton_poi_fused_index_put_new_zeros_slice_5,10,operator_shape_matched,"[[301],[3072,8,128],[101376,8,128],[]]","[""int"",""c10::BFloat16"",""c10::BFloat16"",""Scalar""]",null,36,74.08
null,triton_poi_fused_index_put_new_zeros_slice_5,triton_poi_fused_index_put_new_zeros_slice_5,11,operator_shape_matched,"[[289],[3072,1024],[101376,8,128],[]]","[""int"",""c10::BFloat16"",""c10::BFloat16"",""Scalar""]",null,36,61.379
null,triton_poi_fused_index_put_new_zeros_slice_5,triton_poi_fused_index_put_new_zeros_slice_5,12,operator_shape_matched,"[[301],[3072,1024],[101376,8,128],[]]","[""int"",""c10::BFloat16"",""c10::BFloat16"",""Scalar""]",null,36,60.893
null,triton_poi_fused_index_put_new_zeros_slice_6,triton_poi_fused_index_put_new_zeros_slice_6,1,operator_shape_matched,"[[101376,8,128],[]]","[""c10::BFloat16"",""Scalar""]",null,432,29281.795
null,triton_poi_fused_index_put_new_zeros_slice_7,triton_poi_fused_index_put_new_zeros_slice_7,1,operator_shape_matched,"[[2612],[3072,8,128],[101376,8,128],[]]","[""int"",""c10::BFloat16"",""c10::BFloat16"",""Scalar""]",null,36,220.124
null,triton_poi_fused_index_put_new_zeros_slice_7,triton_poi_fused_index_put_new_zeros_slice_7,2,operator_shape_matched,"[[2612],[3072,1024],[101376,8,128],[]]","[""int"",""c10::BFloat16"",""c10::BFloat16"",""Scalar""]",null,36,219.071
null,triton_poi_fused_index_put_new_zeros_slice_7,triton_poi_fused_index_put_new_zeros_slice_7,3,operator_shape_matched,"[[1394],[3072,8,128],[101376,8,128],[]]","[""int"",""c10::BFloat16"",""c10::BFloat16"",""Scalar""]",null,36,152.608
null,triton_poi_fused_index_put_new_zeros_slice_7,triton_poi_fused_index_put_new_zeros_slice_7,4,operator_shape_matched,"[[1394],[3072,1024],[101376,8,128],[]]","[""int"",""c10::BFloat16"",""c10::BFloat16"",""Scalar""]",null,36,147.007
null,triton_poi_fused_index_put_new_zeros_slice_7,triton_poi_fused_index_put_new_zeros_slice_7,5,operator_shape_matched,"[[1170],[3072,8,128],[101376,8,128],[]]","[""int"",""c10::BFloat16"",""c10::BFloat16"",""Scalar""]",null,36,140.355
null,triton_poi_fused_index_put_new_zeros_slice_7,triton_poi_fused_index_put_new_zeros_slice_7,6,operator_shape_matched,"[[1170],[3072,1024],[101376,8,128],[]]","[""int"",""c10::BFloat16"",""c10::BFloat16"",""Scalar""]",null,36,136.736
null,triton_poi_fused_index_put_new_zeros_slice_7,triton_poi_fused_index_put_new_zeros_slice_7,7,operator_shape_matched,"[[906],[3072,8,128],[101376,8,128],[]]","[""int"",""c10::BFloat16"",""c10::BFloat16"",""Scalar""]",null,36,125.538
null,triton_poi_fused_index_put_new_zeros_slice_7,triton_poi_fused_index_put_new_zeros_slice_7,8,operator_shape_matched,"[[906],[3072,1024],[101376,8,128],[]]","[""int"",""c10::BFloat16"",""c10::BFloat16"",""Scalar""]",null,36,123.296
null,triton_poi_fused_index_put_new_zeros_slice_7,triton_poi_fused_index_put_new_zeros_slice_7,9,operator_shape_matched,"[[301],[3072,1024],[101376,8,128],[]]","[""int"",""c10::BFloat16"",""c10::BFloat16"",""Scalar""]",null,36,82.498
null,triton_poi_fused_index_put_new_zeros_slice_7,triton_poi_fused_index_put_new_zeros_slice_7,10,operator_shape_matched,"[[301],[3072,8,128],[101376,8,128],[]]","[""int"",""c10::BFloat16"",""c10::BFloat16"",""Scalar""]",null,36,78.878
null,triton_poi_fused_index_put_new_zeros_slice_7,triton_poi_fused_index_put_new_zeros_slice_7,11,operator_shape_matched,"[[289],[3072,1024],[101376,8,128],[]]","[""int"",""c10::BFloat16"",""c10::BFloat16"",""Scalar""]",null,36,78.751
null,triton_poi_fused_index_put_new_zeros_slice_7,triton_poi_fused_index_put_new_zeros_slice_7,12,operator_shape_matched,"[[289],[3072,8,128],[101376,8,128],[]]","[""int"",""c10::BFloat16"",""c10::BFloat16"",""Scalar""]",null,36,77.953
null,triton_poi_fused_index_put_slice_view_7,triton_poi_fused_index_put_slice_view_7,1,operator_shape_matched,"[[97800],[98304,1024],[101376,8,128],[]]","[""int"",""c10::BFloat16"",""c10::BFloat16"",""Scalar""]",null,36,4671.127
null,triton_poi_fused_index_put_slice_view_7,triton_poi_fused_index_put_slice_view_7,2,operator_shape_matched,"[[96577],[98304,1024],[101376,8,128],[]]","[""int"",""c10::BFloat16"",""c10::BFloat16"",""Scalar""]",null,36,4558.841
null,triton_poi_fused_index_put_slice_view_7,triton_poi_fused_index_put_slice_view_7,3,operator_shape_matched,"[[94380],[98304,1024],[101376,8,128],[]]","[""int"",""c10::BFloat16"",""c10::BFloat16"",""Scalar""]",null,36,4483.248
null,triton_poi_fused_index_put_slice_view_7,triton_poi_fused_index_put_slice_view_7,4,operator_shape_matched,"[[90712],[98304,1024],[101376,8,128],[]]","[""int"",""c10::BFloat16"",""c10::BFloat16"",""Scalar""]",null,36,4378.292
null,triton_poi_fused_index_put_slice_view_7,triton_poi_fused_index_put_slice_view_7,5,operator_shape_matched,"[[58650],[98304,1024],[101376,8,128],[]]","[""int"",""c10::BFloat16"",""c10::BFloat16"",""Scalar""]",null,36,2701.939
null,triton_poi_fused_index_put_slice_view_7,triton_poi_fused_index_put_slice_view_7,6,operator_shape_matched,"[[56304],[98304,1024],[101376,8,128],[]]","[""int"",""c10::BFloat16"",""c10::BFloat16"",""Scalar""]",null,36,2599.28
null,triton_poi_fused_index_put_slice_view_9,triton_poi_fused_index_put_slice_view_9,1,operator_shape_matched,"[[97800],[98304,1024],[101376,8,128],[]]","[""int"",""c10::BFloat16"",""c10::BFloat16"",""Scalar""]",null,36,4751.04
null,triton_poi_fused_index_put_slice_view_9,triton_poi_fused_index_put_slice_view_9,2,operator_shape_matched,"[[96577],[98304,1024],[101376,8,128],[]]","[""int"",""c10::BFloat16"",""c10::BFloat16"",""Scalar""]",null,36,4621.912
null,triton_poi_fused_index_put_slice_view_9,triton_poi_fused_index_put_slice_view_9,3,operator_shape_matched,"[[94380],[98304,1024],[101376,8,128],[]]","[""int"",""c10::BFloat16"",""c10::BFloat16"",""Scalar""]",null,36,4538.039
null,triton_poi_fused_index_put_slice_view_9,triton_poi_fused_index_put_slice_view_9,4,operator_shape_matched,"[[90712],[98304,1024],[101376,8,128],[]]","[""int"",""c10::BFloat16"",""c10::BFloat16"",""Scalar""]",null,36,4357.878
null,triton_poi_fused_index_put_slice_view_9,triton_poi_fused_index_put_slice_view_9,5,operator_shape_matched,"[[58650],[98304,1024],[101376,8,128],[]]","[""int"",""c10::BFloat16"",""c10::BFloat16"",""Scalar""]",null,36,2776.365
null,triton_poi_fused_index_put_slice_view_9,triton_poi_fused_index_put_slice_view_9,6,operator_shape_matched,"[[56304],[98304,1024],[101376,8,128],[]]","[""int"",""c10::BFloat16"",""c10::BFloat16"",""Scalar""]",null,36,2642.835
null,triton_poi_fused_index_put_squeeze_unsqueeze_zeros_21,triton_poi_fused_index_put_squeeze_unsqueeze_zeros_21,1,operator_shape_matched,"[[101376,8,128],[101376,8,128],[]]","[""c10::BFloat16"",""c10::BFloat16"",""Scalar""]",null,432,58792.893
null,triton_poi_fused_index_put_squeeze_unsqueeze_zeros_22,triton_poi_fused_index_put_squeeze_unsqueeze_zeros_22,1,operator_shape_matched,"[[96577],[101376,8,128],[]]","[""int"",""c10::BFloat16"",""Scalar""]",null,72,4728.632
null,triton_poi_fused_index_put_squeeze_unsqueeze_zeros_22,triton_poi_fused_index_put_squeeze_unsqueeze_zeros_22,2,operator_shape_matched,"[[97800],[101376,8,128],[]]","[""int"",""c10::BFloat16"",""Scalar""]",null,72,4725.855
null,triton_poi_fused_index_put_squeeze_unsqueeze_zeros_22,triton_poi_fused_index_put_squeeze_unsqueeze_zeros_22,3,operator_shape_matched,"[[94380],[101376,8,128],[]]","[""int"",""c10::BFloat16"",""Scalar""]",null,72,4642.074
null,triton_poi_fused_index_put_squeeze_unsqueeze_zeros_22,triton_poi_fused_index_put_squeeze_unsqueeze_zeros_22,4,operator_shape_matched,"[[90712],[101376,8,128],[]]","[""int"",""c10::BFloat16"",""Scalar""]",null,72,4353.878
null,triton_poi_fused_index_put_squeeze_unsqueeze_zeros_22,triton_poi_fused_index_put_squeeze_unsqueeze_zeros_22,5,operator_shape_matched,"[[58650],[101376,8,128],[]]","[""int"",""c10::BFloat16"",""Scalar""]",null,72,2818.451
null,triton_poi_fused_index_put_squeeze_unsqueeze_zeros_22,triton_poi_fused_index_put_squeeze_unsqueeze_zeros_22,6,operator_shape_matched,"[[56304],[101376,8,128],[]]","[""int"",""c10::BFloat16"",""Scalar""]",null,72,2704.809
null,triton_poi_fused_mul_silu_14,triton_poi_fused_mul_silu_14,1,operator_shape_matched,"[[98304,12288],[98304,12288],[]]","[""c10::BFloat16"",""c10::BFloat16"",""Scalar""]",null,216,505719.664
null,triton_poi_fused_mul_silu_4,triton_poi_fused_mul_silu_4,1,operator_shape_matched,"[[3072,12288],[3072,12288],[]]","[""c10::BFloat16"",""c10::BFloat16"",""Scalar""]",null,216,15859.087
null,triton_poi_fused_mul_silu_silu_backward_12,triton_poi_fused_mul_silu_silu_backward_12,1,operator_shape_matched,"[[98304,12288],[98304,12288],[98304,12288],[98304,12288],[98304,12288],[98304,12288],[]]","[""c10::BFloat16"",""c10::BFloat16"",""c10::BFloat16"",""c10::BFloat16"",""c10::BFloat16"",""c10::BFloat16"",""Scalar""]",null,216,1031155.215
null,triton_poi_fused_mul_silu_silu_backward_13,triton_poi_fused_mul_silu_silu_backward_13,1,operator_shape_matched,"[[3072,12288],[3072,12288],[3072,12288],[3072,12288],[]]","[""c10::BFloat16"",""c10::BFloat16"",""c10::BFloat16"",""c10::BFloat16"",""Scalar""]",null,216,26058.688
null,triton_red_fused__to_copy_add_div_expand_mean_mul_pow_rsqrt_scalar_tensor_sum_unsqueeze_where_14,triton_red_fused__to_copy_add_div_expand_mean_mul_pow_rsqrt_scalar_tensor_sum_unsqueeze_where_14,1,operator_shape_matched,"[[98304,4096],[98304],[98304,4096],[98304,4096],[4096],[98304,4096],[98304,4096],[98304,1],[],[]]","[""c10::BFloat16"",""bool"",""c10::BFloat16"",""c10::BFloat16"",""c10::BFloat16"",""c10::BFloat16"",""c10::BFloat16"",""float"",""Scalar"",""Scalar""]",null,216,342799.601
null,triton_red_fused__to_copy_add_div_expand_mean_mul_pow_rsqrt_scalar_tensor_sum_unsqueeze_where_20,triton_red_fused__to_copy_add_div_expand_mean_mul_pow_rsqrt_scalar_tensor_sum_unsqueeze_where_20,1,operator_shape_matched,"[[3072,4096],[3072],[3072,4096],[3072,4096],[4096],[3072,4096],[3072,4096],[3072,1],[],[]]","[""c10::BFloat16"",""bool"",""c10::BFloat16"",""c10::BFloat16"",""c10::BFloat16"",""c10::BFloat16"",""c10::BFloat16"",""float"",""Scalar"",""Scalar""]",null,216,11461.05
null,triton_red_fused__to_copy_add_div_expand_mean_mul_pow_rsqrt_sum_26,triton_red_fused__to_copy_add_div_expand_mean_mul_pow_rsqrt_sum_26,1,operator_shape_matched,"[[3072,4096],[3072,4096],[3072,4096],[3072,4096],[4096],[3072,4096],[3072,1],[],[]]","[""c10::BFloat16"",""c10::BFloat16"",""c10::BFloat16"",""c10::BFloat16"",""c10::BFloat16"",""c10::BFloat16"",""float"",""Scalar"",""Scalar""]",null,216,11931.454
null,triton_red_fused__to_copy_add_mean_mul_new_zeros_pow_rsqrt_scalar_tensor_unsqueeze_where_11,triton_red_fused__to_copy_add_mean_mul_new_zeros_pow_rsqrt_scalar_tensor_unsqueeze_where_11,1,operator_shape_matched,"[[3072],[3072,4096],[3072,4096],[3072,4096],[4096],[3072,4096],[3072,1],[3072,4096],[],[]]","[""bool"",""c10::BFloat16"",""c10::BFloat16"",""c10::BFloat16"",""c10::BFloat16"",""c10::BFloat16"",""float"",""c10::BFloat16"",""Scalar"",""Scalar""]",null,216,8497.807
null,triton_red_fused__to_copy_add_mean_mul_new_zeros_pow_rsqrt_scalar_tensor_unsqueeze_where_9,triton_red_fused__to_copy_add_mean_mul_new_zeros_pow_rsqrt_scalar_tensor_unsqueeze_where_9,1,operator_shape_matched,"[[98304],[98304,4096],[98304,4096],[98304,4096],[4096],[98304,4096],[98304,1],[98304,4096],[],[]]","[""bool"",""c10::BFloat16"",""c10::BFloat16"",""c10::BFloat16"",""c10::BFloat16"",""c10::BFloat16"",""float"",""c10::BFloat16"",""Scalar"",""Scalar""]",null,216,282441.083
null,triton_red_fused__to_copy_add_mean_mul_new_zeros_pow_rsqrt_unsqueeze_where_13,triton_red_fused__to_copy_add_mean_mul_new_zeros_pow_rsqrt_unsqueeze_where_13,1,operator_shape_matched,"[[98304,4096],[98304,4096],[98304],[4096],[98304,4096],[],[]]","[""c10::BFloat16"",""c10::BFloat16"",""bool"",""c10::BFloat16"",""c10::BFloat16"",""Scalar"",""Scalar""]",null,216,176495.451
null,triton_red_fused__to_copy_add_mean_mul_new_zeros_pow_rsqrt_unsqueeze_where_3,triton_red_fused__to_copy_add_mean_mul_new_zeros_pow_rsqrt_unsqueeze_where_3,1,operator_shape_matched,"[[3072,4096],[3072,4096],[3072],[4096],[3072,4096],[],[]]","[""c10::BFloat16"",""c10::BFloat16"",""bool"",""c10::BFloat16"",""c10::BFloat16"",""Scalar"",""Scalar""]",null,216,6595.771
null,triton_red_fused__to_copy_add_mean_mul_pow_rsqrt_0,triton_red_fused__to_copy_add_mean_mul_pow_rsqrt_0,1,operator_shape_matched,"[[98304,4096],[4096],[98304,1],[98304,4096],[],[]]","[""c10::BFloat16"",""c10::BFloat16"",""float"",""c10::BFloat16"",""Scalar"",""Scalar""]",null,216,150670.867
null,triton_red_fused__to_copy_add_mean_mul_pow_rsqrt_0,triton_red_fused__to_copy_add_mean_mul_pow_rsqrt_0,2,operator_shape_matched,"[[3072,4096],[4096],[3072,4096],[],[]]","[""c10::BFloat16"",""c10::BFloat16"",""c10::BFloat16"",""Scalar"",""Scalar""]",null,216,9967.99
null,triton_red_fused__to_copy_add_mean_mul_pow_rsqrt_2,triton_red_fused__to_copy_add_mean_mul_pow_rsqrt_2,1,operator_shape_matched,"[[3072,4096],[4096],[3072,1],[3072,4096],[],[]]","[""c10::BFloat16"",""c10::BFloat16"",""float"",""c10::BFloat16"",""Scalar"",""Scalar""]",null,216,4792.035
null,triton_red_fused__to_copy_add_mean_mul_pow_rsqrt_8,triton_red_fused__to_copy_add_mean_mul_pow_rsqrt_8,1,operator_shape_matched,"[[98304,4096],[4096],[98304,4096],[],[]]","[""c10::BFloat16"",""c10::BFloat16"",""c10::BFloat16"",""Scalar"",""Scalar""]",null,216,136763.81
